"source";"record_id";"listing_id";"canonical_url";"url";"segment";"segment_url";"quicklink_count";"page_number";"position_on_page";"status";"run_marker";"collected_at";"parsed_at";"error"
"cian";"cian_326671756";"326671756";"https://www.cian.ru/sale/flat/326671756/";"https://khimki.cian.ru/sale/flat/326671756/?context=4.9sLWbY8fKAw.uvhA7PW2ijRL3qil43ZSUxStUIl_jXZv1J1YF7-RrXuSJDiBp9tg7-egqEfPs18dlMWNQxSPjRdP-Q&mlSearchSessionGuid=a3f265dcb2a5b7061ac3426cce13c9ba";"1 комнатные";"https://www.cian.ru/kupit-1-komnatnuyu-kvartiru-moskovskaya-oblast/";"22852";"1";"1";"done";"";"2026-06-13 00:24:23";"2026-06-13 01:10:36";""
"cian";"cian_327224028";"327224028";"https://www.cian.ru/sale/flat/327224028/";"https://zvenigorod.cian.ru/sale/flat/327224028/?context=4.9OIly2yUHVY.CdZOHo0Ij6CBTBVLyRBcJoR0_9URqFsaUtP7DpjWjVP14v-0PbtybJr4cBPwy4wMJx4TIuMfcVUQGg&mlSearchSessionGuid=a3f265dcb2a5b7061ac3426cce13c9ba";"1 комнатные";"https://www.cian.ru/kupit-1-komnatnuyu-kvartiru-moskovskaya-oblast/";"22852";"1";"2";"done";"";"2026-06-13 00:24:23";"2026-06-13 01:10:50";""
"cian";"cian_326735367";"326735367";"https://www.cian.ru/sale/flat/326735367/";"https://mytishchi.cian.ru/sale/flat/326735367/?context=4.B8RABcEkEMg.IargYH3SmVG1iL0Oxg0YkX3K5RUyGwcQ7muWPDgXmgP4_AHtC02bj9ITLvSSDQQBrLDq1yi3l2_GhQ&mlSearchSessionGuid=a3f265dcb2a5b7061ac3426cce13c9ba";"1 комнатные";"https://www.cian.ru/kupit-1-komnatnuyu-kvartiru-moskovskaya-oblast/";"22852";"1";"3";"done";"";"2026-06-13 00:24:23";"2026-06-13 01:11:03";""
"cian";"cian_329555343";"329555343";"https://www.cian.ru/sale/flat/329555343/";"https://balashikha.cian.ru/sale/flat/329555343/?context=4.PFDs6RKuC0c.SFq8DQYON9LiGVylLh6tBVp8bs5QQ4x6FYFLY4I4265opxbMGuKPJYnfNGgFp-PyqffY2D01ceZ4DQ&mlSearchSessionGuid=a3f265dcb2a5b7061ac3426cce13c9ba";"1 комнатные";"https://www.cian.ru/kupit-1-komnatnuyu-kvartiru-moskovskaya-oblast/";"22852";"1";"4";"done";"";"2026-06-13 00:24:23";"2026-06-13 01:11:15";""
"cian";"cian_329903791";"329903791";"https://www.cian.ru/sale/flat/329903791/";"https://krasnogorsk.cian.ru/sale/flat/329903791/?context=4.mFbk0-FyYC8.phdhwKzUoCbKwYM4nvhevIZ2GRhiL0I7x2CwkAeJirhZFo_adNBzJYQv6G5zGmjZa7C7WIdKv0IPCQ&mlSearchSessionGuid=a3f265dcb2a5b7061ac3426cce13c9ba";"1 комнатные";"https://www.cian.ru/kupit-1-komnatnuyu-kvartiru-moskovskaya-oblast/";"22852";"1";"5";"done";"";"2026-06-13 00:24:23";"2026-06-13 01:11:29";""
"cian";"cian_330348571";"330348571";"https://www.cian.ru/sale/flat/330348571/";"https://reutov.cian.ru/sale/flat/330348571/?context=4.FBrE0uMztn8.hikp6rVPy0t03AnsTYPVEhUzPm-vavMUajROcgUbkTR54JAtdr7jlo8bmXO8YYhUwOW4CRchbK9uHQ&mlSearchSessionGuid=a3f265dcb2a5b7061ac3426cce13c9ba";"1 комнатные";"https://www.cian.ru/kupit-1-komnatnuyu-kvartiru-moskovskaya-oblast/";"22852";"1";"6";"done";"";"2026-06-13 00:24:23";"2026-06-13 01:11:43";""
"cian";"cian_328550325";"328550325";"https://www.cian.ru/sale/flat/328550325/";"https://odintsovo.cian.ru/sale/flat/328550325/?context=4.L1v9DDyaPNc.cQHJ3ti9XFNmehgPMX1Aeg-WgTT8-b-ztNw-EvwYv5G_0PLNt9DyflPDWQj1yydXvYHMTv38SXZzEg&mlSearchSessionGuid=a3f265dcb2a5b7061ac3426cce13c9ba";"1 комнатные";"https://www.cian.ru/kupit-1-komnatnuyu-kvartiru-moskovskaya-oblast/";"22852";"1";"7";"done";"";"2026-06-13 00:24:23";"2026-06-13 01:11:56";""
"cian";"cian_331029257";"331029257";"https://www.cian.ru/sale/flat/331029257/";"https://www.cian.ru/sale/flat/331029257/?context=4.AxSn_56RxDQ.4EKT7iG1vzq7bcOG1z19d_JzAu7E4TQ2K0Q9ev2kXaDi9snUiBtlrgtEGwh_lTE88XgoYpqCbkQ5Ew&mlSearchSessionGuid=a3f265dcb2a5b7061ac3426cce13c9ba";"1 комнатные";"https://www.cian.ru/kupit-1-komnatnuyu-kvartiru-moskovskaya-oblast/";"22852";"1";"8";"done";"";"2026-06-13 00:24:23";"2026-06-13 01:12:10";""
"cian";"cian_330619337";"330619337";"https://www.cian.ru/sale/flat/330619337/";"https://balashikha.cian.ru/sale/flat/330619337/?context=4.8MMDteGyzgc.AV8BvAa3JDaFSGRfA6gxKwYRToRGNS8GoLuWg9uhLLx6pH5paOPe31v-tE9f1zypIx6LoUWs-p7TWQ&mlSearchSessionGuid=a3f265dcb2a5b7061ac3426cce13c9ba";"1 комнатные";"https://www.cian.ru/kupit-1-komnatnuyu-kvartiru-moskovskaya-oblast/";"22852";"1";"9";"done";"";"2026-06-13 00:24:23";"2026-06-13 01:12:25";""
"cian";"cian_329565535";"329565535";"https://www.cian.ru/sale/flat/329565535/";"https://krasnogorsk.cian.ru/sale/flat/329565535/?context=4.mXlPks4vFA8.XVk-5o2leKdXP8w1NEwmIq_-sdDej1yDlV2V4hDH6UyJDYfNVcP7Xo36_Zj-sVyR5Bgjj46zt3HRig&mlSearchSessionGuid=a3f265dcb2a5b7061ac3426cce13c9ba";"1 комнатные";"https://www.cian.ru/kupit-1-komnatnuyu-kvartiru-moskovskaya-oblast/";"22852";"1";"10";"done";"";"2026-06-13 00:24:23";"2026-06-13 01:12:38";""
"cian";"cian_330114673";"330114673";"https://www.cian.ru/sale/flat/330114673/";"https://krasnogorsk.cian.ru/sale/flat/330114673/?context=4.Fs56lw_bEeA._a85LMl_Rfp5mE_f8yqv-fBgRCQVRCW8GQ8hNKbvLj-bEZHb8DEZk6WvVXYcWaX3VIx66hYmPJnG6w&mlSearchSessionGuid=a3f265dcb2a5b7061ac3426cce13c9ba";"1 комнатные";"https://www.cian.ru/kupit-1-komnatnuyu-kvartiru-moskovskaya-oblast/";"22852";"1";"11";"done";"";"2026-06-13 00:24:23";"2026-06-13 01:12:53";""
"cian";"cian_328782523";"328782523";"https://www.cian.ru/sale/flat/328782523/";"https://mytishchi.cian.ru/sale/flat/328782523/?context=4.h2pmMPKti9Q.ycRWbtr2BRpMJ8raaOfaNvuY5bGNbQYWwzZe-IyxHngz_nMVo3l1Di6vZLodZyA1VlczndJgEmhK5Q&mlSearchSessionGuid=a3f265dcb2a5b7061ac3426cce13c9ba";"1 комнатные";"https://www.cian.ru/kupit-1-komnatnuyu-kvartiru-moskovskaya-oblast/";"22852";"1";"12";"done";"";"2026-06-13 00:24:23";"2026-06-13 01:13:06";""
"cian";"cian_325482920";"325482920";"https://www.cian.ru/sale/flat/325482920/";"https://balashikha.cian.ru/sale/flat/325482920/?context=4.EcyoUAbDG4k.1fL8soElA4aj155LQWSryElmFuf4I7QcN7VlXLyIUfmKJl73jGzSsubmVJ8rUsukV6QQR6BV6S_3Og&mlSearchSessionGuid=a3f265dcb2a5b7061ac3426cce13c9ba";"1 комнатные";"https://www.cian.ru/kupit-1-komnatnuyu-kvartiru-moskovskaya-oblast/";"22852";"1";"13";"done";"";"2026-06-13 00:24:23";"2026-06-13 01:13:18";""
"cian";"cian_330476978";"330476978";"https://www.cian.ru/sale/flat/330476978/";"https://krasnogorsk.cian.ru/sale/flat/330476978/?context=4.ykiTPFy4xNU.QC6EBL0SepKQppKDdoERyu14UAn60RFFxknAFyAr7Ot6iit5Ej7yEMQUhWW0GQeVRdgv_upZowMJZQ&mlSearchSessionGuid=a3f265dcb2a5b7061ac3426cce13c9ba";"1 комнатные";"https://www.cian.ru/kupit-1-komnatnuyu-kvartiru-moskovskaya-oblast/";"22852";"1";"14";"done";"";"2026-06-13 00:24:23";"2026-06-13 01:13:32";""
"cian";"cian_330925978";"330925978";"https://www.cian.ru/sale/flat/330925978/";"https://khimki.cian.ru/sale/flat/330925978/?context=4.ABezwzzS-98.Nud-IZAf-D-AqN4YcgAmfvZkPWEZPFUqEJ4PhjLNPTteikP9q9jpY-oT65aElk-QTjrUSiXe3Mec5Q&mlSearchSessionGuid=a3f265dcb2a5b7061ac3426cce13c9ba";"1 комнатные";"https://www.cian.ru/kupit-1-komnatnuyu-kvartiru-moskovskaya-oblast/";"22852";"1";"15";"done";"";"2026-06-13 00:24:23";"2026-06-13 01:13:46";""
"cian";"cian_285450791";"285450791";"https://www.cian.ru/sale/flat/285450791/";"https://zvenigorod.cian.ru/sale/flat/285450791/?context=4.GcrmCJh6KJQ.7gKb0KjxBTksd_hxIkaFSQPI5FrZAGsI9mtcGsfSVgoYjFzzMg6ZMr6AZ6o7yeunhSLwEsh4-O_FBQ&mlSearchSessionGuid=a3f265dcb2a5b7061ac3426cce13c9ba";"1 комнатные";"https://www.cian.ru/kupit-1-komnatnuyu-kvartiru-moskovskaya-oblast/";"22852";"1";"16";"done";"";"2026-06-13 00:24:23";"2026-06-13 01:13:59";""
"cian";"cian_329655189";"329655189";"https://www.cian.ru/sale/flat/329655189/";"https://chekhov.cian.ru/sale/flat/329655189/?context=4.OL-Un6S8CAE.VSfcy45zMkYUAQMzYxISEydNW2h2xFEQdxBG57zc1g8XXc24yOJU7q_UzSre75O9T0ZOyE-yGGugSA&mlSearchSessionGuid=a3f265dcb2a5b7061ac3426cce13c9ba";"1 комнатные";"https://www.cian.ru/kupit-1-komnatnuyu-kvartiru-moskovskaya-oblast/";"22852";"1";"17";"done";"";"2026-06-13 00:24:23";"2026-06-13 01:14:13";""
"cian";"cian_329215737";"329215737";"https://www.cian.ru/sale/flat/329215737/";"https://krasnogorsk.cian.ru/sale/flat/329215737/?context=4.QoUSsHsUzck.3dAw12Df8qwoFsEPsZqUgHZD2PsptEA4dQrcy7xW3OfEmo2gf-bvGl3c7bbBROI59r2ODtkYIClfhw&mlSearchSessionGuid=a3f265dcb2a5b7061ac3426cce13c9ba";"1 комнатные";"https://www.cian.ru/kupit-1-komnatnuyu-kvartiru-moskovskaya-oblast/";"22852";"1";"18";"done";"";"2026-06-13 00:24:23";"2026-06-13 01:14:27";""
"cian";"cian_326345060";"326345060";"https://www.cian.ru/sale/flat/326345060/";"https://zvenigorod.cian.ru/sale/flat/326345060/?context=4.ezVe1TQs8Ik.DiTxrdKV9ouoqdybaFsPk_z3fCDXhnstl94voc6dNmbnCIVP4m9ckiam_DRJ1TrYIE9zo-DB4vHIww&mlSearchSessionGuid=a3f265dcb2a5b7061ac3426cce13c9ba";"1 комнатные";"https://www.cian.ru/kupit-1-komnatnuyu-kvartiru-moskovskaya-oblast/";"22852";"1";"19";"done";"";"2026-06-13 00:24:23";"2026-06-13 01:14:40";""
"cian";"cian_330547958";"330547958";"https://www.cian.ru/sale/flat/330547958/";"https://balashikha.cian.ru/sale/flat/330547958/?context=4.XPB52jdGZLg.bOXf_S6dxvKNIfusrEQuZZSZ857oKGcW1sGfitfs9ieqjP0ASu3UI1wNbhIJ5rrfw7RFtuibrhgB5Q&mlSearchSessionGuid=a3f265dcb2a5b7061ac3426cce13c9ba";"1 комнатные";"https://www.cian.ru/kupit-1-komnatnuyu-kvartiru-moskovskaya-oblast/";"22852";"1";"20";"done";"";"2026-06-13 00:24:23";"2026-06-13 01:14:53";""
"cian";"cian_330116600";"330116600";"https://www.cian.ru/sale/flat/330116600/";"https://mytishchi.cian.ru/sale/flat/330116600/?context=4.2FuCECMDNec.vEIDtFDlcf9FBD-_UL2SHxCLeL1vaIVVgVVgMnNuwL_ppODNMtVzZB883d9Bx-OFDkzTZgwy8XdpRg&mlSearchSessionGuid=a3f265dcb2a5b7061ac3426cce13c9ba";"1 комнатные";"https://www.cian.ru/kupit-1-komnatnuyu-kvartiru-moskovskaya-oblast/";"22852";"1";"21";"done";"";"2026-06-13 00:24:23";"2026-06-13 01:15:07";""
"cian";"cian_330317383";"330317383";"https://www.cian.ru/sale/flat/330317383/";"https://dedovsk.cian.ru/sale/flat/330317383/?context=4.kSD7QmArN0E.kECmPUqB0a498UGTlk-13yqSNORF4ZAypxj-dulfzUmG5xDvc6eAM9X8PsGcHT2KsnXVNIl4I3v1tQ&mlSearchSessionGuid=a3f265dcb2a5b7061ac3426cce13c9ba";"1 комнатные";"https://www.cian.ru/kupit-1-komnatnuyu-kvartiru-moskovskaya-oblast/";"22852";"1";"22";"done";"";"2026-06-13 00:24:23";"2026-06-13 01:15:22";""
"cian";"cian_322093366";"322093366";"https://www.cian.ru/sale/flat/322093366/";"https://solnechnogorsk.cian.ru/sale/flat/322093366/?context=4.I8k04zTmtsY.DN0dPE6ajhTutwVzCD53no-575Pe5b14GP9Q4jwC5VHEz0kXNGkC9K66gzaIbPbIB2_GvsqT53FVgg&mlSearchSessionGuid=a3f265dcb2a5b7061ac3426cce13c9ba";"1 комнатные";"https://www.cian.ru/kupit-1-komnatnuyu-kvartiru-moskovskaya-oblast/";"22852";"1";"23";"done";"";"2026-06-13 00:24:23";"2026-06-13 01:15:36";""
"cian";"cian_330847881";"330847881";"https://www.cian.ru/sale/flat/330847881/";"https://khimki.cian.ru/sale/flat/330847881/?context=4.0sVrqMaiPzs.mfyrM8BUwOUG9BLFxPNEZDMu3D8D4Yf9qRIxWKi45VSp_qP9nNZmRgEGmtXpOeV3JcN6Y6fhz8FBMA&mlSearchSessionGuid=a3f265dcb2a5b7061ac3426cce13c9ba";"1 комнатные";"https://www.cian.ru/kupit-1-komnatnuyu-kvartiru-moskovskaya-oblast/";"22852";"1";"24";"done";"";"2026-06-13 00:24:23";"2026-06-13 01:15:51";""
"cian";"cian_326657641";"326657641";"https://www.cian.ru/sale/flat/326657641/";"https://korolev.cian.ru/sale/flat/326657641/?context=4.111QkWV1aqU.d-m8u3qvhH-KAV7nct3oib93R6ZyrxSTFUDHN7qJtNbZYeWSq7Gy-S2L6Gwuhzxd0Gy04ix3DiXF8w&mlSearchSessionGuid=a3f265dcb2a5b7061ac3426cce13c9ba";"1 комнатные";"https://www.cian.ru/kupit-1-komnatnuyu-kvartiru-moskovskaya-oblast/";"22852";"1";"25";"done";"";"2026-06-13 00:24:23";"2026-06-13 01:16:03";""
"cian";"cian_329450379";"329450379";"https://www.cian.ru/sale/flat/329450379/";"https://balashikha.cian.ru/sale/flat/329450379/?context=4.1w0Fnnkc9rU.zmzjbUytF1wybFATQy2303bauXxrbPqb-393JMM5hzO-Hsa3w4lTL1sx9VZFBF5E5c1Oi0d5h7cbxQ&mlSearchSessionGuid=a3f265dcb2a5b7061ac3426cce13c9ba";"1 комнатные";"https://www.cian.ru/kupit-1-komnatnuyu-kvartiru-moskovskaya-oblast/";"22852";"1";"26";"done";"";"2026-06-13 00:24:23";"2026-06-13 01:16:17";""
"cian";"cian_327403283";"327403283";"https://www.cian.ru/sale/flat/327403283/";"https://khimki.cian.ru/sale/flat/327403283/?context=4.NZfJxhTvMXg.HxODT_SjD7JsRiUGAK8m9ztXhDPQ-jsmKYQkpTZQABvYxkWh0R-z_i_QtFny694qfun6nkppnhIXFg&mlSearchSessionGuid=a3f265dcb2a5b7061ac3426cce13c9ba";"1 комнатные";"https://www.cian.ru/kupit-1-komnatnuyu-kvartiru-moskovskaya-oblast/";"22852";"1";"27";"done";"";"2026-06-13 00:24:23";"2026-06-13 01:16:32";""
"cian";"cian_328039106";"328039106";"https://www.cian.ru/sale/flat/328039106/";"https://dmitrov.cian.ru/sale/flat/328039106/?context=4.vc8sFs_qe-U.S36D6ngYIUF4DZJYRqDG1uJ7w7G5ScYff2Wgc8eNP6VfDhreQVJDjBniKokE-pZ07mKB7aT_iFp40g&mlSearchSessionGuid=a3f265dcb2a5b7061ac3426cce13c9ba";"1 комнатные";"https://www.cian.ru/kupit-1-komnatnuyu-kvartiru-moskovskaya-oblast/";"22852";"1";"28";"done";"";"2026-06-13 00:24:23";"2026-06-13 01:16:45";""
"cian";"cian_329791265";"329791265";"https://www.cian.ru/sale/flat/329791265/";"https://mytishchi.cian.ru/sale/flat/329791265/?context=4.f0uQJi9l748.Z_E80sWx3lLF4sRGDGDcWzgOH9lomA28LVVzT4ByC0H-XFCcv_cnIdjJKhfRNmQetCYYkaIP1xcRvA&mlSearchSessionGuid=a3f265dcb2a5b7061ac3426cce13c9ba";"1 комнатные";"https://www.cian.ru/kupit-1-komnatnuyu-kvartiru-moskovskaya-oblast/";"22852";"2";"1";"done";"";"2026-06-13 00:25:13";"2026-06-13 01:17:00";""
"cian";"cian_330807550";"330807550";"https://www.cian.ru/sale/flat/330807550/";"https://krasnogorsk.cian.ru/sale/flat/330807550/?context=4.w7-8xL6k-GU.jo-RikO8Xu_l5S1ubsOuLAzOSxn7V43oai5h2Ax9Ez56fvJZh8XBELZoLio-vm60ZIUZLnUd-imOPA&mlSearchSessionGuid=a3f265dcb2a5b7061ac3426cce13c9ba";"1 комнатные";"https://www.cian.ru/kupit-1-komnatnuyu-kvartiru-moskovskaya-oblast/";"22852";"2";"2";"done";"";"2026-06-13 00:25:13";"2026-06-13 01:17:13";""
"cian";"cian_327067182";"327067182";"https://www.cian.ru/sale/flat/327067182/";"https://dolgoprudny.cian.ru/sale/flat/327067182/?context=4.gTTaFZz8KR0.-dlxWPOnnBlNNYvyTYTy5N7jKAzrSK472-00Qmd5x2ODTUTG4E-c3v2CWsi4lX1xLjhDJvH2irWSjA&mlSearchSessionGuid=a3f265dcb2a5b7061ac3426cce13c9ba";"1 комнатные";"https://www.cian.ru/kupit-1-komnatnuyu-kvartiru-moskovskaya-oblast/";"22852";"2";"3";"done";"";"2026-06-13 00:25:13";"2026-06-13 01:17:26";""
"cian";"cian_330541635";"330541635";"https://www.cian.ru/sale/flat/330541635/";"https://elektrostal.cian.ru/sale/flat/330541635/?context=4.mBXy_lGThSw.Kx3cMUAVUYwe78Ma7WJdWOvAhAeKqLJ0eoconfGjeDOmVnD4uoair6j3VdJK5BUvpOo6JurE3MLNIQ&mlSearchSessionGuid=a3f265dcb2a5b7061ac3426cce13c9ba";"1 комнатные";"https://www.cian.ru/kupit-1-komnatnuyu-kvartiru-moskovskaya-oblast/";"22852";"2";"4";"done";"";"2026-06-13 00:25:13";"2026-06-13 01:17:39";""
"cian";"cian_330849506";"330849506";"https://www.cian.ru/sale/flat/330849506/";"https://balashikha.cian.ru/sale/flat/330849506/?context=4.CdoXB5C9FF0.W5zYDQUZSqYqDFPygjRZJbo-8fPV6ezpmVyt1BRPJ_hrwbRs7MamQ1azdgB2l-fVkHhlsEZr4AFhHA&mlSearchSessionGuid=a3f265dcb2a5b7061ac3426cce13c9ba";"1 комнатные";"https://www.cian.ru/kupit-1-komnatnuyu-kvartiru-moskovskaya-oblast/";"22852";"2";"5";"done";"";"2026-06-13 00:25:13";"2026-06-13 01:17:53";""
"cian";"cian_318172658";"318172658";"https://www.cian.ru/sale/flat/318172658/";"https://mytishchi.cian.ru/sale/flat/318172658/?context=4.3LuRqZr5jsk.t3IHSPNwukDO6lPapR-hET8NhzsT968Gci1xN_x1eozFKxOqNj7_9E1DZdsA5XBUHlO6w0es3SxYVA&mlSearchSessionGuid=a3f265dcb2a5b7061ac3426cce13c9ba";"1 комнатные";"https://www.cian.ru/kupit-1-komnatnuyu-kvartiru-moskovskaya-oblast/";"22852";"2";"6";"done";"";"2026-06-13 00:25:13";"2026-06-13 01:18:09";""
"cian";"cian_329904850";"329904850";"https://www.cian.ru/sale/flat/329904850/";"https://solnechnogorsk.cian.ru/sale/flat/329904850/?context=4.pCuNdg2GRZ0.U2oRnDhsbZrmNwWyTJiRl4r7JwjHk5VI-SaqZAZDN2RI3NZijX9B-kpQLSgQVkvfIbZKrx-_DXFoNw&mlSearchSessionGuid=a3f265dcb2a5b7061ac3426cce13c9ba";"1 комнатные";"https://www.cian.ru/kupit-1-komnatnuyu-kvartiru-moskovskaya-oblast/";"22852";"2";"7";"done";"";"2026-06-13 00:25:13";"2026-06-13 01:18:23";""
"cian";"cian_330319708";"330319708";"https://www.cian.ru/sale/flat/330319708/";"https://ivanteyevka.cian.ru/sale/flat/330319708/?context=4.pESllOrfLe4.ut8cuGnKTu81gB8G3AolR7z6dPTzd9LuyLuzTa6z39GBOfwvRu34ziwReAi4N6RBZ7JRTe70jOmBMQ&mlSearchSessionGuid=a3f265dcb2a5b7061ac3426cce13c9ba";"1 комнатные";"https://www.cian.ru/kupit-1-komnatnuyu-kvartiru-moskovskaya-oblast/";"22852";"2";"8";"done";"";"2026-06-13 00:25:13";"2026-06-13 01:18:37";""
"cian";"cian_327311224";"327311224";"https://www.cian.ru/sale/flat/327311224/";"https://www.cian.ru/sale/flat/327311224/?context=4.Gm3euqXpM-U.Ax1L9lP2h6WzIhDkmXhU61slC-ile9Eo5LaebWNw7jSNonmYt4mNXPwtOKnDGbgJN5ElAxO5Hz2AFw&mlSearchSessionGuid=a3f265dcb2a5b7061ac3426cce13c9ba";"1 комнатные";"https://www.cian.ru/kupit-1-komnatnuyu-kvartiru-moskovskaya-oblast/";"22852";"2";"9";"done";"";"2026-06-13 00:25:13";"2026-06-13 01:18:52";""
"cian";"cian_330845423";"330845423";"https://www.cian.ru/sale/flat/330845423/";"https://ozery.cian.ru/sale/flat/330845423/?context=4.xGvf4p4_8Zc.0HNaY6cmE6HzXZOJQJ-1V76TRglQmCVgGdduk9Y-Mzh8VbBeC-e2NmAifA5oTjf1wsyewZolaLAmjg&mlSearchSessionGuid=a3f265dcb2a5b7061ac3426cce13c9ba";"1 комнатные";"https://www.cian.ru/kupit-1-komnatnuyu-kvartiru-moskovskaya-oblast/";"22852";"2";"10";"done";"";"2026-06-13 00:25:13";"2026-06-13 01:19:07";""
"cian";"cian_330835273";"330835273";"https://www.cian.ru/sale/flat/330835273/";"https://balashikha.cian.ru/sale/flat/330835273/?context=4.YLZP6yh0S-4.YaFUCRZVRzZdYJFpy4lDi_rwIJay1Y1rH0BvUSlKV10EgqoBs1IMpdMvR1Yw57WKILcjv8L3M60I1Q&mlSearchSessionGuid=a3f265dcb2a5b7061ac3426cce13c9ba";"1 комнатные";"https://www.cian.ru/kupit-1-komnatnuyu-kvartiru-moskovskaya-oblast/";"22852";"2";"11";"done";"";"2026-06-13 00:25:13";"2026-06-13 01:19:22";""
"cian";"cian_329366038";"329366038";"https://www.cian.ru/sale/flat/329366038/";"https://vidnoye.cian.ru/sale/flat/329366038/?context=4.DBG0J9fdxpc.S6GKzO_foxUHfvF-w49y2bKjOPgGtKDnHuvveLqwWGRHiT-FIeStdIaw_6mu637hCLZId7cVPHyYIw&mlSearchSessionGuid=a3f265dcb2a5b7061ac3426cce13c9ba";"1 комнатные";"https://www.cian.ru/kupit-1-komnatnuyu-kvartiru-moskovskaya-oblast/";"22852";"2";"12";"done";"";"2026-06-13 00:25:13";"2026-06-13 01:19:35";""
"cian";"cian_329259512";"329259512";"https://www.cian.ru/sale/flat/329259512/";"https://solnechnogorsk.cian.ru/sale/flat/329259512/?context=4.D1kBiggz5zU.cwvO2JZRlvLlsZOZ4glAf93jltjKGixSnMernbuRJwwS_OWtULarQ-MylHwNIEm9DvIUow3k_GiqyA&mlSearchSessionGuid=a3f265dcb2a5b7061ac3426cce13c9ba";"1 комнатные";"https://www.cian.ru/kupit-1-komnatnuyu-kvartiru-moskovskaya-oblast/";"22852";"2";"13";"done";"";"2026-06-13 00:25:13";"2026-06-13 01:19:48";""
"cian";"cian_330524501";"330524501";"https://www.cian.ru/sale/flat/330524501/";"https://balashikha.cian.ru/sale/flat/330524501/?context=4.vO5xtVLSTH0.lx97-rHs9FgZ-DGQzyh92PZek7doLHkr0mxJggZAXbpRWZvNzjhqGMvyY10_msMesGnY4O2GC_eaYw&mlSearchSessionGuid=a3f265dcb2a5b7061ac3426cce13c9ba";"1 комнатные";"https://www.cian.ru/kupit-1-komnatnuyu-kvartiru-moskovskaya-oblast/";"22852";"2";"14";"done";"";"2026-06-13 00:25:13";"2026-06-13 01:20:02";""
"cian";"cian_326367995";"326367995";"https://www.cian.ru/sale/flat/326367995/";"https://zvenigorod.cian.ru/sale/flat/326367995/?context=4.zbAsk3LzkFs.Y4J6R9u4dLT5bCWNq357JD8Lsyp2aSJWfgk57Wf96pdeo-015u37qhEcbVBdygcOGEMGrgKopfk8CA&mlSearchSessionGuid=a3f265dcb2a5b7061ac3426cce13c9ba";"1 комнатные";"https://www.cian.ru/kupit-1-komnatnuyu-kvartiru-moskovskaya-oblast/";"22852";"2";"15";"done";"";"2026-06-13 00:25:13";"2026-06-13 01:20:16";""
"cian";"cian_330444929";"330444929";"https://www.cian.ru/sale/flat/330444929/";"https://balashikha.cian.ru/sale/flat/330444929/?context=4.mMemhHXOzXk.T1WZs5Jyvvt_Edj5e9he8VYGxVcjdQZpTVRwaKsqje9aIs7_8G1UxSjn2v7ga9_pIqINYjx_vyi4rw&mlSearchSessionGuid=a3f265dcb2a5b7061ac3426cce13c9ba";"1 комнатные";"https://www.cian.ru/kupit-1-komnatnuyu-kvartiru-moskovskaya-oblast/";"22852";"2";"16";"done";"";"2026-06-13 00:25:13";"2026-06-13 01:20:32";""
"cian";"cian_330115715";"330115715";"https://www.cian.ru/sale/flat/330115715/";"https://mytishchi.cian.ru/sale/flat/330115715/?context=4.F6nkb4kPFJk.bAiCyFEoca80VA0qufLS9lZWRton2a4X22yWhTjRTDHSE9Dy0Kehft9lcAAkxYiMx8oR8vjWypjmUw&mlSearchSessionGuid=a3f265dcb2a5b7061ac3426cce13c9ba";"1 комнатные";"https://www.cian.ru/kupit-1-komnatnuyu-kvartiru-moskovskaya-oblast/";"22852";"2";"17";"done";"";"2026-06-13 00:25:13";"2026-06-13 01:20:45";""
"cian";"cian_325886334";"325886334";"https://www.cian.ru/sale/flat/325886334/";"https://podolsk.cian.ru/sale/flat/325886334/?context=4.O5sKvV40UGs.aV9KsT-c2KK7ddnSB0D2wFqSD-7JxFdsRCNfJmURojYRy2Ekf0l3GSxsXuyat_V-3zsUTMtskvTM-w&mlSearchSessionGuid=a3f265dcb2a5b7061ac3426cce13c9ba";"1 комнатные";"https://www.cian.ru/kupit-1-komnatnuyu-kvartiru-moskovskaya-oblast/";"22852";"2";"18";"done";"";"2026-06-13 00:25:13";"2026-06-13 01:21:00";""
"cian";"cian_310374097";"310374097";"https://www.cian.ru/sale/flat/310374097/";"https://domodedovo.cian.ru/sale/flat/310374097/?context=4.wVSUjt2LVqY.rlf0OpAdpZL1JYDKYBU2JtQ-KLmjZX8E-VeLCTupY3_fJRijEG9BFOgYeQ6YDEn6tKUjKqIdP4iZlg&mlSearchSessionGuid=a3f265dcb2a5b7061ac3426cce13c9ba";"1 комнатные";"https://www.cian.ru/kupit-1-komnatnuyu-kvartiru-moskovskaya-oblast/";"22852";"2";"19";"done";"";"2026-06-13 00:25:13";"2026-06-13 01:21:15";""
"cian";"cian_328308430";"328308430";"https://www.cian.ru/sale/flat/328308430/";"https://balashikha.cian.ru/sale/flat/328308430/?context=4.ZYskcRd-G1Q.4VTmFVbbJSvOhoQUlD2aHZK0nTsph2lX97rjGiG2sLzj_S0l9VC6W8GXkKCbj5Kq0NCjfwPPF-tRiQ&mlSearchSessionGuid=a3f265dcb2a5b7061ac3426cce13c9ba";"1 комнатные";"https://www.cian.ru/kupit-1-komnatnuyu-kvartiru-moskovskaya-oblast/";"22852";"2";"20";"done";"";"2026-06-13 00:25:13";"2026-06-13 01:21:30";""
"cian";"cian_331001565";"331001565";"https://www.cian.ru/sale/flat/331001565/";"https://zvenigorod.cian.ru/sale/flat/331001565/?context=4.cwyCit3mjWM.ln8B_Mlti2pjj6gGDKUNClCX9Sn_4mr9hXdeTtvHzbvwt3d4cZkJl51939c5Pef9c4E9qPubRDE0ig&mlSearchSessionGuid=a3f265dcb2a5b7061ac3426cce13c9ba";"1 комнатные";"https://www.cian.ru/kupit-1-komnatnuyu-kvartiru-moskovskaya-oblast/";"22852";"2";"21";"done";"";"2026-06-13 00:25:13";"2026-06-13 01:21:46";""
"cian";"cian_315279696";"315279696";"https://www.cian.ru/sale/flat/315279696/";"https://www.cian.ru/sale/flat/315279696/?context=4.7xTfcIx1ntQ.6NQlZEsdQefk3UQeGYv3io7FtRoTCgVG11EytFf05wDjiQGhIulLQrnqOHRE3I091STAX2bEWIYGdw&mlSearchSessionGuid=a3f265dcb2a5b7061ac3426cce13c9ba";"1 комнатные";"https://www.cian.ru/kupit-1-komnatnuyu-kvartiru-moskovskaya-oblast/";"22852";"2";"22";"done";"";"2026-06-13 00:25:13";"2026-06-13 01:22:00";""
"cian";"cian_329016829";"329016829";"https://www.cian.ru/sale/flat/329016829/";"https://dolgoprudny.cian.ru/sale/flat/329016829/?context=4.RWqWA9HQ07o.H6OJgyP7jj8jPAYfMmzLNu86jxh37x-DO_vxD41LHdr_bjxoxROtpwtWf0V0lXHMZPzTSqi3wlEJvQ&mlSearchSessionGuid=a3f265dcb2a5b7061ac3426cce13c9ba";"1 комнатные";"https://www.cian.ru/kupit-1-komnatnuyu-kvartiru-moskovskaya-oblast/";"22852";"2";"23";"done";"";"2026-06-13 00:25:13";"2026-06-13 01:22:15";""
"cian";"cian_326648863";"326648863";"https://www.cian.ru/sale/flat/326648863/";"https://podolsk.cian.ru/sale/flat/326648863/?context=4.Hnm33w4MlpI.ZBrkJjdYB32e0olemxHQbHt_A1KLPFCPqWeQAPAS85SSo93LNg2IiKbFg53EPh4M0mj26WjRtEQDuw&mlSearchSessionGuid=a3f265dcb2a5b7061ac3426cce13c9ba";"1 комнатные";"https://www.cian.ru/kupit-1-komnatnuyu-kvartiru-moskovskaya-oblast/";"22852";"2";"24";"done";"";"2026-06-13 00:25:13";"2026-06-13 01:22:29";""
"cian";"cian_327473336";"327473336";"https://www.cian.ru/sale/flat/327473336/";"https://roshal.cian.ru/sale/flat/327473336/?context=4.ltsGJ7tzG24.klY7g18eujba5DuQQPhSBGcEAtaYG9gyMQWgvMMlsXC9gysbCktpG3iewfv3v4QpELj0eHubxthvaQ&mlSearchSessionGuid=a3f265dcb2a5b7061ac3426cce13c9ba";"1 комнатные";"https://www.cian.ru/kupit-1-komnatnuyu-kvartiru-moskovskaya-oblast/";"22852";"2";"25";"done";"";"2026-06-13 00:25:13";"2026-06-13 01:22:42";""
"cian";"cian_330657931";"330657931";"https://www.cian.ru/sale/flat/330657931/";"https://krasnogorsk.cian.ru/sale/flat/330657931/?context=4.7nhIUW-PQAc.FMnrVTTjJVceY1iEg4gR8HgDSL9-4EQSNeYRmQ1ovw0giBDQtUsVZIyxFzeqsREb6HDGUB_j69kuVQ&mlSearchSessionGuid=a3f265dcb2a5b7061ac3426cce13c9ba";"1 комнатные";"https://www.cian.ru/kupit-1-komnatnuyu-kvartiru-moskovskaya-oblast/";"22852";"2";"26";"done";"";"2026-06-13 00:25:13";"2026-06-13 01:22:56";""
"cian";"cian_328694796";"328694796";"https://www.cian.ru/sale/flat/328694796/";"https://zvenigorod.cian.ru/sale/flat/328694796/?context=4.Nta6BcfSUq0.JuyGGUqsbf9rt1jWhhICOaXivFY_uEI2q374bcKctKlv6OBg_KgXwO0sHQoZfYHFuCEB-uNsUm2zZg&mlSearchSessionGuid=a3f265dcb2a5b7061ac3426cce13c9ba";"1 комнатные";"https://www.cian.ru/kupit-1-komnatnuyu-kvartiru-moskovskaya-oblast/";"22852";"2";"27";"done";"";"2026-06-13 00:25:13";"2026-06-13 01:23:10";""
"cian";"cian_330743973";"330743973";"https://www.cian.ru/sale/flat/330743973/";"https://podolsk.cian.ru/sale/flat/330743973/?context=4.F9bPOWYqZVU.Yj2x3iBaD3RwfrXTqfPGi-L75b7ydU5kbZe012s3XYSgIpmKWqg2C4SMZ-e9StSAlNNcay1FlIQs7g&mlSearchSessionGuid=a3f265dcb2a5b7061ac3426cce13c9ba";"1 комнатные";"https://www.cian.ru/kupit-1-komnatnuyu-kvartiru-moskovskaya-oblast/";"22852";"2";"28";"done";"";"2026-06-13 00:25:13";"2026-06-13 01:23:23";""
"cian";"cian_326936097";"326936097";"https://www.cian.ru/sale/flat/326936097/";"https://pavlovsky-posad.cian.ru/sale/flat/326936097/?context=4.sAQznO60Jiw.K35r5nBHY823rm68S1Ggmj7DWnUr3LrrAotu1Earh-t8IedLjixXFOtt1uG3kcMmAAYD2V1it_GcDw&mlSearchSessionGuid=a3f265dcb2a5b7061ac3426cce13c9ba";"1 комнатные";"https://www.cian.ru/kupit-1-komnatnuyu-kvartiru-moskovskaya-oblast/";"22852";"3";"1";"done";"";"2026-06-13 00:26:02";"2026-06-13 01:23:37";""
"cian";"cian_327585091";"327585091";"https://www.cian.ru/sale/flat/327585091/";"https://zhukovsky.cian.ru/sale/flat/327585091/?context=4.2MJX99hS5vE.BC5cNyaTK6CG-L23y7mYrlrESxtntGrXdleFFFbQZtqEOzHENfN5tEFmHgO846bLjzbXeBNPla1NtQ&mlSearchSessionGuid=a3f265dcb2a5b7061ac3426cce13c9ba";"1 комнатные";"https://www.cian.ru/kupit-1-komnatnuyu-kvartiru-moskovskaya-oblast/";"22852";"3";"3";"done";"";"2026-06-13 00:26:02";"2026-06-13 01:23:51";""
"cian";"cian_330883411";"330883411";"https://www.cian.ru/sale/flat/330883411/";"https://solnechnogorsk.cian.ru/sale/flat/330883411/?context=4.3WnC1ye3Xow.jEW9Mh5cvj-OurTprWS4et2GAjAoyMJzdQfbQQAlYHBiZbFL1AxWYH1nZZoLm63TTpuTifqQthq2GA&mlSearchSessionGuid=a3f265dcb2a5b7061ac3426cce13c9ba";"1 комнатные";"https://www.cian.ru/kupit-1-komnatnuyu-kvartiru-moskovskaya-oblast/";"22852";"3";"4";"done";"";"2026-06-13 00:26:02";"2026-06-13 01:24:06";""
"cian";"cian_330926942";"330926942";"https://www.cian.ru/sale/flat/330926942/";"https://naro-fominsk.cian.ru/sale/flat/330926942/?context=4.j_Ww9XdcpmQ.swzSMCruXYVn1toe3QCJ6aUpXYy-mt3caZ6MRJXAAbCjDmdUh_g7cv7xax9wf441ZQrMHTKGLXX6cg&mlSearchSessionGuid=a3f265dcb2a5b7061ac3426cce13c9ba";"1 комнатные";"https://www.cian.ru/kupit-1-komnatnuyu-kvartiru-moskovskaya-oblast/";"22852";"3";"5";"done";"";"2026-06-13 00:26:02";"2026-06-13 01:24:20";""
"cian";"cian_330615377";"330615377";"https://www.cian.ru/sale/flat/330615377/";"https://domodedovo.cian.ru/sale/flat/330615377/?context=4.GNPomfbFYzY.smG-ecIdmthQoiYvvkd-e6gO_FkN1MaJSGCG63aARcSdo2V7VXO32rtzbZLP2-Ew2_01jR89lwQn2A&mlSearchSessionGuid=a3f265dcb2a5b7061ac3426cce13c9ba";"1 комнатные";"https://www.cian.ru/kupit-1-komnatnuyu-kvartiru-moskovskaya-oblast/";"22852";"3";"6";"done";"";"2026-06-13 00:26:02";"2026-06-13 01:24:34";""
"cian";"cian_328293672";"328293672";"https://www.cian.ru/sale/flat/328293672/";"https://vidnoye.cian.ru/sale/flat/328293672/?context=4.WvuzwBBbTJA._kr6udBsdRkVqvcVOFDxr-A6Mlx61vcA9YkR41_8CIxLXHsuY171r-EqJz3CWICfIZtSwYQ9ho6clw&mlSearchSessionGuid=a3f265dcb2a5b7061ac3426cce13c9ba";"1 комнатные";"https://www.cian.ru/kupit-1-komnatnuyu-kvartiru-moskovskaya-oblast/";"22852";"3";"7";"done";"";"2026-06-13 00:26:02";"2026-06-13 01:24:47";""
"cian";"cian_323374263";"323374263";"https://www.cian.ru/sale/flat/323374263/";"https://www.cian.ru/sale/flat/323374263/?context=4.RPUKDiV1ebA.nA8c62JSKvrZK8dC2VAtE1oHMLhvDMYTu5jTQ4frySYPLWkJhwljqONArg3Z5P3GodrcbGCl1ukKGA&mlSearchSessionGuid=a3f265dcb2a5b7061ac3426cce13c9ba";"1 комнатные";"https://www.cian.ru/kupit-1-komnatnuyu-kvartiru-moskovskaya-oblast/";"22852";"3";"8";"done";"";"2026-06-13 00:26:02";"2026-06-13 01:25:02";""
"cian";"cian_329506827";"329506827";"https://www.cian.ru/sale/flat/329506827/";"https://zvenigorod.cian.ru/sale/flat/329506827/?context=4.khLer6tRRrk.eQJThZf1e6JqsaK0rJW7Nstowvxgq74JURVA_tdiOjlNMP-Lr_2DxWB5pThT07BBhaRhT8H8edcwGw&mlSearchSessionGuid=a3f265dcb2a5b7061ac3426cce13c9ba";"1 комнатные";"https://www.cian.ru/kupit-1-komnatnuyu-kvartiru-moskovskaya-oblast/";"22852";"3";"9";"done";"";"2026-06-13 00:26:02";"2026-06-13 01:25:16";""
"cian";"cian_329479855";"329479855";"https://www.cian.ru/sale/flat/329479855/";"https://solnechnogorsk.cian.ru/sale/flat/329479855/?context=4.ObRBvFD8lMU.dbz913I-3L2T81AYHN63FXg5Z8T6V92FmJ6u19AfcdHv00Mb-jVwsIxpp-Q08TDM5p54uyxGUFRkxw&mlSearchSessionGuid=a3f265dcb2a5b7061ac3426cce13c9ba";"1 комнатные";"https://www.cian.ru/kupit-1-komnatnuyu-kvartiru-moskovskaya-oblast/";"22852";"3";"10";"done";"";"2026-06-13 00:26:02";"2026-06-13 01:25:31";""
"cian";"cian_326648799";"326648799";"https://www.cian.ru/sale/flat/326648799/";"https://podolsk.cian.ru/sale/flat/326648799/?context=4.2TQHmF78H9A.cGGDN-3yX-vE66bQu9_KBiDv49S4JQi7gk9bMyiprb8VWdDwxn5y67Gq8yDHwGRgBvIE51MUU2Aeww&mlSearchSessionGuid=a3f265dcb2a5b7061ac3426cce13c9ba";"1 комнатные";"https://www.cian.ru/kupit-1-komnatnuyu-kvartiru-moskovskaya-oblast/";"22852";"3";"11";"done";"";"2026-06-13 00:26:02";"2026-06-13 01:25:46";""
"cian";"cian_329543853";"329543853";"https://www.cian.ru/sale/flat/329543853/";"https://balashikha.cian.ru/sale/flat/329543853/?context=4.oLXK678YYow.2MaGxGlwFEMwx1eurn72tBjSyh0iPTDwGgyQ3ucX3GAnlbbxflYSw5sdBVIlIIs_MEIGIn0fRQfwng&mlSearchSessionGuid=a3f265dcb2a5b7061ac3426cce13c9ba";"1 комнатные";"https://www.cian.ru/kupit-1-komnatnuyu-kvartiru-moskovskaya-oblast/";"22852";"3";"12";"done";"";"2026-06-13 00:26:02";"2026-06-13 01:25:59";""
"cian";"cian_326875900";"326875900";"https://www.cian.ru/sale/flat/326875900/";"https://krasnogorsk.cian.ru/sale/flat/326875900/?context=4.zC0x0tHj9GU.22SvEQ0bFGiwfVeI2bGIvXKaw5px-4mmsWXFB7LLBh7O6k-B1RFKmXsLfsqupKC6rkQTgjomuf9hew&mlSearchSessionGuid=a3f265dcb2a5b7061ac3426cce13c9ba";"1 комнатные";"https://www.cian.ru/kupit-1-komnatnuyu-kvartiru-moskovskaya-oblast/";"22852";"3";"13";"done";"";"2026-06-13 00:26:02";"2026-06-13 01:26:14";""
"cian";"cian_328294988";"328294988";"https://www.cian.ru/sale/flat/328294988/";"https://www.cian.ru/sale/flat/328294988/?context=4.SgdfH9Bi6TA.0_6Rr28mJgsEJ_gjVMDT1IMbom1cQ3XmGHxysfj8WEN3Mdk5DdHs_DZt0WgjMjq0DJbPUmDuuAk7oQ&mlSearchSessionGuid=a3f265dcb2a5b7061ac3426cce13c9ba";"1 комнатные";"https://www.cian.ru/kupit-1-komnatnuyu-kvartiru-moskovskaya-oblast/";"22852";"3";"14";"done";"";"2026-06-13 00:26:02";"2026-06-13 01:26:29";""
"cian";"cian_330042950";"330042950";"https://www.cian.ru/sale/flat/330042950/";"https://lytkarino.cian.ru/sale/flat/330042950/?context=4.L5QvegsZPy4.jdaVPC3wcazwP_lO-aWTMcZtrrveUqiNlczfWQdiVnQuASB98kRI-QJZ_TG4JINF6EoWO-krq1GiSg&mlSearchSessionGuid=a3f265dcb2a5b7061ac3426cce13c9ba";"1 комнатные";"https://www.cian.ru/kupit-1-komnatnuyu-kvartiru-moskovskaya-oblast/";"22852";"3";"15";"done";"";"2026-06-13 00:26:02";"2026-06-13 01:26:43";""
"cian";"cian_329711465";"329711465";"https://www.cian.ru/sale/flat/329711465/";"https://domodedovo.cian.ru/sale/flat/329711465/?context=4.337hMpfNROU.ZP_OZnYaip1I3sJw9IQHyzVHuzUoWbXYBsUgElUO9sDzyjokvB8dMCE3q7Qjg9DgJ6OK5AM9u626uQ&mlSearchSessionGuid=a3f265dcb2a5b7061ac3426cce13c9ba";"1 комнатные";"https://www.cian.ru/kupit-1-komnatnuyu-kvartiru-moskovskaya-oblast/";"22852";"3";"16";"done";"";"2026-06-13 00:26:02";"2026-06-13 01:26:57";""
"cian";"cian_330926690";"330926690";"https://www.cian.ru/sale/flat/330926690/";"https://naro-fominsk.cian.ru/sale/flat/330926690/?context=4.AC_B-pbtiIU.JSrv8GGzFszSWwPQwS0KHil3gRUiUjXFQVn8yM5utp6SOtuwcTUjbwuTGEI5fOcAsoRx4GVLgSGc_A&mlSearchSessionGuid=a3f265dcb2a5b7061ac3426cce13c9ba";"1 комнатные";"https://www.cian.ru/kupit-1-komnatnuyu-kvartiru-moskovskaya-oblast/";"22852";"3";"17";"done";"";"2026-06-13 00:26:02";"2026-06-13 01:27:12";""
"cian";"cian_330927879";"330927879";"https://www.cian.ru/sale/flat/330927879/";"https://kotelniki.cian.ru/sale/flat/330927879/?context=4.6RMpoKNKS0w.E7m_fqcModBOoBZph4B3ZOX9wIr-APOI9D1Razp2sE1tC_ek_Ay6GQ3JGDTYcL3UKWK6XgK_79zZwQ&mlSearchSessionGuid=a3f265dcb2a5b7061ac3426cce13c9ba";"1 комнатные";"https://www.cian.ru/kupit-1-komnatnuyu-kvartiru-moskovskaya-oblast/";"22852";"3";"18";"done";"";"2026-06-13 00:26:02";"2026-06-13 01:27:26";""
"cian";"cian_330838229";"330838229";"https://www.cian.ru/sale/flat/330838229/";"https://vidnoye.cian.ru/sale/flat/330838229/?context=4.LsdO7-xtuXY.5Vm7QqFirWdt35OePzp3yF2KmWc2mXk2lD3B-VWuQQql7Vwwxm1funt8-EeSv5xrOCtbEVxQqNrx1Q&mlSearchSessionGuid=a3f265dcb2a5b7061ac3426cce13c9ba";"1 комнатные";"https://www.cian.ru/kupit-1-komnatnuyu-kvartiru-moskovskaya-oblast/";"22852";"3";"19";"done";"";"2026-06-13 00:26:02";"2026-06-13 01:27:40";""
"cian";"cian_326671802";"326671802";"https://www.cian.ru/sale/flat/326671802/";"https://khimki.cian.ru/sale/flat/326671802/?context=4.sDWw444HrSc.Jmc43ZoiVBRfe3wYFzzpfRvDjfJzHn6xZFvR6Uny18EGhmCjY0LIhTjHcDwkZheNH_2Zn0Kgu7mOMQ&mlSearchSessionGuid=a3f265dcb2a5b7061ac3426cce13c9ba";"1 комнатные";"https://www.cian.ru/kupit-1-komnatnuyu-kvartiru-moskovskaya-oblast/";"22852";"3";"20";"done";"";"2026-06-13 00:26:02";"2026-06-13 01:27:54";""
"cian";"cian_329518894";"329518894";"https://www.cian.ru/sale/flat/329518894/";"https://elektrostal.cian.ru/sale/flat/329518894/?context=4.2jfNXSMmNoE.0aNjEuNUriRlDPuHj8-dYJkKUtW_ku-7iLJh-GSaCXZdb288iTCZgfxfN_pb-Ys-xk9cPl6Ty27i-w&mlSearchSessionGuid=a3f265dcb2a5b7061ac3426cce13c9ba";"1 комнатные";"https://www.cian.ru/kupit-1-komnatnuyu-kvartiru-moskovskaya-oblast/";"22852";"3";"21";"done";"";"2026-06-13 00:26:02";"2026-06-13 01:28:08";""
"cian";"cian_330884848";"330884848";"https://www.cian.ru/sale/flat/330884848/";"https://solnechnogorsk.cian.ru/sale/flat/330884848/?context=4.lwljwKsFOio.viihZEQ_jAxLciEB2EmkL_VltEescu46phH5a1ilbCTiW_xGDuH4Y_u52oqBUEzaDAXPT14Q-T9ZeQ&mlSearchSessionGuid=a3f265dcb2a5b7061ac3426cce13c9ba";"1 комнатные";"https://www.cian.ru/kupit-1-komnatnuyu-kvartiru-moskovskaya-oblast/";"22852";"3";"22";"done";"";"2026-06-13 00:26:02";"2026-06-13 01:28:22";""
"cian";"cian_330218295";"330218295";"https://www.cian.ru/sale/flat/330218295/";"https://zvenigorod.cian.ru/sale/flat/330218295/?context=4.fsXSj9wZzV4.f8eAGO3JxPYmXXcA6oLQFbY3ni3XbqgZuBAHUmhq6-Gz1XRe5mTbEtToxlpywkJbA13EXci7F8PD7g&mlSearchSessionGuid=a3f265dcb2a5b7061ac3426cce13c9ba";"1 комнатные";"https://www.cian.ru/kupit-1-komnatnuyu-kvartiru-moskovskaya-oblast/";"22852";"3";"23";"done";"";"2026-06-13 00:26:02";"2026-06-13 01:28:36";""
"cian";"cian_330937394";"330937394";"https://www.cian.ru/sale/flat/330937394/";"https://balashikha.cian.ru/sale/flat/330937394/?context=4.m98Q2Okw-OE.2bzAZSx7f4kyIoKvv4Elq9zP-a3jQjUn5ipotx7EHK5YIsvxkNliEV7O_Nakeo146fJO0DNVbAT2Uw&mlSearchSessionGuid=a3f265dcb2a5b7061ac3426cce13c9ba";"1 комнатные";"https://www.cian.ru/kupit-1-komnatnuyu-kvartiru-moskovskaya-oblast/";"22852";"3";"24";"done";"";"2026-06-13 00:26:02";"2026-06-13 01:28:50";""
"cian";"cian_330621490";"330621490";"https://www.cian.ru/sale/flat/330621490/";"https://korolev.cian.ru/sale/flat/330621490/?context=4.qocKHrmZn-A.Vyj3Ba8Zjq4SrTx3XQ0dFRS4MOk2X1m6whFQfGRjWviwrqXfb8QMK1hdkidzLkSxx6ogb19EcFmr1Q&mlSearchSessionGuid=a3f265dcb2a5b7061ac3426cce13c9ba";"1 комнатные";"https://www.cian.ru/kupit-1-komnatnuyu-kvartiru-moskovskaya-oblast/";"22852";"3";"25";"done";"";"2026-06-13 00:26:02";"2026-06-13 01:29:05";""
"cian";"cian_326671804";"326671804";"https://www.cian.ru/sale/flat/326671804/";"https://khimki.cian.ru/sale/flat/326671804/?context=4.UUSlYgLG8bA.1nTAUEw1IwOV8kfEXk7yGsSsX5v3crgkt0EO3Il96BAFM8YBui4TndLBKkxxMlqumgMXp-3RXgTngQ&mlSearchSessionGuid=a3f265dcb2a5b7061ac3426cce13c9ba";"1 комнатные";"https://www.cian.ru/kupit-1-komnatnuyu-kvartiru-moskovskaya-oblast/";"22852";"3";"26";"done";"";"2026-06-13 00:26:02";"2026-06-13 01:29:19";""
"cian";"cian_328843488";"328843488";"https://www.cian.ru/sale/flat/328843488/";"https://noginsk.cian.ru/sale/flat/328843488/?context=4.NOPH8U49qP0.iPoHmVUSvVOV5FoypYodWClY3jpYaTeMwGxO02vnFjuYxUTjV9mCgp-tK0Un-PyjW-reO8Nmlxv2AQ&mlSearchSessionGuid=a3f265dcb2a5b7061ac3426cce13c9ba";"1 комнатные";"https://www.cian.ru/kupit-1-komnatnuyu-kvartiru-moskovskaya-oblast/";"22852";"3";"27";"done";"";"2026-06-13 00:26:02";"2026-06-13 01:29:32";""
"cian";"cian_329743101";"329743101";"https://www.cian.ru/sale/flat/329743101/";"https://krasnogorsk.cian.ru/sale/flat/329743101/?context=4.z1vE__jnGLQ.mVpQgOi4utWaPlkFQ7UaPZW0YEnhBAaecgYh7M5qQMY42UH5lnqaBxIDUlPtPM11nk6QKclXZBT_vg&mlSearchSessionGuid=a3f265dcb2a5b7061ac3426cce13c9ba";"1 комнатные";"https://www.cian.ru/kupit-1-komnatnuyu-kvartiru-moskovskaya-oblast/";"22852";"3";"28";"done";"";"2026-06-13 00:26:02";"2026-06-13 01:29:46";""
"cian";"cian_326367830";"326367830";"https://www.cian.ru/sale/flat/326367830/";"https://zvenigorod.cian.ru/sale/flat/326367830/?context=4.Wk2VgkNIOP4.zeeUKtjciATJAuc5QQfqWi-fjAsbbvRcqAjFO4pvLrFAEkyuWjWMQkjzSWtrHjqS7txkVNZEBf8w-Q&mlSearchSessionGuid=a3f265dcb2a5b7061ac3426cce13c9ba";"1 комнатные";"https://www.cian.ru/kupit-1-komnatnuyu-kvartiru-moskovskaya-oblast/";"22852";"4";"1";"done";"";"2026-06-13 00:26:49";"2026-06-13 01:30:00";""
"cian";"cian_331016626";"331016626";"https://www.cian.ru/sale/flat/331016626/";"https://dolgoprudny.cian.ru/sale/flat/331016626/?context=4.VD3OPALC9iE.EQCdSyVpTvIoqs4O4aZNIqLVKxYTu7jKQDssXznrhfwKWROG9uVO1NqufWcSTLOH662JCJB1CaDz-g&mlSearchSessionGuid=a3f265dcb2a5b7061ac3426cce13c9ba";"1 комнатные";"https://www.cian.ru/kupit-1-komnatnuyu-kvartiru-moskovskaya-oblast/";"22852";"4";"3";"done";"";"2026-06-13 00:26:49";"2026-06-13 01:30:17";""
"cian";"cian_325737057";"325737057";"https://www.cian.ru/sale/flat/325737057/";"https://pushkino.cian.ru/sale/flat/325737057/?context=4.trJWuuKc9mY.ouMoxezFy3q2evjoulyYJiGmQkOKBDwjrckpqiNiHzuoQUfCaVurPM6yNOLCqyVJx3Qw93I6RJAB1g&mlSearchSessionGuid=a3f265dcb2a5b7061ac3426cce13c9ba";"1 комнатные";"https://www.cian.ru/kupit-1-komnatnuyu-kvartiru-moskovskaya-oblast/";"22852";"4";"4";"done";"";"2026-06-13 00:26:49";"2026-06-13 01:30:31";""
"cian";"cian_325767402";"325767402";"https://www.cian.ru/sale/flat/325767402/";"https://krasnogorsk.cian.ru/sale/flat/325767402/?context=4.vTSHU3k8juA.yKvWDh76kudLSPPSXWLolo9GCEeWm0RCoEvfsEOLlRSpkg7zfKil-s82K0Xxx8FXQWx6agUhYAI8Iw&mlSearchSessionGuid=a3f265dcb2a5b7061ac3426cce13c9ba";"1 комнатные";"https://www.cian.ru/kupit-1-komnatnuyu-kvartiru-moskovskaya-oblast/";"22852";"4";"6";"done";"";"2026-06-13 00:26:49";"2026-06-13 01:30:45";""
"cian";"cian_327670760";"327670760";"https://www.cian.ru/sale/flat/327670760/";"https://pushkino.cian.ru/sale/flat/327670760/?context=4.-TV8_rZIUcs.hCG9hINvU4zyu8e6Rqnxg6c23sD-68QZKdkx_NYlBdeX008XotbMBIo3S22R8wwWg5o3aVdPouma2Q&mlSearchSessionGuid=a3f265dcb2a5b7061ac3426cce13c9ba";"1 комнатные";"https://www.cian.ru/kupit-1-komnatnuyu-kvartiru-moskovskaya-oblast/";"22852";"4";"7";"done";"";"2026-06-13 00:26:49";"2026-06-13 01:31:01";""
"cian";"cian_329020853";"329020853";"https://www.cian.ru/sale/flat/329020853/";"https://balashikha.cian.ru/sale/flat/329020853/?context=4.2A3TZdo2A0w.2XZ8umKIfxejI6gcp7rudUjnJMKVTOgOzbFwtW_4r12C-CQ2dSQP2Uy18A2e2ZFZmgCtvBWdG9ccQw&mlSearchSessionGuid=a3f265dcb2a5b7061ac3426cce13c9ba";"1 комнатные";"https://www.cian.ru/kupit-1-komnatnuyu-kvartiru-moskovskaya-oblast/";"22852";"4";"9";"done";"";"2026-06-13 00:26:49";"2026-06-13 01:31:15";""
"cian";"cian_330926820";"330926820";"https://www.cian.ru/sale/flat/330926820/";"https://naro-fominsk.cian.ru/sale/flat/330926820/?context=4.SUxsxgoZ_mA.JMBCfQSs6lS_7BJqRZynV5lpT2eUztyZWfBP8SRhZWMT7RsUL0c__GIl0V51W5QFe-CqVUehseoOoQ&mlSearchSessionGuid=a3f265dcb2a5b7061ac3426cce13c9ba";"1 комнатные";"https://www.cian.ru/kupit-1-komnatnuyu-kvartiru-moskovskaya-oblast/";"22852";"4";"10";"done";"";"2026-06-13 00:26:49";"2026-06-13 01:31:29";""
"cian";"cian_330888162";"330888162";"https://www.cian.ru/sale/flat/330888162/";"https://zhukovsky.cian.ru/sale/flat/330888162/?context=4.V3QHHuNq3wo.YPSH-6l4nWZl920AhED0xsd_2t6RBceEGESIfOuwxKAgSZz5TcP29umRkOkKstPo4Jt1ngkF3Xa69w&mlSearchSessionGuid=a3f265dcb2a5b7061ac3426cce13c9ba";"1 комнатные";"https://www.cian.ru/kupit-1-komnatnuyu-kvartiru-moskovskaya-oblast/";"22852";"4";"12";"done";"";"2026-06-13 00:26:49";"2026-06-13 01:31:42";""
"cian";"cian_330926670";"330926670";"https://www.cian.ru/sale/flat/330926670/";"https://naro-fominsk.cian.ru/sale/flat/330926670/?context=4.aDkaM3fiBns.BS5m5jZquCAn7Tk81a8Ec5lD4F7dPaVU-RBjH1UELKlY9Vjg3B8opoM0ef4qzrsFOp-gLA0cbuWe-w&mlSearchSessionGuid=a3f265dcb2a5b7061ac3426cce13c9ba";"1 комнатные";"https://www.cian.ru/kupit-1-komnatnuyu-kvartiru-moskovskaya-oblast/";"22852";"4";"13";"done";"";"2026-06-13 00:26:49";"2026-06-13 01:31:56";""
"cian";"cian_328678908";"328678908";"https://www.cian.ru/sale/flat/328678908/";"https://korolev.cian.ru/sale/flat/328678908/?context=4.Ryf7TeFR6N8.hD8_cRMmq_2OPkI11QJY4T171qxQ6gAMk3QsWzSAoIkdCUrVfnO1JjdX8eSH131pT34AURsorrl-wQ&mlSearchSessionGuid=a3f265dcb2a5b7061ac3426cce13c9ba";"1 комнатные";"https://www.cian.ru/kupit-1-komnatnuyu-kvartiru-moskovskaya-oblast/";"22852";"4";"15";"done";"";"2026-06-13 00:26:49";"2026-06-13 01:32:10";""
"cian";"cian_325785250";"325785250";"https://www.cian.ru/sale/flat/325785250/";"https://mytishchi.cian.ru/sale/flat/325785250/?context=4.XRCLBSbIHYA.nCsvBNndW4Tn10-x2FpuLh0fKCVMKCEZfHQwbtbMQtChwwlUe0QjCdpjxxfA07ORDUmeexv-haSFmA&mlSearchSessionGuid=a3f265dcb2a5b7061ac3426cce13c9ba";"1 комнатные";"https://www.cian.ru/kupit-1-komnatnuyu-kvartiru-moskovskaya-oblast/";"22852";"4";"16";"done";"";"2026-06-13 00:26:49";"2026-06-13 01:32:25";""
"cian";"cian_330417050";"330417050";"https://www.cian.ru/sale/flat/330417050/";"https://ramenskoye.cian.ru/sale/flat/330417050/?context=4.u4MHKlPK9EM.S3qPrVhwCbWLaTC9D_9Wlxi62d75OauUNq4P14ovACk_gjH70mN52vSYAmnqpgot-rzr914FvttBDQ&mlSearchSessionGuid=a3f265dcb2a5b7061ac3426cce13c9ba";"1 комнатные";"https://www.cian.ru/kupit-1-komnatnuyu-kvartiru-moskovskaya-oblast/";"22852";"4";"18";"done";"";"2026-06-13 00:26:49";"2026-06-13 01:32:40";""
"cian";"cian_330926801";"330926801";"https://www.cian.ru/sale/flat/330926801/";"https://naro-fominsk.cian.ru/sale/flat/330926801/?context=4.ECEgg9iSl9Q.stwlA2dmEcJLQb7ZPTvE3kFRNiECWhkE7BIMGuIGCbjNtQXiAtFZFRfkTXbwvVr__1wUQfHdOpXsJQ&mlSearchSessionGuid=a3f265dcb2a5b7061ac3426cce13c9ba";"1 комнатные";"https://www.cian.ru/kupit-1-komnatnuyu-kvartiru-moskovskaya-oblast/";"22852";"4";"19";"done";"";"2026-06-13 00:26:49";"2026-06-13 01:32:55";""
"cian";"cian_329850422";"329850422";"https://www.cian.ru/sale/flat/329850422/";"https://zvenigorod.cian.ru/sale/flat/329850422/?context=4.Tg9A_1wtLcQ.7dJIA5-HjzLY4aa65E8h_HLDkfMrZgMo-MJIkhUfuOTlccBApKSY1n1rCM5C59Qr7j19pzP2qIv2tQ&mlSearchSessionGuid=a3f265dcb2a5b7061ac3426cce13c9ba";"1 комнатные";"https://www.cian.ru/kupit-1-komnatnuyu-kvartiru-moskovskaya-oblast/";"22852";"4";"20";"done";"";"2026-06-13 00:26:49";"2026-06-13 01:33:11";""
"cian";"cian_330622927";"330622927";"https://www.cian.ru/sale/flat/330622927/";"https://vidnoye.cian.ru/sale/flat/330622927/?context=4.fsFbo_lAq2w.1HM9erX7qk3Gu2lMSnSo7yVSESAJ_BbTXnH7J1N_gVANyc7g2PNacHulwH0ROs4_gZGNND536k8ntQ&mlSearchSessionGuid=a3f265dcb2a5b7061ac3426cce13c9ba";"1 комнатные";"https://www.cian.ru/kupit-1-komnatnuyu-kvartiru-moskovskaya-oblast/";"22852";"4";"21";"done";"";"2026-06-13 00:26:49";"2026-06-13 01:33:26";""
"cian";"cian_325785128";"325785128";"https://www.cian.ru/sale/flat/325785128/";"https://mytishchi.cian.ru/sale/flat/325785128/?context=4.toHK0ViaFUU.8-14TIZaviqqlYB_jIF4GzM8hVAur7x7QvHhd36cJbPO6stujE1LNRtSc83tWjXx6bHDBUlZ0umwHg&mlSearchSessionGuid=a3f265dcb2a5b7061ac3426cce13c9ba";"1 комнатные";"https://www.cian.ru/kupit-1-komnatnuyu-kvartiru-moskovskaya-oblast/";"22852";"4";"22";"done";"";"2026-06-13 00:26:49";"2026-06-13 01:33:40";""
"cian";"cian_330746141";"330746141";"https://www.cian.ru/sale/flat/330746141/";"https://voskresensk.cian.ru/sale/flat/330746141/?context=4.gHeXxFsUnKI.l4mfHajhmmZcQUJQpF-58ViDyqbWvuzSeMOSyLQJG2SpaDTYmX2teJOsVNwfhgGMudqAPIqXDlgNpQ&mlSearchSessionGuid=a3f265dcb2a5b7061ac3426cce13c9ba";"1 комнатные";"https://www.cian.ru/kupit-1-komnatnuyu-kvartiru-moskovskaya-oblast/";"22852";"4";"23";"done";"";"2026-06-13 00:26:49";"2026-06-13 01:33:53";""
"cian";"cian_329448169";"329448169";"https://www.cian.ru/sale/flat/329448169/";"https://shchyolkovo.cian.ru/sale/flat/329448169/?context=4.-Ol9HZwn-So.DY5mXk9RMnaGwOybCgLG_nXb7kJnbutSS-QrMVWLZ99syOUZnJcM-5L6F3qfm5N-mXbd3Xf44S1hjw&mlSearchSessionGuid=a3f265dcb2a5b7061ac3426cce13c9ba";"1 комнатные";"https://www.cian.ru/kupit-1-komnatnuyu-kvartiru-moskovskaya-oblast/";"22852";"4";"24";"done";"";"2026-06-13 00:26:49";"2026-06-13 01:34:08";""
"cian";"cian_313662540";"313662540";"https://www.cian.ru/sale/flat/313662540/";"https://korolev.cian.ru/sale/flat/313662540/?context=4.UVTDhF2fbD8.OnvnohlWTFWItp0UmyxYqlw6LEEPDLk_foxKEE5aoZr9nFbz_ghVzgGV4Nvw4k6RlJeLRF0EIkUDpw&mlSearchSessionGuid=a3f265dcb2a5b7061ac3426cce13c9ba";"1 комнатные";"https://www.cian.ru/kupit-1-komnatnuyu-kvartiru-moskovskaya-oblast/";"22852";"4";"25";"done";"";"2026-06-13 00:26:49";"2026-06-13 01:34:23";""
"cian";"cian_330619472";"330619472";"https://www.cian.ru/sale/flat/330619472/";"https://balashikha.cian.ru/sale/flat/330619472/?context=4.B4OEztOsSzc.B2CSYKnUpiwsxegzLcNj6tNMyvhnwR-qWbxNxn18PTlGj-uB5iDZDhMfPwbjStEhWxKHrlw-_NGMKQ&mlSearchSessionGuid=a3f265dcb2a5b7061ac3426cce13c9ba";"1 комнатные";"https://www.cian.ru/kupit-1-komnatnuyu-kvartiru-moskovskaya-oblast/";"22852";"4";"27";"done";"";"2026-06-13 00:26:49";"2026-06-13 01:34:38";""
"cian";"cian_326090237";"326090237";"https://www.cian.ru/sale/flat/326090237/";"https://mytishchi.cian.ru/sale/flat/326090237/?context=4.ButAkBqODNA.bhp5EgtmuqM0d8yG0_JmzDu03Bo9fOfEdoeIL5cTYbaYdVwbp0NhECESLE85cEBLhKxcWji70Jvy0Q&mlSearchSessionGuid=a3f265dcb2a5b7061ac3426cce13c9ba";"1 комнатные";"https://www.cian.ru/kupit-1-komnatnuyu-kvartiru-moskovskaya-oblast/";"22852";"4";"28";"done";"";"2026-06-13 00:26:49";"2026-06-13 01:34:53";""
"cian";"cian_328272279";"328272279";"https://www.cian.ru/sale/flat/328272279/";"https://lyubertsy.cian.ru/sale/flat/328272279/?context=4.v5BWxhjHLzA.Evtos15cBGb26p5Uk3cBS3forOUlTnozfR6ar6i1OsCrA_7ol8tfg8BycVM8VJgJ3hSgQxiSOeFLtw&mlSearchSessionGuid=a3f265dcb2a5b7061ac3426cce13c9ba";"1 комнатные";"https://www.cian.ru/kupit-1-komnatnuyu-kvartiru-moskovskaya-oblast/";"22852";"5";"1";"done";"";"2026-06-13 00:27:38";"2026-06-13 01:35:07";""
"cian";"cian_330846122";"330846122";"https://www.cian.ru/sale/flat/330846122/";"https://krasnogorsk.cian.ru/sale/flat/330846122/?context=4.9yBLaKUSWnY.u01puelV2yua9xwg779yqDWl4IIaQXsWW4E1fupECZaxTkSFTtNPW4eVyKvk03qLcM_MFbeVckmgbA&mlSearchSessionGuid=a3f265dcb2a5b7061ac3426cce13c9ba";"1 комнатные";"https://www.cian.ru/kupit-1-komnatnuyu-kvartiru-moskovskaya-oblast/";"22852";"5";"2";"done";"";"2026-06-13 00:27:38";"2026-06-13 01:35:21";""
"cian";"cian_329771293";"329771293";"https://www.cian.ru/sale/flat/329771293/";"https://zvenigorod.cian.ru/sale/flat/329771293/?context=4.gRqBolbs4gs.u3k0ttyfvIUaq3P1MCm-5ye80hFtDlF0McZAV1BDyTwgm_4Uw62oH-17BDpGfzKyT5gxIz_B7K4etw&mlSearchSessionGuid=a3f265dcb2a5b7061ac3426cce13c9ba";"1 комнатные";"https://www.cian.ru/kupit-1-komnatnuyu-kvartiru-moskovskaya-oblast/";"22852";"5";"3";"done";"";"2026-06-13 00:27:38";"2026-06-13 01:35:35";""
"cian";"cian_330583787";"330583787";"https://www.cian.ru/sale/flat/330583787/";"https://mytishchi.cian.ru/sale/flat/330583787/?context=4.CMYmassBqn0.jwNCviiFxN2vBb6yXymiC9-NuWR2bCPw_dojO_erVbQByKYLiGIklDgp_kWRElolx9Etx-fFhDCumg&mlSearchSessionGuid=a3f265dcb2a5b7061ac3426cce13c9ba";"1 комнатные";"https://www.cian.ru/kupit-1-komnatnuyu-kvartiru-moskovskaya-oblast/";"22852";"5";"4";"done";"";"2026-06-13 00:27:38";"2026-06-13 01:35:49";""
"cian";"cian_328639150";"328639150";"https://www.cian.ru/sale/flat/328639150/";"https://mytishchi.cian.ru/sale/flat/328639150/?context=4.Jb1Ll9so6ak.oOH3RuYx2iyOKJT4mIPm17Hwg4allOmqv1gwNX8Q006MRkP4QFqO-O3CgiXOmiWP_K71qGBHyzyNTw&mlSearchSessionGuid=a3f265dcb2a5b7061ac3426cce13c9ba";"1 комнатные";"https://www.cian.ru/kupit-1-komnatnuyu-kvartiru-moskovskaya-oblast/";"22852";"5";"5";"done";"";"2026-06-13 00:27:38";"2026-06-13 01:36:04";""
"cian";"cian_328678479";"328678479";"https://www.cian.ru/sale/flat/328678479/";"https://dedovsk.cian.ru/sale/flat/328678479/?context=4.1mqLBgh1deg.5-zkRM6YTVmk108MQ2j6nz27sZhvOiULCj4zxCoGJs-GqDDG7vv8pYorop4XAtZuZGZXydFeLvRxQQ&mlSearchSessionGuid=a3f265dcb2a5b7061ac3426cce13c9ba";"1 комнатные";"https://www.cian.ru/kupit-1-komnatnuyu-kvartiru-moskovskaya-oblast/";"22852";"5";"6";"done";"";"2026-06-13 00:27:38";"2026-06-13 01:36:17";""
"cian";"cian_329477560";"329477560";"https://www.cian.ru/sale/flat/329477560/";"https://vidnoye.cian.ru/sale/flat/329477560/?context=4.OKMQqkuV4ZE.8SA6Ha1srbv9ki93wBljQZSl6reh3o39N_Beq5YI2MOMcQhnTYGo7XcQTUIhrpWVBrZEE8yn5tSoGQ&mlSearchSessionGuid=a3f265dcb2a5b7061ac3426cce13c9ba";"1 комнатные";"https://www.cian.ru/kupit-1-komnatnuyu-kvartiru-moskovskaya-oblast/";"22852";"5";"7";"done";"";"2026-06-13 00:27:38";"2026-06-13 01:36:31";""
"cian";"cian_330659893";"330659893";"https://www.cian.ru/sale/flat/330659893/";"https://reutov.cian.ru/sale/flat/330659893/?context=4.5V9RX7hx1Fo.eZc2odqoLH8IRp1UIfWIZMMxrQ6yeCZnYGR9VrwB7mgbjJi6bd_PMzw9EADfNVtyMfvuV3izWZht7A&mlSearchSessionGuid=a3f265dcb2a5b7061ac3426cce13c9ba";"1 комнатные";"https://www.cian.ru/kupit-1-komnatnuyu-kvartiru-moskovskaya-oblast/";"22852";"5";"8";"done";"";"2026-06-13 00:27:38";"2026-06-13 01:36:45";""
"cian";"cian_294351687";"294351687";"https://www.cian.ru/sale/flat/294351687/";"https://khotkovo.cian.ru/sale/flat/294351687/?context=4.cDNuHtJm1wQ.uY2fE_6VqxOizzKkol5VMVGLkEFufA33RTB8WWoVGrNVaOxwNfT0PANlcFRYRtxzQ36TAcMvDdJkqA&mlSearchSessionGuid=a3f265dcb2a5b7061ac3426cce13c9ba";"1 комнатные";"https://www.cian.ru/kupit-1-komnatnuyu-kvartiru-moskovskaya-oblast/";"22852";"5";"9";"done";"";"2026-06-13 00:27:38";"2026-06-13 01:37:00";""
"cian";"cian_330660497";"330660497";"https://www.cian.ru/sale/flat/330660497/";"https://lyubertsy.cian.ru/sale/flat/330660497/?context=4.VVhtYrJYmYM.nUiS6_oRh4zcPUQyj4vtqrnR6z6L23PKKvPo2TDBlKsUK7LZSTEg2HSBo6y8F2hwJqfmeNNld4m8oA&mlSearchSessionGuid=a3f265dcb2a5b7061ac3426cce13c9ba";"1 комнатные";"https://www.cian.ru/kupit-1-komnatnuyu-kvartiru-moskovskaya-oblast/";"22852";"5";"11";"done";"";"2026-06-13 00:27:38";"2026-06-13 01:37:14";""
"cian";"cian_294351226";"294351226";"https://www.cian.ru/sale/flat/294351226/";"https://khotkovo.cian.ru/sale/flat/294351226/?context=4.nwtoi33Sc7Q.nBb2BLvxfM0-z8I981NxmuJRun-zsGJ7FiH4Sgo16zkAfXsGmRKBtlt_YqCeH01vwahFpJWuhE8_rg&mlSearchSessionGuid=a3f265dcb2a5b7061ac3426cce13c9ba";"1 комнатные";"https://www.cian.ru/kupit-1-komnatnuyu-kvartiru-moskovskaya-oblast/";"22852";"5";"12";"done";"";"2026-06-13 00:27:38";"2026-06-13 01:37:29";""
"cian";"cian_328618958";"328618958";"https://www.cian.ru/sale/flat/328618958/";"https://krasnogorsk.cian.ru/sale/flat/328618958/?context=4.4_70gUy3cHw.nfDKoPiaedTXZU-6YE-FIB6UqJCORQ95Gb_OCHRMcJDVoD3kYMGo5g4vdph2mvQQJaVsa1I6R7bSiA&mlSearchSessionGuid=a3f265dcb2a5b7061ac3426cce13c9ba";"1 комнатные";"https://www.cian.ru/kupit-1-komnatnuyu-kvartiru-moskovskaya-oblast/";"22852";"5";"14";"done";"";"2026-06-13 00:27:38";"2026-06-13 01:37:44";""
"cian";"cian_325886068";"325886068";"https://www.cian.ru/sale/flat/325886068/";"https://podolsk.cian.ru/sale/flat/325886068/?context=4.uDybqVGRgEE.lVMF2SREO9JlGsQdUdGDTzhUrj05xqxSb3OZk5AIOvRzDcYfqAGeykLqV85hxgBHdCb0MRkvVUsEAA&mlSearchSessionGuid=a3f265dcb2a5b7061ac3426cce13c9ba";"1 комнатные";"https://www.cian.ru/kupit-1-komnatnuyu-kvartiru-moskovskaya-oblast/";"22852";"5";"15";"done";"";"2026-06-13 00:27:38";"2026-06-13 01:38:00";""
"cian";"cian_330527369";"330527369";"https://www.cian.ru/sale/flat/330527369/";"https://solnechnogorsk.cian.ru/sale/flat/330527369/?context=4.SSLrVNNabdY.ppgK0fpKBwBKDio2NtIG_PbQstaEW1Fn9WVH0pY0mragJonSmomszKDgcQqwvuLg5dKul9DG6TY-gw&mlSearchSessionGuid=a3f265dcb2a5b7061ac3426cce13c9ba";"1 комнатные";"https://www.cian.ru/kupit-1-komnatnuyu-kvartiru-moskovskaya-oblast/";"22852";"5";"17";"done";"";"2026-06-13 00:27:38";"2026-06-13 01:38:15";""
"cian";"cian_325886203";"325886203";"https://www.cian.ru/sale/flat/325886203/";"https://podolsk.cian.ru/sale/flat/325886203/?context=4.h8HFp59Z4Yc.-n8h_palGCVR-3jD14toB87P9iJEMSCZPdasZwGvuIkjKfDVzDLyOQQ8dvnrtvMiFHFvR1GeIrKBMw&mlSearchSessionGuid=a3f265dcb2a5b7061ac3426cce13c9ba";"1 комнатные";"https://www.cian.ru/kupit-1-komnatnuyu-kvartiru-moskovskaya-oblast/";"22852";"5";"18";"done";"";"2026-06-13 00:27:38";"2026-06-13 01:38:29";""
"cian";"cian_330930142";"330930142";"https://www.cian.ru/sale/flat/330930142/";"https://odintsovo.cian.ru/sale/flat/330930142/?context=4.EJXe8XXP098.f4wOtZzhbtzpZqe4kpsAzRcd8ax1-NOG9ybIL3hAX2PPUeHi4RpcCkEjZcRfBMK7DIMO5C1ASCoi0Q&mlSearchSessionGuid=a3f265dcb2a5b7061ac3426cce13c9ba";"1 комнатные";"https://www.cian.ru/kupit-1-komnatnuyu-kvartiru-moskovskaya-oblast/";"22852";"5";"19";"done";"";"2026-06-13 00:27:38";"2026-06-13 01:38:45";""
"cian";"cian_330749547";"330749547";"https://www.cian.ru/sale/flat/330749547/";"https://krasnogorsk.cian.ru/sale/flat/330749547/?context=4.lWRhMjWZAjw.AhhGTgcj5VpBwwTQaP5mFqZaR30pSbmcVZZmJC0309U_54-7zxYmbzn80ORqMzJXZ58ROglxMWnCvA&mlSearchSessionGuid=a3f265dcb2a5b7061ac3426cce13c9ba";"1 комнатные";"https://www.cian.ru/kupit-1-komnatnuyu-kvartiru-moskovskaya-oblast/";"22852";"5";"20";"done";"";"2026-06-13 00:27:38";"2026-06-13 01:39:00";""
"cian";"cian_325308978";"325308978";"https://www.cian.ru/sale/flat/325308978/";"https://mytishchi.cian.ru/sale/flat/325308978/?context=4.uj8ilys_nMg.Jp-DM0U9M1dqVk2giSonxhmM7WsR5gRseY9w-dI8aFJGa_oS6Nl80Bidig0tmSIfQ1vBDXBOLvREpQ&mlSearchSessionGuid=a3f265dcb2a5b7061ac3426cce13c9ba";"1 комнатные";"https://www.cian.ru/kupit-1-komnatnuyu-kvartiru-moskovskaya-oblast/";"22852";"5";"21";"done";"";"2026-06-13 00:27:38";"2026-06-13 01:39:14";""
"cian";"cian_329770209";"329770209";"https://www.cian.ru/sale/flat/329770209/";"https://krasnogorsk.cian.ru/sale/flat/329770209/?context=4.2yTbZZyeX70.NIwI7k_h9VjmR4XufYraTpxUwroJbu0cuKz9U02oWdCSDZiW8sLS8tzpdd_1d8VXAaoXp43YBd8Ydw&mlSearchSessionGuid=a3f265dcb2a5b7061ac3426cce13c9ba";"1 комнатные";"https://www.cian.ru/kupit-1-komnatnuyu-kvartiru-moskovskaya-oblast/";"22852";"5";"23";"done";"";"2026-06-13 00:27:38";"2026-06-13 01:39:26";""
"cian";"cian_324563048";"324563048";"https://www.cian.ru/sale/flat/324563048/";"https://pushkino.cian.ru/sale/flat/324563048/?context=4.29QsJVs1mmw.aH94RUXqfl41YZB5JfZ0oLp2qhv6Nw-sKOHVu4FcYdCJ4Ytz87CbTN1VyKcEM9Jvt0jbZukcGQJGkQ&mlSearchSessionGuid=a3f265dcb2a5b7061ac3426cce13c9ba";"1 комнатные";"https://www.cian.ru/kupit-1-komnatnuyu-kvartiru-moskovskaya-oblast/";"22852";"5";"24";"done";"";"2026-06-13 00:27:38";"2026-06-13 01:39:39";""
"cian";"cian_328173800";"328173800";"https://www.cian.ru/sale/flat/328173800/";"https://khimki.cian.ru/sale/flat/328173800/?context=4.QGpXUQzpyhc.3r8xu5Lq2AqJ17UcmvkN4GQjniluQONAYkPSXYpc_iQdUCQ4WWp0cKM_kRfv2EnMGpEMbQh1ISf2zg&mlSearchSessionGuid=a3f265dcb2a5b7061ac3426cce13c9ba";"1 комнатные";"https://www.cian.ru/kupit-1-komnatnuyu-kvartiru-moskovskaya-oblast/";"22852";"5";"26";"done";"";"2026-06-13 00:27:38";"2026-06-13 01:39:51";""
"cian";"cian_327731787";"327731787";"https://www.cian.ru/sale/flat/327731787/";"https://dmitrov.cian.ru/sale/flat/327731787/?context=4.hHYQKqZ3wi0.bbgEfO1oPdVAf_aWGKQzGJh-BKUgN7mO1YxLAswskksUyoXA8WoJNT2GFFZVNntb8x35f3yk16yJcQ&mlSearchSessionGuid=a3f265dcb2a5b7061ac3426cce13c9ba";"1 комнатные";"https://www.cian.ru/kupit-1-komnatnuyu-kvartiru-moskovskaya-oblast/";"22852";"5";"27";"done";"";"2026-06-13 00:27:38";"2026-06-13 01:40:06";""
"cian";"cian_330694409";"330694409";"https://www.cian.ru/sale/flat/330694409/";"https://lyubertsy.cian.ru/sale/flat/330694409/?context=4.LSins6kkewY.h-lKXdTXOdBVxnCLx7C57gEy6hj7nL7ceHqTPS1SkpsxwqfNTrUJpoL6-fbHCYTCobazC681jZD15g&mlSearchSessionGuid=a3f265dcb2a5b7061ac3426cce13c9ba";"1 комнатные";"https://www.cian.ru/kupit-1-komnatnuyu-kvartiru-moskovskaya-oblast/";"22852";"6";"1";"done";"";"2026-06-13 00:28:29";"2026-06-13 01:40:21";""
"cian";"cian_301555773";"301555773";"https://www.cian.ru/sale/flat/301555773/";"https://zvenigorod.cian.ru/sale/flat/301555773/?context=4.7oXa1u6YaKk.hvuzMedBpkce_gGA1aJvx5iaDFy_gkRlZMqgRGFyF96-Hx634HZ_FUDSC4Xcbv2eP5Ou6vOnZN3AcA&mlSearchSessionGuid=a3f265dcb2a5b7061ac3426cce13c9ba";"1 комнатные";"https://www.cian.ru/kupit-1-komnatnuyu-kvartiru-moskovskaya-oblast/";"22852";"6";"2";"done";"";"2026-06-13 00:28:29";"2026-06-13 01:40:34";""
"cian";"cian_330932188";"330932188";"https://www.cian.ru/sale/flat/330932188/";"https://vidnoye.cian.ru/sale/flat/330932188/?context=4.i1XGI6wS7wQ.1LJionT7Ro2NzX7322r6c21SN_CrWl-RD3NbyqpmuDqjbR4RjsJE9y98qXd5TzqUmiLa2vlCMhj20A&mlSearchSessionGuid=a3f265dcb2a5b7061ac3426cce13c9ba";"1 комнатные";"https://www.cian.ru/kupit-1-komnatnuyu-kvartiru-moskovskaya-oblast/";"22852";"6";"4";"done";"";"2026-06-13 00:28:29";"2026-06-13 01:40:49";""
"cian";"cian_326657765";"326657765";"https://www.cian.ru/sale/flat/326657765/";"https://korolev.cian.ru/sale/flat/326657765/?context=4.X-7DvsVmiAs.VaFlW3tW1bEJmGPA8Rq7562-BApN9QwaJu9cgnmaKN2LB4Ly3BwZzi_nsku0POAdwJfxZj-OMF8NNg&mlSearchSessionGuid=a3f265dcb2a5b7061ac3426cce13c9ba";"1 комнатные";"https://www.cian.ru/kupit-1-komnatnuyu-kvartiru-moskovskaya-oblast/";"22852";"6";"5";"done";"";"2026-06-13 00:28:29";"2026-06-13 01:41:01";""
"cian";"cian_330016924";"330016924";"https://www.cian.ru/sale/flat/330016924/";"https://balashikha.cian.ru/sale/flat/330016924/?context=4.PTVNiGhxrac.BFQhJtySnr_AeCagh3IsDzRh-NQ6-rF1nOQFRyxc5bST7jfPbpElq6DimET1MYXTla64YA0DynwZqw&mlSearchSessionGuid=a3f265dcb2a5b7061ac3426cce13c9ba";"1 комнатные";"https://www.cian.ru/kupit-1-komnatnuyu-kvartiru-moskovskaya-oblast/";"22852";"6";"7";"done";"";"2026-06-13 00:28:29";"2026-06-13 01:41:15";""
"cian";"cian_323014699";"323014699";"https://www.cian.ru/sale/flat/323014699/";"https://krasnogorsk.cian.ru/sale/flat/323014699/?context=4.cUQmKNL1xbE.rv_SiUsWhOO1YZEttNT23QyXKqLqlOEl7iuq7coIqk43DRoYLeolW6rbqYNi3L86EbrvNPZ6oyzyeA&mlSearchSessionGuid=a3f265dcb2a5b7061ac3426cce13c9ba";"1 комнатные";"https://www.cian.ru/kupit-1-komnatnuyu-kvartiru-moskovskaya-oblast/";"22852";"6";"8";"done";"";"2026-06-13 00:28:29";"2026-06-13 01:41:30";""
"cian";"cian_330855564";"330855564";"https://www.cian.ru/sale/flat/330855564/";"https://vidnoye.cian.ru/sale/flat/330855564/?context=4.hwZTRmR8LMY.jULYwjK24N_CfjBPsKTt9RganbU0N_EG9b2ATQXBYz3ReGSeXjM40N6uQJbyHw9mHJZLvFRjQeFCOg&mlSearchSessionGuid=a3f265dcb2a5b7061ac3426cce13c9ba";"1 комнатные";"https://www.cian.ru/kupit-1-komnatnuyu-kvartiru-moskovskaya-oblast/";"22852";"6";"9";"done";"";"2026-06-13 00:28:29";"2026-06-13 01:41:43";""
"cian";"cian_328915545";"328915545";"https://www.cian.ru/sale/flat/328915545/";"https://khimki.cian.ru/sale/flat/328915545/?context=4.DliY9H2nBaA.9gIl5BPZB3TQSqzQmb-BRCffR2hO31M0X8wqyuX38h58zFiP-3cV3NL0kF2Gi0IWkl62Awq7IPMPsQ&mlSearchSessionGuid=a3f265dcb2a5b7061ac3426cce13c9ba";"1 комнатные";"https://www.cian.ru/kupit-1-komnatnuyu-kvartiru-moskovskaya-oblast/";"22852";"6";"10";"done";"";"2026-06-13 00:28:29";"2026-06-13 01:41:58";""
"cian";"cian_323014698";"323014698";"https://www.cian.ru/sale/flat/323014698/";"https://krasnogorsk.cian.ru/sale/flat/323014698/?context=4.s9jQstT8lzA.TnzB-dBbRCgXDwkCSc8z9cfHS75xwvpkIT3ctqMBmoTuOg2eY_2wjJhBvd38iZUWREe1vaVWhpRjVg&mlSearchSessionGuid=a3f265dcb2a5b7061ac3426cce13c9ba";"1 комнатные";"https://www.cian.ru/kupit-1-komnatnuyu-kvartiru-moskovskaya-oblast/";"22852";"6";"11";"done";"";"2026-06-13 00:28:29";"2026-06-13 01:42:12";""
"cian";"cian_309920977";"309920977";"https://www.cian.ru/sale/flat/309920977/";"https://solnechnogorsk.cian.ru/sale/flat/309920977/?context=4.S_FXbxjjATU.O7MdTPip9u8Iushh95iPyTnzGvuhuXpJDAogIGaWZfo6Mvv_-LxS9n5gsQkuvfZolVF7GIg9Pha5UA&mlSearchSessionGuid=a3f265dcb2a5b7061ac3426cce13c9ba";"1 комнатные";"https://www.cian.ru/kupit-1-komnatnuyu-kvartiru-moskovskaya-oblast/";"22852";"6";"13";"done";"";"2026-06-13 00:28:29";"2026-06-13 01:42:26";""
"cian";"cian_324561297";"324561297";"https://www.cian.ru/sale/flat/324561297/";"https://pushkino.cian.ru/sale/flat/324561297/?context=4.-rfCMQldqxg.hOUDpqpnUMNMPUlhqg87okAhtKhyJWTUB43c19F0nEA70m75555LOLHPOg2v9lbmbsgrYxIhC_LZ2Q&mlSearchSessionGuid=a3f265dcb2a5b7061ac3426cce13c9ba";"1 комнатные";"https://www.cian.ru/kupit-1-komnatnuyu-kvartiru-moskovskaya-oblast/";"22852";"6";"14";"done";"";"2026-06-13 00:28:29";"2026-06-13 01:42:39";""
"cian";"cian_326930379";"326930379";"https://www.cian.ru/sale/flat/326930379/";"https://zvenigorod.cian.ru/sale/flat/326930379/?context=4.0drutLei_rQ.q8dsGzA8t6F_G2hzinoT3OZot4jpONWt5le7dOTiNBkn1IQVNtjps8G1A5lKSGlRE3MxdNEcSttcvw&mlSearchSessionGuid=a3f265dcb2a5b7061ac3426cce13c9ba";"1 комнатные";"https://www.cian.ru/kupit-1-komnatnuyu-kvartiru-moskovskaya-oblast/";"22852";"6";"15";"done";"";"2026-06-13 00:28:29";"2026-06-13 01:42:54";""
"cian";"cian_330564956";"330564956";"https://www.cian.ru/sale/flat/330564956/";"https://vidnoye.cian.ru/sale/flat/330564956/?context=4.Qc5XHKobYfU.c7bdO9FBHsou5HdJVYOo5bsB6HQ3E8V5r5_KGu8a4LiNJru9RhDJRmMJotMwbNZSsVPC_DBr9Fc9QQ&mlSearchSessionGuid=a3f265dcb2a5b7061ac3426cce13c9ba";"1 комнатные";"https://www.cian.ru/kupit-1-komnatnuyu-kvartiru-moskovskaya-oblast/";"22852";"6";"16";"done";"";"2026-06-13 00:28:29";"2026-06-13 01:43:09";""
"cian";"cian_324574533";"324574533";"https://www.cian.ru/sale/flat/324574533/";"https://ivanteyevka.cian.ru/sale/flat/324574533/?context=4.Nz81-2BvPRU.cTXNDG4ZnyNUBheP3Cr96XZQVzvTnEvMlhHoeGvTh2gRCsxwPNT2gpZGR-o7dHk7uZ6OBy_lsgHlGg&mlSearchSessionGuid=a3f265dcb2a5b7061ac3426cce13c9ba";"1 комнатные";"https://www.cian.ru/kupit-1-komnatnuyu-kvartiru-moskovskaya-oblast/";"22852";"6";"17";"done";"";"2026-06-13 00:28:29";"2026-06-13 01:43:23";""
"cian";"cian_302804423";"302804423";"https://www.cian.ru/sale/flat/302804423/";"https://krasnogorsk.cian.ru/sale/flat/302804423/?context=4.lq4GCjj1HtI.BPEUsrRtNHDnBkC9in4eHD5MxZ7ir0JgwrIRig-aHAUJgjKMw3_6ROrhmo82R2_-bn7HLRlQSbJDFg&mlSearchSessionGuid=a3f265dcb2a5b7061ac3426cce13c9ba";"1 комнатные";"https://www.cian.ru/kupit-1-komnatnuyu-kvartiru-moskovskaya-oblast/";"22852";"6";"19";"done";"";"2026-06-13 00:28:29";"2026-06-13 01:43:36";""
"cian";"cian_330498516";"330498516";"https://www.cian.ru/sale/flat/330498516/";"https://ivanteyevka.cian.ru/sale/flat/330498516/?context=4.Z7SAEngKrBo.VDAZUchUtfcELU0bdVwz7bY8pJGyYKVSi8McKpRnG9WupRF4mENYsTaa7zFG4Ru5jqvBdMxJZta4FA&mlSearchSessionGuid=a3f265dcb2a5b7061ac3426cce13c9ba";"1 комнатные";"https://www.cian.ru/kupit-1-komnatnuyu-kvartiru-moskovskaya-oblast/";"22852";"6";"20";"done";"";"2026-06-13 00:28:29";"2026-06-13 01:43:49";""
"cian";"cian_328721361";"328721361";"https://www.cian.ru/sale/flat/328721361/";"https://korolev.cian.ru/sale/flat/328721361/?context=4.slIBewpoBgY.sqLUrQsRz4Sie7vYGtnfNnseR-a_ZK1Yl82-ffciG-7cmHpMCZgD9PVXg28qT7qCn5YcjXM0UCxmjQ&mlSearchSessionGuid=a3f265dcb2a5b7061ac3426cce13c9ba";"1 комнатные";"https://www.cian.ru/kupit-1-komnatnuyu-kvartiru-moskovskaya-oblast/";"22852";"6";"22";"done";"";"2026-06-13 00:28:29";"2026-06-13 01:44:04";""
"cian";"cian_324562292";"324562292";"https://www.cian.ru/sale/flat/324562292/";"https://pushkino.cian.ru/sale/flat/324562292/?context=4.1m-4DhCUUaU.Y6Q60_-bUVOZshW3bkrmhA9Cxrx42TP-sMMg4owIsP6NVmrPQKj1HnKPI7p5cvUI0BxIkK38paEcvw&mlSearchSessionGuid=a3f265dcb2a5b7061ac3426cce13c9ba";"1 комнатные";"https://www.cian.ru/kupit-1-komnatnuyu-kvartiru-moskovskaya-oblast/";"22852";"6";"23";"done";"";"2026-06-13 00:28:29";"2026-06-13 01:44:16";""
"cian";"cian_330894405";"330894405";"https://www.cian.ru/sale/flat/330894405/";"https://vidnoye.cian.ru/sale/flat/330894405/?context=4.movGnlYLDvY.ZshM3fDu1Lnu-lp10ey3XQr63Ns_sYRWtQ8-IUpIYXk5nk9LPSuhQEPSqBgGk9kyeLKB6Zxm2cHnEQ&mlSearchSessionGuid=a3f265dcb2a5b7061ac3426cce13c9ba";"1 комнатные";"https://www.cian.ru/kupit-1-komnatnuyu-kvartiru-moskovskaya-oblast/";"22852";"6";"24";"done";"";"2026-06-13 00:28:29";"2026-06-13 01:44:31";""
"cian";"cian_330680298";"330680298";"https://www.cian.ru/sale/flat/330680298/";"https://balashikha.cian.ru/sale/flat/330680298/?context=4.dH94U0ex13M.utPiP91hsy_KYfUY6r1DxYSpJSLZmlNNVX1x2jAw9WXgTMTOAptgJX9g0WMopvtpjunQm6FhPt9dGw&mlSearchSessionGuid=a3f265dcb2a5b7061ac3426cce13c9ba";"1 комнатные";"https://www.cian.ru/kupit-1-komnatnuyu-kvartiru-moskovskaya-oblast/";"22852";"6";"25";"done";"";"2026-06-13 00:28:29";"2026-06-13 01:44:45";""
"cian";"cian_326375770";"326375770";"https://www.cian.ru/sale/flat/326375770/";"https://ivanteyevka.cian.ru/sale/flat/326375770/?context=4.M2ahtGiYd6w.4QriQb_jhpBMvRLahnYEYs6skihGFTVxLjp7CAyEbVTwAKxFjnp-ZAECifNGyIqsQ6x3rtcguDaUPg&mlSearchSessionGuid=a3f265dcb2a5b7061ac3426cce13c9ba";"1 комнатные";"https://www.cian.ru/kupit-1-komnatnuyu-kvartiru-moskovskaya-oblast/";"22852";"6";"26";"done";"";"2026-06-13 00:28:29";"2026-06-13 01:44:59";""
"cian";"cian_328991178";"328991178";"https://www.cian.ru/sale/flat/328991178/";"https://dmitrov.cian.ru/sale/flat/328991178/?context=4.2Or8Dzy2Rvo.M42xHL_NRRE1E50BW1C7QlH3-BXoguivVyZGSYVf3zhzEIkSvSwuztdo_zmYUg-ursWCME3cuvRULA&mlSearchSessionGuid=a3f265dcb2a5b7061ac3426cce13c9ba";"1 комнатные";"https://www.cian.ru/kupit-1-komnatnuyu-kvartiru-moskovskaya-oblast/";"22852";"6";"27";"done";"";"2026-06-13 00:28:29";"2026-06-13 01:45:14";""
"cian";"cian_329770053";"329770053";"https://www.cian.ru/sale/flat/329770053/";"https://korolev.cian.ru/sale/flat/329770053/?context=4.LTSX_drYPlk.EbdOVJrJq-wwKmfXej9aDkhjzIQOKpuFTh3rvorHCmI0EhL0SPMn64cANYeIz7X5-DrjS8MOZS1GDA&mlSearchSessionGuid=a3f265dcb2a5b7061ac3426cce13c9ba";"1 комнатные";"https://www.cian.ru/kupit-1-komnatnuyu-kvartiru-moskovskaya-oblast/";"22852";"6";"28";"done";"";"2026-06-13 00:28:29";"2026-06-13 01:45:29";""
"cian";"cian_330332289";"330332289";"https://www.cian.ru/sale/flat/330332289/";"https://dedovsk.cian.ru/sale/flat/330332289/?context=4.olGDyubokL0.CrL9NLCSK03xvzhjns2-mqlVA93nPR5oxn0MJYESba9HyCfJF7bQL0EOBXsw09plAxt3aPTEdwfFPQ&mlSearchSessionGuid=a3f265dcb2a5b7061ac3426cce13c9ba";"1 комнатные";"https://www.cian.ru/kupit-1-komnatnuyu-kvartiru-moskovskaya-oblast/";"22852";"7";"2";"done";"";"2026-06-13 00:29:17";"2026-06-13 01:45:44";""
"cian";"cian_330223889";"330223889";"https://www.cian.ru/sale/flat/330223889/";"https://klin.cian.ru/sale/flat/330223889/?context=4.SK-aWsPqf4c.9qgcuqsVLK9z29nKkfy2j8h79Z6rlVS3j4dxCzF9jPx2WYLTUtPqjsXT_Skw6t8El09nh4XCixzcjw&mlSearchSessionGuid=a3f265dcb2a5b7061ac3426cce13c9ba";"1 комнатные";"https://www.cian.ru/kupit-1-komnatnuyu-kvartiru-moskovskaya-oblast/";"22852";"7";"3";"done";"";"2026-06-13 00:29:17";"2026-06-13 01:45:56";""
"cian";"cian_329697863";"329697863";"https://www.cian.ru/sale/flat/329697863/";"https://aprelevka.cian.ru/sale/flat/329697863/?context=4.P7vNu24h-wc.7mvIqE3r5nfJlPjG8qcqa7W1an3gjpuK7qrJwM_WN88qDZMAUe2-taVBGsykIK53CpWlUU-qHw_6GQ&mlSearchSessionGuid=a3f265dcb2a5b7061ac3426cce13c9ba";"1 комнатные";"https://www.cian.ru/kupit-1-komnatnuyu-kvartiru-moskovskaya-oblast/";"22852";"7";"4";"done";"";"2026-06-13 00:29:17";"2026-06-13 01:46:12";""
"cian";"cian_330915682";"330915682";"https://www.cian.ru/sale/flat/330915682/";"https://lyubertsy.cian.ru/sale/flat/330915682/?context=4.YClpq88ea7c.Ahg5J2KYbPDjPZ1tBmyLO-cwfSPte-gg0YqLYNKYCMk3qJkmX42ACBAm7_fl0Fp4_rRE5uaBK-GzWg&mlSearchSessionGuid=a3f265dcb2a5b7061ac3426cce13c9ba";"1 комнатные";"https://www.cian.ru/kupit-1-komnatnuyu-kvartiru-moskovskaya-oblast/";"22852";"7";"5";"done";"";"2026-06-13 00:29:17";"2026-06-13 01:46:27";""
"cian";"cian_324887636";"324887636";"https://www.cian.ru/sale/flat/324887636/";"https://khimki.cian.ru/sale/flat/324887636/?context=4.GwFjvKI3Pc4.VDywVXXSBoCNuHL-T3gGDg2xzO4Or5LypCLTZG7fg522s-t7JZL2kK-uv1iMZBW8vhffoyV5wmUyNA&mlSearchSessionGuid=a3f265dcb2a5b7061ac3426cce13c9ba";"1 комнатные";"https://www.cian.ru/kupit-1-komnatnuyu-kvartiru-moskovskaya-oblast/";"22852";"7";"6";"done";"";"2026-06-13 00:29:17";"2026-06-13 01:46:42";""
"cian";"cian_327922642";"327922642";"https://www.cian.ru/sale/flat/327922642/";"https://korolev.cian.ru/sale/flat/327922642/?context=4.aHPZklZPPeI.Uj8wR2ypupi_aa3WGgd9RXb8vxb_wGKq6axkwp1iyIdlalrkzDTJhIc7NnxHx6ZhWKbpU-djNx89uw&mlSearchSessionGuid=a3f265dcb2a5b7061ac3426cce13c9ba";"1 комнатные";"https://www.cian.ru/kupit-1-komnatnuyu-kvartiru-moskovskaya-oblast/";"22852";"7";"7";"done";"";"2026-06-13 00:29:17";"2026-06-13 01:46:56";""
"cian";"cian_327701049";"327701049";"https://www.cian.ru/sale/flat/327701049/";"https://balashikha.cian.ru/sale/flat/327701049/?context=4.g4_Jyx0MyVg.6qf2k2g0Z-jX4aI7eROZeBNKV-mMsstJkH6xSe_B9purHuN4fHMakL0HD1MuKjBtUmXcdbox6KZvug&mlSearchSessionGuid=a3f265dcb2a5b7061ac3426cce13c9ba";"1 комнатные";"https://www.cian.ru/kupit-1-komnatnuyu-kvartiru-moskovskaya-oblast/";"22852";"7";"8";"done";"";"2026-06-13 00:29:17";"2026-06-13 01:47:11";""
"cian";"cian_330351958";"330351958";"https://www.cian.ru/sale/flat/330351958/";"https://kotelniki.cian.ru/sale/flat/330351958/?context=4.yovbgqPqppA.vStivRUAoIiz0cHSQ1C6zsMGFXiYbJRtpMVj5z5sDyC3zXX-fDbwJMwD9WKK835BUtC5Qy0gkPILEA&mlSearchSessionGuid=a3f265dcb2a5b7061ac3426cce13c9ba";"1 комнатные";"https://www.cian.ru/kupit-1-komnatnuyu-kvartiru-moskovskaya-oblast/";"22852";"7";"9";"done";"";"2026-06-13 00:29:17";"2026-06-13 01:47:25";""
"cian";"cian_324563410";"324563410";"https://www.cian.ru/sale/flat/324563410/";"https://ivanteyevka.cian.ru/sale/flat/324563410/?context=4.e5Ja6TqZA5s.aVzFhHdjDWcfyZ22zBHzu6xbO65czSKQzQHToeqRaMuAcAoxlFAltSdhyW9QXi-tYp8KLl4iUcnUJw&mlSearchSessionGuid=a3f265dcb2a5b7061ac3426cce13c9ba";"1 комнатные";"https://www.cian.ru/kupit-1-komnatnuyu-kvartiru-moskovskaya-oblast/";"22852";"7";"10";"done";"";"2026-06-13 00:29:17";"2026-06-13 01:47:38";""
"cian";"cian_330666941";"330666941";"https://www.cian.ru/sale/flat/330666941/";"https://sergiyev-posad.cian.ru/sale/flat/330666941/?context=4.k8Pfocvvpts.1ceuHDBI5kQbgWLbr8maWx5M38RqHEGhYXJuwuP74uuOytN_7d15lR_IpvGB9-cTiL0KVAEsg_9ALQ&mlSearchSessionGuid=a3f265dcb2a5b7061ac3426cce13c9ba";"1 комнатные";"https://www.cian.ru/kupit-1-komnatnuyu-kvartiru-moskovskaya-oblast/";"22852";"7";"11";"done";"";"2026-06-13 00:29:17";"2026-06-13 01:47:53";""
"cian";"cian_328541240";"328541240";"https://www.cian.ru/sale/flat/328541240/";"https://domodedovo.cian.ru/sale/flat/328541240/?context=4.a2RKsbDbvN0.zL_28Jb6PXiPBY6z4UaMSEPj673o7pMMy07OpHeD8Lr2b5mNNmdMZ9Ao9DRNgvqedzfb8LY7oZrbPA&mlSearchSessionGuid=a3f265dcb2a5b7061ac3426cce13c9ba";"1 комнатные";"https://www.cian.ru/kupit-1-komnatnuyu-kvartiru-moskovskaya-oblast/";"22852";"7";"12";"done";"";"2026-06-13 00:29:17";"2026-06-13 01:48:06";""
"cian";"cian_330498717";"330498717";"https://www.cian.ru/sale/flat/330498717/";"https://ivanteyevka.cian.ru/sale/flat/330498717/?context=4.8WOIs7r7ob0.vbL-q1VCIEXCTbVLWmM9GaSLeSeV1jdfwH5EM0npVrMtAshAoLr94wjkfthW3RAoaTUrhospZtUV7Q&mlSearchSessionGuid=a3f265dcb2a5b7061ac3426cce13c9ba";"1 комнатные";"https://www.cian.ru/kupit-1-komnatnuyu-kvartiru-moskovskaya-oblast/";"22852";"7";"13";"done";"";"2026-06-13 00:29:17";"2026-06-13 01:48:19";""
"cian";"cian_329871541";"329871541";"https://www.cian.ru/sale/flat/329871541/";"https://zvenigorod.cian.ru/sale/flat/329871541/?context=4.L-QjhPZ0Iow.xzTDNPlfbBPuAsnWQWFPT6QuFPTgw3Rt3KJIbtxEXdcM6_Iz2j6dmqMqS9qxOXybhhsj46Gm9wr7Qg&mlSearchSessionGuid=a3f265dcb2a5b7061ac3426cce13c9ba";"1 комнатные";"https://www.cian.ru/kupit-1-komnatnuyu-kvartiru-moskovskaya-oblast/";"22852";"7";"14";"done";"";"2026-06-13 00:29:17";"2026-06-13 01:48:33";""
"cian";"cian_327559686";"327559686";"https://www.cian.ru/sale/flat/327559686/";"https://kotelniki.cian.ru/sale/flat/327559686/?context=4.E22jm53R7ws.woAaZNcgiHscIttvE_JosAzZGhz_6jWOwl2q0I3fE3Brn47i1-73wOFwP1tKvSUwKIKXZ1QEiqswhg&mlSearchSessionGuid=a3f265dcb2a5b7061ac3426cce13c9ba";"1 комнатные";"https://www.cian.ru/kupit-1-komnatnuyu-kvartiru-moskovskaya-oblast/";"22852";"7";"15";"done";"";"2026-06-13 00:29:17";"2026-06-13 01:48:47";""
"cian";"cian_324561543";"324561543";"https://www.cian.ru/sale/flat/324561543/";"https://korolev.cian.ru/sale/flat/324561543/?context=4.5DGvCpO_BHU.O91aUdoGdlnOtPKbtYYIayXNQtqxFVsYjohkJ1IvLsBYHzCc-mYrPNLwu5txBVDuGFJet1F-NxPfVQ&mlSearchSessionGuid=a3f265dcb2a5b7061ac3426cce13c9ba";"1 комнатные";"https://www.cian.ru/kupit-1-komnatnuyu-kvartiru-moskovskaya-oblast/";"22852";"7";"16";"done";"";"2026-06-13 00:29:17";"2026-06-13 01:49:02";""
"cian";"cian_330759819";"330759819";"https://www.cian.ru/sale/flat/330759819/";"https://korolev.cian.ru/sale/flat/330759819/?context=4.YuLU-QjW9MY.lLYiJa44VP5rxf3vtHGhEJS7OXt_G21m6woVfjc5nccSZIXQzLUjkAXdIb6qKwCYfIED0ndwATcGwg&mlSearchSessionGuid=a3f265dcb2a5b7061ac3426cce13c9ba";"1 комнатные";"https://www.cian.ru/kupit-1-komnatnuyu-kvartiru-moskovskaya-oblast/";"22852";"7";"17";"done";"";"2026-06-13 00:29:17";"2026-06-13 01:49:16";""
"cian";"cian_324561307";"324561307";"https://www.cian.ru/sale/flat/324561307/";"https://pushkino.cian.ru/sale/flat/324561307/?context=4.mT_P7I5dqek.DlFIZOgP9U-vm6xOG2ayQLCKvigbAVYp7np9xQUFh5NZ-DGBsdLZh3ZJZDN1i068xyxDqTzdwMstmw&mlSearchSessionGuid=a3f265dcb2a5b7061ac3426cce13c9ba";"1 комнатные";"https://www.cian.ru/kupit-1-komnatnuyu-kvartiru-moskovskaya-oblast/";"22852";"7";"19";"done";"";"2026-06-13 00:29:17";"2026-06-13 01:49:29";""
"cian";"cian_328790566";"328790566";"https://www.cian.ru/sale/flat/328790566/";"https://vidnoye.cian.ru/sale/flat/328790566/?context=4.AsG1T4Wp_xM.Gpzcz7vTtsE3ZSNB5XvC0JiN195AG2ntu08eXXsbgIfYql8VyJXfvpwpAEWavvwlz6pp97gk4MaP_w&mlSearchSessionGuid=a3f265dcb2a5b7061ac3426cce13c9ba";"1 комнатные";"https://www.cian.ru/kupit-1-komnatnuyu-kvartiru-moskovskaya-oblast/";"22852";"7";"20";"done";"";"2026-06-13 00:29:17";"2026-06-13 01:49:44";""
"cian";"cian_329770192";"329770192";"https://www.cian.ru/sale/flat/329770192/";"https://lyubertsy.cian.ru/sale/flat/329770192/?context=4.I-rpelUNAeA.VWUiYuQPxAYSNjSbRKGY27WNh7JuNEURHQOHbiXD4TdaFPHIqoRcxtbOlWOTGJ2KHryp6eZlD_ZHrw&mlSearchSessionGuid=a3f265dcb2a5b7061ac3426cce13c9ba";"1 комнатные";"https://www.cian.ru/kupit-1-komnatnuyu-kvartiru-moskovskaya-oblast/";"22852";"7";"21";"done";"";"2026-06-13 00:29:17";"2026-06-13 01:49:59";""
"cian";"cian_326375742";"326375742";"https://www.cian.ru/sale/flat/326375742/";"https://ivanteyevka.cian.ru/sale/flat/326375742/?context=4.tZXgeieGDd4.5PrFKmvqre02u1eHAMlt2yfRKXrjkJq5HuB2WORbH_MemyAIhW82VI1KMkpQUjHPTDVECZijLaHYNQ&mlSearchSessionGuid=a3f265dcb2a5b7061ac3426cce13c9ba";"1 комнатные";"https://www.cian.ru/kupit-1-komnatnuyu-kvartiru-moskovskaya-oblast/";"22852";"7";"22";"done";"";"2026-06-13 00:29:17";"2026-06-13 01:50:12";""
"cian";"cian_330931872";"330931872";"https://www.cian.ru/sale/flat/330931872/";"https://krasnogorsk.cian.ru/sale/flat/330931872/?context=4.4UG13CA_ftQ.xXDq7VkVD-PvhrhCqwngbz6JWQMTHM6Hf-_sGv9qtbe70Wk-3QQZSvMgqDjFl-r_7GW2UXORwN5CBg&mlSearchSessionGuid=a3f265dcb2a5b7061ac3426cce13c9ba";"1 комнатные";"https://www.cian.ru/kupit-1-komnatnuyu-kvartiru-moskovskaya-oblast/";"22852";"7";"23";"done";"";"2026-06-13 00:29:17";"2026-06-13 01:50:26";""
"cian";"cian_330972491";"330972491";"https://www.cian.ru/sale/flat/330972491/";"https://dolgoprudny.cian.ru/sale/flat/330972491/?context=4.LXJ9M0lIpfU.wE1TOMIolhxuYEWMbWGm98PU6HF7VW9s0-TCb5_Eb5aumqQzufkPQFfazTnzXpX_vhvuZmYdZBFaPg&mlSearchSessionGuid=a3f265dcb2a5b7061ac3426cce13c9ba";"1 комнатные";"https://www.cian.ru/kupit-1-komnatnuyu-kvartiru-moskovskaya-oblast/";"22852";"7";"24";"done";"";"2026-06-13 00:29:17";"2026-06-13 01:50:41";""
"cian";"cian_327731692";"327731692";"https://www.cian.ru/sale/flat/327731692/";"https://dmitrov.cian.ru/sale/flat/327731692/?context=4.mdX6gPpUJmw.zxqIXMxVHVLsz9TWdxv0cMCXQSzYOL9LKT674BpDj8Z8WgFLcDo40EVoO08-qEal1gY6pa6mYcF1Yw&mlSearchSessionGuid=a3f265dcb2a5b7061ac3426cce13c9ba";"1 комнатные";"https://www.cian.ru/kupit-1-komnatnuyu-kvartiru-moskovskaya-oblast/";"22852";"7";"25";"done";"";"2026-06-13 00:29:17";"2026-06-13 01:50:56";""
"cian";"cian_330445947";"330445947";"https://www.cian.ru/sale/flat/330445947/";"https://vidnoye.cian.ru/sale/flat/330445947/?context=4.CGxqFvb9aYk.guTCDVHMQAtzRf6MbnFq4CRhUpqE5cfkRqhrcoCs-XzwwdC7XX0v1EupH4x5nnJ2TqDIQV2GXJbqVA&mlSearchSessionGuid=a3f265dcb2a5b7061ac3426cce13c9ba";"1 комнатные";"https://www.cian.ru/kupit-1-komnatnuyu-kvartiru-moskovskaya-oblast/";"22852";"7";"26";"done";"";"2026-06-13 00:29:17";"2026-06-13 01:51:10";""
"cian";"cian_330927085";"330927085";"https://www.cian.ru/sale/flat/330927085/";"https://balashikha.cian.ru/sale/flat/330927085/?context=4.iI9sIySik6U.5mbyCcRVIhHmN7D-8jtvDy8ReYjt_CB9nt97Emi3GcTLXuoMNZ1_Rq8ugKB1hhL9dmRVB8tpjoVTFA&mlSearchSessionGuid=a3f265dcb2a5b7061ac3426cce13c9ba";"1 комнатные";"https://www.cian.ru/kupit-1-komnatnuyu-kvartiru-moskovskaya-oblast/";"22852";"7";"27";"done";"";"2026-06-13 00:29:17";"2026-06-13 01:51:23";""
"cian";"cian_329921460";"329921460";"https://www.cian.ru/sale/flat/329921460/";"https://mytishchi.cian.ru/sale/flat/329921460/?context=4.7xUjQHuJ02M.LH5bf1zgd3T3R9mAewZ00C9TgbFxxGVcFj6jGWqEW19j4we0QcUfRnBpUPxkewJ1uNOn6HQPwYZfzg&mlSearchSessionGuid=a3f265dcb2a5b7061ac3426cce13c9ba";"1 комнатные";"https://www.cian.ru/kupit-1-komnatnuyu-kvartiru-moskovskaya-oblast/";"22852";"8";"1";"done";"";"2026-06-13 00:30:08";"2026-06-13 01:51:37";""
"cian";"cian_330879516";"330879516";"https://www.cian.ru/sale/flat/330879516/";"https://korolev.cian.ru/sale/flat/330879516/?context=4.hSg9BMWoZrI.QWxhgKR6chKX-_VZZxBAi4deSDrx0rIxlaX4LdU85GYqx7-7LEFcNb6_js7n3jC-XLPfccIUuNWpfA&mlSearchSessionGuid=a3f265dcb2a5b7061ac3426cce13c9ba";"1 комнатные";"https://www.cian.ru/kupit-1-komnatnuyu-kvartiru-moskovskaya-oblast/";"22852";"8";"2";"done";"";"2026-06-13 00:30:08";"2026-06-13 01:51:50";""
"cian";"cian_325482771";"325482771";"https://www.cian.ru/sale/flat/325482771/";"https://mytishchi.cian.ru/sale/flat/325482771/?context=4.c3RYBRQyaG4.jtHN3BWto0ThvALrXFVw9kYwHpQ2tIGuabiR7VFL-a78z7Qfk6sOrm4BA5BOh7VxM4lc5uSGw7UQBA&mlSearchSessionGuid=a3f265dcb2a5b7061ac3426cce13c9ba";"1 комнатные";"https://www.cian.ru/kupit-1-komnatnuyu-kvartiru-moskovskaya-oblast/";"22852";"8";"3";"done";"";"2026-06-13 00:30:08";"2026-06-13 01:52:03";""
"cian";"cian_329806010";"329806010";"https://www.cian.ru/sale/flat/329806010/";"https://solnechnogorsk.cian.ru/sale/flat/329806010/?context=4.O0ZMKTm8BsI.p9cRDCoJzRutei56GL6yRlUoRNlwC4TzOqCCxK02Utn8J9ygVzBpH0KtTq4cKRI5n01CqzIkXBmQAw&mlSearchSessionGuid=a3f265dcb2a5b7061ac3426cce13c9ba";"1 комнатные";"https://www.cian.ru/kupit-1-komnatnuyu-kvartiru-moskovskaya-oblast/";"22852";"8";"4";"done";"";"2026-06-13 00:30:08";"2026-06-13 01:52:17";""
"cian";"cian_330059855";"330059855";"https://www.cian.ru/sale/flat/330059855/";"https://vidnoye.cian.ru/sale/flat/330059855/?context=4.GYK5vTywINc.PcqhkHqAQhGZWlGu7KMrVSoq3KheHSYKe1250SpmiJ2wM31laLKSaL8Ky5__bxoZavxGJztEugTNhQ&mlSearchSessionGuid=a3f265dcb2a5b7061ac3426cce13c9ba";"1 комнатные";"https://www.cian.ru/kupit-1-komnatnuyu-kvartiru-moskovskaya-oblast/";"22852";"8";"5";"done";"";"2026-06-13 00:30:08";"2026-06-13 01:52:32";""
"cian";"cian_327659185";"327659185";"https://www.cian.ru/sale/flat/327659185/";"https://balashikha.cian.ru/sale/flat/327659185/?context=4.hLWRMP5Sg40.C01rOhckmlW1gVdfME6s4pC8AigJv1yk_Gja8sB1GP1OmkCqoNdeRrWABT4oQ3y9Bs0_eO9t4Rkmkg&mlSearchSessionGuid=a3f265dcb2a5b7061ac3426cce13c9ba";"1 комнатные";"https://www.cian.ru/kupit-1-komnatnuyu-kvartiru-moskovskaya-oblast/";"22852";"8";"6";"done";"";"2026-06-13 00:30:08";"2026-06-13 01:52:45";""
"cian";"cian_330808891";"330808891";"https://www.cian.ru/sale/flat/330808891/";"https://balashikha.cian.ru/sale/flat/330808891/?context=4.cfI44zc76k0.uqtNrJuY9ZRLklUQ-AaMd2NIShoSHbqhfyfppZoVirSfz853Ep1JFXCpCmUvo9hCCoyrm02iY5vmzw&mlSearchSessionGuid=a3f265dcb2a5b7061ac3426cce13c9ba";"1 комнатные";"https://www.cian.ru/kupit-1-komnatnuyu-kvartiru-moskovskaya-oblast/";"22852";"8";"7";"done";"";"2026-06-13 00:30:08";"2026-06-13 01:52:59";""
"cian";"cian_326573860";"326573860";"https://www.cian.ru/sale/flat/326573860/";"https://korolev.cian.ru/sale/flat/326573860/?context=4.iowiGQquQAo.JEhtVgiDTJelnbn2-l8TL2WDKoDcx8FuZT7Y8NCIBy4D9-K15qx-zqYIS7oSyztxqq31QLG4c9ib7A&mlSearchSessionGuid=a3f265dcb2a5b7061ac3426cce13c9ba";"1 комнатные";"https://www.cian.ru/kupit-1-komnatnuyu-kvartiru-moskovskaya-oblast/";"22852";"8";"8";"done";"";"2026-06-13 00:30:08";"2026-06-13 01:53:14";""
"cian";"cian_326217367";"326217367";"https://www.cian.ru/sale/flat/326217367/";"https://krasnogorsk.cian.ru/sale/flat/326217367/?context=4.zyG5fxyL6GU.xkcW35ZBoqQxrFaLnKhmNCdicS0-Wq9LR4ZkuSsX7TVFnhfwrnnZa1809DGtnqTUk1LlZ3mzfWrA_g&mlSearchSessionGuid=a3f265dcb2a5b7061ac3426cce13c9ba";"1 комнатные";"https://www.cian.ru/kupit-1-komnatnuyu-kvartiru-moskovskaya-oblast/";"22852";"8";"9";"done";"";"2026-06-13 00:30:08";"2026-06-13 01:53:26";""
"cian";"cian_328445153";"328445153";"https://www.cian.ru/sale/flat/328445153/";"https://podolsk.cian.ru/sale/flat/328445153/?context=4.hjAZ6p3QzOg.HXJHrEHABU_zIDyShpe7M0ibemr_1B7FjCj5zXPADGbuqCj8SFQYQaTop-6wb1f6svv1pZYonI5cwQ&mlSearchSessionGuid=a3f265dcb2a5b7061ac3426cce13c9ba";"1 комнатные";"https://www.cian.ru/kupit-1-komnatnuyu-kvartiru-moskovskaya-oblast/";"22852";"8";"10";"done";"";"2026-06-13 00:30:08";"2026-06-13 01:53:40";""
"cian";"cian_330186245";"330186245";"https://www.cian.ru/sale/flat/330186245/";"https://pushkino.cian.ru/sale/flat/330186245/?context=4.uxk-OKmBiTQ.a89do4_SUEWsK0J95q3MAcsaTWd6HpDw5DFM8HhUO5N9lcrB_ZLLqh2Nk5HuXNuUwkYbGYd67a5HIg&mlSearchSessionGuid=a3f265dcb2a5b7061ac3426cce13c9ba";"1 комнатные";"https://www.cian.ru/kupit-1-komnatnuyu-kvartiru-moskovskaya-oblast/";"22852";"8";"11";"done";"";"2026-06-13 00:30:08";"2026-06-13 01:53:54";""
"cian";"cian_304481943";"304481943";"https://www.cian.ru/sale/flat/304481943/";"https://klin.cian.ru/sale/flat/304481943/?context=4.MlPYuht1Klg.JSefQQZBH4lf3ZQIRPUil-msOZPx-pA-xQ7TzZc3EshURqdSrcZWlTsJoClzglLhXWk1HPFPSKQaDQ&mlSearchSessionGuid=a3f265dcb2a5b7061ac3426cce13c9ba";"1 комнатные";"https://www.cian.ru/kupit-1-komnatnuyu-kvartiru-moskovskaya-oblast/";"22852";"8";"12";"done";"";"2026-06-13 00:30:08";"2026-06-13 01:54:09";""
"cian";"cian_329995212";"329995212";"https://www.cian.ru/sale/flat/329995212/";"https://krasnogorsk.cian.ru/sale/flat/329995212/?context=4.Zl9VwIKbDro.92nxXwlioEpgNYtJs_lbkLR5KCvc6q3femP08I2XKcO4dVADTT7xeg7z25TWD8TCuzvkyzU2hQ0EeA&mlSearchSessionGuid=a3f265dcb2a5b7061ac3426cce13c9ba";"1 комнатные";"https://www.cian.ru/kupit-1-komnatnuyu-kvartiru-moskovskaya-oblast/";"22852";"8";"13";"done";"";"2026-06-13 00:30:08";"2026-06-13 01:54:24";""
"cian";"cian_329239736";"329239736";"https://www.cian.ru/sale/flat/329239736/";"https://mytishchi.cian.ru/sale/flat/329239736/?context=4.-QCcB0z3UMw.bcTdHNaGmj3_XMuqqNiyq-QLuQzY4RwzMYhEtF83gPYenp2Qk4fDNHDezAXXxUoB-EdnCRkOWn_LMQ&mlSearchSessionGuid=a3f265dcb2a5b7061ac3426cce13c9ba";"1 комнатные";"https://www.cian.ru/kupit-1-komnatnuyu-kvartiru-moskovskaya-oblast/";"22852";"8";"14";"done";"";"2026-06-13 00:30:08";"2026-06-13 01:54:38";""
"cian";"cian_330813992";"330813992";"https://www.cian.ru/sale/flat/330813992/";"https://pushkino.cian.ru/sale/flat/330813992/?context=4.Ptw4-LBq_HU.SG-0Gp1HD5m9DsfAbKqJvbgULFkePHqiwG0DuOaul2TSsIdA5KFft00qww-q9Cz-HZSzMDP_e5QMIg&mlSearchSessionGuid=a3f265dcb2a5b7061ac3426cce13c9ba";"1 комнатные";"https://www.cian.ru/kupit-1-komnatnuyu-kvartiru-moskovskaya-oblast/";"22852";"8";"15";"done";"";"2026-06-13 00:30:08";"2026-06-13 01:54:52";""
"cian";"cian_330984712";"330984712";"https://www.cian.ru/sale/flat/330984712/";"https://krasnogorsk.cian.ru/sale/flat/330984712/?context=4.uv4c9D2Rc3c.fV2mBR5qlq7f-WSTniCpNrO14Ye1GhwoSSDQoTMiKrqpBAHTRJYnTAyxbL6s5bao4xjRRqna9TXl4g&mlSearchSessionGuid=a3f265dcb2a5b7061ac3426cce13c9ba";"1 комнатные";"https://www.cian.ru/kupit-1-komnatnuyu-kvartiru-moskovskaya-oblast/";"22852";"8";"16";"done";"";"2026-06-13 00:30:08";"2026-06-13 01:55:06";""
"cian";"cian_330450389";"330450389";"https://www.cian.ru/sale/flat/330450389/";"https://balashikha.cian.ru/sale/flat/330450389/?context=4.1jemTgJVjns.JDrAT-gSgp6FQlvsflashEXc8TFYDel4GHiiG3WwcdzE-KUUEY15s62fCKaTW-LMVix0vffEKxjXwg&mlSearchSessionGuid=a3f265dcb2a5b7061ac3426cce13c9ba";"1 комнатные";"https://www.cian.ru/kupit-1-komnatnuyu-kvartiru-moskovskaya-oblast/";"22852";"8";"17";"done";"";"2026-06-13 00:30:08";"2026-06-13 01:55:20";""
"cian";"cian_330557592";"330557592";"https://www.cian.ru/sale/flat/330557592/";"https://krasnogorsk.cian.ru/sale/flat/330557592/?context=4.Fc3iQroNhcc.__8Q-vKXwXntuSbk-N2Cf46rKvRnDsYllym1XZIp3jj8TT5Ah5pc1m4FKX8GLvaEmUcOlSjTfV-xfQ&mlSearchSessionGuid=a3f265dcb2a5b7061ac3426cce13c9ba";"1 комнатные";"https://www.cian.ru/kupit-1-komnatnuyu-kvartiru-moskovskaya-oblast/";"22852";"8";"18";"done";"";"2026-06-13 00:30:08";"2026-06-13 01:55:35";""
"cian";"cian_330837022";"330837022";"https://www.cian.ru/sale/flat/330837022/";"https://kotelniki.cian.ru/sale/flat/330837022/?context=4.nyz9hicw4OQ.gKfNfQX494Wo1_yIZHb3RfTMuBXVZx7L0pDKSAsRU19FkegKcID-7yQ0NxohhQFsLQ0XuaS9RLet6g&mlSearchSessionGuid=a3f265dcb2a5b7061ac3426cce13c9ba";"1 комнатные";"https://www.cian.ru/kupit-1-komnatnuyu-kvartiru-moskovskaya-oblast/";"22852";"8";"19";"done";"";"2026-06-13 00:30:08";"2026-06-13 01:55:49";""
"cian";"cian_329806321";"329806321";"https://www.cian.ru/sale/flat/329806321/";"https://balashikha.cian.ru/sale/flat/329806321/?context=4.Hak-_DhVJ5Q.9qNT8U97tWcdsJ5n5ySF-udpmyhRrdSSEhaNmT7nA1FPhYrz4FX253sa0rpyCfxaQNAtdeqAOZFsOg&mlSearchSessionGuid=a3f265dcb2a5b7061ac3426cce13c9ba";"1 комнатные";"https://www.cian.ru/kupit-1-komnatnuyu-kvartiru-moskovskaya-oblast/";"22852";"8";"20";"done";"";"2026-06-13 00:30:08";"2026-06-13 01:56:05";""
"cian";"cian_329904667";"329904667";"https://www.cian.ru/sale/flat/329904667/";"https://vidnoye.cian.ru/sale/flat/329904667/?context=4.Mh66GzqFk0s.Mm-Dy6TVhUqH7OPQrxmQaomBkGnu0OKxM_S_qWZuYZbTJeqjC2tC7EIkd3-Pr-RrloaGd-kFzPb6WQ&mlSearchSessionGuid=a3f265dcb2a5b7061ac3426cce13c9ba";"1 комнатные";"https://www.cian.ru/kupit-1-komnatnuyu-kvartiru-moskovskaya-oblast/";"22852";"8";"21";"done";"";"2026-06-13 00:30:08";"2026-06-13 01:56:19";""
"cian";"cian_330139333";"330139333";"https://www.cian.ru/sale/flat/330139333/";"https://krasnogorsk.cian.ru/sale/flat/330139333/?context=4.Vfp8J97b1JI._S44Ahk5TAlvKI_Yl_ZbqX-b-efWkwi_nIXdSgT2Hfc9X_oS4aNbi5uaqSG0U0RmOUNAONw-CDUB3w&mlSearchSessionGuid=a3f265dcb2a5b7061ac3426cce13c9ba";"1 комнатные";"https://www.cian.ru/kupit-1-komnatnuyu-kvartiru-moskovskaya-oblast/";"22852";"8";"22";"done";"";"2026-06-13 00:30:08";"2026-06-13 01:56:32";""
"cian";"cian_318391778";"318391778";"https://www.cian.ru/sale/flat/318391778/";"https://solnechnogorsk.cian.ru/sale/flat/318391778/?context=4.KbEKBYCAdLo.y8vRGqW-CljMEq4GEzG3ruteT3Ki96Q9PF6kZ2i7elYrZrvaFII1ahSv2lJrdZ2IAASJCTdl5zni5Q&mlSearchSessionGuid=a3f265dcb2a5b7061ac3426cce13c9ba";"1 комнатные";"https://www.cian.ru/kupit-1-komnatnuyu-kvartiru-moskovskaya-oblast/";"22852";"8";"23";"done";"";"2026-06-13 00:30:08";"2026-06-13 01:56:47";""
"cian";"cian_327665898";"327665898";"https://www.cian.ru/sale/flat/327665898/";"https://mytishchi.cian.ru/sale/flat/327665898/?context=4.YLUyHNN00IQ.R3IAOi9rwisGuerxyabfC6ZvgG9N8u2f3C5LBX27-SY8fmSV4Ke6CI7qThun1vuyZ_IF5lDDXnt-Dg&mlSearchSessionGuid=a3f265dcb2a5b7061ac3426cce13c9ba";"1 комнатные";"https://www.cian.ru/kupit-1-komnatnuyu-kvartiru-moskovskaya-oblast/";"22852";"8";"24";"done";"";"2026-06-13 00:30:08";"2026-06-13 01:57:02";""
"cian";"cian_330618081";"330618081";"https://www.cian.ru/sale/flat/330618081/";"https://ramenskoye.cian.ru/sale/flat/330618081/?context=4.Kr0G7S-4DrY.NsjzCVqKjYVLcTtyrjNbD3Z-htSMKFlYOAO5RgWIG9YOPhi0vRmIvy27h-YAy8VWwJ_ehogWYJeOXA&mlSearchSessionGuid=a3f265dcb2a5b7061ac3426cce13c9ba";"1 комнатные";"https://www.cian.ru/kupit-1-komnatnuyu-kvartiru-moskovskaya-oblast/";"22852";"8";"25";"done";"";"2026-06-13 00:30:08";"2026-06-13 01:57:16";""
"cian";"cian_321337228";"321337228";"https://www.cian.ru/sale/flat/321337228/";"https://krasnogorsk.cian.ru/sale/flat/321337228/?context=4.0aqa6Bht0CM.fnu5GM7_JsbvYRBI3L_DDBrgu7BRduD0Le022xgq8HUern82SVq3xBFU6z5ewzE-YzPbhWlVeHmEhQ&mlSearchSessionGuid=a3f265dcb2a5b7061ac3426cce13c9ba";"1 комнатные";"https://www.cian.ru/kupit-1-komnatnuyu-kvartiru-moskovskaya-oblast/";"22852";"8";"26";"done";"";"2026-06-13 00:30:08";"2026-06-13 01:57:30";""
"cian";"cian_329447274";"329447274";"https://www.cian.ru/sale/flat/329447274/";"https://zvenigorod.cian.ru/sale/flat/329447274/?context=4.8LC_hICyIe4.F97CcYeA0nAklfe25JL9N16rXaPBuoUteBRTFGqQOfCuLDhHY-YJ-R_kUbguikNw7SP_Vgs32eFm7Q&mlSearchSessionGuid=a3f265dcb2a5b7061ac3426cce13c9ba";"1 комнатные";"https://www.cian.ru/kupit-1-komnatnuyu-kvartiru-moskovskaya-oblast/";"22852";"8";"27";"done";"";"2026-06-13 00:30:08";"2026-06-13 01:57:44";""
"cian";"cian_330109524";"330109524";"https://www.cian.ru/sale/flat/330109524/";"https://balashikha.cian.ru/sale/flat/330109524/?context=4.a6by6Je42B8.iGijDzVrnxdXC2moPbEoVKhxvTu-d2l7gFGIXKeU6BmQY2G0hq102bIk4Q5MhehEAY71dt0p5_jMFA&mlSearchSessionGuid=a3f265dcb2a5b7061ac3426cce13c9ba";"1 комнатные";"https://www.cian.ru/kupit-1-komnatnuyu-kvartiru-moskovskaya-oblast/";"22852";"8";"28";"done";"";"2026-06-13 00:30:08";"2026-06-13 01:57:59";""
"cian";"cian_330537159";"330537159";"https://www.cian.ru/sale/flat/330537159/";"https://shchyolkovo.cian.ru/sale/flat/330537159/?context=4.ExL26C3vfCk.DC1vzXsyNxb3L5zyRPxPE2LW3ZHbMIyqiVspGA39ShyjnAEVuFFwGNZtFgWiqmsi69ah2gxluQk5IA&mlSearchSessionGuid=a3f265dcb2a5b7061ac3426cce13c9ba";"1 комнатные";"https://www.cian.ru/kupit-1-komnatnuyu-kvartiru-moskovskaya-oblast/";"22852";"9";"1";"done";"";"2026-06-13 00:30:57";"2026-06-13 01:58:14";""
"cian";"cian_327800476";"327800476";"https://www.cian.ru/sale/flat/327800476/";"https://krasnogorsk.cian.ru/sale/flat/327800476/?context=4.gQpbq02TP6k.Uzh4IlKqLNG24iuA89qfOFZr0Z8pqyl4ofQfmZIz9Ni-_kQ2Ybfr6Gki-_by8ESeXwPFDw855528FA&mlSearchSessionGuid=a3f265dcb2a5b7061ac3426cce13c9ba";"1 комнатные";"https://www.cian.ru/kupit-1-komnatnuyu-kvartiru-moskovskaya-oblast/";"22852";"9";"3";"done";"";"2026-06-13 00:30:57";"2026-06-13 01:58:29";""
"cian";"cian_330052955";"330052955";"https://www.cian.ru/sale/flat/330052955/";"https://noginsk.cian.ru/sale/flat/330052955/?context=4.YuRKdnVrV9A._v_GNdNzIgajJB9r0AkzsoRgOrys8aqMXJrnYP8SzQJUfJmMb68--Xvndn5vl3sw5j56ZiuJ5Eeeng&mlSearchSessionGuid=a3f265dcb2a5b7061ac3426cce13c9ba";"1 комнатные";"https://www.cian.ru/kupit-1-komnatnuyu-kvartiru-moskovskaya-oblast/";"22852";"9";"5";"done";"";"2026-06-13 00:30:57";"2026-06-13 01:58:43";""
"cian";"cian_330875172";"330875172";"https://www.cian.ru/sale/flat/330875172/";"https://dmitrov.cian.ru/sale/flat/330875172/?context=4.j5yIPND5Oyc.-bAIprudLQQGB-NalbkDwGYeHV43D2kiQMJWJ7B9AgoehakkxmfCy7al4OniZZZCtxOpchffXl1zQQ&mlSearchSessionGuid=a3f265dcb2a5b7061ac3426cce13c9ba";"1 комнатные";"https://www.cian.ru/kupit-1-komnatnuyu-kvartiru-moskovskaya-oblast/";"22852";"9";"6";"done";"";"2026-06-13 00:30:57";"2026-06-13 01:58:59";""
"cian";"cian_330542505";"330542505";"https://www.cian.ru/sale/flat/330542505/";"https://kotelniki.cian.ru/sale/flat/330542505/?context=4.fPhZZEA2JxE.Bfk_5muIeER6RYPswIEGtL3QLXWFMUZMFKVcfNlE60O9h0KbaK_ojsxtfeiiKsNG1qqCXkmT_aZKAw&mlSearchSessionGuid=a3f265dcb2a5b7061ac3426cce13c9ba";"1 комнатные";"https://www.cian.ru/kupit-1-komnatnuyu-kvartiru-moskovskaya-oblast/";"22852";"9";"7";"done";"";"2026-06-13 00:30:57";"2026-06-13 01:59:14";""
"cian";"cian_329676045";"329676045";"https://www.cian.ru/sale/flat/329676045/";"https://balashikha.cian.ru/sale/flat/329676045/?context=4.BHhG2-OYs1w.1mJl-tXN9RKFDE8A5xQuL6ELDkkNs5DeFHHaQxtPUvO92fcYGvT38ZrajYyHrHtTL1dGBslo_4RxaA&mlSearchSessionGuid=a3f265dcb2a5b7061ac3426cce13c9ba";"1 комнатные";"https://www.cian.ru/kupit-1-komnatnuyu-kvartiru-moskovskaya-oblast/";"22852";"9";"9";"done";"";"2026-06-13 00:30:57";"2026-06-13 01:59:26";""
"cian";"cian_330616094";"330616094";"https://www.cian.ru/sale/flat/330616094/";"https://kotelniki.cian.ru/sale/flat/330616094/?context=4.BFcA-zmRh4o.Tr57WDjVlikb9dvCzu7y8OC_sxF1U71rSfYor8OPYbPwo3Tn6y_A7ub_Fy3yfKf4jZN76Iqt3VuDJg&mlSearchSessionGuid=a3f265dcb2a5b7061ac3426cce13c9ba";"1 комнатные";"https://www.cian.ru/kupit-1-komnatnuyu-kvartiru-moskovskaya-oblast/";"22852";"9";"10";"done";"";"2026-06-13 00:30:57";"2026-06-13 01:59:42";""
"cian";"cian_327978269";"327978269";"https://www.cian.ru/sale/flat/327978269/";"https://mytishchi.cian.ru/sale/flat/327978269/?context=4.ppLJ0Ftcfks.K5XrSMtA6A6UX-EVp2oxX4fRG9Jz-lLTpwaeEzkQDKOLHVl-9MK6k6m_vpV413ss7VNi6sV30Zr0Cw&mlSearchSessionGuid=a3f265dcb2a5b7061ac3426cce13c9ba";"1 комнатные";"https://www.cian.ru/kupit-1-komnatnuyu-kvartiru-moskovskaya-oblast/";"22852";"9";"12";"done";"";"2026-06-13 00:30:57";"2026-06-13 01:59:56";""
"cian";"cian_330112377";"330112377";"https://www.cian.ru/sale/flat/330112377/";"https://khimki.cian.ru/sale/flat/330112377/?context=4.HoJSsBMgjGU.xu1rnWdV9-Nls3ieeGqX9fCIIQmDTXgrL_6Bt9h0_WtwlCxH59wgaHnuq3Qc2axlcrMfa9jahsgETw&mlSearchSessionGuid=a3f265dcb2a5b7061ac3426cce13c9ba";"1 комнатные";"https://www.cian.ru/kupit-1-komnatnuyu-kvartiru-moskovskaya-oblast/";"22852";"9";"15";"done";"";"2026-06-13 00:30:57";"2026-06-13 02:00:09";""
"cian";"cian_328784946";"328784946";"https://www.cian.ru/sale/flat/328784946/";"https://krasnogorsk.cian.ru/sale/flat/328784946/?context=4.uaUBoJxkzbs.S5K_DQUr9pwA7bGdVd7rCMljOidxv02EDzJllKG9Oo8Bilkx1lnEv9KXCMyqkhYfbpPqxu-GMVFe8g&mlSearchSessionGuid=a3f265dcb2a5b7061ac3426cce13c9ba";"1 комнатные";"https://www.cian.ru/kupit-1-komnatnuyu-kvartiru-moskovskaya-oblast/";"22852";"9";"16";"done";"";"2026-06-13 00:30:57";"2026-06-13 02:00:24";""
"cian";"cian_304482090";"304482090";"https://www.cian.ru/sale/flat/304482090/";"https://ruza.cian.ru/sale/flat/304482090/?context=4.48vZXbSwV5c.B2Cy0Kgy28uliWHUu9pxVZthCCQhlhZYO0xVYhf20ZPvBi6eK5tV_TRiT78j5FB8DcSAd3-sBbPSZg&mlSearchSessionGuid=a3f265dcb2a5b7061ac3426cce13c9ba";"1 комнатные";"https://www.cian.ru/kupit-1-komnatnuyu-kvartiru-moskovskaya-oblast/";"22852";"9";"17";"done";"";"2026-06-13 00:30:57";"2026-06-13 02:00:39";""
"cian";"cian_322206463";"322206463";"https://www.cian.ru/sale/flat/322206463/";"https://fryazino.cian.ru/sale/flat/322206463/?context=4.O6bTpzYfDcE.IRXjRTOj_LxGTxQJ9xX_lE6IQzvZxXDuRCrxXnzGI4Uei5Sa49atjhO4eE9Rf4rZx0vpZgHybw0N1A&mlSearchSessionGuid=a3f265dcb2a5b7061ac3426cce13c9ba";"1 комнатные";"https://www.cian.ru/kupit-1-komnatnuyu-kvartiru-moskovskaya-oblast/";"22852";"9";"18";"done";"";"2026-06-13 00:30:57";"2026-06-13 02:00:53";""
"cian";"cian_330559795";"330559795";"https://www.cian.ru/sale/flat/330559795/";"https://vidnoye.cian.ru/sale/flat/330559795/?context=4.sXyp4ofnIG0.7KhjOQbbiD-nS5syupxllqoZ_fu-2dKvxcuCyz5Nm6dPc-AnakrkNgkI121uNXDms7dY-RFYagjmew&mlSearchSessionGuid=a3f265dcb2a5b7061ac3426cce13c9ba";"1 комнатные";"https://www.cian.ru/kupit-1-komnatnuyu-kvartiru-moskovskaya-oblast/";"22852";"9";"19";"done";"";"2026-06-13 00:30:57";"2026-06-13 02:01:07";""
"cian";"cian_325484202";"325484202";"https://www.cian.ru/sale/flat/325484202/";"https://dolgoprudny.cian.ru/sale/flat/325484202/?context=4.pHgPYn7UT3I.PhogNn58rzPZIoKVNIma9u3lFw3faK8bEvBlNyTsZOw2iasAOzH7KuZdcsYi9CewEKEIojgWUbz7tA&mlSearchSessionGuid=a3f265dcb2a5b7061ac3426cce13c9ba";"1 комнатные";"https://www.cian.ru/kupit-1-komnatnuyu-kvartiru-moskovskaya-oblast/";"22852";"9";"20";"done";"";"2026-06-13 00:30:57";"2026-06-13 02:01:19";""
"cian";"cian_330334223";"330334223";"https://www.cian.ru/sale/flat/330334223/";"https://shchyolkovo.cian.ru/sale/flat/330334223/?context=4.KGBE3usaLew.9AvpAtaaDsCHOutOyTFbL-8u290zWyqp1BPSNCAO1oro03p1lTy5CK-ZoV-NhD_K-dn5Lt05_pQuWA&mlSearchSessionGuid=a3f265dcb2a5b7061ac3426cce13c9ba";"1 комнатные";"https://www.cian.ru/kupit-1-komnatnuyu-kvartiru-moskovskaya-oblast/";"22852";"9";"21";"done";"";"2026-06-13 00:30:57";"2026-06-13 02:01:34";""
"cian";"cian_330707060";"330707060";"https://www.cian.ru/sale/flat/330707060/";"https://shchyolkovo.cian.ru/sale/flat/330707060/?context=4.uyEdSJOs9AA.QoisH2IHEE1R-4j3RaAJ1cPcILAfgpO6xPUy-npyap_CcvJgjoPa97T4OF0o1aUUgCtfyxIuRvo1uw&mlSearchSessionGuid=a3f265dcb2a5b7061ac3426cce13c9ba";"1 комнатные";"https://www.cian.ru/kupit-1-komnatnuyu-kvartiru-moskovskaya-oblast/";"22852";"9";"22";"done";"";"2026-06-13 00:30:57";"2026-06-13 02:01:48";""
"cian";"cian_327232856";"327232856";"https://www.cian.ru/sale/flat/327232856/";"https://ivanteyevka.cian.ru/sale/flat/327232856/?context=4.WWOzXvGgpqA.yAUopf-x_DRhP691dAGWSfcke6KpfEmHTw1mjttyulkoBWYPT4Y7AIXyH1Ty-bad-jG29lXmoMG8Gw&mlSearchSessionGuid=a3f265dcb2a5b7061ac3426cce13c9ba";"1 комнатные";"https://www.cian.ru/kupit-1-komnatnuyu-kvartiru-moskovskaya-oblast/";"22852";"9";"24";"done";"";"2026-06-13 00:30:57";"2026-06-13 02:02:04";""
"cian";"cian_330093251";"330093251";"https://www.cian.ru/sale/flat/330093251/";"https://dolgoprudny.cian.ru/sale/flat/330093251/?context=4.ppH0naSa9jo.sNVHlRsEkqouWo5HWv3HxWcaRp7Otx8GH71KG7Cp-b9nQYVE-Eme99fLzCf_1wpYiGwRUHkwCGB9Gw&mlSearchSessionGuid=a3f265dcb2a5b7061ac3426cce13c9ba";"1 комнатные";"https://www.cian.ru/kupit-1-komnatnuyu-kvartiru-moskovskaya-oblast/";"22852";"9";"25";"done";"";"2026-06-13 00:30:57";"2026-06-13 02:02:19";""
"cian";"cian_327922401";"327922401";"https://www.cian.ru/sale/flat/327922401/";"https://korolev.cian.ru/sale/flat/327922401/?context=4.8Adn0ht_EWs.3_VMlHYFVU-blS3-BGoODh_8gi7719rLS7rwKTBE5u8xfY69ZQnuMSht_faT_a8lff8jnFpyboMmkg&mlSearchSessionGuid=a3f265dcb2a5b7061ac3426cce13c9ba";"1 комнатные";"https://www.cian.ru/kupit-1-komnatnuyu-kvartiru-moskovskaya-oblast/";"22852";"9";"26";"done";"";"2026-06-13 00:30:57";"2026-06-13 02:02:33";""
"cian";"cian_328950054";"328950054";"https://www.cian.ru/sale/flat/328950054/";"https://balashikha.cian.ru/sale/flat/328950054/?context=4.4aDLcjF74lo.FuILyKLg0ZWUut3xl7emnnozFDCO7fIOiCR8nQihDJeabDzSBmkVryybqx1kFMpk9RjXKp4aC0x9aQ&mlSearchSessionGuid=a3f265dcb2a5b7061ac3426cce13c9ba";"1 комнатные";"https://www.cian.ru/kupit-1-komnatnuyu-kvartiru-moskovskaya-oblast/";"22852";"9";"27";"done";"";"2026-06-13 00:30:57";"2026-06-13 02:02:48";""
"cian";"cian_330779098";"330779098";"https://www.cian.ru/sale/flat/330779098/";"https://balashikha.cian.ru/sale/flat/330779098/?context=4.HNMvVqy77-8.A7nS1ouJpZnCnjsWV4SzZKZwEndtfNyc4l3Jlny3kpDDpqu4Fno5sWFZwSHEiWhxPZxISl-uN9NmBg&mlSearchSessionGuid=a3f265dcb2a5b7061ac3426cce13c9ba";"1 комнатные";"https://www.cian.ru/kupit-1-komnatnuyu-kvartiru-moskovskaya-oblast/";"22852";"9";"28";"done";"";"2026-06-13 00:30:57";"2026-06-13 02:03:03";""
"cian";"cian_325900346";"325900346";"https://www.cian.ru/sale/flat/325900346/";"https://krasnogorsk.cian.ru/sale/flat/325900346/?context=4.Q5tDBhINAG4.EYVdjmtEqtqzezooGHlTKVlfnMqfJ4XhUVEHZygH0_4QnjIG2l_DbIF6TLSLBsLOrFFooe_kygnbwg&mlSearchSessionGuid=a3f265dcb2a5b7061ac3426cce13c9ba";"1 комнатные";"https://www.cian.ru/kupit-1-komnatnuyu-kvartiru-moskovskaya-oblast/";"22852";"10";"1";"done";"";"2026-06-13 00:31:44";"2026-06-13 02:03:18";""
"cian";"cian_329408961";"329408961";"https://www.cian.ru/sale/flat/329408961/";"https://dolgoprudny.cian.ru/sale/flat/329408961/?context=4.VtB4TlKHKOk.Sp3bfbCzjjHhPB2BUv4P3B9U1LZXdbKrMT-HhzopMNzxwx73WuP8-LHfMiiQ7_i3GAbOm4tLm70tBQ&mlSearchSessionGuid=a3f265dcb2a5b7061ac3426cce13c9ba";"1 комнатные";"https://www.cian.ru/kupit-1-komnatnuyu-kvartiru-moskovskaya-oblast/";"22852";"10";"2";"done";"";"2026-06-13 00:31:44";"2026-06-13 02:03:33";""
"cian";"cian_326676900";"326676900";"https://www.cian.ru/sale/flat/326676900/";"https://zvenigorod.cian.ru/sale/flat/326676900/?context=4.1T1XQV2bj2k.vIoiHzsEbsYKjIurLB9VMF-3obQl18RuvZ3vSn0B19sJf2CeWLOjRsSVJzc2l1sZ56rvRFNs7YEOkQ&mlSearchSessionGuid=a3f265dcb2a5b7061ac3426cce13c9ba";"1 комнатные";"https://www.cian.ru/kupit-1-komnatnuyu-kvartiru-moskovskaya-oblast/";"22852";"10";"4";"done";"";"2026-06-13 00:31:44";"2026-06-13 02:03:47";""
"cian";"cian_304344331";"304344331";"https://www.cian.ru/sale/flat/304344331/";"https://dmitrov.cian.ru/sale/flat/304344331/?context=4.jYRYrB1KtqM.OG_oZ2F7LCeOV-MLsOoospYsqaRx7Pk-wiIdjGw_lWomAnqfmUDxMY4i_ycMRQFbY78udjC7m2l21g&mlSearchSessionGuid=a3f265dcb2a5b7061ac3426cce13c9ba";"1 комнатные";"https://www.cian.ru/kupit-1-komnatnuyu-kvartiru-moskovskaya-oblast/";"22852";"10";"5";"done";"";"2026-06-13 00:31:44";"2026-06-13 02:04:01";""
"cian";"cian_330693278";"330693278";"https://www.cian.ru/sale/flat/330693278/";"https://lyubertsy.cian.ru/sale/flat/330693278/?context=4.LA00whKePzU.rUpzpiOLObCuSJt2Gz5FlWRagT_kK4lHLpKDAYcfH94cAZcsghd3gkWIiHrv-JKWA3feqx3Z6uTkPA&mlSearchSessionGuid=a3f265dcb2a5b7061ac3426cce13c9ba";"1 комнатные";"https://www.cian.ru/kupit-1-komnatnuyu-kvartiru-moskovskaya-oblast/";"22852";"10";"7";"done";"";"2026-06-13 00:31:44";"2026-06-13 02:04:15";""
"cian";"cian_329228857";"329228857";"https://www.cian.ru/sale/flat/329228857/";"https://kashira.cian.ru/sale/flat/329228857/?context=4.llOCoNyFDzc.ur-hQ09-gXzn88nHUcBFaW8pYemEsWQG7aSuBfIuvfU2Oz_royI5pBmciO2AWPG5ZNRHcS45YEhvPw&mlSearchSessionGuid=a3f265dcb2a5b7061ac3426cce13c9ba";"1 комнатные";"https://www.cian.ru/kupit-1-komnatnuyu-kvartiru-moskovskaya-oblast/";"22852";"10";"8";"done";"";"2026-06-13 00:31:44";"2026-06-13 02:04:29";""
"cian";"cian_329961604";"329961604";"https://www.cian.ru/sale/flat/329961604/";"https://balashikha.cian.ru/sale/flat/329961604/?context=4.z4GDkZimOfc.kMXWTq9GXhblD7jGAux1Az2qMgA1wHluzwhEpg3cuRBdLzpFq7QaUDYgi-hgw36tKIaCTIKSKVxXJA&mlSearchSessionGuid=a3f265dcb2a5b7061ac3426cce13c9ba";"1 комнатные";"https://www.cian.ru/kupit-1-komnatnuyu-kvartiru-moskovskaya-oblast/";"22852";"10";"9";"done";"";"2026-06-13 00:31:44";"2026-06-13 02:04:44";""
"cian";"cian_329117235";"329117235";"https://www.cian.ru/sale/flat/329117235/";"https://naro-fominsk.cian.ru/sale/flat/329117235/?context=4.vf-rZR6hLns.iGtjSOD5TJQcG3PpdezsIFUk5F9o1AmOJqZ_WRLKSaUxyKWuI0sCP0fcjpMuWb001jCV_8SRMc9AYw&mlSearchSessionGuid=a3f265dcb2a5b7061ac3426cce13c9ba";"1 комнатные";"https://www.cian.ru/kupit-1-komnatnuyu-kvartiru-moskovskaya-oblast/";"22852";"10";"10";"done";"";"2026-06-13 00:31:44";"2026-06-13 02:04:58";""
"cian";"cian_327355472";"327355472";"https://www.cian.ru/sale/flat/327355472/";"https://vidnoye.cian.ru/sale/flat/327355472/?context=4.iqIviPhUPro.c7SreHmQyiwHya0jdMY4OdfSX0Yrm__-5GdiwTZwHnphrWMabOvoy6gujwx4nM7Vu1HGWytjKJ9iOg&mlSearchSessionGuid=a3f265dcb2a5b7061ac3426cce13c9ba";"1 комнатные";"https://www.cian.ru/kupit-1-komnatnuyu-kvartiru-moskovskaya-oblast/";"22852";"10";"11";"done";"";"2026-06-13 00:31:44";"2026-06-13 02:05:12";""
"cian";"cian_328086618";"328086618";"https://www.cian.ru/sale/flat/328086618/";"https://domodedovo.cian.ru/sale/flat/328086618/?context=4.4KeC_nSzqkE.Y20RbdJJcpgqWHRr-88Kbi0fUkCeiJxP8knahGJ0bHxMMYp4-wg5INa7oLuru-YDWzdiK6TuvWqoaw&mlSearchSessionGuid=a3f265dcb2a5b7061ac3426cce13c9ba";"1 комнатные";"https://www.cian.ru/kupit-1-komnatnuyu-kvartiru-moskovskaya-oblast/";"22852";"10";"12";"done";"";"2026-06-13 00:31:44";"2026-06-13 02:05:27";""
"cian";"cian_329587743";"329587743";"https://www.cian.ru/sale/flat/329587743/";"https://korolev.cian.ru/sale/flat/329587743/?context=4.Jn0MAbHY5Mo.9acM4kZNrKs39ZYvBUSpFOZIqyokN-LXq6VZfEEdAfl36iTe4Cg27G34zKsFlJsxMPFujKWs_eI6mg&mlSearchSessionGuid=a3f265dcb2a5b7061ac3426cce13c9ba";"1 комнатные";"https://www.cian.ru/kupit-1-komnatnuyu-kvartiru-moskovskaya-oblast/";"22852";"10";"13";"done";"";"2026-06-13 00:31:44";"2026-06-13 02:05:40";""
"cian";"cian_327341511";"327341511";"https://www.cian.ru/sale/flat/327341511/";"https://reutov.cian.ru/sale/flat/327341511/?context=4.8A5WVH9ZAHY.ZB3dfv-Kn6CjQbUaxqy2pDXXjXCsdNSq4-vefrp9I_Oze-lV0FII2mJ9ONDMoV2GSK8ZOEdQF68F7A&mlSearchSessionGuid=a3f265dcb2a5b7061ac3426cce13c9ba";"1 комнатные";"https://www.cian.ru/kupit-1-komnatnuyu-kvartiru-moskovskaya-oblast/";"22852";"10";"14";"done";"";"2026-06-13 00:31:44";"2026-06-13 02:05:55";""
"cian";"cian_314210567";"314210567";"https://www.cian.ru/sale/flat/314210567/";"https://krasnogorsk.cian.ru/sale/flat/314210567/?context=4.-LXk3eYcmaQ.2lnDkztQ8j1YPcqjkqpPtUnMQTZBG92Dmpe-mJPohM8jXQlugvWcOyXIqeGo9tlbkXA6oj96ug7eVg&mlSearchSessionGuid=a3f265dcb2a5b7061ac3426cce13c9ba";"1 комнатные";"https://www.cian.ru/kupit-1-komnatnuyu-kvartiru-moskovskaya-oblast/";"22852";"10";"16";"done";"";"2026-06-13 00:31:44";"2026-06-13 02:06:11";""
"cian";"cian_329939267";"329939267";"https://www.cian.ru/sale/flat/329939267/";"https://www.cian.ru/sale/flat/329939267/?context=4.C1OCers9E30.00X1JQo_ikos2I607iT9-nshbrXopfYq2d_zhxZX5l2NUVn3ByhmBQ4vBKbVa4UQQaKoY2kbeBkVaA&mlSearchSessionGuid=a3f265dcb2a5b7061ac3426cce13c9ba";"1 комнатные";"https://www.cian.ru/kupit-1-komnatnuyu-kvartiru-moskovskaya-oblast/";"22852";"10";"17";"done";"";"2026-06-13 00:31:44";"2026-06-13 02:06:26";""
"cian";"cian_330355682";"330355682";"https://www.cian.ru/sale/flat/330355682/";"https://staraya-kupavna.cian.ru/sale/flat/330355682/?context=4.2cjZlnH1iks.C-sYVzszAHgcSEBN2ArvvY9N8anPteR_iCZ2RKLrW52mt0aAuQrhB6uRTwvDB2M74BJ8LW0VknmqSw&mlSearchSessionGuid=a3f265dcb2a5b7061ac3426cce13c9ba";"1 комнатные";"https://www.cian.ru/kupit-1-komnatnuyu-kvartiru-moskovskaya-oblast/";"22852";"10";"18";"done";"";"2026-06-13 00:31:44";"2026-06-13 02:06:39";""
"cian";"cian_330828065";"330828065";"https://www.cian.ru/sale/flat/330828065/";"https://vidnoye.cian.ru/sale/flat/330828065/?context=4.D7mTpAlR-p4.wYm4jUtKCSfSHlfQuvAKUGKvz1LbPzPmfX23kR0tCPzXk8MDn3RB-lzPSrRT19_IKF0g2foHLzDl0g&mlSearchSessionGuid=a3f265dcb2a5b7061ac3426cce13c9ba";"1 комнатные";"https://www.cian.ru/kupit-1-komnatnuyu-kvartiru-moskovskaya-oblast/";"22852";"10";"19";"done";"";"2026-06-13 00:31:44";"2026-06-13 02:06:54";""
"cian";"cian_330708686";"330708686";"https://www.cian.ru/sale/flat/330708686/";"https://lyubertsy.cian.ru/sale/flat/330708686/?context=4.UqEz08FtVz4.NqsKVPnCD1mHiKXjfHfL1eLwmflcclhjHZbOuU7rcofJDg1R70obbxQCXEwPflEFrF0cYPqOYTJpUg&mlSearchSessionGuid=a3f265dcb2a5b7061ac3426cce13c9ba";"1 комнатные";"https://www.cian.ru/kupit-1-komnatnuyu-kvartiru-moskovskaya-oblast/";"22852";"10";"20";"done";"";"2026-06-13 00:31:44";"2026-06-13 02:07:08";""
"cian";"cian_330809249";"330809249";"https://www.cian.ru/sale/flat/330809249/";"https://balashikha.cian.ru/sale/flat/330809249/?context=4.dW3ny-G_u5M.9NBYMIg_xJ3Ei54WSZinp3QlU4pIkUU2DEJTLa_tYRyDyGxbTjDJiaVuHJT5K-1K87NBUBVYlGWj9w&mlSearchSessionGuid=a3f265dcb2a5b7061ac3426cce13c9ba";"1 комнатные";"https://www.cian.ru/kupit-1-komnatnuyu-kvartiru-moskovskaya-oblast/";"22852";"10";"21";"done";"";"2026-06-13 00:31:44";"2026-06-13 02:07:23";""
"cian";"cian_329587316";"329587316";"https://www.cian.ru/sale/flat/329587316/";"https://balashikha.cian.ru/sale/flat/329587316/?context=4.ctm1i9kJ0PQ.H70H5uEl2NiWdXTHuOSgqgcjfGbjneNzSp9DkrBY-HPeMBVqTxEyNeuwLQPP7AavMxVhr-5d8FuH6g&mlSearchSessionGuid=a3f265dcb2a5b7061ac3426cce13c9ba";"1 комнатные";"https://www.cian.ru/kupit-1-komnatnuyu-kvartiru-moskovskaya-oblast/";"22852";"10";"22";"done";"";"2026-06-13 00:31:44";"2026-06-13 02:07:37";""
"cian";"cian_328172408";"328172408";"https://www.cian.ru/sale/flat/328172408/";"https://khimki.cian.ru/sale/flat/328172408/?context=4.8iG63rnkT0Q.MAVpABsK6jRWV9eaHxxjh-Xcsv_klmWXnt7tXSTe9fWdOISzURXcxd6g9CRbMaFJHPaCngGPAjElwQ&mlSearchSessionGuid=a3f265dcb2a5b7061ac3426cce13c9ba";"1 комнатные";"https://www.cian.ru/kupit-1-komnatnuyu-kvartiru-moskovskaya-oblast/";"22852";"10";"23";"done";"";"2026-06-13 00:31:44";"2026-06-13 02:07:50";""
"cian";"cian_330694831";"330694831";"https://www.cian.ru/sale/flat/330694831/";"https://noginsk.cian.ru/sale/flat/330694831/?context=4.VcVIKZnoJes._8gqZkdeiY3u3a8hT00Dii--STH4sBXnrZ5OMT-_dLNfggag-WAA3DqIy57f7riue-3a1E2EZ2sJdg&mlSearchSessionGuid=a3f265dcb2a5b7061ac3426cce13c9ba";"1 комнатные";"https://www.cian.ru/kupit-1-komnatnuyu-kvartiru-moskovskaya-oblast/";"22852";"10";"24";"done";"";"2026-06-13 00:31:44";"2026-06-13 02:08:05";""
"cian";"cian_328466355";"328466355";"https://www.cian.ru/sale/flat/328466355/";"https://vidnoye.cian.ru/sale/flat/328466355/?context=4.4GPRz7m-tXs.bMt7RYVsiZHt_X7Nv9ms9jeq7D73zsXwc3DL5mDJvdyjCsmAuHKoWsUIcE0C9qkB7WJCXPPZ65O9ZQ&mlSearchSessionGuid=a3f265dcb2a5b7061ac3426cce13c9ba";"1 комнатные";"https://www.cian.ru/kupit-1-komnatnuyu-kvartiru-moskovskaya-oblast/";"22852";"10";"25";"done";"";"2026-06-13 00:31:44";"2026-06-13 02:08:21";""
"cian";"cian_328217218";"328217218";"https://www.cian.ru/sale/flat/328217218/";"https://podolsk.cian.ru/sale/flat/328217218/?context=4.YaB6nuUODR0.hXSax5_nyz1BD0qJpcnydI61P08y4R9AWpQ0i-1aiT1RV8Tyecdx67wvSqzg6RTvm_tj5wKvZ2oWHw&mlSearchSessionGuid=a3f265dcb2a5b7061ac3426cce13c9ba";"1 комнатные";"https://www.cian.ru/kupit-1-komnatnuyu-kvartiru-moskovskaya-oblast/";"22852";"10";"26";"done";"";"2026-06-13 00:31:44";"2026-06-13 02:08:36";""
"cian";"cian_326771183";"326771183";"https://www.cian.ru/sale/flat/326771183/";"https://dmitrov.cian.ru/sale/flat/326771183/?context=4.8adRjuHVW14.P1fsoh3sSvCU8WmitCfioo4fzjyCWWAsrtUe1nRZk-mXtmV0s2unIBdikqh-Yvx09BnzFtLGpGKRyw&mlSearchSessionGuid=a3f265dcb2a5b7061ac3426cce13c9ba";"1 комнатные";"https://www.cian.ru/kupit-1-komnatnuyu-kvartiru-moskovskaya-oblast/";"22852";"10";"27";"done";"";"2026-06-13 00:31:44";"2026-06-13 02:08:48";""
"cian";"cian_328293430";"328293430";"https://www.cian.ru/sale/flat/328293430/";"https://vidnoye.cian.ru/sale/flat/328293430/?context=4.baw5gNa0KZ4.pOwIVxST1V7t5RgPdvv85E2_A5_nH-nL6UTscNQaIFFWWYTj3T5i1_SA8MgTNSmfAHo3-gZ_iHcVbQ&mlSearchSessionGuid=a3f265dcb2a5b7061ac3426cce13c9ba";"1 комнатные";"https://www.cian.ru/kupit-1-komnatnuyu-kvartiru-moskovskaya-oblast/";"22852";"10";"28";"done";"";"2026-06-13 00:31:44";"2026-06-13 02:09:02";""
"cian";"cian_326753530";"326753530";"https://www.cian.ru/sale/flat/326753530/";"https://zvenigorod.cian.ru/sale/flat/326753530/?context=4.-yIFjwEUSeI.kUSfWMmHKap_oA-2CEQxsgw4vQhahK_KJ3ST4li6PN6Tj4QJI0oxM7GH1UsvCxW-YC11ZLvEI1rgfw&mlSearchSessionGuid=aec44f87a8f4c8ed4ce1126ee3e5f300";"2 комнатные";"https://www.cian.ru/kupit-2-komnatnuyu-kvartiru-moskovskaya-oblast/";"20469";"1";"1";"done";"";"2026-06-13 00:32:30";"2026-06-13 02:09:16";""
"cian";"cian_330852718";"330852718";"https://www.cian.ru/sale/flat/330852718/";"https://balashikha.cian.ru/sale/flat/330852718/?context=4.ROLOJbwymxA.99DPCuCHOeN9F2UWUex53Q6kC_WD9kGHh7I9gAwosdMIPAF4zBmPk83TJYtTE2VK-rRV_qzT4YhDxA&mlSearchSessionGuid=aec44f87a8f4c8ed4ce1126ee3e5f300";"2 комнатные";"https://www.cian.ru/kupit-2-komnatnuyu-kvartiru-moskovskaya-oblast/";"20469";"1";"2";"done";"";"2026-06-13 00:32:30";"2026-06-13 02:09:30";""
"cian";"cian_298867178";"298867178";"https://www.cian.ru/sale/flat/298867178/";"https://reutov.cian.ru/sale/flat/298867178/?context=4.i6IFX1NK9ng.mJDbf0CTeE9II8XNc7nNBYvLdYwv3U_Q0NZbXVuaJLu98Fiv-7z6GWbe98OebyGrRWL7Y3xADpx2_w&mlSearchSessionGuid=aec44f87a8f4c8ed4ce1126ee3e5f300";"2 комнатные";"https://www.cian.ru/kupit-2-komnatnuyu-kvartiru-moskovskaya-oblast/";"20469";"1";"3";"done";"";"2026-06-13 00:32:30";"2026-06-13 02:09:44";""
"cian";"cian_330642386";"330642386";"https://www.cian.ru/sale/flat/330642386/";"https://krasnogorsk.cian.ru/sale/flat/330642386/?context=4.a1kzJgM5Pag.rsVLBHEpbYGj9s8H1u-JiSJFGtf3D2uyw-oaNwbARskYMKJ1e9uzOn4jBoA7Zdu-xVgmJXfuQBqORw&mlSearchSessionGuid=aec44f87a8f4c8ed4ce1126ee3e5f300";"2 комнатные";"https://www.cian.ru/kupit-2-komnatnuyu-kvartiru-moskovskaya-oblast/";"20469";"1";"4";"done";"";"2026-06-13 00:32:30";"2026-06-13 02:09:56";""
"cian";"cian_330907537";"330907537";"https://www.cian.ru/sale/flat/330907537/";"https://zvenigorod.cian.ru/sale/flat/330907537/?context=4.ggowREq-T6I.Mc97fZV0tt3qIbFHhz8WWtd1r8jUXGdLkP0UmQSSV41trjoH8csJ_e2PLo8m5vxbg1eH0QoveJ3TvA&mlSearchSessionGuid=aec44f87a8f4c8ed4ce1126ee3e5f300";"2 комнатные";"https://www.cian.ru/kupit-2-komnatnuyu-kvartiru-moskovskaya-oblast/";"20469";"1";"5";"done";"";"2026-06-13 00:32:30";"2026-06-13 02:10:11";""
"cian";"cian_330831156";"330831156";"https://www.cian.ru/sale/flat/330831156/";"https://balashikha.cian.ru/sale/flat/330831156/?context=4.w9F8nDlLeZA.CuM6jBN2DwAQmFUIKZj5wXbFVRQa1VyGZxlYT4TO3V3EpmALZUZwSWpViVsrfvKEJ4QscdXBSevp_g&mlSearchSessionGuid=aec44f87a8f4c8ed4ce1126ee3e5f300";"2 комнатные";"https://www.cian.ru/kupit-2-komnatnuyu-kvartiru-moskovskaya-oblast/";"20469";"1";"6";"done";"";"2026-06-13 00:32:30";"2026-06-13 02:10:24";""
"cian";"cian_329002347";"329002347";"https://www.cian.ru/sale/flat/329002347/";"https://krasnogorsk.cian.ru/sale/flat/329002347/?context=4.y27vjxQhgWA.bFfytUPtx3rnYy2KkelFGN8Yt17VkHWk0J0ssMZrSniGGQT2ubWnVWgpv1qvXRmnkVpNaPW8HrEb6A&mlSearchSessionGuid=aec44f87a8f4c8ed4ce1126ee3e5f300";"2 комнатные";"https://www.cian.ru/kupit-2-komnatnuyu-kvartiru-moskovskaya-oblast/";"20469";"1";"7";"done";"";"2026-06-13 00:32:30";"2026-06-13 02:10:38";""
"cian";"cian_329776769";"329776769";"https://www.cian.ru/sale/flat/329776769/";"https://khimki.cian.ru/sale/flat/329776769/?context=4.BtPktaL4Kpc.RuuypiHySw4ZwmiGftMIhtDzwdfrGUWxpIu7Ol9eduF78BK-j-rBx4R-A5l7NS2jpNhXaSun-Ek7Bg&mlSearchSessionGuid=aec44f87a8f4c8ed4ce1126ee3e5f300";"2 комнатные";"https://www.cian.ru/kupit-2-komnatnuyu-kvartiru-moskovskaya-oblast/";"20469";"1";"8";"done";"";"2026-06-13 00:32:30";"2026-06-13 02:10:53";""
"cian";"cian_330901215";"330901215";"https://www.cian.ru/sale/flat/330901215/";"https://mytishchi.cian.ru/sale/flat/330901215/?context=4.6mH0plUJB8o.1GUSMcRN88nRIB3RvNBgIMcKfLmrkLiDUfAYWMoiJyWg-gjV4rKtE1sykOew7oPjTVYttSK4FkZQXQ&mlSearchSessionGuid=aec44f87a8f4c8ed4ce1126ee3e5f300";"2 комнатные";"https://www.cian.ru/kupit-2-komnatnuyu-kvartiru-moskovskaya-oblast/";"20469";"1";"9";"done";"";"2026-06-13 00:32:30";"2026-06-13 02:11:07";""
"cian";"cian_325482983";"325482983";"https://www.cian.ru/sale/flat/325482983/";"https://balashikha.cian.ru/sale/flat/325482983/?context=4.fTQP33JvoF4.tQXLZFoRNrP0s45H_JytbV9ULSSUXhUA0VrNxjFQNOJzS9BOCPrsu4BW0Gt3ke-IbtP3AfRbobfiIg&mlSearchSessionGuid=aec44f87a8f4c8ed4ce1126ee3e5f300";"2 комнатные";"https://www.cian.ru/kupit-2-komnatnuyu-kvartiru-moskovskaya-oblast/";"20469";"1";"10";"done";"";"2026-06-13 00:32:30";"2026-06-13 02:11:20";""
"cian";"cian_330131501";"330131501";"https://www.cian.ru/sale/flat/330131501/";"https://balashikha.cian.ru/sale/flat/330131501/?context=4.X1jsq0Wmbyk.j7vof_FPm7hrCMYIswrf7qy4wcgsb05n7xFFjfeo7JHVwaqBfggdA52WO9xPk3YtYu9jmtwciENQiQ&mlSearchSessionGuid=aec44f87a8f4c8ed4ce1126ee3e5f300";"2 комнатные";"https://www.cian.ru/kupit-2-komnatnuyu-kvartiru-moskovskaya-oblast/";"20469";"1";"11";"done";"";"2026-06-13 00:32:30";"2026-06-13 02:11:36";""
"cian";"cian_330879741";"330879741";"https://www.cian.ru/sale/flat/330879741/";"https://khimki.cian.ru/sale/flat/330879741/?context=4.v2AMu7A8DOo.atwNSEkMVrAlwVdvUHfr9GrLjtGk-zhBeX-OBIdqurqwpoktK11AJvqxdlfPuzNThifDxyo9iKOc0w&mlSearchSessionGuid=aec44f87a8f4c8ed4ce1126ee3e5f300";"2 комнатные";"https://www.cian.ru/kupit-2-komnatnuyu-kvartiru-moskovskaya-oblast/";"20469";"1";"12";"done";"";"2026-06-13 00:32:30";"2026-06-13 02:11:49";""
"cian";"cian_325482627";"325482627";"https://www.cian.ru/sale/flat/325482627/";"https://mytishchi.cian.ru/sale/flat/325482627/?context=4.K0qbOthia8Q.yoaXsMVX1tOkrmtEZOU91RT7dA-dIy2JVmeovEvQ4OM45EElkhfk7IUk8SpWstoaXWjC06XyyoAiFw&mlSearchSessionGuid=aec44f87a8f4c8ed4ce1126ee3e5f300";"2 комнатные";"https://www.cian.ru/kupit-2-komnatnuyu-kvartiru-moskovskaya-oblast/";"20469";"1";"13";"done";"";"2026-06-13 00:32:30";"2026-06-13 02:12:03";""
"cian";"cian_327659399";"327659399";"https://www.cian.ru/sale/flat/327659399/";"https://zvenigorod.cian.ru/sale/flat/327659399/?context=4.Yt39us210vU.gRS6tiqjbgJPyAyb4omEK1jq4FqZRUdkVZorcyP4mk5R86mRL29payxKQYVw0-o-AnJ_FtqCKA8IOg&mlSearchSessionGuid=aec44f87a8f4c8ed4ce1126ee3e5f300";"2 комнатные";"https://www.cian.ru/kupit-2-komnatnuyu-kvartiru-moskovskaya-oblast/";"20469";"1";"14";"done";"";"2026-06-13 00:32:30";"2026-06-13 02:12:18";""
"cian";"cian_330377416";"330377416";"https://www.cian.ru/sale/flat/330377416/";"https://mytishchi.cian.ru/sale/flat/330377416/?context=4.27uCDuHGfEo.gqdBIi0o7kiLWeyier8FlEE_xzg2oZ7uYSJ-kH3kkgNdvspQAcDiXEaGcZJfeNUmEDbaZBzwpVESNg&mlSearchSessionGuid=aec44f87a8f4c8ed4ce1126ee3e5f300";"2 комнатные";"https://www.cian.ru/kupit-2-komnatnuyu-kvartiru-moskovskaya-oblast/";"20469";"1";"15";"done";"";"2026-06-13 00:32:30";"2026-06-13 02:12:31";""
"cian";"cian_327403292";"327403292";"https://www.cian.ru/sale/flat/327403292/";"https://khimki.cian.ru/sale/flat/327403292/?context=4.EArKTfiIBgw.hQxal4_eq4ss3x1oYZJO1a-2dgqJmuPu_3KZsKK-8L4MPRT4SHftcVjqy4kAg4zp9u6SIo93iQwzAg&mlSearchSessionGuid=aec44f87a8f4c8ed4ce1126ee3e5f300";"2 комнатные";"https://www.cian.ru/kupit-2-komnatnuyu-kvartiru-moskovskaya-oblast/";"20469";"1";"16";"done";"";"2026-06-13 00:32:30";"2026-06-13 02:12:45";""
"cian";"cian_330064414";"330064414";"https://www.cian.ru/sale/flat/330064414/";"https://vidnoye.cian.ru/sale/flat/330064414/?context=4.RaEzMxXaPwY.umPyFCjPCGJ8p3vp_itawL2uFwHDUzqh6hWtuPTUwfz-doIxwLDO7IypAWaIf2U65F4rRVbft8pvrw&mlSearchSessionGuid=aec44f87a8f4c8ed4ce1126ee3e5f300";"2 комнатные";"https://www.cian.ru/kupit-2-komnatnuyu-kvartiru-moskovskaya-oblast/";"20469";"1";"17";"done";"";"2026-06-13 00:32:30";"2026-06-13 02:12:58";""
"cian";"cian_328055964";"328055964";"https://www.cian.ru/sale/flat/328055964/";"https://krasnogorsk.cian.ru/sale/flat/328055964/?context=4.yyrU_6puowY.iABGxmts6TgPNR_vstKxqZ-xAqUfViCqlLagNSO4NxGCpEWsj26CXmuTemvxXPgNOrRiCrUYhWsOmA&mlSearchSessionGuid=aec44f87a8f4c8ed4ce1126ee3e5f300";"2 комнатные";"https://www.cian.ru/kupit-2-komnatnuyu-kvartiru-moskovskaya-oblast/";"20469";"1";"18";"done";"";"2026-06-13 00:32:30";"2026-06-13 02:13:14";""
"cian";"cian_328807575";"328807575";"https://www.cian.ru/sale/flat/328807575/";"https://odintsovo.cian.ru/sale/flat/328807575/?context=4.-Ng6vQnJUs0.o82Fmi0UuTGulRoSJ0NdQ6_pAcUAKImsM4YXa3F8mPIgcrylasibcsgJ8RHP8oTHnwNF0g35GDRqXg&mlSearchSessionGuid=aec44f87a8f4c8ed4ce1126ee3e5f300";"2 комнатные";"https://www.cian.ru/kupit-2-komnatnuyu-kvartiru-moskovskaya-oblast/";"20469";"1";"19";"done";"";"2026-06-13 00:32:30";"2026-06-13 02:13:27";""
"cian";"cian_330048265";"330048265";"https://www.cian.ru/sale/flat/330048265/";"https://chekhov.cian.ru/sale/flat/330048265/?context=4.48rkVn5XRCE.Wjaal8gUQ3HBDF_rjGmpHleMIaBYx-FKa6tuK0pXzWV34CcLjKmmG7pvzN8T7-AqL_kVN_YhvY34Wg&mlSearchSessionGuid=aec44f87a8f4c8ed4ce1126ee3e5f300";"2 комнатные";"https://www.cian.ru/kupit-2-komnatnuyu-kvartiru-moskovskaya-oblast/";"20469";"1";"20";"done";"";"2026-06-13 00:32:30";"2026-06-13 02:13:42";""
"cian";"cian_330535562";"330535562";"https://www.cian.ru/sale/flat/330535562/";"https://krasnogorsk.cian.ru/sale/flat/330535562/?context=4.j0hb2mX-B2g.I_NN13fucNcTcZI0vTlo8eMTM4zex6MQRucbDf6Zl0yVuwK_40uDecu1c_LIIuL6WPNGofCiTSO6zA&mlSearchSessionGuid=aec44f87a8f4c8ed4ce1126ee3e5f300";"2 комнатные";"https://www.cian.ru/kupit-2-komnatnuyu-kvartiru-moskovskaya-oblast/";"20469";"1";"21";"done";"";"2026-06-13 00:32:30";"2026-06-13 02:13:57";""
"cian";"cian_330317417";"330317417";"https://www.cian.ru/sale/flat/330317417/";"https://dedovsk.cian.ru/sale/flat/330317417/?context=4.0TqIFRf1wnI.aXtWdmZluPgx9N0Hiy4p-Jf2UtIpWLl6CfImZ0m81tTiI_EnO36V0dtZ5Gb8hWSBNDU4xGKNPkOlgg&mlSearchSessionGuid=aec44f87a8f4c8ed4ce1126ee3e5f300";"2 комнатные";"https://www.cian.ru/kupit-2-komnatnuyu-kvartiru-moskovskaya-oblast/";"20469";"1";"22";"done";"";"2026-06-13 00:32:30";"2026-06-13 02:14:11";""
"cian";"cian_330792512";"330792512";"https://www.cian.ru/sale/flat/330792512/";"https://korolev.cian.ru/sale/flat/330792512/?context=4.Rwptzz6zSUs.KxxoSFj26o6afRJqBaMPYmnIu_Jc2dOxpDWKmuEeoEWQecjhYwHg1dnqVBM5mQWng-IQPPqlD_Astg&mlSearchSessionGuid=aec44f87a8f4c8ed4ce1126ee3e5f300";"2 комнатные";"https://www.cian.ru/kupit-2-komnatnuyu-kvartiru-moskovskaya-oblast/";"20469";"1";"23";"done";"";"2026-06-13 00:32:30";"2026-06-13 02:14:26";""
"cian";"cian_328475904";"328475904";"https://www.cian.ru/sale/flat/328475904/";"https://reutov.cian.ru/sale/flat/328475904/?context=4.hDhtZ6qwWCI.yly6kgW23FWPaV2nBuFBt8r1yK4nWR7-7_8gGmGD_6OPLhUvR36TioY8Z2VLP7awiTZ87S4rYie1ig&mlSearchSessionGuid=aec44f87a8f4c8ed4ce1126ee3e5f300";"2 комнатные";"https://www.cian.ru/kupit-2-komnatnuyu-kvartiru-moskovskaya-oblast/";"20469";"1";"24";"done";"";"2026-06-13 00:32:30";"2026-06-13 02:14:41";""
"cian";"cian_313662573";"313662573";"https://www.cian.ru/sale/flat/313662573/";"https://korolev.cian.ru/sale/flat/313662573/?context=4.Ry_j7F-B-VI.0yF7U5L-yZE-dlQaX48-lzgEjv09wcZUdYl76Eeg2aLsAsyplXudZxouU3wuuyZqLbDJbh8xajXSZw&mlSearchSessionGuid=aec44f87a8f4c8ed4ce1126ee3e5f300";"2 комнатные";"https://www.cian.ru/kupit-2-komnatnuyu-kvartiru-moskovskaya-oblast/";"20469";"1";"25";"done";"";"2026-06-13 00:32:30";"2026-06-13 02:14:55";""
"cian";"cian_325067103";"325067103";"https://www.cian.ru/sale/flat/325067103/";"https://www.cian.ru/sale/flat/325067103/?context=4.J8PVjRBWeZY.hQPDlHfV89UskLEmiaLzxZcySwz-RmYPAmRP_xl5PuXa0Nim3_tZK-RxXzBfkz4shpN4c2ai7fo1sg&mlSearchSessionGuid=aec44f87a8f4c8ed4ce1126ee3e5f300";"2 комнатные";"https://www.cian.ru/kupit-2-komnatnuyu-kvartiru-moskovskaya-oblast/";"20469";"1";"26";"done";"";"2026-06-13 00:32:30";"2026-06-13 02:15:10";""
"cian";"cian_330255167";"330255167";"https://www.cian.ru/sale/flat/330255167/";"https://reutov.cian.ru/sale/flat/330255167/?context=4.hJL5iBqL5YE.2aldKHcgHBMXqtXvXMG_kb1q0upJl8UiWUkX0MMww9ZwQS1Au8bm8TN4prKtynRppn4W1AdVyGJ3Fw&mlSearchSessionGuid=aec44f87a8f4c8ed4ce1126ee3e5f300";"2 комнатные";"https://www.cian.ru/kupit-2-komnatnuyu-kvartiru-moskovskaya-oblast/";"20469";"1";"27";"done";"";"2026-06-13 00:32:30";"2026-06-13 02:15:24";""
"cian";"cian_294225841";"294225841";"https://www.cian.ru/sale/flat/294225841/";"https://zvenigorod.cian.ru/sale/flat/294225841/?context=4.f8p2dTrblQo.UFFqssgIgMM1FU7nD41itNOxz_N4i0ijWwKcR_iLzBsB13C0iJjQK8gQRKeWxuHqeqGh3AlFBB16-A&mlSearchSessionGuid=aec44f87a8f4c8ed4ce1126ee3e5f300";"2 комнатные";"https://www.cian.ru/kupit-2-komnatnuyu-kvartiru-moskovskaya-oblast/";"20469";"1";"28";"done";"";"2026-06-13 00:32:30";"2026-06-13 02:15:39";""
"cian";"cian_330117451";"330117451";"https://www.cian.ru/sale/flat/330117451/";"https://balashikha.cian.ru/sale/flat/330117451/?context=4.Kzud4oi3JDI.9cMlEbnY5hYTqnGVfhgG3IeHpa4qjIj8fdex-jnUR-S4oVUkLmXm_mbzkTpaQuKQoVEnkxAp3nyHSg&mlSearchSessionGuid=aec44f87a8f4c8ed4ce1126ee3e5f300";"2 комнатные";"https://www.cian.ru/kupit-2-komnatnuyu-kvartiru-moskovskaya-oblast/";"20469";"2";"1";"done";"";"2026-06-13 00:33:14";"2026-06-13 02:15:55";""
"cian";"cian_329814373";"329814373";"https://www.cian.ru/sale/flat/329814373/";"https://balashikha.cian.ru/sale/flat/329814373/?context=4.HyqTuypj-Lo.3dWdVH4wVDbdi0Q1NpDGmtwYpMIYK3qRklc9pZt0x31KO1eMci_KhAmoksg43ABtAhA787vQzL8Dzg&mlSearchSessionGuid=aec44f87a8f4c8ed4ce1126ee3e5f300";"2 комнатные";"https://www.cian.ru/kupit-2-komnatnuyu-kvartiru-moskovskaya-oblast/";"20469";"2";"2";"done";"";"2026-06-13 00:33:14";"2026-06-13 02:16:09";""
"cian";"cian_325484221";"325484221";"https://www.cian.ru/sale/flat/325484221/";"https://dolgoprudny.cian.ru/sale/flat/325484221/?context=4.4Am1JjktZz0.3l53myAiZQsl3WNNchUa-LivKUuUoFCCDbS3soAFqGYntsvh72Kofff-k1cTfwC9flqiKGumx_mV-Q&mlSearchSessionGuid=aec44f87a8f4c8ed4ce1126ee3e5f300";"2 комнатные";"https://www.cian.ru/kupit-2-komnatnuyu-kvartiru-moskovskaya-oblast/";"20469";"2";"3";"done";"";"2026-06-13 00:33:14";"2026-06-13 02:16:22";""
"cian";"cian_329007177";"329007177";"https://www.cian.ru/sale/flat/329007177/";"https://dmitrov.cian.ru/sale/flat/329007177/?context=4.EIGCOBDFD_c.oBUtEydS_cFM1OAgg6t5V75Erzj-kn_DlFUxvod_UQUuGfBVqJokCwgmX-KjmzevOvaEKcVh-9pYxQ&mlSearchSessionGuid=aec44f87a8f4c8ed4ce1126ee3e5f300";"2 комнатные";"https://www.cian.ru/kupit-2-komnatnuyu-kvartiru-moskovskaya-oblast/";"20469";"2";"4";"done";"";"2026-06-13 00:33:14";"2026-06-13 02:16:35";""
"cian";"cian_330928114";"330928114";"https://www.cian.ru/sale/flat/330928114/";"https://balashikha.cian.ru/sale/flat/330928114/?context=4.YB8WX7BJ4ac.dfgY-jncH19xPIFTTk_w33BVFTPwk83iZQXJV_Issz0if95XF2s332o7hrJPAkv6hAhhhCnWObJB7A&mlSearchSessionGuid=aec44f87a8f4c8ed4ce1126ee3e5f300";"2 комнатные";"https://www.cian.ru/kupit-2-komnatnuyu-kvartiru-moskovskaya-oblast/";"20469";"2";"5";"done";"";"2026-06-13 00:33:14";"2026-06-13 02:16:49";""
"cian";"cian_326517420";"326517420";"https://www.cian.ru/sale/flat/326517420/";"https://vidnoye.cian.ru/sale/flat/326517420/?context=4.GaVkxWfLhKE.QowzchKT-DFlVv8VOXu1X1yVtRtXKIAmCGr2RM5WPHCUpAu6PMQMNjtOHSjqJVA6zJ63yWENr4U0WQ&mlSearchSessionGuid=aec44f87a8f4c8ed4ce1126ee3e5f300";"2 комнатные";"https://www.cian.ru/kupit-2-komnatnuyu-kvartiru-moskovskaya-oblast/";"20469";"2";"6";"done";"";"2026-06-13 00:33:14";"2026-06-13 02:17:02";""
"cian";"cian_329910116";"329910116";"https://www.cian.ru/sale/flat/329910116/";"https://krasnogorsk.cian.ru/sale/flat/329910116/?context=4.IXiWq2-37IU.ZvaNyAlLUIjbsSqjICif0NDdD92JLrxq2LgAiPPqGbc337kmDAZcWwmcLG-3FzmdU-D_T-8wtUSR2A&mlSearchSessionGuid=aec44f87a8f4c8ed4ce1126ee3e5f300";"2 комнатные";"https://www.cian.ru/kupit-2-komnatnuyu-kvartiru-moskovskaya-oblast/";"20469";"2";"7";"done";"";"2026-06-13 00:33:14";"2026-06-13 02:17:17";""
"cian";"cian_330835078";"330835078";"https://www.cian.ru/sale/flat/330835078/";"https://reutov.cian.ru/sale/flat/330835078/?context=4.5pZuKhM-z6k.82E6XeqHV3cJq4amIV9ZtG69vOLHcA8ztENVhwxeH7SO2jL23hxF6Ivx_EyjIHwGG2fcZcAwX4dVVQ&mlSearchSessionGuid=aec44f87a8f4c8ed4ce1126ee3e5f300";"2 комнатные";"https://www.cian.ru/kupit-2-komnatnuyu-kvartiru-moskovskaya-oblast/";"20469";"2";"8";"done";"";"2026-06-13 00:33:14";"2026-06-13 02:17:32";""
"cian";"cian_325482897";"325482897";"https://www.cian.ru/sale/flat/325482897/";"https://balashikha.cian.ru/sale/flat/325482897/?context=4.NdiQAKzYfng.KbyOFueO35QN_G-GANFQZDF5y944R9vASkTXgATaX-c8ECPCuDhnY2x2c52RY3qKpvd1KqWncmx_PQ&mlSearchSessionGuid=aec44f87a8f4c8ed4ce1126ee3e5f300";"2 комнатные";"https://www.cian.ru/kupit-2-komnatnuyu-kvartiru-moskovskaya-oblast/";"20469";"2";"9";"done";"";"2026-06-13 00:33:14";"2026-06-13 02:17:44";""
"cian";"cian_328821120";"328821120";"https://www.cian.ru/sale/flat/328821120/";"https://zvenigorod.cian.ru/sale/flat/328821120/?context=4.jXp1eci0N7Q.J6Xq3nUhAxLdSWKqUrdvfPtsT7_r09IVLWdIEO3NqVPlbE5OYtG5zuyoREiBELmFjbaf1IQew--kiw&mlSearchSessionGuid=aec44f87a8f4c8ed4ce1126ee3e5f300";"2 комнатные";"https://www.cian.ru/kupit-2-komnatnuyu-kvartiru-moskovskaya-oblast/";"20469";"2";"10";"done";"";"2026-06-13 00:33:14";"2026-06-13 02:18:00";""
"cian";"cian_330710808";"330710808";"https://www.cian.ru/sale/flat/330710808/";"https://balashikha.cian.ru/sale/flat/330710808/?context=4.cdfhxGRz8Ds.BTAKdrdixjWuNd2C7nrq1FIDvU1543y7vMk_tebi5jB2FOHDycSfo7plsA5ydsYAzRwPZmuFydQ80g&mlSearchSessionGuid=aec44f87a8f4c8ed4ce1126ee3e5f300";"2 комнатные";"https://www.cian.ru/kupit-2-komnatnuyu-kvartiru-moskovskaya-oblast/";"20469";"2";"11";"done";"";"2026-06-13 00:33:14";"2026-06-13 02:18:15";""
"cian";"cian_330645470";"330645470";"https://www.cian.ru/sale/flat/330645470/";"https://www.cian.ru/sale/flat/330645470/?context=4.dipEAHTRJtc.qrlRgQV9EHx9pNMCGAABXNcP3-dq6u-E4un8-M1IHOSxvR7kdBKox-Vacq7MMI3MFlMUrds-GAa6Qw&mlSearchSessionGuid=aec44f87a8f4c8ed4ce1126ee3e5f300";"2 комнатные";"https://www.cian.ru/kupit-2-komnatnuyu-kvartiru-moskovskaya-oblast/";"20469";"2";"12";"done";"";"2026-06-13 00:33:14";"2026-06-13 02:18:30";""
"cian";"cian_330607176";"330607176";"https://www.cian.ru/sale/flat/330607176/";"https://krasnogorsk.cian.ru/sale/flat/330607176/?context=4.93T1Mi1wHK4.VQUd310sNQZ8fkm6zIYZqrZfJkd9gNtCOTc3bT56db7uqun7qcMTCfSWvFR77LYwhx49M0RSldFVkg&mlSearchSessionGuid=aec44f87a8f4c8ed4ce1126ee3e5f300";"2 комнатные";"https://www.cian.ru/kupit-2-komnatnuyu-kvartiru-moskovskaya-oblast/";"20469";"2";"13";"done";"";"2026-06-13 00:33:14";"2026-06-13 02:18:44";""
"cian";"cian_327152599";"327152599";"https://www.cian.ru/sale/flat/327152599/";"https://lyubertsy.cian.ru/sale/flat/327152599/?context=4.DOLYtaWoBWY.F6iPNdNYpCFhIZ_la914VHFPkKBVAUfvhwFiC0Aj42Ce3SxZzov2Rl7JvzPz782Knup6yt-g4Mxu9Q&mlSearchSessionGuid=aec44f87a8f4c8ed4ce1126ee3e5f300";"2 комнатные";"https://www.cian.ru/kupit-2-komnatnuyu-kvartiru-moskovskaya-oblast/";"20469";"2";"14";"done";"";"2026-06-13 00:33:14";"2026-06-13 02:18:57";""
"cian";"cian_320964468";"320964468";"https://www.cian.ru/sale/flat/320964468/";"https://shchyolkovo.cian.ru/sale/flat/320964468/?context=4.iell8Qkofp0.Yp4A6BoUwWRRm-QdJovD0criyVw3xICtkHJhn6cKba8fO3AL0cajYfrAPYUifmUb9uBmXRXPeBUQ7g&mlSearchSessionGuid=aec44f87a8f4c8ed4ce1126ee3e5f300";"2 комнатные";"https://www.cian.ru/kupit-2-komnatnuyu-kvartiru-moskovskaya-oblast/";"20469";"2";"15";"done";"";"2026-06-13 00:33:14";"2026-06-13 02:19:11";""
"cian";"cian_330290459";"330290459";"https://www.cian.ru/sale/flat/330290459/";"https://khimki.cian.ru/sale/flat/330290459/?context=4.ZphQ3v9UJLE.BC0NZ4pQOPMukSbsxyfP3UCBoLQ-jj99VquWvB45rnwoi-I9DNcRJ3GcPe6g1kdW6Yga_MGKWv24bQ&mlSearchSessionGuid=aec44f87a8f4c8ed4ce1126ee3e5f300";"2 комнатные";"https://www.cian.ru/kupit-2-komnatnuyu-kvartiru-moskovskaya-oblast/";"20469";"2";"16";"done";"";"2026-06-13 00:33:14";"2026-06-13 02:19:26";""
"cian";"cian_330837560";"330837560";"https://www.cian.ru/sale/flat/330837560/";"https://lyubertsy.cian.ru/sale/flat/330837560/?context=4.KB3EqR7lpgU.rZ0saP-puawufjd5zQk541_F_VMYLXku_MrPhR5P3BuTXeo5_Fb6-RwuQem2__1P_LD8huugSRvLZg&mlSearchSessionGuid=aec44f87a8f4c8ed4ce1126ee3e5f300";"2 комнатные";"https://www.cian.ru/kupit-2-komnatnuyu-kvartiru-moskovskaya-oblast/";"20469";"2";"17";"done";"";"2026-06-13 00:33:14";"2026-06-13 02:19:41";""
"cian";"cian_328694852";"328694852";"https://www.cian.ru/sale/flat/328694852/";"https://zvenigorod.cian.ru/sale/flat/328694852/?context=4.DKdZ6dE-spg.OgMNZmQNjRojMKShUN63l-Mod40KlVoXywRqp7MF6Gw2_-SlQH6Hp6fJfyQlxYJqdznAFm_CFZscVA&mlSearchSessionGuid=aec44f87a8f4c8ed4ce1126ee3e5f300";"2 комнатные";"https://www.cian.ru/kupit-2-komnatnuyu-kvartiru-moskovskaya-oblast/";"20469";"2";"18";"done";"";"2026-06-13 00:33:14";"2026-06-13 02:19:56";""
"cian";"cian_326896261";"326896261";"https://www.cian.ru/sale/flat/326896261/";"https://balashikha.cian.ru/sale/flat/326896261/?context=4.vImCwhUEYeQ.qBgKIqVh0emb1HgcEMc0Kw3QDEwMJEDvFsNCiRN7N2JZXtzNnW7k524ySKZnEcSp9AwjaWE-c6dKug&mlSearchSessionGuid=aec44f87a8f4c8ed4ce1126ee3e5f300";"2 комнатные";"https://www.cian.ru/kupit-2-komnatnuyu-kvartiru-moskovskaya-oblast/";"20469";"2";"19";"done";"";"2026-06-13 00:33:14";"2026-06-13 02:20:08";""
"cian";"cian_330939809";"330939809";"https://www.cian.ru/sale/flat/330939809/";"https://khimki.cian.ru/sale/flat/330939809/?context=4.bpuNCFtY4Cs.tyMYOgXwBP-24ssfLJmtJRwv7K3-U9nWl0A8O8wOHLvSAUuXlOfxUMll2yR-cbKapWN9hPnLggCukg&mlSearchSessionGuid=aec44f87a8f4c8ed4ce1126ee3e5f300";"2 комнатные";"https://www.cian.ru/kupit-2-komnatnuyu-kvartiru-moskovskaya-oblast/";"20469";"2";"20";"done";"";"2026-06-13 00:33:14";"2026-06-13 02:20:23";""
"cian";"cian_328039114";"328039114";"https://www.cian.ru/sale/flat/328039114/";"https://dmitrov.cian.ru/sale/flat/328039114/?context=4.-yYrqooK_lg.bqpbk0Q3hqbWbwXYfvZd0PiP-cRxViyS1d4wl3AH87o90Lxjtx6-ldiXGdviDjNQxWP60O_NFjsm3w&mlSearchSessionGuid=aec44f87a8f4c8ed4ce1126ee3e5f300";"2 комнатные";"https://www.cian.ru/kupit-2-komnatnuyu-kvartiru-moskovskaya-oblast/";"20469";"2";"21";"done";"";"2026-06-13 00:33:14";"2026-06-13 02:20:37";""
"cian";"cian_328922516";"328922516";"https://www.cian.ru/sale/flat/328922516/";"https://khimki.cian.ru/sale/flat/328922516/?context=4.9M025yjip-4.gGXuPnPNek4o5eJe7ij2t5PvmiN_tJhQLXcWtoHBq_9ZtfgrjVLQKdK-OBdXlqe-UX81WpkLia67fQ&mlSearchSessionGuid=aec44f87a8f4c8ed4ce1126ee3e5f300";"2 комнатные";"https://www.cian.ru/kupit-2-komnatnuyu-kvartiru-moskovskaya-oblast/";"20469";"2";"22";"done";"";"2026-06-13 00:33:14";"2026-06-13 02:20:51";""
"cian";"cian_329573996";"329573996";"https://www.cian.ru/sale/flat/329573996/";"https://krasnogorsk.cian.ru/sale/flat/329573996/?context=4.7NKz7eh3rYo.SCboq0MJbJpBQ5VeRFW5DzUiwnObmkJpMmdO3aAWdBZl3JfW2Ium95fMQQdG_3gUf9p5VmRgt6-pXQ&mlSearchSessionGuid=aec44f87a8f4c8ed4ce1126ee3e5f300";"2 комнатные";"https://www.cian.ru/kupit-2-komnatnuyu-kvartiru-moskovskaya-oblast/";"20469";"2";"23";"done";"";"2026-06-13 00:33:14";"2026-06-13 02:21:06";""
"cian";"cian_318172679";"318172679";"https://www.cian.ru/sale/flat/318172679/";"https://mytishchi.cian.ru/sale/flat/318172679/?context=4.lfP28oRQ3ds.A_XiC3eh74wuAOxM_lPXN8pdIAPLHbcxr23B1AUgla5JnxRbi6cWn_6N4i46Oobx4VLbsmeD_i1J_Q&mlSearchSessionGuid=aec44f87a8f4c8ed4ce1126ee3e5f300";"2 комнатные";"https://www.cian.ru/kupit-2-komnatnuyu-kvartiru-moskovskaya-oblast/";"20469";"2";"24";"done";"";"2026-06-13 00:33:14";"2026-06-13 02:21:21";""
"cian";"cian_330874365";"330874365";"https://www.cian.ru/sale/flat/330874365/";"https://lyubertsy.cian.ru/sale/flat/330874365/?context=4.06KcwcZ9tdI.vkfWt_Tb31cj_iEBGJnP0QKGA2v-sol0n-wS72_dTei7lYcsITLY9Gp08ieinFxwGtQsSf8GdoiUsg&mlSearchSessionGuid=aec44f87a8f4c8ed4ce1126ee3e5f300";"2 комнатные";"https://www.cian.ru/kupit-2-komnatnuyu-kvartiru-moskovskaya-oblast/";"20469";"2";"25";"done";"";"2026-06-13 00:33:14";"2026-06-13 02:21:34";""
"cian";"cian_330084541";"330084541";"https://www.cian.ru/sale/flat/330084541/";"https://dedovsk.cian.ru/sale/flat/330084541/?context=4.wHrs49Kg8NI.vshugKN2dv9-LsKx5qkP7WfGnCLxYsRExDF5aPXIgsFOGuO4hUV0I_dJ0qsIi5MHif9r8khVd7agKA&mlSearchSessionGuid=aec44f87a8f4c8ed4ce1126ee3e5f300";"2 комнатные";"https://www.cian.ru/kupit-2-komnatnuyu-kvartiru-moskovskaya-oblast/";"20469";"2";"26";"done";"";"2026-06-13 00:33:14";"2026-06-13 02:21:50";""
"cian";"cian_325886058";"325886058";"https://www.cian.ru/sale/flat/325886058/";"https://podolsk.cian.ru/sale/flat/325886058/?context=4.4Y0FpjCbtCw.yrl443bAHTu3Sfx25HIISsFS5r3vKi6as280CiR7YOl_NbrkTh0mCM7Hza1NDFAEUSNZCjMNxvH41g&mlSearchSessionGuid=aec44f87a8f4c8ed4ce1126ee3e5f300";"2 комнатные";"https://www.cian.ru/kupit-2-komnatnuyu-kvartiru-moskovskaya-oblast/";"20469";"2";"27";"done";"";"2026-06-13 00:33:14";"2026-06-13 02:22:04";""
"cian";"cian_330834550";"330834550";"https://www.cian.ru/sale/flat/330834550/";"https://balashikha.cian.ru/sale/flat/330834550/?context=4.DsIxH_qfcrc.Z1Exr1jvGOBa7KdPNte8JTXWdhadrT4LyzxmprIQag-EyI1BFkpCP5jOOIZQqCAqaUid6AfBC9Y-bw&mlSearchSessionGuid=aec44f87a8f4c8ed4ce1126ee3e5f300";"2 комнатные";"https://www.cian.ru/kupit-2-komnatnuyu-kvartiru-moskovskaya-oblast/";"20469";"2";"28";"done";"";"2026-06-13 00:33:14";"2026-06-13 02:22:18";""
"cian";"cian_305592540";"305592540";"https://www.cian.ru/sale/flat/305592540/";"https://reutov.cian.ru/sale/flat/305592540/?context=4.p_iY5LLKP5k.Kh8XvuZVE0uhGDFzuiRAkPTXS-nsp6UWeYdpwCpxbhaXXiAUwh_qpyQTgAOvzAavHXBvYViveNgMEw&mlSearchSessionGuid=aec44f87a8f4c8ed4ce1126ee3e5f300";"2 комнатные";"https://www.cian.ru/kupit-2-komnatnuyu-kvartiru-moskovskaya-oblast/";"20469";"3";"1";"done";"";"2026-06-13 00:33:59";"2026-06-13 02:22:32";""
"cian";"cian_331001595";"331001595";"https://www.cian.ru/sale/flat/331001595/";"https://zvenigorod.cian.ru/sale/flat/331001595/?context=4.d4iKP2xWoFk.mlIfwpYkZu4vQyM7i1jOkqHxEDUJwxGwUMdO7M-LXIcf7NDy2n_dJYBklIGCVYmITh-W0_DmxpjtNg&mlSearchSessionGuid=aec44f87a8f4c8ed4ce1126ee3e5f300";"2 комнатные";"https://www.cian.ru/kupit-2-komnatnuyu-kvartiru-moskovskaya-oblast/";"20469";"3";"2";"done";"";"2026-06-13 00:33:59";"2026-06-13 02:22:46";""
"cian";"cian_329099692";"329099692";"https://www.cian.ru/sale/flat/329099692/";"https://krasnogorsk.cian.ru/sale/flat/329099692/?context=4.G0NYMddEtKA.FZUH3w8h8a6SlZ_nS1Rz2l-CMNTZWI3jPx_ZbQ5vyEtyG5kwrw0VqjshYcOZGfTgGCvbsT1tGd7qAg&mlSearchSessionGuid=aec44f87a8f4c8ed4ce1126ee3e5f300";"2 комнатные";"https://www.cian.ru/kupit-2-komnatnuyu-kvartiru-moskovskaya-oblast/";"20469";"3";"3";"done";"";"2026-06-13 00:33:59";"2026-06-13 02:23:00";""
"cian";"cian_328337134";"328337134";"https://www.cian.ru/sale/flat/328337134/";"https://balashikha.cian.ru/sale/flat/328337134/?context=4.d9ANx91nT_E.Tb4Yv_JOnFGiwnyg8yaxSzuI2KtWCvlH9B3VgZW2vlULVdBaSVzkO8pD9wTVTylr0vDhjodzAZTMOg&mlSearchSessionGuid=aec44f87a8f4c8ed4ce1126ee3e5f300";"2 комнатные";"https://www.cian.ru/kupit-2-komnatnuyu-kvartiru-moskovskaya-oblast/";"20469";"3";"4";"done";"";"2026-06-13 00:33:59";"2026-06-13 02:23:14";""
"cian";"cian_326648688";"326648688";"https://www.cian.ru/sale/flat/326648688/";"https://podolsk.cian.ru/sale/flat/326648688/?context=4.jNkZeH5xu0A.QDbQ-_LRsk4vkSnKAwWfMpcq8Yoo7bqP6Y5xc3_UyZz61DgycezyF-IppoENYZfL39ChZjHKttoobA&mlSearchSessionGuid=aec44f87a8f4c8ed4ce1126ee3e5f300";"2 комнатные";"https://www.cian.ru/kupit-2-komnatnuyu-kvartiru-moskovskaya-oblast/";"20469";"3";"5";"done";"";"2026-06-13 00:33:59";"2026-06-13 02:23:30";""
"cian";"cian_330464169";"330464169";"https://www.cian.ru/sale/flat/330464169/";"https://reutov.cian.ru/sale/flat/330464169/?context=4.LtJJ0-pbTfg.jKXbmA9lphaan7iU9pMFN-oEB_8UdvPI39X7YUR3rnUpdeIJmPOkInU0BLbEtZ4QEprn_FKVfypaXA&mlSearchSessionGuid=aec44f87a8f4c8ed4ce1126ee3e5f300";"2 комнатные";"https://www.cian.ru/kupit-2-komnatnuyu-kvartiru-moskovskaya-oblast/";"20469";"3";"6";"done";"";"2026-06-13 00:33:59";"2026-06-13 02:23:43";""
"cian";"cian_330814580";"330814580";"https://www.cian.ru/sale/flat/330814580/";"https://reutov.cian.ru/sale/flat/330814580/?context=4.GWdgfSLjhVU.P4BmzphWu_7fjioWYCMyUN-rZpHCYCN1ZEB_5iEKJqQJpLjcFUCb3DE2-9hvtTUB1g4J5x7SAlz2OQ&mlSearchSessionGuid=aec44f87a8f4c8ed4ce1126ee3e5f300";"2 комнатные";"https://www.cian.ru/kupit-2-komnatnuyu-kvartiru-moskovskaya-oblast/";"20469";"3";"7";"done";"";"2026-06-13 00:33:59";"2026-06-13 02:23:58";""
"cian";"cian_328694820";"328694820";"https://www.cian.ru/sale/flat/328694820/";"https://zvenigorod.cian.ru/sale/flat/328694820/?context=4.j_4SY2QJi5M._jy9K95db0UKnuglYm_QSn9WAx99P1FvlrRwFD4NUBZ0x1uQMoyeam6IVncbdNdY-pnFpf2qldFM9w&mlSearchSessionGuid=aec44f87a8f4c8ed4ce1126ee3e5f300";"2 комнатные";"https://www.cian.ru/kupit-2-komnatnuyu-kvartiru-moskovskaya-oblast/";"20469";"3";"8";"done";"";"2026-06-13 00:33:59";"2026-06-13 02:24:13";""
"cian";"cian_330317376";"330317376";"https://www.cian.ru/sale/flat/330317376/";"https://www.cian.ru/sale/flat/330317376/?context=4.cWV9znmDY7c.TeZ86kWYMYqYS30iSMvDOt-hOPjORGKd4ZrNtFUA866smuKwhvTDsaOxcLZJRKqAy_R1SvWWXfFBRw&mlSearchSessionGuid=aec44f87a8f4c8ed4ce1126ee3e5f300";"2 комнатные";"https://www.cian.ru/kupit-2-komnatnuyu-kvartiru-moskovskaya-oblast/";"20469";"3";"9";"done";"";"2026-06-13 00:33:59";"2026-06-13 02:24:28";""
"cian";"cian_330862564";"330862564";"https://www.cian.ru/sale/flat/330862564/";"https://dolgoprudny.cian.ru/sale/flat/330862564/?context=4.7TUquHCgZng.VYAxs6TOroTAYed44UCh6JOkHTNWgdlStp6Q6XiLEAxWyva2xy4yQVySy9riQyP3J4ywluPeZCwjGw&mlSearchSessionGuid=aec44f87a8f4c8ed4ce1126ee3e5f300";"2 комнатные";"https://www.cian.ru/kupit-2-komnatnuyu-kvartiru-moskovskaya-oblast/";"20469";"3";"10";"done";"";"2026-06-13 00:33:59";"2026-06-13 02:24:42";""
"cian";"cian_328694793";"328694793";"https://www.cian.ru/sale/flat/328694793/";"https://zvenigorod.cian.ru/sale/flat/328694793/?context=4.B9RuKNrvQrc.arGtth5pUVdkwlv3VxGcHhtfYw20CAWHwKJz1L6dAUPuzaUhKNnsMKkTS1vv1AxfD2CzjstbcDa7Dg&mlSearchSessionGuid=aec44f87a8f4c8ed4ce1126ee3e5f300";"2 комнатные";"https://www.cian.ru/kupit-2-komnatnuyu-kvartiru-moskovskaya-oblast/";"20469";"3";"11";"done";"";"2026-06-13 00:33:59";"2026-06-13 02:24:57";""
"cian";"cian_329162568";"329162568";"https://www.cian.ru/sale/flat/329162568/";"https://solnechnogorsk.cian.ru/sale/flat/329162568/?context=4.y2ENOWlT5qs.LqKUxYu8t_C0GvLtosnaPvPFnNVkd2gE257fBYtchvZw3S929wrllouzRITwtGus5YKvU2UaCcXnnw&mlSearchSessionGuid=aec44f87a8f4c8ed4ce1126ee3e5f300";"2 комнатные";"https://www.cian.ru/kupit-2-komnatnuyu-kvartiru-moskovskaya-oblast/";"20469";"3";"12";"done";"";"2026-06-13 00:33:59";"2026-06-13 02:25:11";""
"cian";"cian_329912032";"329912032";"https://www.cian.ru/sale/flat/329912032/";"https://khimki.cian.ru/sale/flat/329912032/?context=4.Jmv-51WWL9I.-mo3lfF4AdyjfTlFF9G7uSHo1a61GBiyZSMNkWk9uqnj19y0HSsgleXCxku3B4RXd95_FHEbjxUdrg&mlSearchSessionGuid=aec44f87a8f4c8ed4ce1126ee3e5f300";"2 комнатные";"https://www.cian.ru/kupit-2-komnatnuyu-kvartiru-moskovskaya-oblast/";"20469";"3";"13";"done";"";"2026-06-13 00:33:59";"2026-06-13 02:25:25";""
"cian";"cian_326648690";"326648690";"https://www.cian.ru/sale/flat/326648690/";"https://podolsk.cian.ru/sale/flat/326648690/?context=4.29oViU0-9YU.NeGagE543SPnHFIxb1YV3WYpbJVF-O-LRiZyYmtNF3lVBie74aXe8cHuaTRRF5mUYvrw2-ngHg6BYQ&mlSearchSessionGuid=aec44f87a8f4c8ed4ce1126ee3e5f300";"2 комнатные";"https://www.cian.ru/kupit-2-komnatnuyu-kvartiru-moskovskaya-oblast/";"20469";"3";"14";"done";"";"2026-06-13 00:33:59";"2026-06-13 02:25:40";""
"cian";"cian_329611248";"329611248";"https://www.cian.ru/sale/flat/329611248/";"https://solnechnogorsk.cian.ru/sale/flat/329611248/?context=4.Mg8Rf7JOeA0.sIuiHI_1-_Rbdme5RYlfH-gmklVKUu3dVNlkeVNnlWNn1ftgtiSi5tUni-fwN6pnu_FT6hp1ZGWZvA&mlSearchSessionGuid=aec44f87a8f4c8ed4ce1126ee3e5f300";"2 комнатные";"https://www.cian.ru/kupit-2-komnatnuyu-kvartiru-moskovskaya-oblast/";"20469";"3";"15";"done";"";"2026-06-13 00:33:59";"2026-06-13 02:25:53";""
"cian";"cian_330305416";"330305416";"https://www.cian.ru/sale/flat/330305416/";"https://pushkino.cian.ru/sale/flat/330305416/?context=4.wqrp_OV4-3M.Gi6GeGoFubl4sXF08PD3GWbL8QdCnGbDU1tpcb6FXhMtLZDgTnRMQ6Nt9So-GBidE_BD4LkICQZIJg&mlSearchSessionGuid=aec44f87a8f4c8ed4ce1126ee3e5f300";"2 комнатные";"https://www.cian.ru/kupit-2-komnatnuyu-kvartiru-moskovskaya-oblast/";"20469";"3";"16";"done";"";"2026-06-13 00:33:59";"2026-06-13 02:26:08";""
"cian";"cian_328694761";"328694761";"https://www.cian.ru/sale/flat/328694761/";"https://zvenigorod.cian.ru/sale/flat/328694761/?context=4.x_VO85lcu5E.v8PDL243J-3ZGjmv1aB8x0C6F4Z2JGfbkRwtYZ3kRpc7t2FHXoEaf70nF029p5OoGPNLPRk0NK172w&mlSearchSessionGuid=aec44f87a8f4c8ed4ce1126ee3e5f300";"2 комнатные";"https://www.cian.ru/kupit-2-komnatnuyu-kvartiru-moskovskaya-oblast/";"20469";"3";"17";"done";"";"2026-06-13 00:33:59";"2026-06-13 02:26:22";""
"cian";"cian_330305035";"330305035";"https://www.cian.ru/sale/flat/330305035/";"https://zvenigorod.cian.ru/sale/flat/330305035/?context=4.UO5_JfQi9Dk.t4l9d6seG2uCRvn0u1WjJFVCFebF7zv7n6E9tcJCfuxES_lLAkAaL8l61_mw_7wAzZ9Q5IY9q7VRmA&mlSearchSessionGuid=aec44f87a8f4c8ed4ce1126ee3e5f300";"2 комнатные";"https://www.cian.ru/kupit-2-komnatnuyu-kvartiru-moskovskaya-oblast/";"20469";"3";"18";"done";"";"2026-06-13 00:33:59";"2026-06-13 02:26:37";""
"cian";"cian_330173392";"330173392";"https://www.cian.ru/sale/flat/330173392/";"https://www.cian.ru/sale/flat/330173392/?context=4.RE0lORZugBI.uM8cAeGe7PnNspu_ud4oHQzT9N5bb1iLYMclq7B6rv4XlJPzVSQjyeb13rnyY9MEBzho_hT-qimhQQ&mlSearchSessionGuid=aec44f87a8f4c8ed4ce1126ee3e5f300";"2 комнатные";"https://www.cian.ru/kupit-2-komnatnuyu-kvartiru-moskovskaya-oblast/";"20469";"3";"19";"done";"";"2026-06-13 00:33:59";"2026-06-13 02:26:52";""
"cian";"cian_325737873";"325737873";"https://www.cian.ru/sale/flat/325737873/";"https://pushkino.cian.ru/sale/flat/325737873/?context=4.FcwpOl3nApk.4qOIbWYt5t42GxtzcxfVrJAqdze4jEotfX2_BvLGyVjHDRrZy190JvdcXU8j_IIIqUD5hkcqU5hubQ&mlSearchSessionGuid=aec44f87a8f4c8ed4ce1126ee3e5f300";"2 комнатные";"https://www.cian.ru/kupit-2-komnatnuyu-kvartiru-moskovskaya-oblast/";"20469";"3";"20";"done";"";"2026-06-13 00:33:59";"2026-06-13 02:27:07";""
"cian";"cian_330636995";"330636995";"https://www.cian.ru/sale/flat/330636995/";"https://www.cian.ru/sale/flat/330636995/?context=4.RaZ40HBxYag.UQ34KH4HA2CxzVHW9278cCwvLDhTDbvj49HoR2b5AlaOWL_XmJZnfPDDtkUl6NpHF5G5mSY-uauWOQ&mlSearchSessionGuid=aec44f87a8f4c8ed4ce1126ee3e5f300";"2 комнатные";"https://www.cian.ru/kupit-2-komnatnuyu-kvartiru-moskovskaya-oblast/";"20469";"3";"21";"done";"";"2026-06-13 00:33:59";"2026-06-13 02:27:21";""
"cian";"cian_323748541";"323748541";"https://www.cian.ru/sale/flat/323748541/";"https://krasnogorsk.cian.ru/sale/flat/323748541/?context=4.73Cj6TKcPB0.qqY_seW7WpU93rIJ2XYnzCos-ulc8AuQQJ-wKUkpMD_khc72yjIqdl-mR5eqjxbT6G2-fQSq-Psz-Q&mlSearchSessionGuid=aec44f87a8f4c8ed4ce1126ee3e5f300";"2 комнатные";"https://www.cian.ru/kupit-2-komnatnuyu-kvartiru-moskovskaya-oblast/";"20469";"3";"22";"done";"";"2026-06-13 00:33:59";"2026-06-13 02:27:35";""
"cian";"cian_330926751";"330926751";"https://www.cian.ru/sale/flat/330926751/";"https://naro-fominsk.cian.ru/sale/flat/330926751/?context=4._ioJ-8KNYTs.HSmWbKdABTSCZRSrjIWugxY3NsTA_DFZg-QvyLDdkBlSaP5BPjeXbbiCk-7FAWPsfkD87AoOiqyQGQ&mlSearchSessionGuid=aec44f87a8f4c8ed4ce1126ee3e5f300";"2 комнатные";"https://www.cian.ru/kupit-2-komnatnuyu-kvartiru-moskovskaya-oblast/";"20469";"3";"23";"done";"";"2026-06-13 00:33:59";"2026-06-13 02:27:49";""
"cian";"cian_326239665";"326239665";"https://www.cian.ru/sale/flat/326239665/";"https://balashikha.cian.ru/sale/flat/326239665/?context=4.6zgROoa5xAs.N0K2SRkn6oVffSPOiDTceUPPU_rvIYHUaeGaErx8Lqc9DPD69ZEoUR1b6xky_3vbs2CvAIgooOnupQ&mlSearchSessionGuid=aec44f87a8f4c8ed4ce1126ee3e5f300";"2 комнатные";"https://www.cian.ru/kupit-2-komnatnuyu-kvartiru-moskovskaya-oblast/";"20469";"3";"24";"done";"";"2026-06-13 00:33:59";"2026-06-13 02:28:04";""
"cian";"cian_326050664";"326050664";"https://www.cian.ru/sale/flat/326050664/";"https://mytishchi.cian.ru/sale/flat/326050664/?context=4.KeEcO_AtxsY.B3LltB_wZEix2SyRj3h9-VPno6yymPsSPItdx6ij1G7VILMi7g6UEnjMGF26rwxPsXN9RHDIXddPaA&mlSearchSessionGuid=aec44f87a8f4c8ed4ce1126ee3e5f300";"2 комнатные";"https://www.cian.ru/kupit-2-komnatnuyu-kvartiru-moskovskaya-oblast/";"20469";"3";"25";"done";"";"2026-06-13 00:33:59";"2026-06-13 02:28:19";""
"cian";"cian_329283579";"329283579";"https://www.cian.ru/sale/flat/329283579/";"https://pushkino.cian.ru/sale/flat/329283579/?context=4.tPzvJ5EiF5g.ggMDopOYuv5NRLOVq1uNbAvJHyXXSqIBCVVsMz_emtTJNbFSfNhV6BY2JUT0Lrt4ZirTCqb6hMK-rQ&mlSearchSessionGuid=aec44f87a8f4c8ed4ce1126ee3e5f300";"2 комнатные";"https://www.cian.ru/kupit-2-komnatnuyu-kvartiru-moskovskaya-oblast/";"20469";"3";"26";"done";"";"2026-06-13 00:33:59";"2026-06-13 02:28:34";""
"cian";"cian_330487611";"330487611";"https://www.cian.ru/sale/flat/330487611/";"https://pushkino.cian.ru/sale/flat/330487611/?context=4.P7oTsg10qPo.wOsReEbPar7kobiCBINe0uB0vk-wa6r4USreRAl9ifvELv1djoqLUB_pKhXYiPJTXqOvzC_7Df0hjg&mlSearchSessionGuid=aec44f87a8f4c8ed4ce1126ee3e5f300";"2 комнатные";"https://www.cian.ru/kupit-2-komnatnuyu-kvartiru-moskovskaya-oblast/";"20469";"3";"27";"done";"";"2026-06-13 00:33:59";"2026-06-13 02:28:48";""
"cian";"cian_327479271";"327479271";"https://www.cian.ru/sale/flat/327479271/";"https://balashikha.cian.ru/sale/flat/327479271/?context=4.xuMjE12tRAs.9AOuAwZVkBla1hHzP68jV6RWsKZiRD_7AyHo5yvyuVXp-H5VnX9DNNgrczPqBBjzidjCtRQI8Td1Jg&mlSearchSessionGuid=aec44f87a8f4c8ed4ce1126ee3e5f300";"2 комнатные";"https://www.cian.ru/kupit-2-komnatnuyu-kvartiru-moskovskaya-oblast/";"20469";"3";"28";"done";"";"2026-06-13 00:33:59";"2026-06-13 02:29:02";""
"cian";"cian_330926688";"330926688";"https://www.cian.ru/sale/flat/330926688/";"https://naro-fominsk.cian.ru/sale/flat/330926688/?context=4.HfEs4uviyDM.FxhcQJQV9LKkG-XI5XV6NZl2oym-1D98OtplViNnfApyEV95mbJdzXv8Zty9jNkIyrk-E6wcfwGsxA&mlSearchSessionGuid=aec44f87a8f4c8ed4ce1126ee3e5f300";"2 комнатные";"https://www.cian.ru/kupit-2-komnatnuyu-kvartiru-moskovskaya-oblast/";"20469";"4";"1";"done";"";"2026-06-13 00:34:47";"2026-06-13 02:29:17";""
"cian";"cian_325083566";"325083566";"https://www.cian.ru/sale/flat/325083566/";"https://zvenigorod.cian.ru/sale/flat/325083566/?context=4.h8Mhjg1vXV8.oaAHe6iWlx3B-navxvofeZZJ4WQRg-4i5IeQyTYRRTmlfUXWggzmXpIbUGNhPSYaldaJn3Iaz3t6KA&mlSearchSessionGuid=aec44f87a8f4c8ed4ce1126ee3e5f300";"2 комнатные";"https://www.cian.ru/kupit-2-komnatnuyu-kvartiru-moskovskaya-oblast/";"20469";"4";"2";"done";"";"2026-06-13 00:34:47";"2026-06-13 02:29:32";""
"cian";"cian_330487157";"330487157";"https://www.cian.ru/sale/flat/330487157/";"https://balashikha.cian.ru/sale/flat/330487157/?context=4.QD2wuhs-5do.-ziTIlb5D3GL2Ax6qKGko_LI5x85Dkp_EMEH1Xd6qeqM3-Dhhso8KvZ0qzRRdFDNQqqJMoIA_k4s1A&mlSearchSessionGuid=aec44f87a8f4c8ed4ce1126ee3e5f300";"2 комнатные";"https://www.cian.ru/kupit-2-komnatnuyu-kvartiru-moskovskaya-oblast/";"20469";"4";"3";"done";"";"2026-06-13 00:34:47";"2026-06-13 02:29:45";""
"cian";"cian_324688741";"324688741";"https://www.cian.ru/sale/flat/324688741/";"https://www.cian.ru/sale/flat/324688741/?context=4.buK_BDwIn4k.A8-EMf6lP5zKVCTn31xOhFSc2GP2YsjDsNViT5tHhFqGrvwKkSr2OXFVJIeZwd-kbUcHpuAEyEGCQw&mlSearchSessionGuid=aec44f87a8f4c8ed4ce1126ee3e5f300";"2 комнатные";"https://www.cian.ru/kupit-2-komnatnuyu-kvartiru-moskovskaya-oblast/";"20469";"4";"4";"done";"";"2026-06-13 00:34:47";"2026-06-13 02:30:00";""
"cian";"cian_329454568";"329454568";"https://www.cian.ru/sale/flat/329454568/";"https://solnechnogorsk.cian.ru/sale/flat/329454568/?context=4.s3hxdf_qDd8.vaPtJzCU1Uh-x9GYWoao45SG6Cf4nKQvLgmby2_qd6NswOfWgZx3fS5TiLV665l9rx8RoSV8YbbNXw&mlSearchSessionGuid=aec44f87a8f4c8ed4ce1126ee3e5f300";"2 комнатные";"https://www.cian.ru/kupit-2-komnatnuyu-kvartiru-moskovskaya-oblast/";"20469";"4";"5";"done";"";"2026-06-13 00:34:47";"2026-06-13 02:30:15";""
"cian";"cian_329959391";"329959391";"https://www.cian.ru/sale/flat/329959391/";"https://ivanteyevka.cian.ru/sale/flat/329959391/?context=4.JIHPJCwubg4.RGFaUFSwHK_VuoPgnUl0eK7VxH8W9PC8Y8Dn_pp7rMHjt-e25eF-BUw9dck4sx9Ll1HCqiKFOes92A&mlSearchSessionGuid=aec44f87a8f4c8ed4ce1126ee3e5f300";"2 комнатные";"https://www.cian.ru/kupit-2-komnatnuyu-kvartiru-moskovskaya-oblast/";"20469";"4";"6";"done";"";"2026-06-13 00:34:47";"2026-06-13 02:30:29";""
"cian";"cian_327403268";"327403268";"https://www.cian.ru/sale/flat/327403268/";"https://khimki.cian.ru/sale/flat/327403268/?context=4.VhreOjgmd0g.BQdl7JFUiwr8yORsZPZ0oAkeRpWY_p9motEH5Uwqk6IdY97Z_9H-Xpz8IftGQGBZgxDDFUOX0nRsGQ&mlSearchSessionGuid=aec44f87a8f4c8ed4ce1126ee3e5f300";"2 комнатные";"https://www.cian.ru/kupit-2-komnatnuyu-kvartiru-moskovskaya-oblast/";"20469";"4";"7";"done";"";"2026-06-13 00:34:47";"2026-06-13 02:30:44";""
"cian";"cian_327729730";"327729730";"https://www.cian.ru/sale/flat/327729730/";"https://aprelevka.cian.ru/sale/flat/327729730/?context=4.fmYF2hryKDo.X6812PAhSiKojUr69PXSzroM-z6Y46dW4OQsaw2o7Nqf_cxB6VFjNp6aT2kPqHrmyZDMFghX8Zcl8g&mlSearchSessionGuid=aec44f87a8f4c8ed4ce1126ee3e5f300";"2 комнатные";"https://www.cian.ru/kupit-2-komnatnuyu-kvartiru-moskovskaya-oblast/";"20469";"4";"8";"done";"";"2026-06-13 00:34:47";"2026-06-13 02:30:58";""
"cian";"cian_330880382";"330880382";"https://www.cian.ru/sale/flat/330880382/";"https://lyubertsy.cian.ru/sale/flat/330880382/?context=4.VefwQ6-aTvg.6yHfj-2H7tEGv4jTRGfi_J2lsIAZGXDUP15tDXuTVk1oHmsHFLJAgt79F5eepOeR9xWkEWN1b5T4UQ&mlSearchSessionGuid=aec44f87a8f4c8ed4ce1126ee3e5f300";"2 комнатные";"https://www.cian.ru/kupit-2-komnatnuyu-kvartiru-moskovskaya-oblast/";"20469";"4";"9";"done";"";"2026-06-13 00:34:47";"2026-06-13 02:31:12";""
"cian";"cian_330926700";"330926700";"https://www.cian.ru/sale/flat/330926700/";"https://naro-fominsk.cian.ru/sale/flat/330926700/?context=4.Ol1fskBEbO8.GNuUgVkoL5rpHlIIC3eODT6LgjnItRgw4pM8gdSh9JbJDwcYdCZgglXSF151DnUhjeDsNYvecRa0uQ&mlSearchSessionGuid=aec44f87a8f4c8ed4ce1126ee3e5f300";"2 комнатные";"https://www.cian.ru/kupit-2-komnatnuyu-kvartiru-moskovskaya-oblast/";"20469";"4";"10";"done";"";"2026-06-13 00:34:47";"2026-06-13 02:31:26";""
"cian";"cian_330991693";"330991693";"https://www.cian.ru/sale/flat/330991693/";"https://podolsk.cian.ru/sale/flat/330991693/?context=4.mmSaQJALUaA.zV6Lq7LDut09wLgmzc8807AFuMLrjP3evDotSiTQQJYrUxAOD6P6GDrmMaKHG1pmceyi-fBGInMRkg&mlSearchSessionGuid=aec44f87a8f4c8ed4ce1126ee3e5f300";"2 комнатные";"https://www.cian.ru/kupit-2-komnatnuyu-kvartiru-moskovskaya-oblast/";"20469";"4";"11";"done";"";"2026-06-13 00:34:47";"2026-06-13 02:31:40";""
"cian";"cian_329018035";"329018035";"https://www.cian.ru/sale/flat/329018035/";"https://khimki.cian.ru/sale/flat/329018035/?context=4.5Dom5G-3OjM.cNw5K3KLYPtWW1DZc80P3zRq7CUZXXtjjpyJD-gBL4RUZm0B_iJKCqYlzDGahzCQCT6_u5hENl3x6Q&mlSearchSessionGuid=aec44f87a8f4c8ed4ce1126ee3e5f300";"2 комнатные";"https://www.cian.ru/kupit-2-komnatnuyu-kvartiru-moskovskaya-oblast/";"20469";"4";"12";"done";"";"2026-06-13 00:34:47";"2026-06-13 02:31:55";""
"cian";"cian_328295248";"328295248";"https://www.cian.ru/sale/flat/328295248/";"https://www.cian.ru/sale/flat/328295248/?context=4.JUSFMjLjCSM.CbVdjiNQ1NP_0lJKi9osq3VQwdlVlcu3z-NFsDKUNrmt_5q-bSSw8vt2AIsaCvhZ3tqW-dxRZmQNfw&mlSearchSessionGuid=aec44f87a8f4c8ed4ce1126ee3e5f300";"2 комнатные";"https://www.cian.ru/kupit-2-komnatnuyu-kvartiru-moskovskaya-oblast/";"20469";"4";"13";"done";"";"2026-06-13 00:34:47";"2026-06-13 02:32:10";""
"cian";"cian_330576661";"330576661";"https://www.cian.ru/sale/flat/330576661/";"https://krasnogorsk.cian.ru/sale/flat/330576661/?context=4.LgbAP623fR4.RiGd4KMAjRYCRp1vWtbV6wr7Mh36kZcP3e3PUqoDFiDS-_L_brzVsXHlTJEoqBD1J1Fv2k34V7jXKg&mlSearchSessionGuid=aec44f87a8f4c8ed4ce1126ee3e5f300";"2 комнатные";"https://www.cian.ru/kupit-2-komnatnuyu-kvartiru-moskovskaya-oblast/";"20469";"4";"14";"done";"";"2026-06-13 00:34:47";"2026-06-13 02:32:23";""
"cian";"cian_330810236";"330810236";"https://www.cian.ru/sale/flat/330810236/";"https://balashikha.cian.ru/sale/flat/330810236/?context=4.ZK1X5r9-oGE.nMbGcgAkmqaJow-llRswh2HCZjaQ2kBCPE7I138pnsLSE4oWuz_SBjQG5tp7tVoBPBYGEbDh9c8nuw&mlSearchSessionGuid=aec44f87a8f4c8ed4ce1126ee3e5f300";"2 комнатные";"https://www.cian.ru/kupit-2-komnatnuyu-kvartiru-moskovskaya-oblast/";"20469";"4";"15";"done";"";"2026-06-13 00:34:47";"2026-06-13 02:32:37";""
"cian";"cian_330926979";"330926979";"https://www.cian.ru/sale/flat/330926979/";"https://naro-fominsk.cian.ru/sale/flat/330926979/?context=4.Tk2crT9X-_Y.zRspgHazt8B1S-Tg6ONExV42rwJ96ezoExSuH8DVpYSdCnxIFRoxUgGaDJTfrdS929I6evsLhZ-euw&mlSearchSessionGuid=aec44f87a8f4c8ed4ce1126ee3e5f300";"2 комнатные";"https://www.cian.ru/kupit-2-komnatnuyu-kvartiru-moskovskaya-oblast/";"20469";"4";"16";"done";"";"2026-06-13 00:34:47";"2026-06-13 02:32:50";""
"cian";"cian_330609261";"330609261";"https://www.cian.ru/sale/flat/330609261/";"https://krasnogorsk.cian.ru/sale/flat/330609261/?context=4.jRbJpCRCNek.A1wal-y4uWxKC9e8b-MX0oD_INFoPA2eIhzDOUJpPpVR5hr7zHHx25-gIWyTiMOOM17fMTBTF4UsIg&mlSearchSessionGuid=aec44f87a8f4c8ed4ce1126ee3e5f300";"2 комнатные";"https://www.cian.ru/kupit-2-komnatnuyu-kvartiru-moskovskaya-oblast/";"20469";"4";"17";"done";"";"2026-06-13 00:34:47";"2026-06-13 02:33:06";""
"cian";"cian_330884660";"330884660";"https://www.cian.ru/sale/flat/330884660/";"https://dolgoprudny.cian.ru/sale/flat/330884660/?context=4.PXfoFQPcQwo.jogVt7Tsq5A3y713iBTnI-48hd2GjnAVKYIS7JyILACPhxt9oL5f-K_Hg9dCHGP6H6QJfll3Vosq1Q&mlSearchSessionGuid=aec44f87a8f4c8ed4ce1126ee3e5f300";"2 комнатные";"https://www.cian.ru/kupit-2-komnatnuyu-kvartiru-moskovskaya-oblast/";"20469";"4";"18";"done";"";"2026-06-13 00:34:47";"2026-06-13 02:33:20";""
"cian";"cian_325785542";"325785542";"https://www.cian.ru/sale/flat/325785542/";"https://mytishchi.cian.ru/sale/flat/325785542/?context=4.YVwEFUApEKo.RzLYBULdWVtgC0aVVl769sLj2veHl9LdTMWt1wOf-zx_ulP5_hgree3sXquiyE2zx7GtjPtVknidcQ&mlSearchSessionGuid=aec44f87a8f4c8ed4ce1126ee3e5f300";"2 комнатные";"https://www.cian.ru/kupit-2-komnatnuyu-kvartiru-moskovskaya-oblast/";"20469";"4";"19";"done";"";"2026-06-13 00:34:47";"2026-06-13 02:33:35";""
"cian";"cian_330991832";"330991832";"https://www.cian.ru/sale/flat/330991832/";"https://korolev.cian.ru/sale/flat/330991832/?context=4.NELYkRJCLZk.aLg4k9TCD-RzyQAKTsqYBlfDd548DlgdbFjuLDk7sZcHdACU-4BmJARcT2Rtaba5I2NViG0DNDEbzQ&mlSearchSessionGuid=aec44f87a8f4c8ed4ce1126ee3e5f300";"2 комнатные";"https://www.cian.ru/kupit-2-komnatnuyu-kvartiru-moskovskaya-oblast/";"20469";"4";"20";"done";"";"2026-06-13 00:34:47";"2026-06-13 02:33:49";""
"cian";"cian_327711218";"327711218";"https://www.cian.ru/sale/flat/327711218/";"https://aprelevka.cian.ru/sale/flat/327711218/?context=4.Cft7W9IC05Y.DxdEgZ4Sgrc8Gtc8Ob1iHz-PumHKNWPrtIg_ghP4v9wjaWu7k72puQWtTEIDIi4TkfjzjisT5Ed08g&mlSearchSessionGuid=aec44f87a8f4c8ed4ce1126ee3e5f300";"2 комнатные";"https://www.cian.ru/kupit-2-komnatnuyu-kvartiru-moskovskaya-oblast/";"20469";"4";"21";"done";"";"2026-06-13 00:34:47";"2026-06-13 02:34:05";""
"cian";"cian_330927020";"330927020";"https://www.cian.ru/sale/flat/330927020/";"https://naro-fominsk.cian.ru/sale/flat/330927020/?context=4.xueyCHq9cAU.xCGfDvIeVz_Eh2PWfoeqrIPUJrlrAoaBGuZDDS3dwG6dNdTJ3GCvG7H6efMzAMDZQoC-3yIcevw3VA&mlSearchSessionGuid=aec44f87a8f4c8ed4ce1126ee3e5f300";"2 комнатные";"https://www.cian.ru/kupit-2-komnatnuyu-kvartiru-moskovskaya-oblast/";"20469";"4";"22";"done";"";"2026-06-13 00:34:47";"2026-06-13 02:34:19";""
"cian";"cian_324197001";"324197001";"https://www.cian.ru/sale/flat/324197001/";"https://zhukovsky.cian.ru/sale/flat/324197001/?context=4.ZNPqgpQWsys.PjsxQnSrdEW8nQZU7dmml5P21HMlIQPqFNdV7ChlMhjBa9bTsCpA4ARxVPbKQUWnzHjen2kjX7PHiA&mlSearchSessionGuid=aec44f87a8f4c8ed4ce1126ee3e5f300";"2 комнатные";"https://www.cian.ru/kupit-2-komnatnuyu-kvartiru-moskovskaya-oblast/";"20469";"4";"23";"done";"";"2026-06-13 00:34:47";"2026-06-13 02:34:34";""
"cian";"cian_330320453";"330320453";"https://www.cian.ru/sale/flat/330320453/";"https://khimki.cian.ru/sale/flat/330320453/?context=4.hK6MAtaG98Y.63_aOGrWim7wZweZFcdo3z5arngK-AdSaF3teGcR0XxDzBvAv_F8k2fePCO6RQfR_Rgbmx93J49-uQ&mlSearchSessionGuid=aec44f87a8f4c8ed4ce1126ee3e5f300";"2 комнатные";"https://www.cian.ru/kupit-2-komnatnuyu-kvartiru-moskovskaya-oblast/";"20469";"4";"24";"done";"";"2026-06-13 00:34:47";"2026-06-13 02:34:50";""
"cian";"cian_328295520";"328295520";"https://www.cian.ru/sale/flat/328295520/";"https://www.cian.ru/sale/flat/328295520/?context=4.8ein3-B53E8.iP7GsnjAAyXnFE1ExwsCTVO3Lt4Wnaz3dm-3MpT1LuK3wz3o1HMaef_NPaIsXLxrNKCCIHlYjQU5eg&mlSearchSessionGuid=aec44f87a8f4c8ed4ce1126ee3e5f300";"2 комнатные";"https://www.cian.ru/kupit-2-komnatnuyu-kvartiru-moskovskaya-oblast/";"20469";"4";"25";"done";"";"2026-06-13 00:34:47";"2026-06-13 02:35:05";""
"cian";"cian_328793944";"328793944";"https://www.cian.ru/sale/flat/328793944/";"https://krasnogorsk.cian.ru/sale/flat/328793944/?context=4.szWg5UIwk70.Je0uHqL_sh-b-OVtUtCyPlhPejToEpnq9ErOajMmdzU8hptuDvrMPXMKCmMvICwM5Ue_7rA_CgbORw&mlSearchSessionGuid=aec44f87a8f4c8ed4ce1126ee3e5f300";"2 комнатные";"https://www.cian.ru/kupit-2-komnatnuyu-kvartiru-moskovskaya-oblast/";"20469";"4";"26";"done";"";"2026-06-13 00:34:47";"2026-06-13 02:35:20";""
"cian";"cian_330656970";"330656970";"https://www.cian.ru/sale/flat/330656970/";"https://odintsovo.cian.ru/sale/flat/330656970/?context=4.OiHCo6i722s.-rpVKDbluaEPHL6OnvdOTey0Es7oLwuN-RWZDaSHboQDUYy-yZQN01yW8PIxJ51P7w9KcFVQarNlPg&mlSearchSessionGuid=aec44f87a8f4c8ed4ce1126ee3e5f300";"2 комнатные";"https://www.cian.ru/kupit-2-komnatnuyu-kvartiru-moskovskaya-oblast/";"20469";"4";"27";"done";"";"2026-06-13 00:34:47";"2026-06-13 02:35:34";""
"cian";"cian_325785166";"325785166";"https://www.cian.ru/sale/flat/325785166/";"https://mytishchi.cian.ru/sale/flat/325785166/?context=4.7FfiIeZZW8k.1P-o2OOWHSa0CHYkTUL8WcbZaH5dCp7e6MfRaMhb3XcwIKoSZIAIEC3aNecnRcZeC6HPrZVQpfP2BA&mlSearchSessionGuid=aec44f87a8f4c8ed4ce1126ee3e5f300";"2 комнатные";"https://www.cian.ru/kupit-2-komnatnuyu-kvartiru-moskovskaya-oblast/";"20469";"4";"28";"done";"";"2026-06-13 00:34:47";"2026-06-13 02:35:49";""
"cian";"cian_330485918";"330485918";"https://www.cian.ru/sale/flat/330485918/";"https://chekhov.cian.ru/sale/flat/330485918/?context=4.1Z_QD36PecM.rjOrm_DUOfXXiQ_OSbq1UZq3FT4M8JjhsCRrskNKihE7umht0Z2De-ToKhGzXIv9nLfxHf_hBLnD8w&mlSearchSessionGuid=aec44f87a8f4c8ed4ce1126ee3e5f300";"2 комнатные";"https://www.cian.ru/kupit-2-komnatnuyu-kvartiru-moskovskaya-oblast/";"20469";"5";"1";"done";"";"2026-06-13 00:35:39";"2026-06-13 02:36:04";""
"cian";"cian_330878117";"330878117";"https://www.cian.ru/sale/flat/330878117/";"https://krasnogorsk.cian.ru/sale/flat/330878117/?context=4.6B69NzmIRRg.tZefy_H_mmGoBsTqwBUiPpNOQkbRlCx09Ty9Q2H1Ldas2_XaZZm-QWbc23iAgAkufLTs8aCHQfI-Nw&mlSearchSessionGuid=aec44f87a8f4c8ed4ce1126ee3e5f300";"2 комнатные";"https://www.cian.ru/kupit-2-komnatnuyu-kvartiru-moskovskaya-oblast/";"20469";"5";"2";"done";"";"2026-06-13 00:35:39";"2026-06-13 02:36:18";""
"cian";"cian_330926644";"330926644";"https://www.cian.ru/sale/flat/330926644/";"https://naro-fominsk.cian.ru/sale/flat/330926644/?context=4.izh0YY8uFfw.Is96Fp5HpqzG0vaYgprgWv45GMOo28khTqNtrQ1EEU3fCy0rn2dv4TXYymtudGb-F-y2M1TTsiZ7bQ&mlSearchSessionGuid=aec44f87a8f4c8ed4ce1126ee3e5f300";"2 комнатные";"https://www.cian.ru/kupit-2-komnatnuyu-kvartiru-moskovskaya-oblast/";"20469";"5";"3";"done";"";"2026-06-13 00:35:39";"2026-06-13 02:36:31";""
"cian";"cian_323338804";"323338804";"https://www.cian.ru/sale/flat/323338804/";"https://pavlovsky-posad.cian.ru/sale/flat/323338804/?context=4.sCEU-tSJv4c.zVohRVgJM7QlSqMUX9qzBnVbIE_B5QQyl3S1WAkeNYSeFqrQJc-_q_fIZfwnnM3d1jeMu9OawosBVQ&mlSearchSessionGuid=aec44f87a8f4c8ed4ce1126ee3e5f300";"2 комнатные";"https://www.cian.ru/kupit-2-komnatnuyu-kvartiru-moskovskaya-oblast/";"20469";"5";"4";"done";"";"2026-06-13 00:35:39";"2026-06-13 02:36:47";""
"cian";"cian_329695186";"329695186";"https://www.cian.ru/sale/flat/329695186/";"https://korolev.cian.ru/sale/flat/329695186/?context=4.2083pEM0TtE.ECvscU3cdTiLFxU4Yq2PqMaf-U7qZaHmGMXWHnpA0_d11KADaoj_-xDmNh0TKjTgjhuK_CGUi_ICBg&mlSearchSessionGuid=aec44f87a8f4c8ed4ce1126ee3e5f300";"2 комнатные";"https://www.cian.ru/kupit-2-komnatnuyu-kvartiru-moskovskaya-oblast/";"20469";"5";"5";"done";"";"2026-06-13 00:35:39";"2026-06-13 02:37:02";""
"cian";"cian_330926651";"330926651";"https://www.cian.ru/sale/flat/330926651/";"https://naro-fominsk.cian.ru/sale/flat/330926651/?context=4.5Sx9QcNrJsM.UuZ_ihYdTBZdz41excFYQv15NY9KqwCO2QzSfCUyCfqFCfnuYSLWSzCPpkpGY4o7cE_8qrmYXn88yw&mlSearchSessionGuid=aec44f87a8f4c8ed4ce1126ee3e5f300";"2 комнатные";"https://www.cian.ru/kupit-2-komnatnuyu-kvartiru-moskovskaya-oblast/";"20469";"5";"6";"done";"";"2026-06-13 00:35:39";"2026-06-13 02:37:15";""
"cian";"cian_326963130";"326963130";"https://www.cian.ru/sale/flat/326963130/";"https://noginsk.cian.ru/sale/flat/326963130/?context=4.ju4vDLCGEp4.uW63KPR-F_ZLZu0m4YRCyQd_5UUecFPV1nhCfqSxjEaVcZYaZHmczGq-O7YfGu39_Ii4oMhPlXUDyQ&mlSearchSessionGuid=aec44f87a8f4c8ed4ce1126ee3e5f300";"2 комнатные";"https://www.cian.ru/kupit-2-komnatnuyu-kvartiru-moskovskaya-oblast/";"20469";"5";"7";"done";"";"2026-06-13 00:35:39";"2026-06-13 02:37:29";""
"cian";"cian_330265821";"330265821";"https://www.cian.ru/sale/flat/330265821/";"https://staraya-kupavna.cian.ru/sale/flat/330265821/?context=4.l8I7ZzA_S80.9mwFJ5HQag-vCEWa_7Q2GYuh76GEW2OTObgFNHfmMu39DV-v-t03t_H9VMAKdhlviKl-oxCosoaZyQ&mlSearchSessionGuid=aec44f87a8f4c8ed4ce1126ee3e5f300";"2 комнатные";"https://www.cian.ru/kupit-2-komnatnuyu-kvartiru-moskovskaya-oblast/";"20469";"5";"8";"done";"";"2026-06-13 00:35:39";"2026-06-13 02:37:45";""
"cian";"cian_330926641";"330926641";"https://www.cian.ru/sale/flat/330926641/";"https://naro-fominsk.cian.ru/sale/flat/330926641/?context=4._k17kZZRqf8.fnEocaydCHXm_WvJvAyrAkgk8mS17HMbU7wc20QS2LmsF9QG8OfpdUFGZVToMS4bLcPJtoDGmNNa0Q&mlSearchSessionGuid=aec44f87a8f4c8ed4ce1126ee3e5f300";"2 комнатные";"https://www.cian.ru/kupit-2-komnatnuyu-kvartiru-moskovskaya-oblast/";"20469";"5";"9";"done";"";"2026-06-13 00:35:39";"2026-06-13 02:37:58";""
"cian";"cian_327062678";"327062678";"https://www.cian.ru/sale/flat/327062678/";"https://reutov.cian.ru/sale/flat/327062678/?context=4.k1g1feRwEOg.Rv5d8A-sv2kbC89SzZbnuHtoU3f0urQIbIVFOwTs_w1Zjx-51znXsNHSBKmkUuHya0J9HVY7gHBYWw&mlSearchSessionGuid=aec44f87a8f4c8ed4ce1126ee3e5f300";"2 комнатные";"https://www.cian.ru/kupit-2-komnatnuyu-kvartiru-moskovskaya-oblast/";"20469";"5";"10";"done";"";"2026-06-13 00:35:39";"2026-06-13 02:38:13";""
"cian";"cian_330782292";"330782292";"https://www.cian.ru/sale/flat/330782292/";"https://balashikha.cian.ru/sale/flat/330782292/?context=4.8qI6hlE5xDo.ZI4QY2EyEwqG0hjVLWx6_-goxZBdLjDkwFRHYwa1lMRIdQXFJwmmZZs809AvHmhuznqOEr3ceB8lLw&mlSearchSessionGuid=aec44f87a8f4c8ed4ce1126ee3e5f300";"2 комнатные";"https://www.cian.ru/kupit-2-komnatnuyu-kvartiru-moskovskaya-oblast/";"20469";"5";"11";"done";"";"2026-06-13 00:35:39";"2026-06-13 02:38:27";""
"cian";"cian_330926671";"330926671";"https://www.cian.ru/sale/flat/330926671/";"https://naro-fominsk.cian.ru/sale/flat/330926671/?context=4.-tsfVKrBxRM.faOrrEx2SYM1Iv87amHz2XnllqkD3tpxOMdS4kvnAOgb9xIXiONupI-0rbL9ouOyaE8FH_JDcgnQHg&mlSearchSessionGuid=aec44f87a8f4c8ed4ce1126ee3e5f300";"2 комнатные";"https://www.cian.ru/kupit-2-komnatnuyu-kvartiru-moskovskaya-oblast/";"20469";"5";"12";"done";"";"2026-06-13 00:35:39";"2026-06-13 02:38:41";""
"cian";"cian_329278085";"329278085";"https://www.cian.ru/sale/flat/329278085/";"https://podolsk.cian.ru/sale/flat/329278085/?context=4.BGSFL08peLs.KkyR1oSwLKOMHWjzF5m5xb02mW6BHYAvKn2tlFRuqzRZNn8wG8FFFKPGusnGrk3KajVqKn8bfxDYaA&mlSearchSessionGuid=aec44f87a8f4c8ed4ce1126ee3e5f300";"2 комнатные";"https://www.cian.ru/kupit-2-komnatnuyu-kvartiru-moskovskaya-oblast/";"20469";"5";"13";"done";"";"2026-06-13 00:35:39";"2026-06-13 02:38:54";""
"cian";"cian_330766662";"330766662";"https://www.cian.ru/sale/flat/330766662/";"https://lyubertsy.cian.ru/sale/flat/330766662/?context=4.OFhqs8GcnFI.t5KN1k6FB_2OjONliiziHzFkPHwYrjtf3aUKqEdVqMVCF7XuJnUnNZH7EQDEwIPJDGhCmfi-C6PEig&mlSearchSessionGuid=aec44f87a8f4c8ed4ce1126ee3e5f300";"2 комнатные";"https://www.cian.ru/kupit-2-komnatnuyu-kvartiru-moskovskaya-oblast/";"20469";"5";"14";"done";"";"2026-06-13 00:35:39";"2026-06-13 02:39:09";""
"cian";"cian_330262689";"330262689";"https://www.cian.ru/sale/flat/330262689/";"https://mytishchi.cian.ru/sale/flat/330262689/?context=4.OqvQHGd4Sfo.4fKdX4wOrHym88M9GJlORAhi5U-S-umm8wucKwZEg14-smmhzYD71ZAZuNUqRlpHv7Vr3cXFfzTq0A&mlSearchSessionGuid=aec44f87a8f4c8ed4ce1126ee3e5f300";"2 комнатные";"https://www.cian.ru/kupit-2-komnatnuyu-kvartiru-moskovskaya-oblast/";"20469";"5";"15";"done";"";"2026-06-13 00:35:39";"2026-06-13 02:39:23";""
"cian";"cian_329688538";"329688538";"https://www.cian.ru/sale/flat/329688538/";"https://balashikha.cian.ru/sale/flat/329688538/?context=4.umUtsrqk6Z4.fojoGjQlv1Z6c7oHMla_ISrUCBbwFLq1CQJeHG2DrrbOBvJfVh7rrHncXQoxhK3HQDYE5ixPEdBDLw&mlSearchSessionGuid=aec44f87a8f4c8ed4ce1126ee3e5f300";"2 комнатные";"https://www.cian.ru/kupit-2-komnatnuyu-kvartiru-moskovskaya-oblast/";"20469";"5";"16";"done";"";"2026-06-13 00:35:39";"2026-06-13 02:39:37";""
"cian";"cian_330009883";"330009883";"https://www.cian.ru/sale/flat/330009883/";"https://dolgoprudny.cian.ru/sale/flat/330009883/?context=4.g4TpqD6Whes.GgvSxe5EO8IjFDN-liobtalJM2u6e0KTjjAcwDrNfO-UTpTmizXEPzrgKTl_6QsQemUyLGuUwCAWog&mlSearchSessionGuid=aec44f87a8f4c8ed4ce1126ee3e5f300";"2 комнатные";"https://www.cian.ru/kupit-2-komnatnuyu-kvartiru-moskovskaya-oblast/";"20469";"5";"17";"done";"";"2026-06-13 00:35:39";"2026-06-13 02:39:52";""
"cian";"cian_301555162";"301555162";"https://www.cian.ru/sale/flat/301555162/";"https://zvenigorod.cian.ru/sale/flat/301555162/?context=4.rIFEygE9KZ4.TpGCSaVDz7wt41Ps7djoWsPNpvu-l9_La9KkxzIXfe8-OA4dUMwo-vmOKcgrE6NeS1Byot3iquHPbQ&mlSearchSessionGuid=aec44f87a8f4c8ed4ce1126ee3e5f300";"2 комнатные";"https://www.cian.ru/kupit-2-komnatnuyu-kvartiru-moskovskaya-oblast/";"20469";"5";"18";"done";"";"2026-06-13 00:35:39";"2026-06-13 02:40:08";""
"cian";"cian_306497146";"306497146";"https://www.cian.ru/sale/flat/306497146/";"https://balashikha.cian.ru/sale/flat/306497146/?context=4.uomBBjjt90w.0JPoNu8xGFolFtEuEs9nO4YA3O6FWefLJdq0--SpD-QaxQM9cUpk7EgivnCaPWHtxm5wBewQ--STiA&mlSearchSessionGuid=aec44f87a8f4c8ed4ce1126ee3e5f300";"2 комнатные";"https://www.cian.ru/kupit-2-komnatnuyu-kvartiru-moskovskaya-oblast/";"20469";"5";"19";"done";"";"2026-06-13 00:35:39";"2026-06-13 02:40:22";""
"cian";"cian_330742178";"330742178";"https://www.cian.ru/sale/flat/330742178/";"https://dolgoprudny.cian.ru/sale/flat/330742178/?context=4.ekAZeKKU94M.PW3t4fwuPjPkOlVm6RLMRUYd-lBo0aqtDN6TMt7UM23YMfMes4x47i42aNToUl73NlvVirkKZTNjqg&mlSearchSessionGuid=aec44f87a8f4c8ed4ce1126ee3e5f300";"2 комнатные";"https://www.cian.ru/kupit-2-komnatnuyu-kvartiru-moskovskaya-oblast/";"20469";"5";"20";"done";"";"2026-06-13 00:35:39";"2026-06-13 02:40:36";""
"cian";"cian_326090244";"326090244";"https://www.cian.ru/sale/flat/326090244/";"https://mytishchi.cian.ru/sale/flat/326090244/?context=4.hjPYrkczodI.7Fg33cx8KjOSOHy6bRsNrf9k9yWyJTPZpwN9biGXYYOfnDPUY4UwQH6Xat4xtG4H0wxeZb78KxAMNQ&mlSearchSessionGuid=aec44f87a8f4c8ed4ce1126ee3e5f300";"2 комнатные";"https://www.cian.ru/kupit-2-komnatnuyu-kvartiru-moskovskaya-oblast/";"20469";"5";"21";"done";"";"2026-06-13 00:35:39";"2026-06-13 02:40:51";""
"cian";"cian_330776179";"330776179";"https://www.cian.ru/sale/flat/330776179/";"https://noginsk.cian.ru/sale/flat/330776179/?context=4.udjDaJxHqw0.lZv_JYrum944Iajr_jxLGLdtoFkjjVv29bzl1m8SCHsux5mm4TRqPOk2T7Huy-oz3EUoZN2IKaaOHA&mlSearchSessionGuid=aec44f87a8f4c8ed4ce1126ee3e5f300";"2 комнатные";"https://www.cian.ru/kupit-2-komnatnuyu-kvartiru-moskovskaya-oblast/";"20469";"5";"22";"done";"";"2026-06-13 00:35:39";"2026-06-13 02:41:06";""
"cian";"cian_328429698";"328429698";"https://www.cian.ru/sale/flat/328429698/";"https://pushkino.cian.ru/sale/flat/328429698/?context=4.FFeQRRqGlXM.MX6ixbpzqxFVLJIJ8fOwrIjvXBS79RV2FctRAHc20fu7Xs1U9kXJkPa7FvgT85d1-htlHj2wHvofpg&mlSearchSessionGuid=aec44f87a8f4c8ed4ce1126ee3e5f300";"2 комнатные";"https://www.cian.ru/kupit-2-komnatnuyu-kvartiru-moskovskaya-oblast/";"20469";"5";"23";"done";"";"2026-06-13 00:35:39";"2026-06-13 02:41:21";""
"cian";"cian_329772072";"329772072";"https://www.cian.ru/sale/flat/329772072/";"https://zvenigorod.cian.ru/sale/flat/329772072/?context=4.sHWIFhDVrb8.ZVDv01VvDbIvQ50TRE-17jMG4nwQ75FTuKeBmhFJu596WxfFR-pcFKMZnkCpqYPPqyCGB8ptVkQeaA&mlSearchSessionGuid=aec44f87a8f4c8ed4ce1126ee3e5f300";"2 комнатные";"https://www.cian.ru/kupit-2-komnatnuyu-kvartiru-moskovskaya-oblast/";"20469";"5";"24";"done";"";"2026-06-13 00:35:39";"2026-06-13 02:41:34";""
"cian";"cian_329256403";"329256403";"https://www.cian.ru/sale/flat/329256403/";"https://vidnoye.cian.ru/sale/flat/329256403/?context=4.6lynEQ7RhD4.qF18Nr9GKdq2TQeAKRejotaglWdnfnpYs2LW8DsvRN-TP9rXPtwB0Wn0zoRXDS-w_0hAM4i-w_8-6g&mlSearchSessionGuid=aec44f87a8f4c8ed4ce1126ee3e5f300";"2 комнатные";"https://www.cian.ru/kupit-2-komnatnuyu-kvartiru-moskovskaya-oblast/";"20469";"5";"25";"done";"";"2026-06-13 00:35:39";"2026-06-13 02:41:49";""
"cian";"cian_318440322";"318440322";"https://www.cian.ru/sale/flat/318440322/";"https://zvenigorod.cian.ru/sale/flat/318440322/?context=4.NSPRmB6Ggrc.wFPv2tJtw8fGlUYt8MYTZD3lVyYPMQn6bJyMj4_X5dXXy_6aM-7RE4E1KSPi8iPBIAx-yKAXWQ1HcQ&mlSearchSessionGuid=aec44f87a8f4c8ed4ce1126ee3e5f300";"2 комнатные";"https://www.cian.ru/kupit-2-komnatnuyu-kvartiru-moskovskaya-oblast/";"20469";"5";"26";"done";"";"2026-06-13 00:35:39";"2026-06-13 02:42:03";""
"cian";"cian_330317385";"330317385";"https://www.cian.ru/sale/flat/330317385/";"https://dedovsk.cian.ru/sale/flat/330317385/?context=4.jNi0r1J73CM.szm59zON7JifJmBVv00yAX7xF8LMw5ulVoDBeEvW5MHjl7WLJ-gMcwfOxqfbaT0ngIs_BP7WnZEznQ&mlSearchSessionGuid=aec44f87a8f4c8ed4ce1126ee3e5f300";"2 комнатные";"https://www.cian.ru/kupit-2-komnatnuyu-kvartiru-moskovskaya-oblast/";"20469";"5";"27";"done";"";"2026-06-13 00:35:39";"2026-06-13 02:42:17";""
"cian";"cian_328446427";"328446427";"https://www.cian.ru/sale/flat/328446427/";"https://vidnoye.cian.ru/sale/flat/328446427/?context=4.Td2ax9_vVo8.YfsNuf3fLvE54nRkuHU0DheI4RwMQibpgrA6mcl6x6DdKzv2wBlaL5tWiQZiC62rZBQewTZaLcOJ_Q&mlSearchSessionGuid=aec44f87a8f4c8ed4ce1126ee3e5f300";"2 комнатные";"https://www.cian.ru/kupit-2-komnatnuyu-kvartiru-moskovskaya-oblast/";"20469";"5";"28";"done";"";"2026-06-13 00:35:39";"2026-06-13 02:42:33";""
"cian";"cian_322957300";"322957300";"https://www.cian.ru/sale/flat/322957300/";"https://krasnogorsk.cian.ru/sale/flat/322957300/?context=4.lQ_j5hF-DgQ.azLE33lcI1wFlPoaHP5zKRc5wEYve-IOOXW4Xs7QYEwBHYpyf9O9MBdZiUZvKFqSzsqPqae1Tbv0DA&mlSearchSessionGuid=aec44f87a8f4c8ed4ce1126ee3e5f300";"2 комнатные";"https://www.cian.ru/kupit-2-komnatnuyu-kvartiru-moskovskaya-oblast/";"20469";"6";"2";"done";"";"2026-06-13 00:36:22";"2026-06-13 02:42:48";""
"cian";"cian_330468325";"330468325";"https://www.cian.ru/sale/flat/330468325/";"https://krasnogorsk.cian.ru/sale/flat/330468325/?context=4.u0nCqi2Eelw.a3caiUARrTA_xcOrbmVR5zEv9MOg3LdWFw3jM6HMprYNu3n4ISfK-z8VI4umPRZ1CqKyy7ZSzRhPzA&mlSearchSessionGuid=aec44f87a8f4c8ed4ce1126ee3e5f300";"2 комнатные";"https://www.cian.ru/kupit-2-komnatnuyu-kvartiru-moskovskaya-oblast/";"20469";"6";"3";"done";"";"2026-06-13 00:36:22";"2026-06-13 02:43:02";""
"cian";"cian_327003726";"327003726";"https://www.cian.ru/sale/flat/327003726/";"https://shchyolkovo.cian.ru/sale/flat/327003726/?context=4.kP0eyIw4RNg.LonbWJ_jycVfTrZRMdhyb31IZwqDg_P3qL8q_S9j_Ca89CRQYeraixmW6KYrBh1ehU0jbZ07NCo4TQ&mlSearchSessionGuid=aec44f87a8f4c8ed4ce1126ee3e5f300";"2 комнатные";"https://www.cian.ru/kupit-2-komnatnuyu-kvartiru-moskovskaya-oblast/";"20469";"6";"4";"done";"";"2026-06-13 00:36:22";"2026-06-13 02:43:17";""
"cian";"cian_324561336";"324561336";"https://www.cian.ru/sale/flat/324561336/";"https://pushkino.cian.ru/sale/flat/324561336/?context=4.0f8f180Ro-Y.qCwYJ5CclbGPTgFFhoFkO6s4VRNVoHP1hoGOALtF1qTmmrpkNOq3cJdXETWEfmbYPwxiK03sv8-aIA&mlSearchSessionGuid=aec44f87a8f4c8ed4ce1126ee3e5f300";"2 комнатные";"https://www.cian.ru/kupit-2-komnatnuyu-kvartiru-moskovskaya-oblast/";"20469";"6";"5";"done";"";"2026-06-13 00:36:22";"2026-06-13 02:43:30";""
"cian";"cian_327795419";"327795419";"https://www.cian.ru/sale/flat/327795419/";"https://pushkino.cian.ru/sale/flat/327795419/?context=4.Nt9vdBm88kc.MbzBZL5Z9AE80yCFAYGJa8O3advZ295R38KPx0F3b9JlkpT6oQgH1sUz3j2lPQTEivjMI3E7hfL4aQ&mlSearchSessionGuid=aec44f87a8f4c8ed4ce1126ee3e5f300";"2 комнатные";"https://www.cian.ru/kupit-2-komnatnuyu-kvartiru-moskovskaya-oblast/";"20469";"6";"6";"done";"";"2026-06-13 00:36:22";"2026-06-13 02:43:45";""
"cian";"cian_327851407";"327851407";"https://www.cian.ru/sale/flat/327851407/";"https://domodedovo.cian.ru/sale/flat/327851407/?context=4.AU2YFt8OLkA.l6vJlmDHX4Gd7NlpTSLcp2wDGEDClvf9zDqQI3pk0-Pht5ovjdX6BljYBYlGZDEEvQj4XTfgV3eLRA&mlSearchSessionGuid=aec44f87a8f4c8ed4ce1126ee3e5f300";"2 комнатные";"https://www.cian.ru/kupit-2-komnatnuyu-kvartiru-moskovskaya-oblast/";"20469";"6";"7";"done";"";"2026-06-13 00:36:22";"2026-06-13 02:44:01";""
"cian";"cian_322718502";"322718502";"https://www.cian.ru/sale/flat/322718502/";"https://zvenigorod.cian.ru/sale/flat/322718502/?context=4.9qw1KNx3g2k.Hda7heVQ_yOOMt1BoqcACQ6sGIjBkSz3tbPWqtGMjYnoWUOlRqtiHhs1Y0Rk2CyGosTv6hI8ND5GIw&mlSearchSessionGuid=aec44f87a8f4c8ed4ce1126ee3e5f300";"2 комнатные";"https://www.cian.ru/kupit-2-komnatnuyu-kvartiru-moskovskaya-oblast/";"20469";"6";"8";"done";"";"2026-06-13 00:36:22";"2026-06-13 02:44:16";""
"cian";"cian_330404898";"330404898";"https://www.cian.ru/sale/flat/330404898/";"https://vidnoye.cian.ru/sale/flat/330404898/?context=4.hOZEGVUtNmY.JsPIzbzXs-sJvbf3y5FtdptUJ8ZZPZwxgJwUN7f9d3_HJyao_OIcObzYbaJQL-Y2tFCVgmxvwqJ-Vw&mlSearchSessionGuid=aec44f87a8f4c8ed4ce1126ee3e5f300";"2 комнатные";"https://www.cian.ru/kupit-2-komnatnuyu-kvartiru-moskovskaya-oblast/";"20469";"6";"9";"done";"";"2026-06-13 00:36:22";"2026-06-13 02:44:30";""
"cian";"cian_330780439";"330780439";"https://www.cian.ru/sale/flat/330780439/";"https://reutov.cian.ru/sale/flat/330780439/?context=4.dU3OYK3h_iE.xcLqBKsOnXK1tNbgUGBSv-6EpNy7QwUZZG8Yb7gbmKWyfugwHV_CoxDiXThMzdofAO9hnpzGebzuLw&mlSearchSessionGuid=aec44f87a8f4c8ed4ce1126ee3e5f300";"2 комнатные";"https://www.cian.ru/kupit-2-komnatnuyu-kvartiru-moskovskaya-oblast/";"20469";"6";"10";"done";"";"2026-06-13 00:36:22";"2026-06-13 02:44:45";""
"cian";"cian_325886005";"325886005";"https://www.cian.ru/sale/flat/325886005/";"https://podolsk.cian.ru/sale/flat/325886005/?context=4.LXWDN4iyICE.1SDAkNXKXxsaorgqT-_m_ugQOJOkBhXe5iDLcH6JGMy6Ip3g_rj1YNShpyBuSWtEPIMNaGBSZsS7hw&mlSearchSessionGuid=aec44f87a8f4c8ed4ce1126ee3e5f300";"2 комнатные";"https://www.cian.ru/kupit-2-komnatnuyu-kvartiru-moskovskaya-oblast/";"20469";"6";"11";"done";"";"2026-06-13 00:36:22";"2026-06-13 02:44:59";""
"cian";"cian_329226091";"329226091";"https://www.cian.ru/sale/flat/329226091/";"https://krasnogorsk.cian.ru/sale/flat/329226091/?context=4.0VM0p-F6whc.2jIQeTmMYwFM5zNFiHKjyqVvv-80JLBEqSdTArN-dx2TqHnXtchw6uyrSQWbrHXMh_WwA2nki3npmg&mlSearchSessionGuid=aec44f87a8f4c8ed4ce1126ee3e5f300";"2 комнатные";"https://www.cian.ru/kupit-2-komnatnuyu-kvartiru-moskovskaya-oblast/";"20469";"6";"12";"done";"";"2026-06-13 00:36:22";"2026-06-13 02:45:14";""
"cian";"cian_330596127";"330596127";"https://www.cian.ru/sale/flat/330596127/";"https://balashikha.cian.ru/sale/flat/330596127/?context=4.nNgJ2MGYopU.qlT3UpnTyLcppaJ3VKeWtkFavXTAdWWjL8wFzNchxui4p3gGDUaEjur4wKPyxIKQcz3yEv_XkmU7_w&mlSearchSessionGuid=aec44f87a8f4c8ed4ce1126ee3e5f300";"2 комнатные";"https://www.cian.ru/kupit-2-komnatnuyu-kvartiru-moskovskaya-oblast/";"20469";"6";"13";"done";"";"2026-06-13 00:36:22";"2026-06-13 02:45:28";""
"cian";"cian_329719658";"329719658";"https://www.cian.ru/sale/flat/329719658/";"https://ivanteyevka.cian.ru/sale/flat/329719658/?context=4.DL0xpOGAAag.rfyGb-0ZZ1CRW4ZIOtqcV5I4_ajtfHmucGRCrwKMCgExwXnx4qLepwGQD0y-5LNkyvW7pBXTEDEwSw&mlSearchSessionGuid=aec44f87a8f4c8ed4ce1126ee3e5f300";"2 комнатные";"https://www.cian.ru/kupit-2-komnatnuyu-kvartiru-moskovskaya-oblast/";"20469";"6";"14";"done";"";"2026-06-13 00:36:22";"2026-06-13 02:45:40";""
"cian";"cian_329489897";"329489897";"https://www.cian.ru/sale/flat/329489897/";"https://vidnoye.cian.ru/sale/flat/329489897/?context=4.RS4HqM6Oi_8.rmLTY4b4UCW70dVwpE4pOCJo4iw2MovZKSPs7RN-dhh9Y9GA5CuflbCiIj4yVTNuIrf5vBXPBCqphQ&mlSearchSessionGuid=aec44f87a8f4c8ed4ce1126ee3e5f300";"2 комнатные";"https://www.cian.ru/kupit-2-komnatnuyu-kvartiru-moskovskaya-oblast/";"20469";"6";"15";"done";"";"2026-06-13 00:36:22";"2026-06-13 02:45:56";""
"cian";"cian_327876079";"327876079";"https://www.cian.ru/sale/flat/327876079/";"https://balashikha.cian.ru/sale/flat/327876079/?context=4.R5kW28e-n0g.j0ufbJEDP_nZLaCZCn2VJT0ZhCUKlETB0tkF4rqxyrOVM6-USl-wQuTVoG6Adci_L3dRKYhGq4jkrg&mlSearchSessionGuid=aec44f87a8f4c8ed4ce1126ee3e5f300";"2 комнатные";"https://www.cian.ru/kupit-2-komnatnuyu-kvartiru-moskovskaya-oblast/";"20469";"6";"16";"done";"";"2026-06-13 00:36:22";"2026-06-13 02:46:11";""
"cian";"cian_330339807";"330339807";"https://www.cian.ru/sale/flat/330339807/";"https://dedovsk.cian.ru/sale/flat/330339807/?context=4.oaHGPdv-jac.aPjfdIEw-G-rQ5xVZbDu67iye6M5tiQAJqWits4BLhEKTLgjBi5DhPunBu6cx5L4IDs6RNNwpnpEbg&mlSearchSessionGuid=aec44f87a8f4c8ed4ce1126ee3e5f300";"2 комнатные";"https://www.cian.ru/kupit-2-komnatnuyu-kvartiru-moskovskaya-oblast/";"20469";"6";"17";"done";"";"2026-06-13 00:36:22";"2026-06-13 02:46:25";""
"cian";"cian_330039260";"330039260";"https://www.cian.ru/sale/flat/330039260/";"https://khimki.cian.ru/sale/flat/330039260/?context=4.i0W6k3vyzWY.v9D0OXgoOQjfGJE6yWDFcRVc5qDiIJ8JmoEdxG-ui40fr4L0q5uSyuvuYGFU5ZrixONdTnFqOs8MBA&mlSearchSessionGuid=aec44f87a8f4c8ed4ce1126ee3e5f300";"2 комнатные";"https://www.cian.ru/kupit-2-komnatnuyu-kvartiru-moskovskaya-oblast/";"20469";"6";"18";"done";"";"2026-06-13 00:36:22";"2026-06-13 02:46:40";""
"cian";"cian_330741983";"330741983";"https://www.cian.ru/sale/flat/330741983/";"https://vidnoye.cian.ru/sale/flat/330741983/?context=4.7U761a4uUDA.13k_Y6fYo8hYhsr5-ifRTaz-RdotH8tg4KBW096gmcN4p0MKtWUxNFYMrhieN72Ut0kjTnD9NQNbxg&mlSearchSessionGuid=aec44f87a8f4c8ed4ce1126ee3e5f300";"2 комнатные";"https://www.cian.ru/kupit-2-komnatnuyu-kvartiru-moskovskaya-oblast/";"20469";"6";"19";"done";"";"2026-06-13 00:36:22";"2026-06-13 02:46:54";""
"cian";"cian_284151632";"284151632";"https://www.cian.ru/sale/flat/284151632/";"https://mytishchi.cian.ru/sale/flat/284151632/?context=4.trGwiRJ9HlU.IBIhR-G8KtNcM8SmHcRFjVcP77SJu-igbelpydrlM4n_zbGXrWBaTQtLVV_e8qppZtT5HQoKJ24Tkg&mlSearchSessionGuid=aec44f87a8f4c8ed4ce1126ee3e5f300";"2 комнатные";"https://www.cian.ru/kupit-2-komnatnuyu-kvartiru-moskovskaya-oblast/";"20469";"6";"20";"done";"";"2026-06-13 00:36:22";"2026-06-13 02:47:09";""
"cian";"cian_327946160";"327946160";"https://www.cian.ru/sale/flat/327946160/";"https://voskresensk.cian.ru/sale/flat/327946160/?context=4.Y9ytVnRypCM.4IoFv0b-GAVpd6Lss8vLK_xrjZTvjxI5pIoI8J1saaYZVTWtwsbYaaZJkDZ5SJo52--9dsb4dH3Mgw&mlSearchSessionGuid=aec44f87a8f4c8ed4ce1126ee3e5f300";"2 комнатные";"https://www.cian.ru/kupit-2-komnatnuyu-kvartiru-moskovskaya-oblast/";"20469";"6";"21";"done";"";"2026-06-13 00:36:22";"2026-06-13 02:47:24";""
"cian";"cian_331027798";"331027798";"https://www.cian.ru/sale/flat/331027798/";"https://lyubertsy.cian.ru/sale/flat/331027798/?context=4.cv94U5D7AyE.qX7R1jqlqNKb1GHbPvd6K8SzCjysTmhqtxovMcKbY3FHo2ctcJW3tYYlLU5Qz83ftPrUeUuXJxfnTQ&mlSearchSessionGuid=aec44f87a8f4c8ed4ce1126ee3e5f300";"2 комнатные";"https://www.cian.ru/kupit-2-komnatnuyu-kvartiru-moskovskaya-oblast/";"20469";"6";"22";"done";"";"2026-06-13 00:36:22";"2026-06-13 02:47:38";""
"cian";"cian_330974307";"330974307";"https://www.cian.ru/sale/flat/330974307/";"https://korolev.cian.ru/sale/flat/330974307/?context=4.btbeP5GNMDU._aW6tlgqwfbPHrpngCfUpwSiqKE77Wy5RXFYF1xN7XG-yX7bpsPBgOcd1BiWNWN4KNu18Gak0ADbsQ&mlSearchSessionGuid=aec44f87a8f4c8ed4ce1126ee3e5f300";"2 комнатные";"https://www.cian.ru/kupit-2-komnatnuyu-kvartiru-moskovskaya-oblast/";"20469";"6";"23";"done";"";"2026-06-13 00:36:22";"2026-06-13 02:47:50";""
"cian";"cian_330849041";"330849041";"https://www.cian.ru/sale/flat/330849041/";"https://solnechnogorsk.cian.ru/sale/flat/330849041/?context=4.9nZMCodAGK8.5StaT99Kk1eKCs1xyofQGWEvH37AxFy5C995WYKnU1lhJN4QqDoTmjBccKUuaQnIOA6rgJ-S41JoUg&mlSearchSessionGuid=aec44f87a8f4c8ed4ce1126ee3e5f300";"2 комнатные";"https://www.cian.ru/kupit-2-komnatnuyu-kvartiru-moskovskaya-oblast/";"20469";"6";"24";"done";"";"2026-06-13 00:36:22";"2026-06-13 02:48:05";""
"cian";"cian_325785295";"325785295";"https://www.cian.ru/sale/flat/325785295/";"https://mytishchi.cian.ru/sale/flat/325785295/?context=4.u-YIW0O9EXk.oRjelkcj-Wo8TeH7nvRoxobbX18Ks9LjEvqjSQK-WdmsiTf2r0_TR7zQ76F9b-Ozp-deKfUdphHmQA&mlSearchSessionGuid=aec44f87a8f4c8ed4ce1126ee3e5f300";"2 комнатные";"https://www.cian.ru/kupit-2-komnatnuyu-kvartiru-moskovskaya-oblast/";"20469";"6";"25";"done";"";"2026-06-13 00:36:22";"2026-06-13 02:48:19";""
"cian";"cian_313662550";"313662550";"https://www.cian.ru/sale/flat/313662550/";"https://korolev.cian.ru/sale/flat/313662550/?context=4.KBxuAtwOQ2s.LOdVtDtIQJrl3ZtHI66bZeAm_x3OpFRXtIoA9mMW9IUX56q-t6xs7HQHTXXW4UuRuWqcJHex7N23zg&mlSearchSessionGuid=aec44f87a8f4c8ed4ce1126ee3e5f300";"2 комнатные";"https://www.cian.ru/kupit-2-komnatnuyu-kvartiru-moskovskaya-oblast/";"20469";"6";"26";"done";"";"2026-06-13 00:36:22";"2026-06-13 02:48:32";""
"cian";"cian_327689701";"327689701";"https://www.cian.ru/sale/flat/327689701/";"https://kurovskoe.cian.ru/sale/flat/327689701/?context=4.mVpIifN1b8g.DH47x8-cFYNgRgJuF94c21QahJp1CPFn_mNeUR_a0rgAjiy0LB8wns9Ba7eUK2U2je8_U0nCKnWUSA&mlSearchSessionGuid=aec44f87a8f4c8ed4ce1126ee3e5f300";"2 комнатные";"https://www.cian.ru/kupit-2-komnatnuyu-kvartiru-moskovskaya-oblast/";"20469";"6";"27";"done";"";"2026-06-13 00:36:22";"2026-06-13 02:48:45";""
"cian";"cian_330768693";"330768693";"https://www.cian.ru/sale/flat/330768693/";"https://balashikha.cian.ru/sale/flat/330768693/?context=4.ObwlQlr0jlQ.YpRvCuqusXx0uA8WO3xL7irjshmSPfe290WIWTLJOahd-2GANRj_tCXyZnVSNDRYiZSpTPnfYC6Mpg&mlSearchSessionGuid=aec44f87a8f4c8ed4ce1126ee3e5f300";"2 комнатные";"https://www.cian.ru/kupit-2-komnatnuyu-kvartiru-moskovskaya-oblast/";"20469";"6";"28";"done";"";"2026-06-13 00:36:22";"2026-06-13 02:48:59";""
"cian";"cian_330234841";"330234841";"https://www.cian.ru/sale/flat/330234841/";"https://pushkino.cian.ru/sale/flat/330234841/?context=4._KvF2rsgSwM.yrBc-JDQVAqmNwH8R_NuXtx0GyrZciyWM8OI2O9m2F0-PrbnuqO8ON4QMl0CM0lJo38KQ099HUVkXw&mlSearchSessionGuid=aec44f87a8f4c8ed4ce1126ee3e5f300";"2 комнатные";"https://www.cian.ru/kupit-2-komnatnuyu-kvartiru-moskovskaya-oblast/";"20469";"7";"1";"done";"";"2026-06-13 00:37:06";"2026-06-13 02:49:12";""
"cian";"cian_330619984";"330619984";"https://www.cian.ru/sale/flat/330619984/";"https://krasnogorsk.cian.ru/sale/flat/330619984/?context=4.CzYPPniqC8Q.OHZQjA7dBRuDVIuC5uGUAxXgYVCx9rzH5AtYgeOdP7I6JjbE_4i4EMzsFdIEHNubQxdcO_MRxlIlpw&mlSearchSessionGuid=aec44f87a8f4c8ed4ce1126ee3e5f300";"2 комнатные";"https://www.cian.ru/kupit-2-komnatnuyu-kvartiru-moskovskaya-oblast/";"20469";"7";"2";"done";"";"2026-06-13 00:37:06";"2026-06-13 02:49:26";""
"cian";"cian_327681750";"327681750";"https://www.cian.ru/sale/flat/327681750/";"https://krasnogorsk.cian.ru/sale/flat/327681750/?context=4.Dsk4sA40DFg.AOSQ9aMHDk64292ySql6UtHX16Y-XVIYU0AhgYISTAwSjC6GNEjtiOpvNI7UeF4cYWSNbdpHQDQBcA&mlSearchSessionGuid=aec44f87a8f4c8ed4ce1126ee3e5f300";"2 комнатные";"https://www.cian.ru/kupit-2-komnatnuyu-kvartiru-moskovskaya-oblast/";"20469";"7";"3";"done";"";"2026-06-13 00:37:06";"2026-06-13 02:49:39";""
"cian";"cian_324563500";"324563500";"https://www.cian.ru/sale/flat/324563500/";"https://ivanteyevka.cian.ru/sale/flat/324563500/?context=4.7tlXl72LcaI.5fa4OncB_ebWaur062PwwJ8uAYAgaBDLnvMh7TE1s9PFlTMXsJDlpn3eK5UBbj8SuJIAMzdUpuO3WQ&mlSearchSessionGuid=aec44f87a8f4c8ed4ce1126ee3e5f300";"2 комнатные";"https://www.cian.ru/kupit-2-komnatnuyu-kvartiru-moskovskaya-oblast/";"20469";"7";"4";"done";"";"2026-06-13 00:37:06";"2026-06-13 02:49:52";""
"cian";"cian_328678380";"328678380";"https://www.cian.ru/sale/flat/328678380/";"https://mytishchi.cian.ru/sale/flat/328678380/?context=4.ivFlaFyfels.p2EBB4YeQ-H3SjTtW5dfXUV8e2EdMRwAMEjx-MsKMWVhaqjR_n4yNxv2rHfvqhwqlqjDwmgh0ltNTg&mlSearchSessionGuid=aec44f87a8f4c8ed4ce1126ee3e5f300";"2 комнатные";"https://www.cian.ru/kupit-2-komnatnuyu-kvartiru-moskovskaya-oblast/";"20469";"7";"5";"done";"";"2026-06-13 00:37:06";"2026-06-13 02:50:06";""
"cian";"cian_330158414";"330158414";"https://www.cian.ru/sale/flat/330158414/";"https://balashikha.cian.ru/sale/flat/330158414/?context=4.JFVb9SA2ZKg.Mu3atWHjUwAJDUTXd6QRuOmSECEj1hlYPrX7dr6npfUZTa6Wd4WUYuBZIdRYrCmpBBC31OIsnxvhqw&mlSearchSessionGuid=aec44f87a8f4c8ed4ce1126ee3e5f300";"2 комнатные";"https://www.cian.ru/kupit-2-komnatnuyu-kvartiru-moskovskaya-oblast/";"20469";"7";"6";"done";"";"2026-06-13 00:37:06";"2026-06-13 02:50:20";""
"cian";"cian_324561309";"324561309";"https://www.cian.ru/sale/flat/324561309/";"https://pushkino.cian.ru/sale/flat/324561309/?context=4.3LNkp9yVbwk.EWA9oaXmYW6sw_kfJqQW7vw17tB5AdTbNFQKkB-XZ8LcuVgcErA22wczPaHcf5bNacoZ4nmjPyr6aQ&mlSearchSessionGuid=aec44f87a8f4c8ed4ce1126ee3e5f300";"2 комнатные";"https://www.cian.ru/kupit-2-komnatnuyu-kvartiru-moskovskaya-oblast/";"20469";"7";"7";"done";"";"2026-06-13 00:37:06";"2026-06-13 02:50:34";""
"cian";"cian_329977450";"329977450";"https://www.cian.ru/sale/flat/329977450/";"https://zvenigorod.cian.ru/sale/flat/329977450/?context=4.z8pepZIwCSw.vcBKxeggTVbINrrN2QB54r2G6bU0qu7A4kB6P3Psdn8vjYfoSzkFun8xWq-M6hIQXrSuNeeVSi-xfA&mlSearchSessionGuid=aec44f87a8f4c8ed4ce1126ee3e5f300";"2 комнатные";"https://www.cian.ru/kupit-2-komnatnuyu-kvartiru-moskovskaya-oblast/";"20469";"7";"8";"done";"";"2026-06-13 00:37:06";"2026-06-13 02:50:48";""
"cian";"cian_330676771";"330676771";"https://www.cian.ru/sale/flat/330676771/";"https://krasnogorsk.cian.ru/sale/flat/330676771/?context=4.pqowDEwfnVM.bQFELKXjddUfkZkW4rJhKAsKcw9UpoGuvxs_m6NzAof0SRYYzsSkJMRS-BDCKfCA-r1VIitjeJX-sQ&mlSearchSessionGuid=aec44f87a8f4c8ed4ce1126ee3e5f300";"2 комнатные";"https://www.cian.ru/kupit-2-komnatnuyu-kvartiru-moskovskaya-oblast/";"20469";"7";"9";"done";"";"2026-06-13 00:37:06";"2026-06-13 02:51:03";""
"cian";"cian_327731763";"327731763";"https://www.cian.ru/sale/flat/327731763/";"https://dmitrov.cian.ru/sale/flat/327731763/?context=4.57B9RI_Zyik.SaIxh0zQtg0j5_Xr7JNtyQgPTiMsN78s-jJ5fZZf4kIjB-tcb5fWcH9Kte3qBCsciEZmDffFwwTxug&mlSearchSessionGuid=aec44f87a8f4c8ed4ce1126ee3e5f300";"2 комнатные";"https://www.cian.ru/kupit-2-komnatnuyu-kvartiru-moskovskaya-oblast/";"20469";"7";"10";"done";"";"2026-06-13 00:37:06";"2026-06-13 02:51:18";""
"cian";"cian_327639866";"327639866";"https://www.cian.ru/sale/flat/327639866/";"https://dedovsk.cian.ru/sale/flat/327639866/?context=4.TSphA1DKXS8.i6BTgJNSmx-19-7ZMmzAKA8CbPXiL7PiReH8rq3weTakBBegtdMy1dbeewPFf1dBAXEPbrm_EfR9jg&mlSearchSessionGuid=aec44f87a8f4c8ed4ce1126ee3e5f300";"2 комнатные";"https://www.cian.ru/kupit-2-komnatnuyu-kvartiru-moskovskaya-oblast/";"20469";"7";"11";"done";"";"2026-06-13 00:37:06";"2026-06-13 02:51:33";""
"cian";"cian_329655219";"329655219";"https://www.cian.ru/sale/flat/329655219/";"https://lyubertsy.cian.ru/sale/flat/329655219/?context=4.GeCymfDjbJQ.jq-9-c-BjCPW-m9X7MpOqw5G6S8roqESjgWOcvhb_mOxbeiiW4tbAVs_POHl5s9HHxDAY4IInLmPeQ&mlSearchSessionGuid=aec44f87a8f4c8ed4ce1126ee3e5f300";"2 комнатные";"https://www.cian.ru/kupit-2-komnatnuyu-kvartiru-moskovskaya-oblast/";"20469";"7";"12";"done";"";"2026-06-13 00:37:06";"2026-06-13 02:51:48";""
"cian";"cian_324563264";"324563264";"https://www.cian.ru/sale/flat/324563264/";"https://pushkino.cian.ru/sale/flat/324563264/?context=4.l0wZC8ntA9Q.Wq3H-nFJhui5PUCeZhQP5d3Xkc80T_H63mvh0oILZ6po_VGJS5POmeWUuNLexikDJu7GL0Mw6EmKoQ&mlSearchSessionGuid=aec44f87a8f4c8ed4ce1126ee3e5f300";"2 комнатные";"https://www.cian.ru/kupit-2-komnatnuyu-kvartiru-moskovskaya-oblast/";"20469";"7";"13";"done";"";"2026-06-13 00:37:06";"2026-06-13 02:52:01";""
"cian";"cian_326658820";"326658820";"https://www.cian.ru/sale/flat/326658820/";"https://zvenigorod.cian.ru/sale/flat/326658820/?context=4.Xx45FkWBX5A.hNxrwi0FBYdgWy2CQM0Da7b9b4VmdC9KaLyPu5g51qxMa8yr1p6sOFh-2TzS7lY7sTKH47g32X2l-Q&mlSearchSessionGuid=aec44f87a8f4c8ed4ce1126ee3e5f300";"2 комнатные";"https://www.cian.ru/kupit-2-komnatnuyu-kvartiru-moskovskaya-oblast/";"20469";"7";"14";"done";"";"2026-06-13 00:37:06";"2026-06-13 02:52:17";""
"cian";"cian_329722204";"329722204";"https://www.cian.ru/sale/flat/329722204/";"https://khimki.cian.ru/sale/flat/329722204/?context=4.wcJtDbot-40.qVe4h5awp9DzOrKSjv5R-9U-fOp-AxpGHc0P-AD4iehIz5iI6WCFmEpwWU99CreXe1w0_heRlkVIAg&mlSearchSessionGuid=aec44f87a8f4c8ed4ce1126ee3e5f300";"2 комнатные";"https://www.cian.ru/kupit-2-komnatnuyu-kvartiru-moskovskaya-oblast/";"20469";"7";"15";"done";"";"2026-06-13 00:37:06";"2026-06-13 02:52:32";""
"cian";"cian_330498565";"330498565";"https://www.cian.ru/sale/flat/330498565/";"https://ivanteyevka.cian.ru/sale/flat/330498565/?context=4.FckME06ezmY.AYvnhjcwcKhyGNs-mBaKLWa3zTmB9glrKLOC0HtaZGOsrthFSmzPrH9evt2jEJnm04KueGeb1kL-fw&mlSearchSessionGuid=aec44f87a8f4c8ed4ce1126ee3e5f300";"2 комнатные";"https://www.cian.ru/kupit-2-komnatnuyu-kvartiru-moskovskaya-oblast/";"20469";"7";"16";"done";"";"2026-06-13 00:37:06";"2026-06-13 02:52:45";""
"cian";"cian_328789482";"328789482";"https://www.cian.ru/sale/flat/328789482/";"https://podolsk.cian.ru/sale/flat/328789482/?context=4.3bFht0WjJgo.8nr2nTSbCeP6i-YXfsyKz0EdlqaI0MlMzfx9GC_Zpi-hNiAI0LFFUZX_tHe9vXP8hRx9RAElIWUMBw&mlSearchSessionGuid=aec44f87a8f4c8ed4ce1126ee3e5f300";"2 комнатные";"https://www.cian.ru/kupit-2-komnatnuyu-kvartiru-moskovskaya-oblast/";"20469";"7";"17";"done";"";"2026-06-13 00:37:06";"2026-06-13 02:53:00";""
"cian";"cian_313348158";"313348158";"https://www.cian.ru/sale/flat/313348158/";"https://korolev.cian.ru/sale/flat/313348158/?context=4.7-JlUvJXt-A.zte0ooOPRfdleC6oKSBoYPyv9C846PqNdK30Y3mSFrr-iX8aMkWywO7nU2Pu9URIujipntKuKo2Ovw&mlSearchSessionGuid=aec44f87a8f4c8ed4ce1126ee3e5f300";"2 комнатные";"https://www.cian.ru/kupit-2-komnatnuyu-kvartiru-moskovskaya-oblast/";"20469";"7";"18";"done";"";"2026-06-13 00:37:06";"2026-06-13 02:53:15";""
"cian";"cian_327731762";"327731762";"https://www.cian.ru/sale/flat/327731762/";"https://dmitrov.cian.ru/sale/flat/327731762/?context=4.nGW24sB2o0I.kM3CJ4kJNg0nSfu48jSm98LLIFacO-8ip1eaXjxq0jc4BrwLXE3nKXT8Q9ZqtZGdaw44Fm3vpXOx5Q&mlSearchSessionGuid=aec44f87a8f4c8ed4ce1126ee3e5f300";"2 комнатные";"https://www.cian.ru/kupit-2-komnatnuyu-kvartiru-moskovskaya-oblast/";"20469";"7";"19";"done";"";"2026-06-13 00:37:06";"2026-06-13 02:53:30";""
"cian";"cian_328760041";"328760041";"https://www.cian.ru/sale/flat/328760041/";"https://krasnogorsk.cian.ru/sale/flat/328760041/?context=4.BafEwLwP3Rc.LZKPVqEq74jfREDbhX5fXBCjgtJqiFq2-AEEzvcq_Q0VohTR_XMMOnEFq5-ss-VwVhm7lqNLgepjvQ&mlSearchSessionGuid=aec44f87a8f4c8ed4ce1126ee3e5f300";"2 комнатные";"https://www.cian.ru/kupit-2-komnatnuyu-kvartiru-moskovskaya-oblast/";"20469";"7";"20";"done";"";"2026-06-13 00:37:06";"2026-06-13 02:53:44";""
"cian";"cian_330739986";"330739986";"https://www.cian.ru/sale/flat/330739986/";"https://lyubertsy.cian.ru/sale/flat/330739986/?context=4.eAJ1x8zdc3A.zYwHYfIDThTvSIabAr_mCpne2fKotAd107AsVMfl-kidOqeg5b90UE9ERYEZQ8zcnn16SylGCvClUQ&mlSearchSessionGuid=aec44f87a8f4c8ed4ce1126ee3e5f300";"2 комнатные";"https://www.cian.ru/kupit-2-komnatnuyu-kvartiru-moskovskaya-oblast/";"20469";"7";"21";"done";"";"2026-06-13 00:37:06";"2026-06-13 02:53:58";""
"cian";"cian_326657495";"326657495";"https://www.cian.ru/sale/flat/326657495/";"https://korolev.cian.ru/sale/flat/326657495/?context=4.aSxOSacDmYk.j7_deqFA5_gbk2WNbCaVUMfv22YpKcIAOCgAGkgZipD0ioVXSOZiDx7VdTjd0Usbatc9sD20CvrxhA&mlSearchSessionGuid=aec44f87a8f4c8ed4ce1126ee3e5f300";"2 комнатные";"https://www.cian.ru/kupit-2-komnatnuyu-kvartiru-moskovskaya-oblast/";"20469";"7";"22";"done";"";"2026-06-13 00:37:06";"2026-06-13 02:54:12";""
"cian";"cian_328762310";"328762310";"https://www.cian.ru/sale/flat/328762310/";"https://pushkino.cian.ru/sale/flat/328762310/?context=4.YALRi06dBXg.zk1U8iRwJJhALG1TAtGmNjaNDTQoP1HN5Xm4A2qA_CaqajpavWUdgXc5jexs2SZpFGJpHHrfR3pn0w&mlSearchSessionGuid=aec44f87a8f4c8ed4ce1126ee3e5f300";"2 комнатные";"https://www.cian.ru/kupit-2-komnatnuyu-kvartiru-moskovskaya-oblast/";"20469";"7";"23";"done";"";"2026-06-13 00:37:06";"2026-06-13 02:54:27";""
"cian";"cian_330331157";"330331157";"https://www.cian.ru/sale/flat/330331157/";"https://fryazino.cian.ru/sale/flat/330331157/?context=4.zeV_YI1cXIo.ItFHQJlxA4k8GLcH7YHiNpFj30fHNSiWCVpQGL0lTkKTz9EsdJEb7ib8iWrgngdQHhocIIzgiQ0O1A&mlSearchSessionGuid=aec44f87a8f4c8ed4ce1126ee3e5f300";"2 комнатные";"https://www.cian.ru/kupit-2-komnatnuyu-kvartiru-moskovskaya-oblast/";"20469";"7";"24";"done";"";"2026-06-13 00:37:06";"2026-06-13 02:54:42";""
"cian";"cian_323014706";"323014706";"https://www.cian.ru/sale/flat/323014706/";"https://krasnogorsk.cian.ru/sale/flat/323014706/?context=4.gP6uswl8qMw.fSDl3IQgKd0OOcbhEFdHIWSFfD5W1-RFyDxwxQQjWut7LgPiFR2qAwug6gtuSrVdJKciOO9bGr4iXA&mlSearchSessionGuid=aec44f87a8f4c8ed4ce1126ee3e5f300";"2 комнатные";"https://www.cian.ru/kupit-2-komnatnuyu-kvartiru-moskovskaya-oblast/";"20469";"7";"25";"done";"";"2026-06-13 00:37:06";"2026-06-13 02:54:57";""
"cian";"cian_330853916";"330853916";"https://www.cian.ru/sale/flat/330853916/";"https://aprelevka.cian.ru/sale/flat/330853916/?context=4.typBYPnY2Ts.1yxum0p36H60qsC64FeWnNhLGN89nqGJAqRL2Cj4wy5yCr9sYHlSsjvGdqVE8BeCKGQtIngbVdNZDQ&mlSearchSessionGuid=aec44f87a8f4c8ed4ce1126ee3e5f300";"2 комнатные";"https://www.cian.ru/kupit-2-komnatnuyu-kvartiru-moskovskaya-oblast/";"20469";"7";"26";"done";"";"2026-06-13 00:37:06";"2026-06-13 02:55:12";""
"cian";"cian_330667375";"330667375";"https://www.cian.ru/sale/flat/330667375/";"https://balashikha.cian.ru/sale/flat/330667375/?context=4.uP3H9yKk18g.-WEczwOIDZ3lskbtU500LTg76KVcvrxhGDFaLxnKUl1zYETzKZhNTVQOsGNa47AxbXccqUukdGuB9w&mlSearchSessionGuid=aec44f87a8f4c8ed4ce1126ee3e5f300";"2 комнатные";"https://www.cian.ru/kupit-2-komnatnuyu-kvartiru-moskovskaya-oblast/";"20469";"7";"27";"done";"";"2026-06-13 00:37:06";"2026-06-13 02:55:26";""
"cian";"cian_325885991";"325885991";"https://www.cian.ru/sale/flat/325885991/";"https://podolsk.cian.ru/sale/flat/325885991/?context=4.rScj_K7TsZE.LzC7ke46wTXWVOJ4UnGJKVvV3GTGaCAgVsiSProBZ0YItvBy4ySonNDJbbiz5ilQMHb9u7H5Bp2uaw&mlSearchSessionGuid=aec44f87a8f4c8ed4ce1126ee3e5f300";"2 комнатные";"https://www.cian.ru/kupit-2-komnatnuyu-kvartiru-moskovskaya-oblast/";"20469";"7";"28";"done";"";"2026-06-13 00:37:06";"2026-06-13 02:55:40";""
"cian";"cian_327934730";"327934730";"https://www.cian.ru/sale/flat/327934730/";"https://domodedovo.cian.ru/sale/flat/327934730/?context=4.UAYcOv958po.DBjDK98autKMyLae6oE3icp_looqoc5xYpPfNbtddVo5lQSijk2iDzY1vaw5uLf1RO-s5TCrs38mFQ&mlSearchSessionGuid=aec44f87a8f4c8ed4ce1126ee3e5f300";"2 комнатные";"https://www.cian.ru/kupit-2-komnatnuyu-kvartiru-moskovskaya-oblast/";"20469";"8";"1";"done";"";"2026-06-13 00:37:55";"2026-06-13 02:55:55";""
"cian";"cian_329787792";"329787792";"https://www.cian.ru/sale/flat/329787792/";"https://lyubertsy.cian.ru/sale/flat/329787792/?context=4.MVNxObYAwBI.NzS25vm1DqhUbJJhKFRDPiAXYkKkdAOsRTXEObcnyv8Q6QqTim7Qh7c8RSqfP31hAIrnVBTdFntUzQ&mlSearchSessionGuid=aec44f87a8f4c8ed4ce1126ee3e5f300";"2 комнатные";"https://www.cian.ru/kupit-2-komnatnuyu-kvartiru-moskovskaya-oblast/";"20469";"8";"2";"done";"";"2026-06-13 00:37:55";"2026-06-13 02:56:09";""
"cian";"cian_329771792";"329771792";"https://www.cian.ru/sale/flat/329771792/";"https://zvenigorod.cian.ru/sale/flat/329771792/?context=4.M1zzlT6WmWI.OGo8exJl5BVdg-iVOV41v9uZE0EfGTdMkFvbOa-WhognMDynas8Aap9FjCf4NZ4HAWgEvFnVpzyjDA&mlSearchSessionGuid=aec44f87a8f4c8ed4ce1126ee3e5f300";"2 комнатные";"https://www.cian.ru/kupit-2-komnatnuyu-kvartiru-moskovskaya-oblast/";"20469";"8";"3";"done";"";"2026-06-13 00:37:55";"2026-06-13 02:56:22";""
"cian";"cian_327577281";"327577281";"https://www.cian.ru/sale/flat/327577281/";"https://pushkino.cian.ru/sale/flat/327577281/?context=4.vOaUAGNBWwM.MRH_3Tk2dglm5mPTSn8M8lgHYx1xk2GSw5P_zA-GncgsZHkZDQVApGGJNqO54MtjUWL0nJtFFzKiNg&mlSearchSessionGuid=aec44f87a8f4c8ed4ce1126ee3e5f300";"2 комнатные";"https://www.cian.ru/kupit-2-komnatnuyu-kvartiru-moskovskaya-oblast/";"20469";"8";"4";"done";"";"2026-06-13 00:37:55";"2026-06-13 02:56:37";""
"cian";"cian_319364223";"319364223";"https://www.cian.ru/sale/flat/319364223/";"https://ruza.cian.ru/sale/flat/319364223/?context=4.-uq6zOgeXn4.BhNDg284eMRoOdq8VqH60NDdAJC_bGZ-GT0EYXsvTHKeR5vw5nptO1wR9DT5-QsQmYfW2db4vcb0Nw&mlSearchSessionGuid=aec44f87a8f4c8ed4ce1126ee3e5f300";"2 комнатные";"https://www.cian.ru/kupit-2-komnatnuyu-kvartiru-moskovskaya-oblast/";"20469";"8";"5";"done";"";"2026-06-13 00:37:55";"2026-06-13 02:56:52";""
"cian";"cian_324563810";"324563810";"https://www.cian.ru/sale/flat/324563810/";"https://ivanteyevka.cian.ru/sale/flat/324563810/?context=4.EHvjUkbRe5s.ufJj0jLotZKbZ7KMGbMSjBIMF6gpMPMOGly7fMzQSPIgIYDg06_mGzFyJ6EVLWvCleR5ZRtjIimf8Q&mlSearchSessionGuid=aec44f87a8f4c8ed4ce1126ee3e5f300";"2 комнатные";"https://www.cian.ru/kupit-2-komnatnuyu-kvartiru-moskovskaya-oblast/";"20469";"8";"6";"done";"";"2026-06-13 00:37:55";"2026-06-13 02:57:06";""
"cian";"cian_330035972";"330035972";"https://www.cian.ru/sale/flat/330035972/";"https://noginsk.cian.ru/sale/flat/330035972/?context=4.OM8QX9enV-o.AdX0pctt-TFoHuU65wUIn3XOuPDanOtX4_0FEY2sCXMpOYJmZXYjc7g-JhgD0BUMZAowFqaAnHUgnQ&mlSearchSessionGuid=aec44f87a8f4c8ed4ce1126ee3e5f300";"2 комнатные";"https://www.cian.ru/kupit-2-komnatnuyu-kvartiru-moskovskaya-oblast/";"20469";"8";"7";"done";"";"2026-06-13 00:37:55";"2026-06-13 02:57:20";""
"cian";"cian_325598776";"325598776";"https://www.cian.ru/sale/flat/325598776/";"https://korolev.cian.ru/sale/flat/325598776/?context=4.3TowvUGZ184.6kJefWE_jRGox6CnePCEgdy5i4JPvtgL5Fymh7Q4-93voCZWipXgYnWNIHehydUaKzClyVpD6OMXZw&mlSearchSessionGuid=aec44f87a8f4c8ed4ce1126ee3e5f300";"2 комнатные";"https://www.cian.ru/kupit-2-komnatnuyu-kvartiru-moskovskaya-oblast/";"20469";"8";"8";"done";"";"2026-06-13 00:37:55";"2026-06-13 02:57:35";""
"cian";"cian_330194318";"330194318";"https://www.cian.ru/sale/flat/330194318/";"https://pushkino.cian.ru/sale/flat/330194318/?context=4.6VLDs3DmJRs.ZLry88Cap_54-O8YvG_nsl_S2iFjKYmP_dwIf-XM_93HjK0-3d7SCM6MMWgJiia1f4epRElfaaOQUg&mlSearchSessionGuid=aec44f87a8f4c8ed4ce1126ee3e5f300";"2 комнатные";"https://www.cian.ru/kupit-2-komnatnuyu-kvartiru-moskovskaya-oblast/";"20469";"8";"9";"done";"";"2026-06-13 00:37:55";"2026-06-13 02:57:48";""
"cian";"cian_326950468";"326950468";"https://www.cian.ru/sale/flat/326950468/";"https://mytishchi.cian.ru/sale/flat/326950468/?context=4.ou1DHprshGA.MtF3CKIgHxVd2Z-Nk4-Xk8F6fe81wv1Xo83h1UMMjDa4LzLnJ0twx0qqX80jw6x0RZf_3wB626REgg&mlSearchSessionGuid=aec44f87a8f4c8ed4ce1126ee3e5f300";"2 комнатные";"https://www.cian.ru/kupit-2-komnatnuyu-kvartiru-moskovskaya-oblast/";"20469";"8";"10";"done";"";"2026-06-13 00:37:55";"2026-06-13 02:58:03";""
"cian";"cian_320636765";"320636765";"https://www.cian.ru/sale/flat/320636765/";"https://shchyolkovo.cian.ru/sale/flat/320636765/?context=4.WPgh1aCNZ48.4RGONAqHRuSGxbIvGp76_sYmCgC9XCrpJ_IArDDbincnJCAQuwQnTitDejzSceCx5ttQNCUg0OSMBQ&mlSearchSessionGuid=aec44f87a8f4c8ed4ce1126ee3e5f300";"2 комнатные";"https://www.cian.ru/kupit-2-komnatnuyu-kvartiru-moskovskaya-oblast/";"20469";"8";"11";"done";"";"2026-06-13 00:37:55";"2026-06-13 02:58:17";""
"cian";"cian_329699521";"329699521";"https://www.cian.ru/sale/flat/329699521/";"https://aprelevka.cian.ru/sale/flat/329699521/?context=4.zZy_C8ErUvQ.aSpkhnyNzVeTGfloSZU_yhWnplMiwTNqz6Xw2CBYJFFd4F23bna-XY9cUX2WRJ5jg50ES_-Y3zvdtQ&mlSearchSessionGuid=aec44f87a8f4c8ed4ce1126ee3e5f300";"2 комнатные";"https://www.cian.ru/kupit-2-komnatnuyu-kvartiru-moskovskaya-oblast/";"20469";"8";"12";"done";"";"2026-06-13 00:37:55";"2026-06-13 02:58:32";""
"cian";"cian_329411515";"329411515";"https://www.cian.ru/sale/flat/329411515/";"https://krasnogorsk.cian.ru/sale/flat/329411515/?context=4.ttxWCsO-x5I.FysNGpubtECsX48impHrqvnZipzSIlWHAT4LT-4o4nlQ75N_aeKDf-0_RQ8e28sI9yMcQEgGJhRYKw&mlSearchSessionGuid=aec44f87a8f4c8ed4ce1126ee3e5f300";"2 комнатные";"https://www.cian.ru/kupit-2-komnatnuyu-kvartiru-moskovskaya-oblast/";"20469";"8";"13";"done";"";"2026-06-13 00:37:55";"2026-06-13 02:58:46";""
"cian";"cian_329977721";"329977721";"https://www.cian.ru/sale/flat/329977721/";"https://pushkino.cian.ru/sale/flat/329977721/?context=4.BHDaW_bBTg8.TkzPEnLs9MwMWf0cJ-k05ideR2ZaiFxqp1rMbWylmiNwe0Xpv9DN7ySd9pPEuL4EK8adH35mnaR_ew&mlSearchSessionGuid=aec44f87a8f4c8ed4ce1126ee3e5f300";"2 комнатные";"https://www.cian.ru/kupit-2-komnatnuyu-kvartiru-moskovskaya-oblast/";"20469";"8";"14";"done";"";"2026-06-13 00:37:55";"2026-06-13 02:59:00";""
"cian";"cian_327659179";"327659179";"https://www.cian.ru/sale/flat/327659179/";"https://dolgoprudny.cian.ru/sale/flat/327659179/?context=4.Wx5GSMYHOXY.iqXiFKtiv-BAZ8fB3ylmi1jSSsrsDRZctOZ_NDJT76dlQbKWIRxS1sfkfaz4_jHzQ_qrT_3U3DvGtA&mlSearchSessionGuid=aec44f87a8f4c8ed4ce1126ee3e5f300";"2 комнатные";"https://www.cian.ru/kupit-2-komnatnuyu-kvartiru-moskovskaya-oblast/";"20469";"8";"15";"done";"";"2026-06-13 00:37:55";"2026-06-13 02:59:14";""
"cian";"cian_330894251";"330894251";"https://www.cian.ru/sale/flat/330894251/";"https://www.cian.ru/sale/flat/330894251/?context=4.Frlkpb69L-4.lqurVv-jQU3Z8D-tc2xjAuZTbBon2pk9D1yOR2h1Nt_cv_UyvBaPmmh8GwHjsPwE2Ryr_JGW6cs4JA&mlSearchSessionGuid=aec44f87a8f4c8ed4ce1126ee3e5f300";"2 комнатные";"https://www.cian.ru/kupit-2-komnatnuyu-kvartiru-moskovskaya-oblast/";"20469";"8";"16";"done";"";"2026-06-13 00:37:55";"2026-06-13 02:59:27";""
"cian";"cian_322348056";"322348056";"https://www.cian.ru/sale/flat/322348056/";"https://zvenigorod.cian.ru/sale/flat/322348056/?context=4.Jt15584E3mg.x5p6Yh5lPq_08ZK-aDjMv5_BCls7o2TaNG-Yw4-gpTtNUqv2NUsXekq2XnADl2e4k2s_4qW9JkRexA&mlSearchSessionGuid=aec44f87a8f4c8ed4ce1126ee3e5f300";"2 комнатные";"https://www.cian.ru/kupit-2-komnatnuyu-kvartiru-moskovskaya-oblast/";"20469";"8";"17";"done";"";"2026-06-13 00:37:55";"2026-06-13 02:59:40";""
"cian";"cian_326748368";"326748368";"https://www.cian.ru/sale/flat/326748368/";"https://krasnogorsk.cian.ru/sale/flat/326748368/?context=4.Y9GbPmS-uNI.DE6LSjmEl2R_9KkS8bm_Xpax3yxec9_rH6CVbK2J9mhEQJyC5q5nzktk22_7ulQ4wxR7OD1xeVUBPw&mlSearchSessionGuid=aec44f87a8f4c8ed4ce1126ee3e5f300";"2 комнатные";"https://www.cian.ru/kupit-2-komnatnuyu-kvartiru-moskovskaya-oblast/";"20469";"8";"18";"done";"";"2026-06-13 00:37:55";"2026-06-13 02:59:52";""
"cian";"cian_330070502";"330070502";"https://www.cian.ru/sale/flat/330070502/";"https://noginsk.cian.ru/sale/flat/330070502/?context=4.Iyhp9TQPksw.YRJpvTxYTBItsC8lZIIzkvUzKaLYo2Irhryp2MUb-8br4F4sLBFArsdvKo0pn7ViemPMZW4ov1TOlA&mlSearchSessionGuid=aec44f87a8f4c8ed4ce1126ee3e5f300";"2 комнатные";"https://www.cian.ru/kupit-2-komnatnuyu-kvartiru-moskovskaya-oblast/";"20469";"8";"19";"done";"";"2026-06-13 00:37:55";"2026-06-13 03:00:06";""
"cian";"cian_329777461";"329777461";"https://www.cian.ru/sale/flat/329777461/";"https://pushkino.cian.ru/sale/flat/329777461/?context=4.xl1U66tSzoc.h_Ay4X9N4zmN6gbu7XGLCnNq28nJqpJ47scx1tLk3XQWbB5WVJ9CWt8IIGjMf6ESCp-EdG_TM9bMcw&mlSearchSessionGuid=aec44f87a8f4c8ed4ce1126ee3e5f300";"2 комнатные";"https://www.cian.ru/kupit-2-komnatnuyu-kvartiru-moskovskaya-oblast/";"20469";"8";"20";"done";"";"2026-06-13 00:37:55";"2026-06-13 03:00:22";""
"cian";"cian_329565530";"329565530";"https://www.cian.ru/sale/flat/329565530/";"https://krasnogorsk.cian.ru/sale/flat/329565530/?context=4.d1I6l_HOznw.h8R7dtWFfpU75xP5xOrhH8qQiOJ8JeASceuGcXqWcD__4Cvn3SV1j-orynY9dUy4i8ME2xqnrazdVA&mlSearchSessionGuid=aec44f87a8f4c8ed4ce1126ee3e5f300";"2 комнатные";"https://www.cian.ru/kupit-2-komnatnuyu-kvartiru-moskovskaya-oblast/";"20469";"8";"21";"done";"";"2026-06-13 00:37:55";"2026-06-13 03:00:35";""
"cian";"cian_329272678";"329272678";"https://www.cian.ru/sale/flat/329272678/";"https://mytishchi.cian.ru/sale/flat/329272678/?context=4.ae3MSYLeb_0.BDJAZHVicAZb_qygcBNhYWexX6r3lA_N0ktKEBqIjaqeKkG_lPl6q_YbZc1DRYFnB71MaNReQGyZ0Q&mlSearchSessionGuid=aec44f87a8f4c8ed4ce1126ee3e5f300";"2 комнатные";"https://www.cian.ru/kupit-2-komnatnuyu-kvartiru-moskovskaya-oblast/";"20469";"8";"22";"done";"";"2026-06-13 00:37:55";"2026-06-13 03:00:50";""
"cian";"cian_300117256";"300117256";"https://www.cian.ru/sale/flat/300117256/";"https://khimki.cian.ru/sale/flat/300117256/?context=4.Nq95rBEUuBM.NmZISghTnS9PVEeh9Xos3Ot0UcyTFfftVavfSyPUjPSHzdzxaM6piR-PcB8cv7akoWJFs9AzYgmoGw&mlSearchSessionGuid=aec44f87a8f4c8ed4ce1126ee3e5f300";"2 комнатные";"https://www.cian.ru/kupit-2-komnatnuyu-kvartiru-moskovskaya-oblast/";"20469";"8";"23";"done";"";"2026-06-13 00:37:55";"2026-06-13 03:01:05";""
"cian";"cian_327485817";"327485817";"https://www.cian.ru/sale/flat/327485817/";"https://krasnogorsk.cian.ru/sale/flat/327485817/?context=4.YpahQjNNGEc.by2xBJWYOFVCaiJoYHhOMPYd3TI84vYOO4luDpkqLJGK80er-qoOuEqGU3PT6uG_heiNm1e-reBmbQ&mlSearchSessionGuid=aec44f87a8f4c8ed4ce1126ee3e5f300";"2 комнатные";"https://www.cian.ru/kupit-2-komnatnuyu-kvartiru-moskovskaya-oblast/";"20469";"8";"24";"done";"";"2026-06-13 00:37:55";"2026-06-13 03:01:19";""
"cian";"cian_330641218";"330641218";"https://www.cian.ru/sale/flat/330641218/";"https://lytkarino.cian.ru/sale/flat/330641218/?context=4.fmlCQr6PTs0.ZPsArPlvdAPxBm-C0DLw99_FoIYfGNNsJTfLCJ1JRMRKQ_PgIl3Q4Oj6qpxusWxrsqHVwSqPnSLW_Q&mlSearchSessionGuid=aec44f87a8f4c8ed4ce1126ee3e5f300";"2 комнатные";"https://www.cian.ru/kupit-2-komnatnuyu-kvartiru-moskovskaya-oblast/";"20469";"8";"25";"done";"";"2026-06-13 00:37:55";"2026-06-13 03:01:34";""
"cian";"cian_330870194";"330870194";"https://www.cian.ru/sale/flat/330870194/";"https://dedovsk.cian.ru/sale/flat/330870194/?context=4.DoKLkY-RiMI.YbN-g2kncj5nvmaoquTqKy2V6sY5_X9cv33T9AF4p4-nYgsHTTH4ijWYDcm91RV5ItGGIllo9cbLCQ&mlSearchSessionGuid=aec44f87a8f4c8ed4ce1126ee3e5f300";"2 комнатные";"https://www.cian.ru/kupit-2-komnatnuyu-kvartiru-moskovskaya-oblast/";"20469";"8";"26";"done";"";"2026-06-13 00:37:55";"2026-06-13 03:01:50";""
"cian";"cian_320964504";"320964504";"https://www.cian.ru/sale/flat/320964504/";"https://shchyolkovo.cian.ru/sale/flat/320964504/?context=4.O8rZ2WANUyA.YNR_CsEx-3KAuFPZEWB3d0EipMMr7NRNRAD30Ns56quLDQvacV1re35hxomD5LoAOs1dcrnp1KRtCA&mlSearchSessionGuid=aec44f87a8f4c8ed4ce1126ee3e5f300";"2 комнатные";"https://www.cian.ru/kupit-2-komnatnuyu-kvartiru-moskovskaya-oblast/";"20469";"8";"27";"done";"";"2026-06-13 00:37:55";"2026-06-13 03:02:04";""
"cian";"cian_325974801";"325974801";"https://www.cian.ru/sale/flat/325974801/";"https://mytishchi.cian.ru/sale/flat/325974801/?context=4.avrQRIqqlqA.X-P1WSpwAKKi6WmwSUrkmVnFqkDjMGEaby0E3CEs1BN53ZEHEOt73JU8fqkB-iXV9Rpw574W7o8nZw&mlSearchSessionGuid=aec44f87a8f4c8ed4ce1126ee3e5f300";"2 комнатные";"https://www.cian.ru/kupit-2-komnatnuyu-kvartiru-moskovskaya-oblast/";"20469";"8";"28";"done";"";"2026-06-13 00:37:55";"2026-06-13 03:02:18";""
"cian";"cian_331027121";"331027121";"https://www.cian.ru/sale/flat/331027121/";"https://www.cian.ru/sale/flat/331027121/?context=4.T4KLas5HEWY.So_pbt4N9mDPG_uN_ye6YnQVeIEGOUWycbuIqhbjPyxSf8LQdwO-5f4H_rdvmngARn8GaffqvuFjcQ&mlSearchSessionGuid=aec44f87a8f4c8ed4ce1126ee3e5f300";"2 комнатные";"https://www.cian.ru/kupit-2-komnatnuyu-kvartiru-moskovskaya-oblast/";"20469";"9";"1";"done";"";"2026-06-13 00:38:41";"2026-06-13 03:02:33";""
"cian";"cian_318297345";"318297345";"https://www.cian.ru/sale/flat/318297345/";"https://korolev.cian.ru/sale/flat/318297345/?context=4.rB9eczyEDE4.6pHn_O3tD2O8kN6MUY1pxsQG1p2h5fq2yAtKWv8H2Fuh8z8dUqScjU7bCt5qdyfS6KWn0OkMvacN7Q&mlSearchSessionGuid=aec44f87a8f4c8ed4ce1126ee3e5f300";"2 комнатные";"https://www.cian.ru/kupit-2-komnatnuyu-kvartiru-moskovskaya-oblast/";"20469";"9";"2";"done";"";"2026-06-13 00:38:41";"2026-06-13 03:02:48";""
"cian";"cian_329411516";"329411516";"https://www.cian.ru/sale/flat/329411516/";"https://lyubertsy.cian.ru/sale/flat/329411516/?context=4.bsoYCpYey6E.yI1tdS5bZnxSQ_wxOvKZ0Vy_vDtv9ldmMuTjhjd4E3Yb7L0DM5E8xNPcXsiXbvgAhvaj9ipAC1saBA&mlSearchSessionGuid=aec44f87a8f4c8ed4ce1126ee3e5f300";"2 комнатные";"https://www.cian.ru/kupit-2-komnatnuyu-kvartiru-moskovskaya-oblast/";"20469";"9";"3";"done";"";"2026-06-13 00:38:41";"2026-06-13 03:03:01";""
"cian";"cian_327850082";"327850082";"https://www.cian.ru/sale/flat/327850082/";"https://vidnoye.cian.ru/sale/flat/327850082/?context=4.wPD92ZKS5BQ.e5sxzEUwKH-ZWosge3FBmM-T3uBVkF5J0zXWit4WdcL2xDIkU2Qs8EIs1V92s6V43reidavgk7f8BQ&mlSearchSessionGuid=aec44f87a8f4c8ed4ce1126ee3e5f300";"2 комнатные";"https://www.cian.ru/kupit-2-komnatnuyu-kvartiru-moskovskaya-oblast/";"20469";"9";"4";"done";"";"2026-06-13 00:38:41";"2026-06-13 03:03:16";""
"cian";"cian_329904704";"329904704";"https://www.cian.ru/sale/flat/329904704/";"https://vidnoye.cian.ru/sale/flat/329904704/?context=4.0az224hy5AY.F6oYdQ83O5ZXIsEpaa1vhb6cYka6H_dCHqtRiNIimLR9abxJ7ux9ThCq_FBSOUYZP1DH7zvqQHIJZQ&mlSearchSessionGuid=aec44f87a8f4c8ed4ce1126ee3e5f300";"2 комнатные";"https://www.cian.ru/kupit-2-komnatnuyu-kvartiru-moskovskaya-oblast/";"20469";"9";"5";"done";"";"2026-06-13 00:38:41";"2026-06-13 03:03:27";""
"cian";"cian_330217790";"330217790";"https://www.cian.ru/sale/flat/330217790/";"https://vidnoye.cian.ru/sale/flat/330217790/?context=4.8gmDyXR-x7o.iLRpqD6u3ZAmUFXDv0vWT6v3Mjf90fFPQNgTxovNEvT8avNidey2Bh1xVx0r5G4Mg5GlrvNljcFHKw&mlSearchSessionGuid=aec44f87a8f4c8ed4ce1126ee3e5f300";"2 комнатные";"https://www.cian.ru/kupit-2-komnatnuyu-kvartiru-moskovskaya-oblast/";"20469";"9";"6";"done";"";"2026-06-13 00:38:41";"2026-06-13 03:03:42";""
"cian";"cian_327229089";"327229089";"https://www.cian.ru/sale/flat/327229089/";"https://dolgoprudny.cian.ru/sale/flat/327229089/?context=4.72xQLQpXoTQ.MEmsJRPePyqFHKV80YJQIR2chjgds3DhFMPlnSdXphyIFgoHtQjWYmnfbEj7k1JYa60DcvBMKHi_gQ&mlSearchSessionGuid=aec44f87a8f4c8ed4ce1126ee3e5f300";"2 комнатные";"https://www.cian.ru/kupit-2-komnatnuyu-kvartiru-moskovskaya-oblast/";"20469";"9";"7";"done";"";"2026-06-13 00:38:41";"2026-06-13 03:03:58";""
"cian";"cian_330731398";"330731398";"https://www.cian.ru/sale/flat/330731398/";"https://podolsk.cian.ru/sale/flat/330731398/?context=4.DcQ4hTqi2Dw.4co6zMfbatcOOEiLjV9-KrN_ntSYWM2d9CiOJDpVmWIbKEuJ3uA9kqYaK3qpAMaitIHevx-spO5uTw&mlSearchSessionGuid=aec44f87a8f4c8ed4ce1126ee3e5f300";"2 комнатные";"https://www.cian.ru/kupit-2-komnatnuyu-kvartiru-moskovskaya-oblast/";"20469";"9";"8";"done";"";"2026-06-13 00:38:41";"2026-06-13 03:04:12";""
"cian";"cian_330710769";"330710769";"https://www.cian.ru/sale/flat/330710769/";"https://zvenigorod.cian.ru/sale/flat/330710769/?context=4.lcvVTgvj_XA.TN3tqXuOcwllzxacyVhSK6muhLmwPpbEqGDpjfynLdFeQ1LPKm44cpt8MF6mk7RWc4hNYOEWoHkpBw&mlSearchSessionGuid=aec44f87a8f4c8ed4ce1126ee3e5f300";"2 комнатные";"https://www.cian.ru/kupit-2-komnatnuyu-kvartiru-moskovskaya-oblast/";"20469";"9";"9";"done";"";"2026-06-13 00:38:41";"2026-06-13 03:04:28";""
"cian";"cian_330173507";"330173507";"https://www.cian.ru/sale/flat/330173507/";"https://www.cian.ru/sale/flat/330173507/?context=4.I4_aNPz7wQ4.oGKlHUP5tDEf_oyk94K1m9llTbgz42tnrak9brqb2CjBPQNa2xO2sCSgQ68XjRafZmCtFJoAaUh0gw&mlSearchSessionGuid=aec44f87a8f4c8ed4ce1126ee3e5f300";"2 комнатные";"https://www.cian.ru/kupit-2-komnatnuyu-kvartiru-moskovskaya-oblast/";"20469";"9";"10";"done";"";"2026-06-13 00:38:41";"2026-06-13 03:04:41";""
"cian";"cian_330528336";"330528336";"https://www.cian.ru/sale/flat/330528336/";"https://ruza.cian.ru/sale/flat/330528336/?context=4.BVcH_Hp3HrE.8jfD94KgJphjJ9PmrS_mJbMlthiRXUsu0aMShu4dS6l6KvfWrT_B3wsTGtuUqgCDoHbHwif_VQFhBQ&mlSearchSessionGuid=aec44f87a8f4c8ed4ce1126ee3e5f300";"2 комнатные";"https://www.cian.ru/kupit-2-komnatnuyu-kvartiru-moskovskaya-oblast/";"20469";"9";"11";"done";"";"2026-06-13 00:38:41";"2026-06-13 03:04:55";""
"cian";"cian_327823815";"327823815";"https://www.cian.ru/sale/flat/327823815/";"https://vidnoye.cian.ru/sale/flat/327823815/?context=4.gBi7bCgD4Hg.oaC0XN6_UoUuYI_6Y7C22cBoBt-m50hQiZKA4MQZg-l5MDeymAORcCMjuEnxkPbIsP51CzbxdleIxw&mlSearchSessionGuid=aec44f87a8f4c8ed4ce1126ee3e5f300";"2 комнатные";"https://www.cian.ru/kupit-2-komnatnuyu-kvartiru-moskovskaya-oblast/";"20469";"9";"12";"done";"";"2026-06-13 00:38:41";"2026-06-13 03:05:10";""
"cian";"cian_330778078";"330778078";"https://www.cian.ru/sale/flat/330778078/";"https://www.cian.ru/sale/flat/330778078/?context=4.pEVgTBL3lZc.Q0U2gsXM04O2er0y6kDVYETkTqTP1pxUHKAT5bQlboFxd-5DLY5dW5wqWZd3Sh7jN9j0-DbXxcacGw&mlSearchSessionGuid=aec44f87a8f4c8ed4ce1126ee3e5f300";"2 комнатные";"https://www.cian.ru/kupit-2-komnatnuyu-kvartiru-moskovskaya-oblast/";"20469";"9";"13";"done";"";"2026-06-13 00:38:41";"2026-06-13 03:05:25";""
"cian";"cian_330748963";"330748963";"https://www.cian.ru/sale/flat/330748963/";"https://mytishchi.cian.ru/sale/flat/330748963/?context=4.NCsbkcR1gwQ.YyxWl-Z2iP1LDhMyf-wrwV4hTRRIg_87amtde9vHOZJ3-Y3_8XfnCWFhH_rdNdVbq4q9q5A5tFnpkw&mlSearchSessionGuid=aec44f87a8f4c8ed4ce1126ee3e5f300";"2 комнатные";"https://www.cian.ru/kupit-2-komnatnuyu-kvartiru-moskovskaya-oblast/";"20469";"9";"14";"done";"";"2026-06-13 00:38:41";"2026-06-13 03:05:40";""
"cian";"cian_327635604";"327635604";"https://www.cian.ru/sale/flat/327635604/";"https://www.cian.ru/sale/flat/327635604/?context=4.mB5t6zN3zkY.7aVEcvwwXEAfIDP5jLex-M0_QFYoDecYGITjOLouD25udXpQWMrC4tibTHwdmQKbz6ejf0g4c9AK7g&mlSearchSessionGuid=aec44f87a8f4c8ed4ce1126ee3e5f300";"2 комнатные";"https://www.cian.ru/kupit-2-komnatnuyu-kvartiru-moskovskaya-oblast/";"20469";"9";"15";"done";"";"2026-06-13 00:38:41";"2026-06-13 03:05:54";""
"cian";"cian_330982818";"330982818";"https://www.cian.ru/sale/flat/330982818/";"https://khotkovo.cian.ru/sale/flat/330982818/?context=4.n6gO69xuzas.IEJ2kdvynWjJsL9ahhjwPYo6oR2v_Xfa2XRu_env2FeS5dGYTlFKENEfvHarfER4DE3sEoBZ_0IWDw&mlSearchSessionGuid=aec44f87a8f4c8ed4ce1126ee3e5f300";"2 комнатные";"https://www.cian.ru/kupit-2-komnatnuyu-kvartiru-moskovskaya-oblast/";"20469";"9";"16";"done";"";"2026-06-13 00:38:41";"2026-06-13 03:06:09";""
"cian";"cian_318226379";"318226379";"https://www.cian.ru/sale/flat/318226379/";"https://zvenigorod.cian.ru/sale/flat/318226379/?context=4.NC3YfWqiBak.04LCZyW-EwOy2dBH889yUUYOadspP6i-AbiBuo5RayUSUauhQ56Hd2Ta1Puk4FigAGbj-qsDonjrJg&mlSearchSessionGuid=aec44f87a8f4c8ed4ce1126ee3e5f300";"2 комнатные";"https://www.cian.ru/kupit-2-komnatnuyu-kvartiru-moskovskaya-oblast/";"20469";"9";"17";"done";"";"2026-06-13 00:38:41";"2026-06-13 03:06:23";""
"cian";"cian_330698680";"330698680";"https://www.cian.ru/sale/flat/330698680/";"https://odintsovo.cian.ru/sale/flat/330698680/?context=4.-ZhSLRS9LII.10k94-MA8vR5L5OL3avvfGYfFK1Pilkc25-a45jvYy0Ai237Hw0QgjGKERusz7orVz_ceInTkWwHuA&mlSearchSessionGuid=aec44f87a8f4c8ed4ce1126ee3e5f300";"2 комнатные";"https://www.cian.ru/kupit-2-komnatnuyu-kvartiru-moskovskaya-oblast/";"20469";"9";"18";"done";"";"2026-06-13 00:38:41";"2026-06-13 03:06:38";""
"cian";"cian_329742923";"329742923";"https://www.cian.ru/sale/flat/329742923/";"https://vidnoye.cian.ru/sale/flat/329742923/?context=4.xyClge16zpg._xB8RYo5Y0ylTkiew7tMrPC9HpWKMHMGCVXtsbPo2OzJQQ3z7yxWhXFsx7obRGNiF1ZEHSjKs3VDoQ&mlSearchSessionGuid=aec44f87a8f4c8ed4ce1126ee3e5f300";"2 комнатные";"https://www.cian.ru/kupit-2-komnatnuyu-kvartiru-moskovskaya-oblast/";"20469";"9";"19";"done";"";"2026-06-13 00:38:41";"2026-06-13 03:06:53";""
"cian";"cian_325482631";"325482631";"https://www.cian.ru/sale/flat/325482631/";"https://mytishchi.cian.ru/sale/flat/325482631/?context=4.3KC93w7ZB_8.OkBFtX4HXTv0KVsaOZUvMJMJNTGuUrBJBhjhodvmQv-n2r_9IsmI62N43WUfonWIubfMYjZahOXOSQ&mlSearchSessionGuid=aec44f87a8f4c8ed4ce1126ee3e5f300";"2 комнатные";"https://www.cian.ru/kupit-2-komnatnuyu-kvartiru-moskovskaya-oblast/";"20469";"9";"20";"done";"";"2026-06-13 00:38:41";"2026-06-13 03:07:06";""
"cian";"cian_327933073";"327933073";"https://www.cian.ru/sale/flat/327933073/";"https://kotelniki.cian.ru/sale/flat/327933073/?context=4.iN7EusLPI7Y.EMGgWojsPPLeHXpj4Owo9-kFltGP5_buMxOYIdp_2qXzWJ7rA9eZYdp5aAGO0viRsuuqKEJJiRleYQ&mlSearchSessionGuid=aec44f87a8f4c8ed4ce1126ee3e5f300";"2 комнатные";"https://www.cian.ru/kupit-2-komnatnuyu-kvartiru-moskovskaya-oblast/";"20469";"9";"21";"done";"";"2026-06-13 00:38:41";"2026-06-13 03:07:21";""
"cian";"cian_330622778";"330622778";"https://www.cian.ru/sale/flat/330622778/";"https://ivanteyevka.cian.ru/sale/flat/330622778/?context=4.JrdOUlKQb7g.QI-Bo0CJSdPIC7Gs3As897ToUrGcyU7XAW2NeDxj2KjmzGh8N3t5A1-isHA2nbgpmaq8zYb9Dk-Xnw&mlSearchSessionGuid=aec44f87a8f4c8ed4ce1126ee3e5f300";"2 комнатные";"https://www.cian.ru/kupit-2-komnatnuyu-kvartiru-moskovskaya-oblast/";"20469";"9";"22";"done";"";"2026-06-13 00:38:41";"2026-06-13 03:07:36";""
"cian";"cian_314318595";"314318595";"https://www.cian.ru/sale/flat/314318595/";"https://klin.cian.ru/sale/flat/314318595/?context=4.bn1hEc6sd34.0gzqaeXNRkIux5M0pLajEtUqpyNiLIuUIbYKKm7NaFRCmqafLKNnm8Z8QHvJTGu1Lypwl8nJFGmpRQ&mlSearchSessionGuid=aec44f87a8f4c8ed4ce1126ee3e5f300";"2 комнатные";"https://www.cian.ru/kupit-2-komnatnuyu-kvartiru-moskovskaya-oblast/";"20469";"9";"23";"done";"";"2026-06-13 00:38:41";"2026-06-13 03:07:51";""
"cian";"cian_329979597";"329979597";"https://www.cian.ru/sale/flat/329979597/";"https://domodedovo.cian.ru/sale/flat/329979597/?context=4.ICzvMg3CpXY.JnYVRxpS5q9WDSlZJvJYLVnTK1F5GUxmkY5K5_ywZCeyQiSbtqsCQcO7N6KGIs744emaf3wsAGRK5g&mlSearchSessionGuid=aec44f87a8f4c8ed4ce1126ee3e5f300";"2 комнатные";"https://www.cian.ru/kupit-2-komnatnuyu-kvartiru-moskovskaya-oblast/";"20469";"9";"24";"done";"";"2026-06-13 00:38:41";"2026-06-13 03:08:06";""
"cian";"cian_330660520";"330660520";"https://www.cian.ru/sale/flat/330660520/";"https://lyubertsy.cian.ru/sale/flat/330660520/?context=4.cQdHzx12dJw.-lH5a4eHhtNoq4BDpBUI-xbVJLvEhdgwC2tNpJ5aFIJUkAUocInNZYGU6-fLdai2lY-xwkLZduK6Ow&mlSearchSessionGuid=aec44f87a8f4c8ed4ce1126ee3e5f300";"2 комнатные";"https://www.cian.ru/kupit-2-komnatnuyu-kvartiru-moskovskaya-oblast/";"20469";"9";"25";"done";"";"2026-06-13 00:38:41";"2026-06-13 03:08:22";""
"cian";"cian_325483105";"325483105";"https://www.cian.ru/sale/flat/325483105/";"https://balashikha.cian.ru/sale/flat/325483105/?context=4.SNaslwZaxIw.6ezaFJV4bxvqUTcS5vHSsyoVukTw1rr-D0ICs0KvLkvENpiomP8kBgCFvkl9PbvUQSuch0d1d8mnlQ&mlSearchSessionGuid=aec44f87a8f4c8ed4ce1126ee3e5f300";"2 комнатные";"https://www.cian.ru/kupit-2-komnatnuyu-kvartiru-moskovskaya-oblast/";"20469";"9";"26";"done";"";"2026-06-13 00:38:41";"2026-06-13 03:08:33";""
"cian";"cian_329522666";"329522666";"https://www.cian.ru/sale/flat/329522666/";"https://www.cian.ru/sale/flat/329522666/?context=4.3oo2SR62I80.zknrs3WzkUspfHkwd1zdDwPjdzL-yZqyZIU-FqZZVASSk0wiFRG1GHuZZJisn5cvWfiWvzhvqr3wCQ&mlSearchSessionGuid=aec44f87a8f4c8ed4ce1126ee3e5f300";"2 комнатные";"https://www.cian.ru/kupit-2-komnatnuyu-kvartiru-moskovskaya-oblast/";"20469";"9";"27";"done";"";"2026-06-13 00:38:41";"2026-06-13 03:08:48";""
"cian";"cian_330619340";"330619340";"https://www.cian.ru/sale/flat/330619340/";"https://dmitrov.cian.ru/sale/flat/330619340/?context=4.ggkBe-2zgjA.KZPVOkUNvsb8UVX_tY_8tSvr42uU3YJZ0Ij6w41hf9ecgpOxOkY91L4bSegYpGiHQdL5XNVljoImCA&mlSearchSessionGuid=aec44f87a8f4c8ed4ce1126ee3e5f300";"2 комнатные";"https://www.cian.ru/kupit-2-komnatnuyu-kvartiru-moskovskaya-oblast/";"20469";"9";"28";"done";"";"2026-06-13 00:38:41";"2026-06-13 03:09:01";""
"cian";"cian_329737231";"329737231";"https://www.cian.ru/sale/flat/329737231/";"https://krasnogorsk.cian.ru/sale/flat/329737231/?context=4.8fCg0t5Bilk.SO_M0UXsgNUPfTeH4xaVZ1cckxog7bjT9Kyq0MZH_WHdWDT6UGKMZNp7VCdh8A0eTTnAupekW8Q_oA&mlSearchSessionGuid=aec44f87a8f4c8ed4ce1126ee3e5f300";"2 комнатные";"https://www.cian.ru/kupit-2-komnatnuyu-kvartiru-moskovskaya-oblast/";"20469";"10";"1";"done";"";"2026-06-13 00:39:22";"2026-06-13 03:09:15";""
"cian";"cian_306074817";"306074817";"https://www.cian.ru/sale/flat/306074817/";"https://dmitrov.cian.ru/sale/flat/306074817/?context=4.5QiPS6fp6uc.KK_5W6vxKL2znfRuztdxFxl7ECUc-OB1Ditzc3bbT2uas_pur381VSBbJyfuUXQv0CJt5YfxKmBX8g&mlSearchSessionGuid=aec44f87a8f4c8ed4ce1126ee3e5f300";"2 комнатные";"https://www.cian.ru/kupit-2-komnatnuyu-kvartiru-moskovskaya-oblast/";"20469";"10";"2";"done";"";"2026-06-13 00:39:22";"2026-06-13 03:09:30";""
"cian";"cian_330557779";"330557779";"https://www.cian.ru/sale/flat/330557779/";"https://krasnogorsk.cian.ru/sale/flat/330557779/?context=4.wEQyIYQUwCA.CIYGIxfuVS4R2XGsdARQTdgOUJ_8g5eBnj6YBAxWNxdRpjJ9d75G_QsH93AnePSKu1UoSL-kzxguag&mlSearchSessionGuid=aec44f87a8f4c8ed4ce1126ee3e5f300";"2 комнатные";"https://www.cian.ru/kupit-2-komnatnuyu-kvartiru-moskovskaya-oblast/";"20469";"10";"4";"done";"";"2026-06-13 00:39:22";"2026-06-13 03:09:44";""
"cian";"cian_327977196";"327977196";"https://www.cian.ru/sale/flat/327977196/";"https://domodedovo.cian.ru/sale/flat/327977196/?context=4.skJJNhE0rns.v6Cr9vlOpb48XPzQVM4yIDJmrvOdG26ZAxCp2enWDBf6Oqo04Ip2yzfwdZ7Af8KEzYR-ogNSUytwIQ&mlSearchSessionGuid=aec44f87a8f4c8ed4ce1126ee3e5f300";"2 комнатные";"https://www.cian.ru/kupit-2-komnatnuyu-kvartiru-moskovskaya-oblast/";"20469";"10";"5";"done";"";"2026-06-13 00:39:22";"2026-06-13 03:09:58";""
"cian";"cian_328975278";"328975278";"https://www.cian.ru/sale/flat/328975278/";"https://khimki.cian.ru/sale/flat/328975278/?context=4._6pxCaz3qaQ.duhODyxp65v84sHjaeSxNnYjdGFPMU-O0lUbrXpctbRCMW9fNcrdBma8BF43O-9nRHbZilcmuklD-A&mlSearchSessionGuid=aec44f87a8f4c8ed4ce1126ee3e5f300";"2 комнатные";"https://www.cian.ru/kupit-2-komnatnuyu-kvartiru-moskovskaya-oblast/";"20469";"10";"6";"done";"";"2026-06-13 00:39:22";"2026-06-13 03:10:13";""
"cian";"cian_306222901";"306222901";"https://www.cian.ru/sale/flat/306222901/";"https://klin.cian.ru/sale/flat/306222901/?context=4.iC0Jqq1gDpA.1Ak_62L8yjRStvXbOmb-xBmuKEw78vODnba2nyw7rKl5ZYiUHd-6-UMKXumxI3Fa-jGF-ls9fah29A&mlSearchSessionGuid=aec44f87a8f4c8ed4ce1126ee3e5f300";"2 комнатные";"https://www.cian.ru/kupit-2-komnatnuyu-kvartiru-moskovskaya-oblast/";"20469";"10";"7";"done";"";"2026-06-13 00:39:22";"2026-06-13 03:10:26";""
"cian";"cian_327779826";"327779826";"https://www.cian.ru/sale/flat/327779826/";"https://khimki.cian.ru/sale/flat/327779826/?context=4.QFwka1z-XM0.fHZYVbcpW2h2KPlSGVj2XgN0r_Gi3I-BXfid5HMYjpXc8pniBZKjGptCnMVqraiwaDk4d2qJei5sAw&mlSearchSessionGuid=aec44f87a8f4c8ed4ce1126ee3e5f300";"2 комнатные";"https://www.cian.ru/kupit-2-komnatnuyu-kvartiru-moskovskaya-oblast/";"20469";"10";"8";"done";"";"2026-06-13 00:39:22";"2026-06-13 03:10:41";""
"cian";"cian_330882960";"330882960";"https://www.cian.ru/sale/flat/330882960/";"https://khimki.cian.ru/sale/flat/330882960/?context=4.0oWe-we-l3k.y-YpCUcKbe6hit0uYQPCr3P9CAoJ17PhAKu7ouKpbfx-g2nQ29Jm2QiYLASxyYZOXq-fQA_MRiMokw&mlSearchSessionGuid=aec44f87a8f4c8ed4ce1126ee3e5f300";"2 комнатные";"https://www.cian.ru/kupit-2-komnatnuyu-kvartiru-moskovskaya-oblast/";"20469";"10";"9";"done";"";"2026-06-13 00:39:22";"2026-06-13 03:10:54";""
"cian";"cian_329586171";"329586171";"https://www.cian.ru/sale/flat/329586171/";"https://pushkino.cian.ru/sale/flat/329586171/?context=4.JtGbprBBaNo.D-EGnG80jdgaHjtuo7v0einMwvODs-PfdxkK3pWkv0P08Wy9q0G35FGcwlpbrbMTdExbxsE-0SkIlg&mlSearchSessionGuid=aec44f87a8f4c8ed4ce1126ee3e5f300";"2 комнатные";"https://www.cian.ru/kupit-2-komnatnuyu-kvartiru-moskovskaya-oblast/";"20469";"10";"10";"done";"";"2026-06-13 00:39:22";"2026-06-13 03:11:10";""
"cian";"cian_324514125";"324514125";"https://www.cian.ru/sale/flat/324514125/";"https://vidnoye.cian.ru/sale/flat/324514125/?context=4.X4-Bt7FhLaE.bUoXI1h5wrgJO-oDMT-VEeVXki8butLvs8MQ2OuoFlt0oqyvq-S5SuUPnU3mjbKJ48CNzuPygW7UvQ&mlSearchSessionGuid=aec44f87a8f4c8ed4ce1126ee3e5f300";"2 комнатные";"https://www.cian.ru/kupit-2-komnatnuyu-kvartiru-moskovskaya-oblast/";"20469";"10";"11";"done";"";"2026-06-13 00:39:22";"2026-06-13 03:11:24";""
"cian";"cian_330949316";"330949316";"https://www.cian.ru/sale/flat/330949316/";"https://mytishchi.cian.ru/sale/flat/330949316/?context=4.TqkmZEI-3l8.UzPp4KWWXGPCDWsT7hfkjXoSXjqm8uwoF0lOyTJpbMaJ7jQG9EJs04V2LhsH9bez8mZLdQOP4zmobA&mlSearchSessionGuid=aec44f87a8f4c8ed4ce1126ee3e5f300";"2 комнатные";"https://www.cian.ru/kupit-2-komnatnuyu-kvartiru-moskovskaya-oblast/";"20469";"10";"12";"done";"";"2026-06-13 00:39:22";"2026-06-13 03:11:39";""
"cian";"cian_330052774";"330052774";"https://www.cian.ru/sale/flat/330052774/";"https://noginsk.cian.ru/sale/flat/330052774/?context=4.Zlf-Sb0Q6D0.lPPbSM2qgT-ki-dRCInED3zqqPUaHzYCrPT_RpnyVMy8vmtnQ7uQ1ZErfXOb6eQrH1250HsAgMwylw&mlSearchSessionGuid=aec44f87a8f4c8ed4ce1126ee3e5f300";"2 комнатные";"https://www.cian.ru/kupit-2-komnatnuyu-kvartiru-moskovskaya-oblast/";"20469";"10";"13";"done";"";"2026-06-13 00:39:22";"2026-06-13 03:11:54";""
"cian";"cian_330292979";"330292979";"https://www.cian.ru/sale/flat/330292979/";"https://vidnoye.cian.ru/sale/flat/330292979/?context=4.yn-tpgHzoio.8UPRIzeahknVctbq6dgH9D4tB66MRMQ0hwUPcnllj5lXNOwrH_YcxbDneAvjtgx6N6u_Hhc1E9c8uQ&mlSearchSessionGuid=aec44f87a8f4c8ed4ce1126ee3e5f300";"2 комнатные";"https://www.cian.ru/kupit-2-komnatnuyu-kvartiru-moskovskaya-oblast/";"20469";"10";"14";"done";"";"2026-06-13 00:39:22";"2026-06-13 03:12:07";""
"cian";"cian_330023497";"330023497";"https://www.cian.ru/sale/flat/330023497/";"https://vidnoye.cian.ru/sale/flat/330023497/?context=4.ZK3944KUk5A.qQFY5UfM8JfZonilLiQpIGproT1HdR0VdEc4rx626B06Q1Z4p7ZZWdaKuW8S-_a506fzbb6aNiVTDw&mlSearchSessionGuid=aec44f87a8f4c8ed4ce1126ee3e5f300";"2 комнатные";"https://www.cian.ru/kupit-2-komnatnuyu-kvartiru-moskovskaya-oblast/";"20469";"10";"15";"done";"";"2026-06-13 00:39:22";"2026-06-13 03:12:22";""
"cian";"cian_326905634";"326905634";"https://www.cian.ru/sale/flat/326905634/";"https://khotkovo.cian.ru/sale/flat/326905634/?context=4.UnLNsb53GNo.iEQEANwfOzkJtNcbuH4N-ySeKCwsuy1gJbFyQ-vQdZwxV9g4BNh5fXwRrKXNIgRFWosqrrpBsy0j5A&mlSearchSessionGuid=aec44f87a8f4c8ed4ce1126ee3e5f300";"2 комнатные";"https://www.cian.ru/kupit-2-komnatnuyu-kvartiru-moskovskaya-oblast/";"20469";"10";"16";"done";"";"2026-06-13 00:39:22";"2026-06-13 03:12:36";""
"cian";"cian_327427614";"327427614";"https://www.cian.ru/sale/flat/327427614/";"https://mytishchi.cian.ru/sale/flat/327427614/?context=4.SPyJWSuaf5M.vOOpP5Ca8fHw-FbzvcuhxxQVivR6V1goyFgSozVJnkx4YAddeuMJaVsYS6TrURL69B7zZJpviD3H_w&mlSearchSessionGuid=aec44f87a8f4c8ed4ce1126ee3e5f300";"2 комнатные";"https://www.cian.ru/kupit-2-komnatnuyu-kvartiru-moskovskaya-oblast/";"20469";"10";"17";"done";"";"2026-06-13 00:39:22";"2026-06-13 03:12:51";""
"cian";"cian_329592239";"329592239";"https://www.cian.ru/sale/flat/329592239/";"https://khimki.cian.ru/sale/flat/329592239/?context=4.TX-1MFG8FLM.-xhkFrexnnEOUKPhgq-WD3vTctQU5Q688E7VVDrQ28CRXzjBdcgNAAsuRz72sr9tM1KMgEJAXftYvw&mlSearchSessionGuid=aec44f87a8f4c8ed4ce1126ee3e5f300";"2 комнатные";"https://www.cian.ru/kupit-2-komnatnuyu-kvartiru-moskovskaya-oblast/";"20469";"10";"18";"done";"";"2026-06-13 00:39:22";"2026-06-13 03:13:03";""
"cian";"cian_319525343";"319525343";"https://www.cian.ru/sale/flat/319525343/";"https://ruza.cian.ru/sale/flat/319525343/?context=4.vJ-qC9JI_3c.LGEDvkPaQK3VzHwsoVxYDD19tNgFCHrNK5TMMy07mM7LidUR7sWKH8yayRXTMzcNhcLaxM_UGhj7hA&mlSearchSessionGuid=aec44f87a8f4c8ed4ce1126ee3e5f300";"2 комнатные";"https://www.cian.ru/kupit-2-komnatnuyu-kvartiru-moskovskaya-oblast/";"20469";"10";"19";"done";"";"2026-06-13 00:39:22";"2026-06-13 03:13:17";""
"cian";"cian_323391326";"323391326";"https://www.cian.ru/sale/flat/323391326/";"https://vidnoye.cian.ru/sale/flat/323391326/?context=4.CY2eSWHRCq0.sm1uqmf_ukP7s2EVMUCGnpukPG_bple2X6CuXBVxhs0Pc7H5EB5yJ55L_24sCVv3W5H6OUssdUoeMw&mlSearchSessionGuid=aec44f87a8f4c8ed4ce1126ee3e5f300";"2 комнатные";"https://www.cian.ru/kupit-2-komnatnuyu-kvartiru-moskovskaya-oblast/";"20469";"10";"20";"done";"";"2026-06-13 00:39:22";"2026-06-13 03:13:33";""
"cian";"cian_330903796";"330903796";"https://www.cian.ru/sale/flat/330903796/";"https://khimki.cian.ru/sale/flat/330903796/?context=4.ZzxFR9_0BCk.EySNqSMOUownu_-poZP-WSbTkVHG0aC70yldQv08sXF6NRg5AFVuyk93zdBRC1tuypTyO3VGh1924w&mlSearchSessionGuid=aec44f87a8f4c8ed4ce1126ee3e5f300";"2 комнатные";"https://www.cian.ru/kupit-2-komnatnuyu-kvartiru-moskovskaya-oblast/";"20469";"10";"21";"done";"";"2026-06-13 00:39:22";"2026-06-13 03:13:46";""
"cian";"cian_330641612";"330641612";"https://www.cian.ru/sale/flat/330641612/";"https://krasnogorsk.cian.ru/sale/flat/330641612/?context=4._72xnSewQnk.nJrbFw4lD2pRYoJF4XSDMkIAkl446ZECwYAjy_yby0cS1ek4iTIPLgL6pTma0ZGIXk2uq07Dg0ccmQ&mlSearchSessionGuid=aec44f87a8f4c8ed4ce1126ee3e5f300";"2 комнатные";"https://www.cian.ru/kupit-2-komnatnuyu-kvartiru-moskovskaya-oblast/";"20469";"10";"22";"done";"";"2026-06-13 00:39:22";"2026-06-13 03:14:02";""
"cian";"cian_323899264";"323899264";"https://www.cian.ru/sale/flat/323899264/";"https://kashira.cian.ru/sale/flat/323899264/?context=4.rCY4aRR7PsY.l_PSh_0kuDrRmVUVhe8NjtoWpGgV-vgIbgSekYNj9YvLvcAYaa9o-0hSw6V7jNKEGKN1UadVQfRRlg&mlSearchSessionGuid=aec44f87a8f4c8ed4ce1126ee3e5f300";"2 комнатные";"https://www.cian.ru/kupit-2-komnatnuyu-kvartiru-moskovskaya-oblast/";"20469";"10";"23";"done";"";"2026-06-13 00:39:22";"2026-06-13 03:14:17";""
"cian";"cian_330598924";"330598924";"https://www.cian.ru/sale/flat/330598924/";"https://balashikha.cian.ru/sale/flat/330598924/?context=4.skFr7S0MIIM.uK0YSdDLKETb9bVz0naxu0WTyoTNpPNJ7Ir9uhzvkOQbV3T6mcfnIxiIvQvZNFH0_eDJ3uP8vQEfvw&mlSearchSessionGuid=aec44f87a8f4c8ed4ce1126ee3e5f300";"2 комнатные";"https://www.cian.ru/kupit-2-komnatnuyu-kvartiru-moskovskaya-oblast/";"20469";"10";"24";"done";"";"2026-06-13 00:39:22";"2026-06-13 03:14:31";""
"cian";"cian_328744724";"328744724";"https://www.cian.ru/sale/flat/328744724/";"https://mytishchi.cian.ru/sale/flat/328744724/?context=4.iP3lAgNtjMg.yKblZL1uF8gcSd3uvbxH4J69ueXZO2sTMtJ5TvSamxm_DzsB1vElqB9K3WbxBYZ2YW78cAGFYmA0tw&mlSearchSessionGuid=aec44f87a8f4c8ed4ce1126ee3e5f300";"2 комнатные";"https://www.cian.ru/kupit-2-komnatnuyu-kvartiru-moskovskaya-oblast/";"20469";"10";"25";"done";"";"2026-06-13 00:39:22";"2026-06-13 03:14:47";""
"cian";"cian_327312360";"327312360";"https://www.cian.ru/sale/flat/327312360/";"https://stupino.cian.ru/sale/flat/327312360/?context=4.8cy_HsrZcyQ.qBnx0WkHo_aNjnoEUXMBEeV9VYCcaRuLtNgzvFk7gnCeiXbINYqLEa5xClc-VG0tqOJy7d6Y7nQOXA&mlSearchSessionGuid=aec44f87a8f4c8ed4ce1126ee3e5f300";"2 комнатные";"https://www.cian.ru/kupit-2-komnatnuyu-kvartiru-moskovskaya-oblast/";"20469";"10";"26";"done";"";"2026-06-13 00:39:22";"2026-06-13 03:15:00";""
"cian";"cian_324191767";"324191767";"https://www.cian.ru/sale/flat/324191767/";"https://istra.cian.ru/sale/flat/324191767/?context=4.9jKlbQ3r-r0.Q6dJKiui2ZjMQxMqFNrtbnoO1UIIJ1CQc-YJvtC6FUy_v6jExhs8CSSPcl8VkXgEuys2AgIw3C3fkA&mlSearchSessionGuid=aec44f87a8f4c8ed4ce1126ee3e5f300";"2 комнатные";"https://www.cian.ru/kupit-2-komnatnuyu-kvartiru-moskovskaya-oblast/";"20469";"10";"27";"done";"";"2026-06-13 00:39:22";"2026-06-13 03:15:15";""
"cian";"cian_325482931";"325482931";"https://www.cian.ru/sale/flat/325482931/";"https://balashikha.cian.ru/sale/flat/325482931/?context=4.DW-qBLQZT0c.XGtYNjlp88ybqbB0qJnGmPvq-r_EEFh-Jl4fJtHWugGJ6ZqCSHk9-pKDrIxWwbaDoFFHMhr0bZ3-bQ&mlSearchSessionGuid=aec44f87a8f4c8ed4ce1126ee3e5f300";"2 комнатные";"https://www.cian.ru/kupit-2-komnatnuyu-kvartiru-moskovskaya-oblast/";"20469";"10";"28";"done";"";"2026-06-13 00:39:22";"2026-06-13 03:15:28";""
"cian";"cian_328807567";"328807567";"https://www.cian.ru/sale/flat/328807567/";"https://odintsovo.cian.ru/sale/flat/328807567/?context=4.qR_2ze1Mw6w.An9rW3iu9nryhKUTJ4lYd1QA2mJp2hKiM7za3J7vMfPGhJOJ9Aslk3nEOuhHLk6pOMmqcpE8HVrDnA&mlSearchSessionGuid=232f03f5655a361a5b7bda787a27262b";"3 комнатные";"https://www.cian.ru/kupit-3-komnatnuyu-kvartiru-moskovskaya-oblast/";"11469";"1";"1";"done";"";"2026-06-13 00:40:07";"2026-06-13 03:15:43";""
"cian";"cian_327290833";"327290833";"https://www.cian.ru/sale/flat/327290833/";"https://zvenigorod.cian.ru/sale/flat/327290833/?context=4.eCsKTgRFlwE.sMuZoTSG9_sug4Fdp4_ZcpP-r-WMgkg1miE7oSKFBaHPjghnbF2NP8tSuAxk0fVygOGhixikgdxySA&mlSearchSessionGuid=232f03f5655a361a5b7bda787a27262b";"3 комнатные";"https://www.cian.ru/kupit-3-komnatnuyu-kvartiru-moskovskaya-oblast/";"11469";"1";"2";"done";"";"2026-06-13 00:40:07";"2026-06-13 03:15:57";""
"cian";"cian_328852037";"328852037";"https://www.cian.ru/sale/flat/328852037/";"https://mytishchi.cian.ru/sale/flat/328852037/?context=4.mMqa2MYCCx8.zkS2Ej31lRWKSEWxWq5IVgDdfVFYerKb9fUJvaXjaPCk_wnEAcb0QuUkEQ2uCEtluLZKKZpohFmLRw&mlSearchSessionGuid=232f03f5655a361a5b7bda787a27262b";"3 комнатные";"https://www.cian.ru/kupit-3-komnatnuyu-kvartiru-moskovskaya-oblast/";"11469";"1";"3";"done";"";"2026-06-13 00:40:07";"2026-06-13 03:16:11";""
"cian";"cian_330644977";"330644977";"https://www.cian.ru/sale/flat/330644977/";"https://khimki.cian.ru/sale/flat/330644977/?context=4.JkcowFdb1rk.SNbsUxLCl-4kh5WBSdegmqErbYngtVnlicFRgJIQBRlNlorfDb0kgfnY5z_tfIfxgwAMl4smCfjpNw&mlSearchSessionGuid=232f03f5655a361a5b7bda787a27262b";"3 комнатные";"https://www.cian.ru/kupit-3-komnatnuyu-kvartiru-moskovskaya-oblast/";"11469";"1";"4";"done";"";"2026-06-13 00:40:07";"2026-06-13 03:16:26";""
"cian";"cian_330686947";"330686947";"https://www.cian.ru/sale/flat/330686947/";"https://khimki.cian.ru/sale/flat/330686947/?context=4.xtCm49BZlkU.MIUiZsrmVdyCZxFihDN-utw_eW5lKMWFTtGTct0hSsn9u0BaqUuCS3bE17FmIX2ljkmKPromn6jphg&mlSearchSessionGuid=232f03f5655a361a5b7bda787a27262b";"3 комнатные";"https://www.cian.ru/kupit-3-komnatnuyu-kvartiru-moskovskaya-oblast/";"11469";"1";"5";"done";"";"2026-06-13 00:40:07";"2026-06-13 03:16:40";""
"cian";"cian_328298694";"328298694";"https://www.cian.ru/sale/flat/328298694/";"https://mytishchi.cian.ru/sale/flat/328298694/?context=4.feQvlIr4_vE.1NryviV48DxllLdSxcX1r2myTbtdw82MuhiOtzMgwd_Qx8m_sKK8VOokuBPP3PyMdC-bvYNBrExggQ&mlSearchSessionGuid=232f03f5655a361a5b7bda787a27262b";"3 комнатные";"https://www.cian.ru/kupit-3-komnatnuyu-kvartiru-moskovskaya-oblast/";"11469";"1";"6";"done";"";"2026-06-13 00:40:07";"2026-06-13 03:16:55";""
"cian";"cian_330576494";"330576494";"https://www.cian.ru/sale/flat/330576494/";"https://balashikha.cian.ru/sale/flat/330576494/?context=4.QpYphqwVMIE.CpTB43i8ofJjh3SjjN2p0oIwtb77ByEchAFYtfAQ24uZKleMoVMfgZ57hPdwomp9Z22e4A7wsmY-vQ&mlSearchSessionGuid=232f03f5655a361a5b7bda787a27262b";"3 комнатные";"https://www.cian.ru/kupit-3-komnatnuyu-kvartiru-moskovskaya-oblast/";"11469";"1";"7";"done";"";"2026-06-13 00:40:07";"2026-06-13 03:17:08";""
"cian";"cian_329484201";"329484201";"https://www.cian.ru/sale/flat/329484201/";"https://ramenskoye.cian.ru/sale/flat/329484201/?context=4.TzeIRmCH5f4.rcNagIHD8fsThxF2uirbnU8pWlrbCmG945L6fHRKLfAVpYG9j-x4U4hT0jOvYsfUtArtVHx7SG9RBg&mlSearchSessionGuid=232f03f5655a361a5b7bda787a27262b";"3 комнатные";"https://www.cian.ru/kupit-3-komnatnuyu-kvartiru-moskovskaya-oblast/";"11469";"1";"8";"done";"";"2026-06-13 00:40:07";"2026-06-13 03:17:22";""
"cian";"cian_316028030";"316028030";"https://www.cian.ru/sale/flat/316028030/";"https://balashikha.cian.ru/sale/flat/316028030/?context=4.FiqCJbIOkTc.AImg3QJ4-D0BIoRFQrE24ezqXtMswHsAA7VwYxydLmHvOVkTR8GYQ1ESW8jt9IcdlbWnjf1vdLdVJA&mlSearchSessionGuid=232f03f5655a361a5b7bda787a27262b";"3 комнатные";"https://www.cian.ru/kupit-3-komnatnuyu-kvartiru-moskovskaya-oblast/";"11469";"1";"9";"done";"";"2026-06-13 00:40:07";"2026-06-13 03:17:37";""
"cian";"cian_329678332";"329678332";"https://www.cian.ru/sale/flat/329678332/";"https://krasnogorsk.cian.ru/sale/flat/329678332/?context=4.RTsQvlsKx8c.F8ghGZtsoPdO6b6Xh38LYKSEyyz4VODnvm8fNg9T4n7RW2Z3FmYOXyCYcioSwhB-9yJoRFAUnBjxOg&mlSearchSessionGuid=232f03f5655a361a5b7bda787a27262b";"3 комнатные";"https://www.cian.ru/kupit-3-komnatnuyu-kvartiru-moskovskaya-oblast/";"11469";"1";"10";"done";"";"2026-06-13 00:40:07";"2026-06-13 03:17:51";""
"cian";"cian_330817138";"330817138";"https://www.cian.ru/sale/flat/330817138/";"https://zvenigorod.cian.ru/sale/flat/330817138/?context=4.xJIarz90wNg.dExrcogiTqMAZ-Xh2_-Nix48QT97kVXUu2gtv7qjQTKYFoFRZ0xHQ_mZ9dCcx_DdtBVOGQto9GedlQ&mlSearchSessionGuid=232f03f5655a361a5b7bda787a27262b";"3 комнатные";"https://www.cian.ru/kupit-3-komnatnuyu-kvartiru-moskovskaya-oblast/";"11469";"1";"11";"done";"";"2026-06-13 00:40:07";"2026-06-13 03:18:05";""
"cian";"cian_330315561";"330315561";"https://www.cian.ru/sale/flat/330315561/";"https://odintsovo.cian.ru/sale/flat/330315561/?context=4.cY9PrrQpvVE.k6ZYz2G1YADMdBz6L-6CqvvrDnLBLWLpboCPjdiNIYRHIEJfBnED1GsLVE9-HpHXoqkVO3ZHzsSZ_A&mlSearchSessionGuid=232f03f5655a361a5b7bda787a27262b";"3 комнатные";"https://www.cian.ru/kupit-3-komnatnuyu-kvartiru-moskovskaya-oblast/";"11469";"1";"12";"done";"";"2026-06-13 00:40:07";"2026-06-13 03:18:19";""
"cian";"cian_328678482";"328678482";"https://www.cian.ru/sale/flat/328678482/";"https://dedovsk.cian.ru/sale/flat/328678482/?context=4.fRs8R4mLWII.1NUvzZEIQG1jwhwdEubGld5Z1dH0nkWvNXA42cWc1ff5dIfP39G4bb9xnzcVpIe_CZ8ZAIpSgnabRA&mlSearchSessionGuid=232f03f5655a361a5b7bda787a27262b";"3 комнатные";"https://www.cian.ru/kupit-3-komnatnuyu-kvartiru-moskovskaya-oblast/";"11469";"1";"13";"done";"";"2026-06-13 00:40:07";"2026-06-13 03:18:34";""
"cian";"cian_330158372";"330158372";"https://www.cian.ru/sale/flat/330158372/";"https://vidnoye.cian.ru/sale/flat/330158372/?context=4.hActOSpo_SY.YbbgtDE2hsH29kkIaDlHMKI5ML82-K6K1NGHOi11Oa9M-CrH9pmcK9nihOWDGuD0iJbCyIr67Uu9Xw&mlSearchSessionGuid=232f03f5655a361a5b7bda787a27262b";"3 комнатные";"https://www.cian.ru/kupit-3-komnatnuyu-kvartiru-moskovskaya-oblast/";"11469";"1";"14";"done";"";"2026-06-13 00:40:07";"2026-06-13 03:18:47";""
"cian";"cian_318115580";"318115580";"https://www.cian.ru/sale/flat/318115580/";"https://reutov.cian.ru/sale/flat/318115580/?context=4.oBC5eVgyfkM.VFwfJCuhBB_GnxfKTfivSy1Ul3ivUdn_yJuixN-DI6apvYwdcXFgX9rp4qWz96Czuu72EvdRLbJ9Xg&mlSearchSessionGuid=232f03f5655a361a5b7bda787a27262b";"3 комнатные";"https://www.cian.ru/kupit-3-komnatnuyu-kvartiru-moskovskaya-oblast/";"11469";"1";"15";"done";"";"2026-06-13 00:40:07";"2026-06-13 03:19:02";""
"cian";"cian_326735437";"326735437";"https://www.cian.ru/sale/flat/326735437/";"https://krasnogorsk.cian.ru/sale/flat/326735437/?context=4.xr8yBVIx0PY.5cTlT0rEy2a0d4dYzkdCackJoGmF9WDm3zbohF7Owuvp3PDgQrJ8McUi1ladl--FFTj3mX7knjoG_A&mlSearchSessionGuid=232f03f5655a361a5b7bda787a27262b";"3 комнатные";"https://www.cian.ru/kupit-3-komnatnuyu-kvartiru-moskovskaya-oblast/";"11469";"1";"16";"done";"";"2026-06-13 00:40:07";"2026-06-13 03:19:16";""
"cian";"cian_329795373";"329795373";"https://www.cian.ru/sale/flat/329795373/";"https://krasnogorsk.cian.ru/sale/flat/329795373/?context=4.7cS8VeByERM.ABunIPCXlMDhEK3vBkZXP2KuH-a1EOMllgOAbnK5YOOM3uI2Fd6AS55aYliem7oFEhiQzhVxS3BBDA&mlSearchSessionGuid=232f03f5655a361a5b7bda787a27262b";"3 комнатные";"https://www.cian.ru/kupit-3-komnatnuyu-kvartiru-moskovskaya-oblast/";"11469";"1";"17";"done";"";"2026-06-13 00:40:07";"2026-06-13 03:19:30";""
"cian";"cian_329949210";"329949210";"https://www.cian.ru/sale/flat/329949210/";"https://balashikha.cian.ru/sale/flat/329949210/?context=4.IUDO5MbfB8U.Y6iTg5gmtkGEdgQVkbr_PcyXLqaW-TwGAXhfuHZAhezxnOpNB8M6tIzyrR_BZ4tEBYSzJFz7e5f_Mg&mlSearchSessionGuid=232f03f5655a361a5b7bda787a27262b";"3 комнатные";"https://www.cian.ru/kupit-3-komnatnuyu-kvartiru-moskovskaya-oblast/";"11469";"1";"18";"done";"";"2026-06-13 00:40:07";"2026-06-13 03:19:45";""
"cian";"cian_313662557";"313662557";"https://www.cian.ru/sale/flat/313662557/";"https://korolev.cian.ru/sale/flat/313662557/?context=4.43QHyINq4I0.9h-Yk3OjZi2EqotOGPjzYhWk4k6GWQlHk5HG9LQVwNbt5Z41wLcpu1H0Y15NJc9OOM4Z1HhOq47Mow&mlSearchSessionGuid=232f03f5655a361a5b7bda787a27262b";"3 комнатные";"https://www.cian.ru/kupit-3-komnatnuyu-kvartiru-moskovskaya-oblast/";"11469";"1";"19";"done";"";"2026-06-13 00:40:07";"2026-06-13 03:20:01";""
"cian";"cian_330757679";"330757679";"https://www.cian.ru/sale/flat/330757679/";"https://balashikha.cian.ru/sale/flat/330757679/?context=4.I929j9x9i18.QqQ_G6z28BqEPh5dzrSAwmDZGzb9Qmm_8aQQwikPHRA3rzzQSWDL0ak7B6PPt7g7tbKxweGociX1mg&mlSearchSessionGuid=232f03f5655a361a5b7bda787a27262b";"3 комнатные";"https://www.cian.ru/kupit-3-komnatnuyu-kvartiru-moskovskaya-oblast/";"11469";"1";"20";"done";"";"2026-06-13 00:40:07";"2026-06-13 03:20:14";""
"cian";"cian_329646946";"329646946";"https://www.cian.ru/sale/flat/329646946/";"https://korolev.cian.ru/sale/flat/329646946/?context=4.XZ_fRhAeGpc.27MW6dHyD9smhvzchLiwqP-l7UfA7UpaNV1GgWH6wyRqZt2WqzZjuGE0efX-VinKX6eVvgYDtlTtfw&mlSearchSessionGuid=232f03f5655a361a5b7bda787a27262b";"3 комнатные";"https://www.cian.ru/kupit-3-komnatnuyu-kvartiru-moskovskaya-oblast/";"11469";"1";"21";"done";"";"2026-06-13 00:40:07";"2026-06-13 03:20:30";""
"cian";"cian_328694827";"328694827";"https://www.cian.ru/sale/flat/328694827/";"https://zvenigorod.cian.ru/sale/flat/328694827/?context=4.1YU8D8ueWO8.Xvk_5DJkk9mEh_98KGaX8vAPiNfDaD6fedTkGKcVfw8cncsN_aF1ArOm3rO1C7qIXjOD7ufoEH4nTw&mlSearchSessionGuid=232f03f5655a361a5b7bda787a27262b";"3 комнатные";"https://www.cian.ru/kupit-3-komnatnuyu-kvartiru-moskovskaya-oblast/";"11469";"1";"22";"done";"";"2026-06-13 00:40:07";"2026-06-13 03:20:45";""
"cian";"cian_323224660";"323224660";"https://www.cian.ru/sale/flat/323224660/";"https://zvenigorod.cian.ru/sale/flat/323224660/?context=4.hchkT9h1B98.CWGadA8J7AurViWdaVIzCz7opd_LEi4cn7jJ1DHxckuv0bsR3BK6vionJB5TD-mLUbS6cv8AbLJgPQ&mlSearchSessionGuid=232f03f5655a361a5b7bda787a27262b";"3 комнатные";"https://www.cian.ru/kupit-3-komnatnuyu-kvartiru-moskovskaya-oblast/";"11469";"1";"23";"done";"";"2026-06-13 00:40:07";"2026-06-13 03:20:59";""
"cian";"cian_327279279";"327279279";"https://www.cian.ru/sale/flat/327279279/";"https://balashikha.cian.ru/sale/flat/327279279/?context=4.1P3RiuLX93Q.yCfdQ0IkcM-awbOxc5jUsqd_A3yehUKQFYelbH4F1c8zUC7KPwOEFLjPGm9Ccoze2JeZRPUdyL3lKw&mlSearchSessionGuid=232f03f5655a361a5b7bda787a27262b";"3 комнатные";"https://www.cian.ru/kupit-3-komnatnuyu-kvartiru-moskovskaya-oblast/";"11469";"1";"24";"done";"";"2026-06-13 00:40:07";"2026-06-13 03:21:14";""
"cian";"cian_320964411";"320964411";"https://www.cian.ru/sale/flat/320964411/";"https://shchyolkovo.cian.ru/sale/flat/320964411/?context=4.kH2M0z4cHQk._Ws4k1kYs6941DCDwYVCujR-kIOFM_xdyPRDaoFL3cI3HyzOmMT1EtCU1LI_jVQb3sIeKMJAQ_gUVw&mlSearchSessionGuid=232f03f5655a361a5b7bda787a27262b";"3 комнатные";"https://www.cian.ru/kupit-3-komnatnuyu-kvartiru-moskovskaya-oblast/";"11469";"1";"25";"done";"";"2026-06-13 00:40:07";"2026-06-13 03:21:29";""
"cian";"cian_326950460";"326950460";"https://www.cian.ru/sale/flat/326950460/";"https://ivanteyevka.cian.ru/sale/flat/326950460/?context=4.qaDcy460tbI.Cb3fFxX_wuZxby6BlMWC0bcwLi9ma3H_QRub_gCj3_DFTKxP1n_EFo2qOHmSGrqp_-xUjJeEczp-kw&mlSearchSessionGuid=232f03f5655a361a5b7bda787a27262b";"3 комнатные";"https://www.cian.ru/kupit-3-komnatnuyu-kvartiru-moskovskaya-oblast/";"11469";"1";"26";"done";"";"2026-06-13 00:40:07";"2026-06-13 03:21:45";""
"cian";"cian_330854301";"330854301";"https://www.cian.ru/sale/flat/330854301/";"https://www.cian.ru/sale/flat/330854301/?context=4.jwa21T1k9as.x88n0Drn7aIVFB6211aperHhUoPEwDx-xd7YVTYRQ4WxByLxaSb5NX1pzcLZasHkg2DrirQBSZ0tng&mlSearchSessionGuid=232f03f5655a361a5b7bda787a27262b";"3 комнатные";"https://www.cian.ru/kupit-3-komnatnuyu-kvartiru-moskovskaya-oblast/";"11469";"1";"27";"done";"";"2026-06-13 00:40:07";"2026-06-13 03:22:01";""
"cian";"cian_330912788";"330912788";"https://www.cian.ru/sale/flat/330912788/";"https://zvenigorod.cian.ru/sale/flat/330912788/?context=4.9ftFjijuw5o.zl6JPZBX87mBEqRsZEs3BEE27306W5VDCL9aItNNMUNeBobzDl-y8lOEdLcWQYTCTWC6y4JxZuZWvQ&mlSearchSessionGuid=232f03f5655a361a5b7bda787a27262b";"3 комнатные";"https://www.cian.ru/kupit-3-komnatnuyu-kvartiru-moskovskaya-oblast/";"11469";"1";"28";"done";"";"2026-06-13 00:40:07";"2026-06-13 03:22:13";""
"cian";"cian_326228952";"326228952";"https://www.cian.ru/sale/flat/326228952/";"https://krasnogorsk.cian.ru/sale/flat/326228952/?context=4.Fx6tKxqUR74.kXpoxCwDEzHUgmvk-JZr54jAE7zhWE3_5M3_uyY6NKDXoeZLPkIcu-zMrYyeCB3a1aJbcGx4Y4kzDQ&mlSearchSessionGuid=232f03f5655a361a5b7bda787a27262b";"3 комнатные";"https://www.cian.ru/kupit-3-komnatnuyu-kvartiru-moskovskaya-oblast/";"11469";"2";"1";"done";"";"2026-06-13 00:40:51";"2026-06-13 03:22:28";""
"cian";"cian_329272019";"329272019";"https://www.cian.ru/sale/flat/329272019/";"https://krasnogorsk.cian.ru/sale/flat/329272019/?context=4.QF5qswl1auE.N0habYCxCtaBvIAHC9FH6d8SP2rpIlAZd8jARmSELj8eSZXg9WXEjnJHIrqjM56_oVF0jyEc3DjCQg&mlSearchSessionGuid=232f03f5655a361a5b7bda787a27262b";"3 комнатные";"https://www.cian.ru/kupit-3-komnatnuyu-kvartiru-moskovskaya-oblast/";"11469";"2";"2";"done";"";"2026-06-13 00:40:51";"2026-06-13 03:22:41";""
"cian";"cian_330925124";"330925124";"https://www.cian.ru/sale/flat/330925124/";"https://mytishchi.cian.ru/sale/flat/330925124/?context=4.VIdpoaFW7pU.6MUs6TL75t-ZDPJTENEQgvyRO4rxI4JtR2qcqTqbKVDMb0ba0X2eDYjeEayuITv0gj_6IFLI2eEuTQ&mlSearchSessionGuid=232f03f5655a361a5b7bda787a27262b";"3 комнатные";"https://www.cian.ru/kupit-3-komnatnuyu-kvartiru-moskovskaya-oblast/";"11469";"2";"3";"done";"";"2026-06-13 00:40:51";"2026-06-13 03:22:55";""
"cian";"cian_328480879";"328480879";"https://www.cian.ru/sale/flat/328480879/";"https://krasnogorsk.cian.ru/sale/flat/328480879/?context=4.XAXX1mMu0AE.em4TQdvYhDY0dv6RE8JCuvipdRSM8xko0QFBpEPsLMKSRXob2_hH8PYoqJsIS3FVj5sodPqpH1akHA&mlSearchSessionGuid=232f03f5655a361a5b7bda787a27262b";"3 комнатные";"https://www.cian.ru/kupit-3-komnatnuyu-kvartiru-moskovskaya-oblast/";"11469";"2";"4";"done";"";"2026-06-13 00:40:51";"2026-06-13 03:23:10";""
"cian";"cian_330157592";"330157592";"https://www.cian.ru/sale/flat/330157592/";"https://lyubertsy.cian.ru/sale/flat/330157592/?context=4.jHcDE6bMj4Y.Nere79zbf78XNnkptFbZ98G9iV51095I-624HsVVSvCT7BSi4k2uexfzqPGJPLCRVfhG74izu75IlQ&mlSearchSessionGuid=232f03f5655a361a5b7bda787a27262b";"3 комнатные";"https://www.cian.ru/kupit-3-komnatnuyu-kvartiru-moskovskaya-oblast/";"11469";"2";"5";"done";"";"2026-06-13 00:40:51";"2026-06-13 03:23:22";""
"cian";"cian_326085458";"326085458";"https://www.cian.ru/sale/flat/326085458/";"https://mytishchi.cian.ru/sale/flat/326085458/?context=4.Kq1KH5JktF8.i_4w4mCY33RsmaE9P--8jo_gEf4pDDOoOFx1-pOUMO2IKuuBZNdBn_Eb-uTi1LYc_ZAEUUhk_j5rrg&mlSearchSessionGuid=232f03f5655a361a5b7bda787a27262b";"3 комнатные";"https://www.cian.ru/kupit-3-komnatnuyu-kvartiru-moskovskaya-oblast/";"11469";"2";"6";"done";"";"2026-06-13 00:40:51";"2026-06-13 03:23:36";""
"cian";"cian_328172446";"328172446";"https://www.cian.ru/sale/flat/328172446/";"https://krasnogorsk.cian.ru/sale/flat/328172446/?context=4.IYf5-U1UU1Y.lUnBbzqphtKs6U_roaJV7uO16nCo6bb6HmcIrd-qFMMOxc0iTyrCGs5mdZG9ZwCr1Zgk5Mi6wInwJA&mlSearchSessionGuid=232f03f5655a361a5b7bda787a27262b";"3 комнатные";"https://www.cian.ru/kupit-3-komnatnuyu-kvartiru-moskovskaya-oblast/";"11469";"2";"7";"done";"";"2026-06-13 00:40:51";"2026-06-13 03:23:51";""
"cian";"cian_330890462";"330890462";"https://www.cian.ru/sale/flat/330890462/";"https://staraya-kupavna.cian.ru/sale/flat/330890462/?context=4.k_3TZ-Ow1dI.vhoPqU3YOmHdByMGSe0mi4DFGmjWZHznQEDkd967l3rXcdmXB8Ho8a4MWZD2bD4lzwUhC9qHvEX9RQ&mlSearchSessionGuid=232f03f5655a361a5b7bda787a27262b";"3 комнатные";"https://www.cian.ru/kupit-3-komnatnuyu-kvartiru-moskovskaya-oblast/";"11469";"2";"8";"done";"";"2026-06-13 00:40:51";"2026-06-13 03:24:06";""
"cian";"cian_330209384";"330209384";"https://www.cian.ru/sale/flat/330209384/";"https://dolgoprudny.cian.ru/sale/flat/330209384/?context=4.Qg_ruGUEcBQ.ltRpYVaFYl2d5PhhlOuQ0PBvBdVMafBkI7qqixeT3mGQgDjYPAT1y0LIPPw0jK17tTUwDmtDXFpjaA&mlSearchSessionGuid=232f03f5655a361a5b7bda787a27262b";"3 комнатные";"https://www.cian.ru/kupit-3-komnatnuyu-kvartiru-moskovskaya-oblast/";"11469";"2";"9";"done";"";"2026-06-13 00:40:51";"2026-06-13 03:24:19";""
"cian";"cian_327639691";"327639691";"https://www.cian.ru/sale/flat/327639691/";"https://dedovsk.cian.ru/sale/flat/327639691/?context=4.HWjCVFGkIJc.gM6HdEtv_IqderHvDSp3yrZfQEj-N_g2p4uRefEv_C3q7eWxq7X9JgBrUqrUKgIWUxyN-vDKUAcQFQ&mlSearchSessionGuid=232f03f5655a361a5b7bda787a27262b";"3 комнатные";"https://www.cian.ru/kupit-3-komnatnuyu-kvartiru-moskovskaya-oblast/";"11469";"2";"10";"done";"";"2026-06-13 00:40:51";"2026-06-13 03:24:34";""
"cian";"cian_330842314";"330842314";"https://www.cian.ru/sale/flat/330842314/";"https://zvenigorod.cian.ru/sale/flat/330842314/?context=4.PjF5axWKwPM.07bxsssRmoYFNwb_yC6XRz3kmfKht89VkEEN_EPPFDwALrRD44Q9z09w671_IoFyLX06cluPjlsSbA&mlSearchSessionGuid=232f03f5655a361a5b7bda787a27262b";"3 комнатные";"https://www.cian.ru/kupit-3-komnatnuyu-kvartiru-moskovskaya-oblast/";"11469";"2";"11";"done";"";"2026-06-13 00:40:51";"2026-06-13 03:24:49";""
"cian";"cian_326517471";"326517471";"https://www.cian.ru/sale/flat/326517471/";"https://vidnoye.cian.ru/sale/flat/326517471/?context=4.US_Zk5HzhqM.EwfPkT4kFqvtmrwjYrUVBw7qpFGWYVQ3OLiofrMFDGVeikILa7x06OYvmjAhO9uPmlKZPHFZvPP22A&mlSearchSessionGuid=232f03f5655a361a5b7bda787a27262b";"3 комнатные";"https://www.cian.ru/kupit-3-komnatnuyu-kvartiru-moskovskaya-oblast/";"11469";"2";"12";"done";"";"2026-06-13 00:40:51";"2026-06-13 03:25:01";""
"cian";"cian_330209004";"330209004";"https://www.cian.ru/sale/flat/330209004/";"https://zvenigorod.cian.ru/sale/flat/330209004/?context=4.39Do4dRtlRw.mExcns_uP01YwQRw-GoAvJ8UsuA6oik9KCPe4ASI7go6mXFx-sNy78kU_o2EJaBSgU1L3mdIae2PgA&mlSearchSessionGuid=232f03f5655a361a5b7bda787a27262b";"3 комнатные";"https://www.cian.ru/kupit-3-komnatnuyu-kvartiru-moskovskaya-oblast/";"11469";"2";"13";"done";"";"2026-06-13 00:40:51";"2026-06-13 03:25:16";""
"cian";"cian_330275695";"330275695";"https://www.cian.ru/sale/flat/330275695/";"https://khimki.cian.ru/sale/flat/330275695/?context=4.OFYMBSu6Qpw.O6cxJqrfTGDckt6o_85riBKnQ6MYOYpEY6sBcjm6mp-tOw79mBa_MS4oYYjyR-nrJ9xX3sKWYz-53A&mlSearchSessionGuid=232f03f5655a361a5b7bda787a27262b";"3 комнатные";"https://www.cian.ru/kupit-3-komnatnuyu-kvartiru-moskovskaya-oblast/";"11469";"2";"14";"done";"";"2026-06-13 00:40:51";"2026-06-13 03:25:30";""
"cian";"cian_325886238";"325886238";"https://www.cian.ru/sale/flat/325886238/";"https://podolsk.cian.ru/sale/flat/325886238/?context=4.gSQ9cBoUUco.b5SfWTETnSgdOJYCxNaEKV0SNvgZ1Lnb9L7saowNolLSt7pOX8tdEGcayxxKBdTigviCLneaGkEr8Q&mlSearchSessionGuid=232f03f5655a361a5b7bda787a27262b";"3 комнатные";"https://www.cian.ru/kupit-3-komnatnuyu-kvartiru-moskovskaya-oblast/";"11469";"2";"15";"done";"";"2026-06-13 00:40:51";"2026-06-13 03:25:46";""
"cian";"cian_330529239";"330529239";"https://www.cian.ru/sale/flat/330529239/";"https://khimki.cian.ru/sale/flat/330529239/?context=4.K6p5Oomv2vM.AQwtPc4nrPBYq4oaDlPZ2RSP8XG0p_-2MczzARkPW_THL6BHYYp1Fw32r1sufkV0wpcWXlhYaz_FCQ&mlSearchSessionGuid=232f03f5655a361a5b7bda787a27262b";"3 комнатные";"https://www.cian.ru/kupit-3-komnatnuyu-kvartiru-moskovskaya-oblast/";"11469";"2";"16";"done";"";"2026-06-13 00:40:51";"2026-06-13 03:26:01";""
"cian";"cian_324904106";"324904106";"https://www.cian.ru/sale/flat/324904106/";"https://zvenigorod.cian.ru/sale/flat/324904106/?context=4.ToqAmpPhs6U._LhZDRBDNADeMzedAByZuSJhhnD2w_8lCbrxNq8ueRVhKLp8_nIqPwTgp9KmaE07nxI7Y-S9US9TDw&mlSearchSessionGuid=232f03f5655a361a5b7bda787a27262b";"3 комнатные";"https://www.cian.ru/kupit-3-komnatnuyu-kvartiru-moskovskaya-oblast/";"11469";"2";"17";"done";"";"2026-06-13 00:40:51";"2026-06-13 03:26:16";""
"cian";"cian_285451265";"285451265";"https://www.cian.ru/sale/flat/285451265/";"https://zvenigorod.cian.ru/sale/flat/285451265/?context=4.SZN4jTtOA9I.wGLoJKDrL5mEknItEXw4kXa19LdOFvivigMUzvTstVNHCrFb6cYoPXHKCTQhALhRIOJ-t8YnYPx4lw&mlSearchSessionGuid=232f03f5655a361a5b7bda787a27262b";"3 комнатные";"https://www.cian.ru/kupit-3-komnatnuyu-kvartiru-moskovskaya-oblast/";"11469";"2";"18";"done";"";"2026-06-13 00:40:51";"2026-06-13 03:26:33";""
"cian";"cian_329437121";"329437121";"https://www.cian.ru/sale/flat/329437121/";"https://krasnogorsk.cian.ru/sale/flat/329437121/?context=4.CxRbTg5wtjg.lgW1AnQbxrRSzHQUlozc3zh4aqSPKWK6ecBytVfR-uTQ8gtxw2ik_i3-3D1dGbrGaghglcpkfD_bMQ&mlSearchSessionGuid=232f03f5655a361a5b7bda787a27262b";"3 комнатные";"https://www.cian.ru/kupit-3-komnatnuyu-kvartiru-moskovskaya-oblast/";"11469";"2";"19";"done";"";"2026-06-13 00:40:51";"2026-06-13 03:26:47";""
"cian";"cian_330925343";"330925343";"https://www.cian.ru/sale/flat/330925343/";"https://www.cian.ru/sale/flat/330925343/?context=4.L1rqWmQmx3M.a-FwiVLtb5S70Fs9oBJ8nOBGYO1HNWnQgdiZBZ5AfUYQoVtwupELqdls3MhS0DdJKxshZ1WurcjrtA&mlSearchSessionGuid=232f03f5655a361a5b7bda787a27262b";"3 комнатные";"https://www.cian.ru/kupit-3-komnatnuyu-kvartiru-moskovskaya-oblast/";"11469";"2";"20";"done";"";"2026-06-13 00:40:51";"2026-06-13 03:27:00";""
"cian";"cian_331001490";"331001490";"https://www.cian.ru/sale/flat/331001490/";"https://zvenigorod.cian.ru/sale/flat/331001490/?context=4.YE9LRpppJhY.YSF6B2nnv7V0xtKwvNZ1jAUk2DgmdUY1Kjg5Pt9wDLOtiQFhtp9Pb0hOiGq4x7-UgHw6YF6n7EIrtA&mlSearchSessionGuid=232f03f5655a361a5b7bda787a27262b";"3 комнатные";"https://www.cian.ru/kupit-3-komnatnuyu-kvartiru-moskovskaya-oblast/";"11469";"2";"21";"done";"";"2026-06-13 00:40:51";"2026-06-13 03:27:18";""
"cian";"cian_327008847";"327008847";"https://www.cian.ru/sale/flat/327008847/";"https://aprelevka.cian.ru/sale/flat/327008847/?context=4.J4DsawGy_YE.jg5H_hJHbAX1zm6oo_9v_g696jKXbMGDXxa2QXemGhJFycLy5abGDQlVGScys0i2WkCKnoUfwYNbFQ&mlSearchSessionGuid=232f03f5655a361a5b7bda787a27262b";"3 комнатные";"https://www.cian.ru/kupit-3-komnatnuyu-kvartiru-moskovskaya-oblast/";"11469";"2";"22";"done";"";"2026-06-13 00:40:51";"2026-06-13 03:27:32";""
"cian";"cian_328577565";"328577565";"https://www.cian.ru/sale/flat/328577565/";"https://balashikha.cian.ru/sale/flat/328577565/?context=4.aanmBES530A.Q5zk7XMxTRDVlOV7Id1rFcy-UH5Q_Rdl0T-asqonm8gdZT8oihZ5ANtjw-fcrEQjt8jT1sW9OU-V2w&mlSearchSessionGuid=232f03f5655a361a5b7bda787a27262b";"3 комнатные";"https://www.cian.ru/kupit-3-komnatnuyu-kvartiru-moskovskaya-oblast/";"11469";"2";"23";"done";"";"2026-06-13 00:40:51";"2026-06-13 03:27:46";""
"cian";"cian_328295356";"328295356";"https://www.cian.ru/sale/flat/328295356/";"https://www.cian.ru/sale/flat/328295356/?context=4.N2Ujfle_j5s.t7J17C0LIxL5GWYvLViSd8i1EyxOf0cXaIHKu3iB9947V7yKuoq0HHDrx5sxCkbQuz0nBTWZv_sbpw&mlSearchSessionGuid=232f03f5655a361a5b7bda787a27262b";"3 комнатные";"https://www.cian.ru/kupit-3-komnatnuyu-kvartiru-moskovskaya-oblast/";"11469";"2";"24";"done";"";"2026-06-13 00:40:51";"2026-06-13 03:28:01";""
"cian";"cian_329064132";"329064132";"https://www.cian.ru/sale/flat/329064132/";"https://krasnogorsk.cian.ru/sale/flat/329064132/?context=4.cXiHBxn0_J4.oskBM0lL-b-p7pMi4l-uBz34bzRNCma9_AtUHy1s-35HHFvmOxb1awg1lYev2FmO7pYPEd2xgts3ZQ&mlSearchSessionGuid=232f03f5655a361a5b7bda787a27262b";"3 комнатные";"https://www.cian.ru/kupit-3-komnatnuyu-kvartiru-moskovskaya-oblast/";"11469";"2";"25";"done";"";"2026-06-13 00:40:51";"2026-06-13 03:28:16";""
"cian";"cian_325925926";"325925926";"https://www.cian.ru/sale/flat/325925926/";"https://balashikha.cian.ru/sale/flat/325925926/?context=4.pQDomFjO3HI.EMGlsM0oZCvWNPE9OWAEkF1SAbrXTpLf3oSGp5YqedtrzkRv0jVgU5i7PQCly2V-mfR8ZmEzywiiwg&mlSearchSessionGuid=232f03f5655a361a5b7bda787a27262b";"3 комнатные";"https://www.cian.ru/kupit-3-komnatnuyu-kvartiru-moskovskaya-oblast/";"11469";"2";"26";"done";"";"2026-06-13 00:40:51";"2026-06-13 03:28:30";""
"cian";"cian_328039099";"328039099";"https://www.cian.ru/sale/flat/328039099/";"https://dmitrov.cian.ru/sale/flat/328039099/?context=4.fnpGebdQKu0.rBZvksTBmDCyXp113BYjVsbHZ0O__MDKh_AZV2_SmlSHC62QdMqLy1UGM9mWwZ2NEyx_Bcj98PEbgg&mlSearchSessionGuid=232f03f5655a361a5b7bda787a27262b";"3 комнатные";"https://www.cian.ru/kupit-3-komnatnuyu-kvartiru-moskovskaya-oblast/";"11469";"2";"27";"done";"";"2026-06-13 00:40:51";"2026-06-13 03:28:45";""
"cian";"cian_327327288";"327327288";"https://www.cian.ru/sale/flat/327327288/";"https://zvenigorod.cian.ru/sale/flat/327327288/?context=4.Sdod0LA25vw.5yGrQasHf-PdS4Mddvz1u_uNUf7IwHU7vT4lnX8WOtuPQbTDYU8nN8gA6YOiLLIr-N261KVGSrKm5w&mlSearchSessionGuid=232f03f5655a361a5b7bda787a27262b";"3 комнатные";"https://www.cian.ru/kupit-3-komnatnuyu-kvartiru-moskovskaya-oblast/";"11469";"2";"28";"done";"";"2026-06-13 00:40:51";"2026-06-13 03:28:59";""
"cian";"cian_330833141";"330833141";"https://www.cian.ru/sale/flat/330833141/";"https://domodedovo.cian.ru/sale/flat/330833141/?context=4.KZYv2Sd8oaI.loL-pUOWIqcGL2-KG3ZuvyxjM8DlsyNxRutWEJN-f_UvYRfhmWEF6VYgfZIFTrW7QhPHuPExaFD5_A&mlSearchSessionGuid=232f03f5655a361a5b7bda787a27262b";"3 комнатные";"https://www.cian.ru/kupit-3-komnatnuyu-kvartiru-moskovskaya-oblast/";"11469";"3";"1";"done";"";"2026-06-13 00:41:38";"2026-06-13 03:29:13";""
"cian";"cian_326783026";"326783026";"https://www.cian.ru/sale/flat/326783026/";"https://khimki.cian.ru/sale/flat/326783026/?context=4.I1PmLUFp7eY.MKRC4YMAGnkEZaFZ1yXt_An_lxgwC6RftvX3loPCiIvUry2fnho4I65mBglR0ZVho6EnqqzXh5ww5A&mlSearchSessionGuid=232f03f5655a361a5b7bda787a27262b";"3 комнатные";"https://www.cian.ru/kupit-3-komnatnuyu-kvartiru-moskovskaya-oblast/";"11469";"3";"2";"done";"";"2026-06-13 00:41:38";"2026-06-13 03:29:27";""
"cian";"cian_330894111";"330894111";"https://www.cian.ru/sale/flat/330894111/";"https://dedovsk.cian.ru/sale/flat/330894111/?context=4.czMDTw0Noaw.srcpPld75VnQNBfNQ0lK9kfi7TXJCI3lYyFzhrseZAu1XLCGHbEvQMuY7TwWTbay5N10N9jGIToMCA&mlSearchSessionGuid=232f03f5655a361a5b7bda787a27262b";"3 комнатные";"https://www.cian.ru/kupit-3-komnatnuyu-kvartiru-moskovskaya-oblast/";"11469";"3";"3";"done";"";"2026-06-13 00:41:38";"2026-06-13 03:29:41";""
"cian";"cian_329332220";"329332220";"https://www.cian.ru/sale/flat/329332220/";"https://balashikha.cian.ru/sale/flat/329332220/?context=4.--C0iwcaeWk.TbpRijz-Pjy5FDUfD-VR4XiYxT7BGen-x0O_MaqPPwr0T2AGUEi4sju5N--rc6oZIUlKbTCWkRaXNw&mlSearchSessionGuid=232f03f5655a361a5b7bda787a27262b";"3 комнатные";"https://www.cian.ru/kupit-3-komnatnuyu-kvartiru-moskovskaya-oblast/";"11469";"3";"4";"done";"";"2026-06-13 00:41:38";"2026-06-13 03:29:56";""
"cian";"cian_325784956";"325784956";"https://www.cian.ru/sale/flat/325784956/";"https://mytishchi.cian.ru/sale/flat/325784956/?context=4.5AzQf0xZJ2I.NTJZpHvDJ3_o7qFCZdPlX6V3gHxL78P8eBAtOAOJgehlwNrUXoq7BhVbSdayZ0wnt7nJFAnCQEuJOQ&mlSearchSessionGuid=232f03f5655a361a5b7bda787a27262b";"3 комнатные";"https://www.cian.ru/kupit-3-komnatnuyu-kvartiru-moskovskaya-oblast/";"11469";"3";"5";"done";"";"2026-06-13 00:41:38";"2026-06-13 03:30:11";""
"cian";"cian_317200508";"317200508";"https://www.cian.ru/sale/flat/317200508/";"https://zvenigorod.cian.ru/sale/flat/317200508/?context=4.cSFcc6uj44Q.sDpCgGVgmn9EfXuA0DA-2836eqSs7RUVL1CKfJWqMlJMtCWtcrSwZK4MsJu0qGogUMrKF00vutVfrw&mlSearchSessionGuid=232f03f5655a361a5b7bda787a27262b";"3 комнатные";"https://www.cian.ru/kupit-3-komnatnuyu-kvartiru-moskovskaya-oblast/";"11469";"3";"6";"done";"";"2026-06-13 00:41:38";"2026-06-13 03:30:25";""
"cian";"cian_330265441";"330265441";"https://www.cian.ru/sale/flat/330265441/";"https://lyubertsy.cian.ru/sale/flat/330265441/?context=4.Phmwc-N9nKU.T1d9-W7JrgDPP8Pj_qHsoECAGdElPTxF4_fbMCS09sB92Di0KrMNlw0WMTLDmwpeLnU0hWEvIAn7ZA&mlSearchSessionGuid=232f03f5655a361a5b7bda787a27262b";"3 комнатные";"https://www.cian.ru/kupit-3-komnatnuyu-kvartiru-moskovskaya-oblast/";"11469";"3";"7";"done";"";"2026-06-13 00:41:38";"2026-06-13 03:30:41";""
"cian";"cian_325737409";"325737409";"https://www.cian.ru/sale/flat/325737409/";"https://pushkino.cian.ru/sale/flat/325737409/?context=4.o9R5tiFAkio.FQfLhxPgjz09KCkxbxt2X7yt4VQ49jE9-ASaEC8BwgdMKJ5FnAoH0npuYOUq4t-B23nEBVnuNTiZ2w&mlSearchSessionGuid=232f03f5655a361a5b7bda787a27262b";"3 комнатные";"https://www.cian.ru/kupit-3-komnatnuyu-kvartiru-moskovskaya-oblast/";"11469";"3";"8";"done";"";"2026-06-13 00:41:38";"2026-06-13 03:30:56";""
"cian";"cian_329363633";"329363633";"https://www.cian.ru/sale/flat/329363633/";"https://serpukhov.cian.ru/sale/flat/329363633/?context=4.iY4oEE3Biak.UOfU4SWH17kwqyke0i3OSL9ZUBTT4JmQW9Msflypyws13XQ--78NgxxswxeIVMSPXJatsbY2C0KSYw&mlSearchSessionGuid=232f03f5655a361a5b7bda787a27262b";"3 комнатные";"https://www.cian.ru/kupit-3-komnatnuyu-kvartiru-moskovskaya-oblast/";"11469";"3";"9";"done";"";"2026-06-13 00:41:38";"2026-06-13 03:31:10";""
"cian";"cian_329046728";"329046728";"https://www.cian.ru/sale/flat/329046728/";"https://balashikha.cian.ru/sale/flat/329046728/?context=4.9a7SC5yPxyM.y8zDBiyYdZWbJSJD-B_fbV13NjPiZeoy6bTdFN387vOnQ3p-xx2njknnBdAIvPmIYUXLBwORU6gdQw&mlSearchSessionGuid=232f03f5655a361a5b7bda787a27262b";"3 комнатные";"https://www.cian.ru/kupit-3-komnatnuyu-kvartiru-moskovskaya-oblast/";"11469";"3";"10";"done";"";"2026-06-13 00:41:38";"2026-06-13 03:31:25";""
"cian";"cian_328694737";"328694737";"https://www.cian.ru/sale/flat/328694737/";"https://zvenigorod.cian.ru/sale/flat/328694737/?context=4.keFalXGqp5M.fMXGRroXaT_eucee6HKtkf8hyw0upfEYbfqZDo5CafBTpvqyPEiD16RH5Ueq-ZM_w5aWQhjXc_57Dg&mlSearchSessionGuid=232f03f5655a361a5b7bda787a27262b";"3 комнатные";"https://www.cian.ru/kupit-3-komnatnuyu-kvartiru-moskovskaya-oblast/";"11469";"3";"11";"done";"";"2026-06-13 00:41:38";"2026-06-13 03:31:40";""
"cian";"cian_325670063";"325670063";"https://www.cian.ru/sale/flat/325670063/";"https://zvenigorod.cian.ru/sale/flat/325670063/?context=4.YQcpYdf1Ur4.fHRndFIcpOwK88GbVsa_fCTJkKFjbeVqYqnO4pJKxBxjAPjo8rZrSVMifnXFiTAWqRmejsFkHA0EPQ&mlSearchSessionGuid=232f03f5655a361a5b7bda787a27262b";"3 комнатные";"https://www.cian.ru/kupit-3-komnatnuyu-kvartiru-moskovskaya-oblast/";"11469";"3";"12";"done";"";"2026-06-13 00:41:38";"2026-06-13 03:31:55";""
"cian";"cian_329925906";"329925906";"https://www.cian.ru/sale/flat/329925906/";"https://khimki.cian.ru/sale/flat/329925906/?context=4.S4VTUFjPRkQ.32FncDFLI65zNH62NFqGsWzctGifHUCR-dt1i5Z_tN9cy8vsQnd-SZpVsPEz0gnIkm9bIda6phN7Mw&mlSearchSessionGuid=232f03f5655a361a5b7bda787a27262b";"3 комнатные";"https://www.cian.ru/kupit-3-komnatnuyu-kvartiru-moskovskaya-oblast/";"11469";"3";"13";"done";"";"2026-06-13 00:41:38";"2026-06-13 03:32:09";""
"cian";"cian_327305164";"327305164";"https://www.cian.ru/sale/flat/327305164/";"https://khimki.cian.ru/sale/flat/327305164/?context=4.jwrrKDXBRg8.Ngd9ckYIRlEfMIDHXYbyYRj0GF2K_lLwwWZzZSZUMIvBOnrqS_JeBW5BkmZ1Yd380p_RNynbBG7iHA&mlSearchSessionGuid=232f03f5655a361a5b7bda787a27262b";"3 комнатные";"https://www.cian.ru/kupit-3-komnatnuyu-kvartiru-moskovskaya-oblast/";"11469";"3";"14";"done";"";"2026-06-13 00:41:38";"2026-06-13 03:32:23";""
"cian";"cian_329121261";"329121261";"https://www.cian.ru/sale/flat/329121261/";"https://khimki.cian.ru/sale/flat/329121261/?context=4.5OmLDhgm06w.fQEky0cSpaD8LbiyK-kolpfMLA_CXstEoJWA__y9d7_LwNjZMg4yhCe2-o6uKN7PJPf4nczZw2kmWg&mlSearchSessionGuid=232f03f5655a361a5b7bda787a27262b";"3 комнатные";"https://www.cian.ru/kupit-3-komnatnuyu-kvartiru-moskovskaya-oblast/";"11469";"3";"15";"done";"";"2026-06-13 00:41:38";"2026-06-13 03:32:37";""
"cian";"cian_330742136";"330742136";"https://www.cian.ru/sale/flat/330742136/";"https://shchyolkovo.cian.ru/sale/flat/330742136/?context=4.03eUYGAbJ7A.gAkEXQxcHc13AqCGe5CBRW-vRa82GlUuwz-eTttZ-WHRUPD1Fv899p59UouGG5-pGGpGIYAqxsPcVg&mlSearchSessionGuid=232f03f5655a361a5b7bda787a27262b";"3 комнатные";"https://www.cian.ru/kupit-3-komnatnuyu-kvartiru-moskovskaya-oblast/";"11469";"3";"16";"done";"";"2026-06-13 00:41:38";"2026-06-13 03:32:52";""
"cian";"cian_330926657";"330926657";"https://www.cian.ru/sale/flat/330926657/";"https://naro-fominsk.cian.ru/sale/flat/330926657/?context=4.Huf6R1qXnoA.dKIdLqjZLmjmVonEtksYwTkgmEap9OitDRvUBO2oqX48jspodoYAqdeyblh4yl0C8yyTz0JpMlTqsg&mlSearchSessionGuid=232f03f5655a361a5b7bda787a27262b";"3 комнатные";"https://www.cian.ru/kupit-3-komnatnuyu-kvartiru-moskovskaya-oblast/";"11469";"3";"17";"done";"";"2026-06-13 00:41:38";"2026-06-13 03:33:06";""
"cian";"cian_325086411";"325086411";"https://www.cian.ru/sale/flat/325086411/";"https://shchyolkovo.cian.ru/sale/flat/325086411/?context=4.t59qmobWGJ0.qSlR1tB9oe0CdI1-3gYxA0caH1LXyPWbC4h5_zgc26bswsQe8LB02wNao6KCT9ATIE1eOBrPPeQKEg&mlSearchSessionGuid=232f03f5655a361a5b7bda787a27262b";"3 комнатные";"https://www.cian.ru/kupit-3-komnatnuyu-kvartiru-moskovskaya-oblast/";"11469";"3";"18";"done";"";"2026-06-13 00:41:38";"2026-06-13 03:33:20";""
"cian";"cian_330389267";"330389267";"https://www.cian.ru/sale/flat/330389267/";"https://solnechnogorsk.cian.ru/sale/flat/330389267/?context=4.goAwJIaIcuM.vbvEhVaW7Hyrz5qE-_Z9dzTJRYjM-m-MCgyodUI5Z97IIqaFTul_ZMpWP9lP-0QW-fRYJJFvR1ex5A&mlSearchSessionGuid=232f03f5655a361a5b7bda787a27262b";"3 комнатные";"https://www.cian.ru/kupit-3-komnatnuyu-kvartiru-moskovskaya-oblast/";"11469";"3";"19";"done";"";"2026-06-13 00:41:38";"2026-06-13 03:33:36";""
"cian";"cian_326367914";"326367914";"https://www.cian.ru/sale/flat/326367914/";"https://zvenigorod.cian.ru/sale/flat/326367914/?context=4.BeviD-QMptc.Q6lEa7rJ_rTWU1ufl3aj4njl9rZNSuEeB1aN9gKpwdHmua19S3M7LyCizJLdvCJgNwe2dQTCTCPIsQ&mlSearchSessionGuid=232f03f5655a361a5b7bda787a27262b";"3 комнатные";"https://www.cian.ru/kupit-3-komnatnuyu-kvartiru-moskovskaya-oblast/";"11469";"3";"20";"done";"";"2026-06-13 00:41:38";"2026-06-13 03:33:50";""
"cian";"cian_329925414";"329925414";"https://www.cian.ru/sale/flat/329925414/";"https://www.cian.ru/sale/flat/329925414/?context=4.71Ylgy00UD8.b_FaQQlQWixHr78TEoyR1L6JNBeSrMmStYE2M8aondhOcVbwH8yHbeQ4vBk9WSHcp5e9Ri5grTFgRg&mlSearchSessionGuid=232f03f5655a361a5b7bda787a27262b";"3 комнатные";"https://www.cian.ru/kupit-3-komnatnuyu-kvartiru-moskovskaya-oblast/";"11469";"3";"21";"done";"";"2026-06-13 00:41:38";"2026-06-13 03:34:05";""
"cian";"cian_330965521";"330965521";"https://www.cian.ru/sale/flat/330965521/";"https://krasnogorsk.cian.ru/sale/flat/330965521/?context=4.Vsxwt7_qQ20.vvWAEJfQR5VG0iTg26vXIMhOn3vOEmhbY2m_QuBcCI75vg67Kwr4MTQXU3IfZLKAPQEq_bm7RlDtOQ&mlSearchSessionGuid=232f03f5655a361a5b7bda787a27262b";"3 комнатные";"https://www.cian.ru/kupit-3-komnatnuyu-kvartiru-moskovskaya-oblast/";"11469";"3";"22";"done";"";"2026-06-13 00:41:38";"2026-06-13 03:34:20";""
"cian";"cian_326596992";"326596992";"https://www.cian.ru/sale/flat/326596992/";"https://zvenigorod.cian.ru/sale/flat/326596992/?context=4.8VSfZC5QphU.EGe9ifHxZGgRAz9c0E4YjR2JZaD81NFoZIko4N-2v7mh8V8gx8SXWDhWvcZ9zse9YibkkcviaBdZRA&mlSearchSessionGuid=232f03f5655a361a5b7bda787a27262b";"3 комнатные";"https://www.cian.ru/kupit-3-komnatnuyu-kvartiru-moskovskaya-oblast/";"11469";"3";"23";"done";"";"2026-06-13 00:41:38";"2026-06-13 03:34:36";""
"cian";"cian_328888095";"328888095";"https://www.cian.ru/sale/flat/328888095/";"https://dmitrov.cian.ru/sale/flat/328888095/?context=4.GtdA-F9wgaY.AEV8x6z9_bm92eeqcUVixdlMBRUNu5yBlnIqd8Qf-_AK1yGydJHBtPRNrLRe560ts4_Ol1sU3RzcZg&mlSearchSessionGuid=232f03f5655a361a5b7bda787a27262b";"3 комнатные";"https://www.cian.ru/kupit-3-komnatnuyu-kvartiru-moskovskaya-oblast/";"11469";"3";"24";"done";"";"2026-06-13 00:41:38";"2026-06-13 03:34:51";""
"cian";"cian_325169106";"325169106";"https://www.cian.ru/sale/flat/325169106/";"https://shchyolkovo.cian.ru/sale/flat/325169106/?context=4.nx5s_3qzAA0.OT5002CmmC8WNEkXM2zuzM0TliypLH1Z6Yv8L2T6gRAYmlhUAXmfoOuIT-ltGEk1-qRQnMh232B1KA&mlSearchSessionGuid=232f03f5655a361a5b7bda787a27262b";"3 комнатные";"https://www.cian.ru/kupit-3-komnatnuyu-kvartiru-moskovskaya-oblast/";"11469";"3";"25";"done";"";"2026-06-13 00:41:38";"2026-06-13 03:35:06";""
"cian";"cian_325784922";"325784922";"https://www.cian.ru/sale/flat/325784922/";"https://mytishchi.cian.ru/sale/flat/325784922/?context=4.V0EoJDYgOI8.CWIAQEg9u_E5rOzTanJIqr8UOtjG7IplHh_gzJcDSG54Y22xq0hdgH8zaPkN62ptYJZMEozA4rSZoA&mlSearchSessionGuid=232f03f5655a361a5b7bda787a27262b";"3 комнатные";"https://www.cian.ru/kupit-3-komnatnuyu-kvartiru-moskovskaya-oblast/";"11469";"3";"26";"done";"";"2026-06-13 00:41:38";"2026-06-13 03:35:20";""
"cian";"cian_330329807";"330329807";"https://www.cian.ru/sale/flat/330329807/";"https://dmitrov.cian.ru/sale/flat/330329807/?context=4.p8867TtXyKc.i0Of3LdI9gYLhjQk1aZGzIGQgRZQbsBmzzgcZqzLSCS1LpqEBDHkg2fwgMFjPV7NEY-DsPSGu3b-qw&mlSearchSessionGuid=232f03f5655a361a5b7bda787a27262b";"3 комнатные";"https://www.cian.ru/kupit-3-komnatnuyu-kvartiru-moskovskaya-oblast/";"11469";"3";"27";"done";"";"2026-06-13 00:41:38";"2026-06-13 03:35:36";""
"cian";"cian_329559871";"329559871";"https://www.cian.ru/sale/flat/329559871/";"https://balashikha.cian.ru/sale/flat/329559871/?context=4.SHrlSIIbh9A.Hd51r2oVjwlFwyBSkpS1w5sm9fWNUaaOGHii9R5O8bsdNtNzb9twMSI6M2J7Wmw8ZcfH4qQSebD4CQ&mlSearchSessionGuid=232f03f5655a361a5b7bda787a27262b";"3 комнатные";"https://www.cian.ru/kupit-3-komnatnuyu-kvartiru-moskovskaya-oblast/";"11469";"3";"28";"done";"";"2026-06-13 00:41:38";"2026-06-13 03:35:52";""
"cian";"cian_330926969";"330926969";"https://www.cian.ru/sale/flat/330926969/";"https://naro-fominsk.cian.ru/sale/flat/330926969/?context=4.s-kPJX-kGSg.dro9A_7yriaFLrv2IhDZchFiSG3GAf08FxDV5GH4ViqoRVrl2TurNRcaa8OYZD59TcvEkOxulob3Bw&mlSearchSessionGuid=232f03f5655a361a5b7bda787a27262b";"3 комнатные";"https://www.cian.ru/kupit-3-komnatnuyu-kvartiru-moskovskaya-oblast/";"11469";"4";"1";"done";"";"2026-06-13 00:42:25";"2026-06-13 03:36:06";""
"cian";"cian_327824163";"327824163";"https://www.cian.ru/sale/flat/327824163/";"https://khimki.cian.ru/sale/flat/327824163/?context=4.5xWKPedLXUw.LYpg77BdIgk4VwpF9mQ8FA9SuzNW9s_yGCcLGqgi_uw1ADX-J8274qtcqfQLjminOOIcCJ3JZgrB7w&mlSearchSessionGuid=232f03f5655a361a5b7bda787a27262b";"3 комнатные";"https://www.cian.ru/kupit-3-komnatnuyu-kvartiru-moskovskaya-oblast/";"11469";"4";"2";"done";"";"2026-06-13 00:42:25";"2026-06-13 03:36:20";""
"cian";"cian_329831249";"329831249";"https://www.cian.ru/sale/flat/329831249/";"https://korolev.cian.ru/sale/flat/329831249/?context=4.Mzy0vzVqZag.N91qRguyMoC2uqPjePDnCQZT4FUudteySJ2bNd10DWhEQW-bHGQotyxzoLEF_BEEY1Caz4Dwn4AYgA&mlSearchSessionGuid=232f03f5655a361a5b7bda787a27262b";"3 комнатные";"https://www.cian.ru/kupit-3-komnatnuyu-kvartiru-moskovskaya-oblast/";"11469";"4";"3";"done";"";"2026-06-13 00:42:25";"2026-06-13 03:36:35";""
"cian";"cian_326648361";"326648361";"https://www.cian.ru/sale/flat/326648361/";"https://podolsk.cian.ru/sale/flat/326648361/?context=4._RieiC4okng.p7NeqkWaTGZg23FaEcXRk2FY9w4_zhK-jNBzTHXeJ5GsHQF0mrEV6tsazplF7lFbK2VfOxSXUtdC4Q&mlSearchSessionGuid=232f03f5655a361a5b7bda787a27262b";"3 комнатные";"https://www.cian.ru/kupit-3-komnatnuyu-kvartiru-moskovskaya-oblast/";"11469";"4";"4";"done";"";"2026-06-13 00:42:25";"2026-06-13 03:36:50";""
"cian";"cian_328570040";"328570040";"https://www.cian.ru/sale/flat/328570040/";"https://kotelniki.cian.ru/sale/flat/328570040/?context=4.AdTmGJjFqoA.3aCzhiIl9F4jkkhpgppjrTQdZ7pP-zNpxhtBoBADTohj8PHb0ObEuQhv5PKKMP0vOvAjvUl6KhNN5A&mlSearchSessionGuid=232f03f5655a361a5b7bda787a27262b";"3 комнатные";"https://www.cian.ru/kupit-3-komnatnuyu-kvartiru-moskovskaya-oblast/";"11469";"4";"5";"done";"";"2026-06-13 00:42:25";"2026-06-13 03:37:04";""
"cian";"cian_330133313";"330133313";"https://www.cian.ru/sale/flat/330133313/";"https://shchyolkovo.cian.ru/sale/flat/330133313/?context=4.4vA2v95bg4k.29t8JgG69XjEPjoMTeI3YNy3x9DrmvfjS2RpJXRF_6sGmTJOUS0UBUl5zjL0Sg3bZg3lJRf4H4QRSQ&mlSearchSessionGuid=232f03f5655a361a5b7bda787a27262b";"3 комнатные";"https://www.cian.ru/kupit-3-komnatnuyu-kvartiru-moskovskaya-oblast/";"11469";"4";"6";"done";"";"2026-06-13 00:42:25";"2026-06-13 03:37:19";""
"cian";"cian_325785669";"325785669";"https://www.cian.ru/sale/flat/325785669/";"https://mytishchi.cian.ru/sale/flat/325785669/?context=4.n8xrO30xA8Y.mmyTBI6Hk6wEgf519GYRHLz2kB1tjl0r0m2h7DpKjkqLHlWuHrTgh3b68tATR0N2FSl8Hu9x_24Zhg&mlSearchSessionGuid=232f03f5655a361a5b7bda787a27262b";"3 комнатные";"https://www.cian.ru/kupit-3-komnatnuyu-kvartiru-moskovskaya-oblast/";"11469";"4";"7";"done";"";"2026-06-13 00:42:25";"2026-06-13 03:37:34";""
"cian";"cian_328405752";"328405752";"https://www.cian.ru/sale/flat/328405752/";"https://elektrostal.cian.ru/sale/flat/328405752/?context=4.zbFI5LrYa2o.jgQznqf8Akh0tKyiIp9T3ib-vpGRu7Q16_JwG9lOShWsN2hsZUDbtuulhAM6Nr4byMqg1O5VvFVlrQ&mlSearchSessionGuid=232f03f5655a361a5b7bda787a27262b";"3 комнатные";"https://www.cian.ru/kupit-3-komnatnuyu-kvartiru-moskovskaya-oblast/";"11469";"4";"8";"done";"";"2026-06-13 00:42:25";"2026-06-13 03:37:49";""
"cian";"cian_328473937";"328473937";"https://www.cian.ru/sale/flat/328473937/";"https://krasnogorsk.cian.ru/sale/flat/328473937/?context=4.ZjmE4wrgcjE.SQTcB8auukQIWBXVFdAPfsctse6p-ji2akVkDPB5WMtMA10kKnAVFN6p7WaR-oRcmeuaULKemSiDiQ&mlSearchSessionGuid=232f03f5655a361a5b7bda787a27262b";"3 комнатные";"https://www.cian.ru/kupit-3-komnatnuyu-kvartiru-moskovskaya-oblast/";"11469";"4";"9";"done";"";"2026-06-13 00:42:25";"2026-06-13 03:38:05";""
"cian";"cian_330926719";"330926719";"https://www.cian.ru/sale/flat/330926719/";"https://naro-fominsk.cian.ru/sale/flat/330926719/?context=4.UXHOOH_JvPE.l8ZC1S-lHCoksOyNS42Rrf9p3Xcem_GhkK0NnzgPcctbsli7gKLor7DwlRXnaXbFD7LU0TcmPs1kzQ&mlSearchSessionGuid=232f03f5655a361a5b7bda787a27262b";"3 комнатные";"https://www.cian.ru/kupit-3-komnatnuyu-kvartiru-moskovskaya-oblast/";"11469";"4";"10";"done";"";"2026-06-13 00:42:25";"2026-06-13 03:38:20";""
"cian";"cian_327027516";"327027516";"https://www.cian.ru/sale/flat/327027516/";"https://solnechnogorsk.cian.ru/sale/flat/327027516/?context=4.rA_OVBGayxU.NRivSYET05T-pVsTfpxDWcx_Ka7mvpdnZKCUdWdgKkdZeWSdkN9ZNia5k1eQGbbflkLxRWybXVHFjg&mlSearchSessionGuid=232f03f5655a361a5b7bda787a27262b";"3 комнатные";"https://www.cian.ru/kupit-3-komnatnuyu-kvartiru-moskovskaya-oblast/";"11469";"4";"11";"done";"";"2026-06-13 00:42:25";"2026-06-13 03:38:35";""
"cian";"cian_330972531";"330972531";"https://www.cian.ru/sale/flat/330972531/";"https://solnechnogorsk.cian.ru/sale/flat/330972531/?context=4.CqEmRe31xcg.UtQllIdS6ZvGdtGhMuu3UPBRb0ngr5oh1QQyAziRTQbcLRe7Mji1VaJvumV9dtTd4jlrlhJG2We6vg&mlSearchSessionGuid=232f03f5655a361a5b7bda787a27262b";"3 комнатные";"https://www.cian.ru/kupit-3-komnatnuyu-kvartiru-moskovskaya-oblast/";"11469";"4";"12";"done";"";"2026-06-13 00:42:25";"2026-06-13 03:38:50";""
"cian";"cian_328295735";"328295735";"https://www.cian.ru/sale/flat/328295735/";"https://www.cian.ru/sale/flat/328295735/?context=4.tddk7U8G0fQ.8JiDJlREzmu1pIROvGwBrnGAcKvTDWAQTMq2QgpiPZkwGZvpZcKW19DnGbmy7plMG20FAFcjOFDiQA&mlSearchSessionGuid=232f03f5655a361a5b7bda787a27262b";"3 комнатные";"https://www.cian.ru/kupit-3-komnatnuyu-kvartiru-moskovskaya-oblast/";"11469";"4";"13";"done";"";"2026-06-13 00:42:25";"2026-06-13 03:39:06";""
"cian";"cian_328728953";"328728953";"https://www.cian.ru/sale/flat/328728953/";"https://noginsk.cian.ru/sale/flat/328728953/?context=4.nHKmfxUHLvo.b0WSgaXU3wbMABZVrnPcCitJluO6nMrijN7ddZNsNA9pCVhTBZ15ahDNqWwpd6-c0_6jGqPtjPPhZQ&mlSearchSessionGuid=232f03f5655a361a5b7bda787a27262b";"3 комнатные";"https://www.cian.ru/kupit-3-komnatnuyu-kvartiru-moskovskaya-oblast/";"11469";"4";"14";"done";"";"2026-06-13 00:42:25";"2026-06-13 03:39:21";""
"cian";"cian_329939096";"329939096";"https://www.cian.ru/sale/flat/329939096/";"https://khimki.cian.ru/sale/flat/329939096/?context=4.aEUM6Z1h0h4.89BpFRVO4o7AE15QHxbmMju6RM8STKW24MB_xs6xuVp9u0bs_xMo3uRjSGDSjmBPxohDQhTzqo2RUQ&mlSearchSessionGuid=232f03f5655a361a5b7bda787a27262b";"3 комнатные";"https://www.cian.ru/kupit-3-komnatnuyu-kvartiru-moskovskaya-oblast/";"11469";"4";"15";"done";"";"2026-06-13 00:42:25";"2026-06-13 03:39:34";""
"cian";"cian_330926800";"330926800";"https://www.cian.ru/sale/flat/330926800/";"https://naro-fominsk.cian.ru/sale/flat/330926800/?context=4.RupU9-LmOJI.IrrK_7_emHiDfyHWsQwGvUib2Yqtso0CQ2Aj8eBWli0zyUupfc5znTffdJ1REhP3r9h2OtA1z699iQ&mlSearchSessionGuid=232f03f5655a361a5b7bda787a27262b";"3 комнатные";"https://www.cian.ru/kupit-3-komnatnuyu-kvartiru-moskovskaya-oblast/";"11469";"4";"16";"done";"";"2026-06-13 00:42:25";"2026-06-13 03:39:50";""
"cian";"cian_330725609";"330725609";"https://www.cian.ru/sale/flat/330725609/";"https://krasnogorsk.cian.ru/sale/flat/330725609/?context=4.S-2-4wMyCyo.WV2KwW1tSDy93RpHBsq65lDXiJjsc1QFy2z4CNADb_GVONnJRFQCbYTd5RwNFZ9VaqNp5AykATDJiQ&mlSearchSessionGuid=232f03f5655a361a5b7bda787a27262b";"3 комнатные";"https://www.cian.ru/kupit-3-komnatnuyu-kvartiru-moskovskaya-oblast/";"11469";"4";"17";"done";"";"2026-06-13 00:42:25";"2026-06-13 03:40:04";""
"cian";"cian_323762466";"323762466";"https://www.cian.ru/sale/flat/323762466/";"https://dolgoprudny.cian.ru/sale/flat/323762466/?context=4.3RhRIjCdhqA.SduVXBHJsvFexZsUjgRfqqZUjBu8YObTH9Bd7eUNP19P6QC4vMRnMgKzfS_6Ux913milMbiW8_3WIA&mlSearchSessionGuid=232f03f5655a361a5b7bda787a27262b";"3 комнатные";"https://www.cian.ru/kupit-3-komnatnuyu-kvartiru-moskovskaya-oblast/";"11469";"4";"18";"done";"";"2026-06-13 00:42:25";"2026-06-13 03:40:18";""
"cian";"cian_330926686";"330926686";"https://www.cian.ru/sale/flat/330926686/";"https://naro-fominsk.cian.ru/sale/flat/330926686/?context=4.8cUunbcFUA0._MknDaSmQFxYER1P93RB0ELvt8QI3kTv6SPHpivaZXqCxGDhTKzZRAngBFEQRVaWnE-9e1pl9MUJMA&mlSearchSessionGuid=232f03f5655a361a5b7bda787a27262b";"3 комнатные";"https://www.cian.ru/kupit-3-komnatnuyu-kvartiru-moskovskaya-oblast/";"11469";"4";"19";"done";"";"2026-06-13 00:42:25";"2026-06-13 03:40:32";""
"cian";"cian_329422832";"329422832";"https://www.cian.ru/sale/flat/329422832/";"https://balashikha.cian.ru/sale/flat/329422832/?context=4.Qu_HiF-j_b4.b3u2dlaolYV5VKyB28HnDIeWzJ7Jc8fllSxGyvPjWHGlKtqKJOLIGW1WgBzbpGwj2QtXtD4hwYoVig&mlSearchSessionGuid=232f03f5655a361a5b7bda787a27262b";"3 комнатные";"https://www.cian.ru/kupit-3-komnatnuyu-kvartiru-moskovskaya-oblast/";"11469";"4";"20";"done";"";"2026-06-13 00:42:25";"2026-06-13 03:40:46";""
"cian";"cian_330809164";"330809164";"https://www.cian.ru/sale/flat/330809164/";"https://pushkino.cian.ru/sale/flat/330809164/?context=4.VU063RVjXak.dnFe3s8XO6MITWeOblfL-Z-vOLIq7zcdgDey5opqFQjPRMDAu9R6OEdqzX_0k1lGLPfjEt_G2JQ4Pw&mlSearchSessionGuid=232f03f5655a361a5b7bda787a27262b";"3 комнатные";"https://www.cian.ru/kupit-3-komnatnuyu-kvartiru-moskovskaya-oblast/";"11469";"4";"21";"done";"";"2026-06-13 00:42:25";"2026-06-13 03:41:00";""
"cian";"cian_330926661";"330926661";"https://www.cian.ru/sale/flat/330926661/";"https://naro-fominsk.cian.ru/sale/flat/330926661/?context=4.6_N8oZB-Lqo.-fcU-mC6nmKGTPjP0YvXSfO4bZTfRYI_FcLAKekkeSeD1jr8kXYj0fYp87zm4HXkma-ZjkNJHP_-og&mlSearchSessionGuid=232f03f5655a361a5b7bda787a27262b";"3 комнатные";"https://www.cian.ru/kupit-3-komnatnuyu-kvartiru-moskovskaya-oblast/";"11469";"4";"22";"done";"";"2026-06-13 00:42:25";"2026-06-13 03:41:14";""
"cian";"cian_315538838";"315538838";"https://www.cian.ru/sale/flat/315538838/";"https://balashikha.cian.ru/sale/flat/315538838/?context=4.nc3HycrLSHY.WO6LutCgnWEfKzuvB1vuSPXSsteM53yGfGVoW0bxbM7d_LDhkyaITR04BRI1SgwFtt-FEtnC-T6vAA&mlSearchSessionGuid=232f03f5655a361a5b7bda787a27262b";"3 комнатные";"https://www.cian.ru/kupit-3-komnatnuyu-kvartiru-moskovskaya-oblast/";"11469";"4";"23";"done";"";"2026-06-13 00:42:25";"2026-06-13 03:41:29";""
"cian";"cian_330834450";"330834450";"https://www.cian.ru/sale/flat/330834450/";"https://krasnogorsk.cian.ru/sale/flat/330834450/?context=4.AA5IO3rdaKk.-MfVgf7fho8h4EJn8c07bZTlAB5B4ry4lBbkuk9KK-Eswt0wV-5DTMC40rJAmkJ4-0DqC2WnJVb78g&mlSearchSessionGuid=232f03f5655a361a5b7bda787a27262b";"3 комнатные";"https://www.cian.ru/kupit-3-komnatnuyu-kvartiru-moskovskaya-oblast/";"11469";"4";"24";"done";"";"2026-06-13 00:42:25";"2026-06-13 03:41:43";""
"cian";"cian_330926669";"330926669";"https://www.cian.ru/sale/flat/330926669/";"https://naro-fominsk.cian.ru/sale/flat/330926669/?context=4.o73IiWESKG8.VY5Fvn01i6dtGGqfgjSklgqnr0AtdQxutPsQOcyC-4VaG3Rr4jXCMlHn1uzBvfFfeM_nTuHuJVdwPw&mlSearchSessionGuid=232f03f5655a361a5b7bda787a27262b";"3 комнатные";"https://www.cian.ru/kupit-3-komnatnuyu-kvartiru-moskovskaya-oblast/";"11469";"4";"25";"done";"";"2026-06-13 00:42:25";"2026-06-13 03:41:58";""
"cian";"cian_330965389";"330965389";"https://www.cian.ru/sale/flat/330965389/";"https://lyubertsy.cian.ru/sale/flat/330965389/?context=4.pa10vDkS75Y.hGSCPYHS7RSjoUr_rSyESkh_aNRL0n8z9pFkKHECp9cJgkidEWggM4nUyy0P3f1B7h8DthyArndLlg&mlSearchSessionGuid=232f03f5655a361a5b7bda787a27262b";"3 комнатные";"https://www.cian.ru/kupit-3-komnatnuyu-kvartiru-moskovskaya-oblast/";"11469";"4";"26";"done";"";"2026-06-13 00:42:25";"2026-06-13 03:42:12";""
"cian";"cian_326162517";"326162517";"https://www.cian.ru/sale/flat/326162517/";"https://solnechnogorsk.cian.ru/sale/flat/326162517/?context=4.CRk5c-QNA1g.xeiPk-g1icnvBqXB0KEZ-z6YjMNym8ZnFQA0FUOaBav8ARDW0s2Um7wa2K_5kj-7RlRwN1b8fCQ2iw&mlSearchSessionGuid=232f03f5655a361a5b7bda787a27262b";"3 комнатные";"https://www.cian.ru/kupit-3-komnatnuyu-kvartiru-moskovskaya-oblast/";"11469";"4";"27";"done";"";"2026-06-13 00:42:25";"2026-06-13 03:42:27";""
"cian";"cian_325807635";"325807635";"https://www.cian.ru/sale/flat/325807635/";"https://mytishchi.cian.ru/sale/flat/325807635/?context=4.WTByr_KfZeY.LmV3uK9h1l0tn8K8qPy-658dO_Jh0VL4QgpSni6mJu0d2es1oGKBgmzPfXl7p5Mygr5OuQxjrdkWIA&mlSearchSessionGuid=232f03f5655a361a5b7bda787a27262b";"3 комнатные";"https://www.cian.ru/kupit-3-komnatnuyu-kvartiru-moskovskaya-oblast/";"11469";"4";"28";"done";"";"2026-06-13 00:42:25";"2026-06-13 03:42:42";""
"cian";"cian_327049328";"327049328";"https://www.cian.ru/sale/flat/327049328/";"https://krasnogorsk.cian.ru/sale/flat/327049328/?context=4.6PmE5TTg3F0.8Dc7F9r19C5Us2vANUAJcqSL9sUILtEGvDxqz-gHUXuoSeeKUo4zNLIE1OBjjSNHknGSje20rDuBlA&mlSearchSessionGuid=232f03f5655a361a5b7bda787a27262b";"3 комнатные";"https://www.cian.ru/kupit-3-komnatnuyu-kvartiru-moskovskaya-oblast/";"11469";"5";"1";"done";"";"2026-06-13 00:43:12";"2026-06-13 03:42:56";""
"cian";"cian_329524902";"329524902";"https://www.cian.ru/sale/flat/329524902/";"https://stupino.cian.ru/sale/flat/329524902/?context=4.Scq064x6-rg.iwDrmiT3aTJWXppvfhz_Z-kRFdJJLbqJB41CH-gVdfWsZL13TWTpoibFtoyHxCPUFJWDmEATH6MSgg&mlSearchSessionGuid=232f03f5655a361a5b7bda787a27262b";"3 комнатные";"https://www.cian.ru/kupit-3-komnatnuyu-kvartiru-moskovskaya-oblast/";"11469";"5";"2";"done";"";"2026-06-13 00:43:12";"2026-06-13 03:43:12";""
"cian";"cian_322144850";"322144850";"https://www.cian.ru/sale/flat/322144850/";"https://mytishchi.cian.ru/sale/flat/322144850/?context=4.0kfk4jrouJ0.qBQR24RwNfuhFF5VAV_T_ca8WgGkrD5VO5MSMp3gKFZPbGVPK6WrohL9e_9X1zO_1iGXuToXsC9VGQ&mlSearchSessionGuid=232f03f5655a361a5b7bda787a27262b";"3 комнатные";"https://www.cian.ru/kupit-3-komnatnuyu-kvartiru-moskovskaya-oblast/";"11469";"5";"3";"done";"";"2026-06-13 00:43:12";"2026-06-13 03:43:27";""
"cian";"cian_328618201";"328618201";"https://www.cian.ru/sale/flat/328618201/";"https://lyubertsy.cian.ru/sale/flat/328618201/?context=4.aUUWLxGC5X4.byulTJxrflnQN8JMkadwbfRl4krgMBvWa4WwyxptPZ3wDftoidiYbCNY7CA2_nLkYsuEnsJS8-SmAg&mlSearchSessionGuid=232f03f5655a361a5b7bda787a27262b";"3 комнатные";"https://www.cian.ru/kupit-3-komnatnuyu-kvartiru-moskovskaya-oblast/";"11469";"5";"4";"done";"";"2026-06-13 00:43:12";"2026-06-13 03:43:43";""
"cian";"cian_327440477";"327440477";"https://www.cian.ru/sale/flat/327440477/";"https://khimki.cian.ru/sale/flat/327440477/?context=4.WPsb6Yyy59k.mKgCPtyjjHTmjzwWujiN5x0VTawjzPiJCFkw9C_HlixvgiATD17gR1R01L6fiQbkAGWRKp5008lmrQ&mlSearchSessionGuid=232f03f5655a361a5b7bda787a27262b";"3 комнатные";"https://www.cian.ru/kupit-3-komnatnuyu-kvartiru-moskovskaya-oblast/";"11469";"5";"5";"done";"";"2026-06-13 00:43:12";"2026-06-13 03:43:58";""
"cian";"cian_330317407";"330317407";"https://www.cian.ru/sale/flat/330317407/";"https://dedovsk.cian.ru/sale/flat/330317407/?context=4.ZtUHYqa49e4.HO5SWwDYqHRgCwRdgmVc5T5ZJ9L7p-M1P4Au8RYXBBRp4ampg9c4HLgT39Jv7ecwZyiAkVMIn1UKBQ&mlSearchSessionGuid=232f03f5655a361a5b7bda787a27262b";"3 комнатные";"https://www.cian.ru/kupit-3-komnatnuyu-kvartiru-moskovskaya-oblast/";"11469";"5";"6";"done";"";"2026-06-13 00:43:12";"2026-06-13 03:44:13";""
"cian";"cian_329245225";"329245225";"https://www.cian.ru/sale/flat/329245225/";"https://krasnogorsk.cian.ru/sale/flat/329245225/?context=4.fvf2aD_zoUg.Qckvzw51SZ2LUv9_UVAuHIejgT6NLDNU-gG-0ppgBqOovO37XCIbMKMK6bwqFborz3ghWmiwxBDbhQ&mlSearchSessionGuid=232f03f5655a361a5b7bda787a27262b";"3 комнатные";"https://www.cian.ru/kupit-3-komnatnuyu-kvartiru-moskovskaya-oblast/";"11469";"5";"7";"done";"";"2026-06-13 00:43:12";"2026-06-13 03:44:30";""
"cian";"cian_323014556";"323014556";"https://www.cian.ru/sale/flat/323014556/";"https://krasnogorsk.cian.ru/sale/flat/323014556/?context=4.lIQDjrUbR0U.liG4GsvkE4TTTmpSta5S4Z42cTrx-8-5LTNrs15vSSFBemdBsah518XHO7-kNenRQ8ysidKcHUSh3A&mlSearchSessionGuid=232f03f5655a361a5b7bda787a27262b";"3 комнатные";"https://www.cian.ru/kupit-3-komnatnuyu-kvartiru-moskovskaya-oblast/";"11469";"5";"9";"done";"";"2026-06-13 00:43:12";"2026-06-13 03:44:45";""
"cian";"cian_329980492";"329980492";"https://www.cian.ru/sale/flat/329980492/";"https://krasnogorsk.cian.ru/sale/flat/329980492/?context=4.K6YlLGYGniI.KHKz1Rz7uvp-_pm9kpCnyK07DWW679SxxUEUXtfARoxbUpfwbo4p0rllk3Fw4qzPXIGyFiCXVqyThw&mlSearchSessionGuid=232f03f5655a361a5b7bda787a27262b";"3 комнатные";"https://www.cian.ru/kupit-3-komnatnuyu-kvartiru-moskovskaya-oblast/";"11469";"5";"10";"done";"";"2026-06-13 00:43:12";"2026-06-13 03:45:01";""
"cian";"cian_328040002";"328040002";"https://www.cian.ru/sale/flat/328040002/";"https://www.cian.ru/sale/flat/328040002/?context=4.IOspq6DQOkE.hcVfx9a0wAp3vG_OMQX8UKtCyuY4hnV1N9lhtdTFuu_48kk5fYvzfmIepjxX_jriCbGysHsE4Fza6g&mlSearchSessionGuid=232f03f5655a361a5b7bda787a27262b";"3 комнатные";"https://www.cian.ru/kupit-3-komnatnuyu-kvartiru-moskovskaya-oblast/";"11469";"5";"11";"done";"";"2026-06-13 00:43:12";"2026-06-13 03:45:15";""
"cian";"cian_325851386";"325851386";"https://www.cian.ru/sale/flat/325851386/";"https://mytishchi.cian.ru/sale/flat/325851386/?context=4.QIa8E32475M.Llf1NW_E2gRHrYWowtKkZYs0hosV4IDIjS82fDukAOQqsfp_ZtTYb6FVvcj-TSmpLer_KtgtFp3pyg&mlSearchSessionGuid=232f03f5655a361a5b7bda787a27262b";"3 комнатные";"https://www.cian.ru/kupit-3-komnatnuyu-kvartiru-moskovskaya-oblast/";"11469";"5";"12";"done";"";"2026-06-13 00:43:12";"2026-06-13 03:45:31";""
"cian";"cian_330923814";"330923814";"https://www.cian.ru/sale/flat/330923814/";"https://mytishchi.cian.ru/sale/flat/330923814/?context=4.1GR2KzM1Iio.teS4b-4XNQoGWIWvnaLmujV7YvtPM5zWABUzYfDsZdiiz60kcn95N_mhiwoz6wiVYF9HMOMLWuGfSQ&mlSearchSessionGuid=232f03f5655a361a5b7bda787a27262b";"3 комнатные";"https://www.cian.ru/kupit-3-komnatnuyu-kvartiru-moskovskaya-oblast/";"11469";"5";"13";"done";"";"2026-06-13 00:43:12";"2026-06-13 03:45:45";""
"cian";"cian_300336406";"300336406";"https://www.cian.ru/sale/flat/300336406/";"https://pushkino.cian.ru/sale/flat/300336406/?context=4.DH2e61T4yCQ.dRXJDOj6UCZYC7eTDsjBdrJm5mnceQwdnvJaxwi_95VMZHfB5wfY3C1HfR6sVYIM-XvaGxPSDJQNEg&mlSearchSessionGuid=232f03f5655a361a5b7bda787a27262b";"3 комнатные";"https://www.cian.ru/kupit-3-komnatnuyu-kvartiru-moskovskaya-oblast/";"11469";"5";"14";"done";"";"2026-06-13 00:43:12";"2026-06-13 03:45:59";""
"cian";"cian_330585340";"330585340";"https://www.cian.ru/sale/flat/330585340/";"https://dedovsk.cian.ru/sale/flat/330585340/?context=4.9T11kFx77jg.5QyU8G6isMslhl-kC4VvPpygXRtYbE7LZyJq83oqYYuiArFJIxjO54WH_4yvxpoF1Wxqen7GiZc1uQ&mlSearchSessionGuid=232f03f5655a361a5b7bda787a27262b";"3 комнатные";"https://www.cian.ru/kupit-3-komnatnuyu-kvartiru-moskovskaya-oblast/";"11469";"5";"15";"done";"";"2026-06-13 00:43:12";"2026-06-13 03:46:13";""
"cian";"cian_330163958";"330163958";"https://www.cian.ru/sale/flat/330163958/";"https://noginsk.cian.ru/sale/flat/330163958/?context=4.CjzpudL7OZA.YvJkheTkcXXEZefxvxx08STuOKLvju9aI4BYRAriw0qm0o5lX3CRikH0S9gv5Vi2j6alXjuYWCdABw&mlSearchSessionGuid=232f03f5655a361a5b7bda787a27262b";"3 комнатные";"https://www.cian.ru/kupit-3-komnatnuyu-kvartiru-moskovskaya-oblast/";"11469";"5";"16";"done";"";"2026-06-13 00:43:12";"2026-06-13 03:46:27";""
"cian";"cian_321988824";"321988824";"https://www.cian.ru/sale/flat/321988824/";"https://mytishchi.cian.ru/sale/flat/321988824/?context=4.O6vLWcQFXns.hypNl6oABZKSLPn2kLurgjnwXRjAnaLcdrIL_DZS4jmhLksvSbqD8X7Fki3HmQABACSWMpS-PqGGuw&mlSearchSessionGuid=232f03f5655a361a5b7bda787a27262b";"3 комнатные";"https://www.cian.ru/kupit-3-komnatnuyu-kvartiru-moskovskaya-oblast/";"11469";"5";"17";"done";"";"2026-06-13 00:43:12";"2026-06-13 03:46:42";""
"cian";"cian_320636511";"320636511";"https://www.cian.ru/sale/flat/320636511/";"https://korolev.cian.ru/sale/flat/320636511/?context=4._Rr0p3Bzz2E.FFp2s3KybQrLNYQ2r9_oBKbKq3xa2XswAEME0wbPp3NjOapTMhq7Cf9-xAG4-tssVpXhM5WWInWNCQ&mlSearchSessionGuid=232f03f5655a361a5b7bda787a27262b";"3 комнатные";"https://www.cian.ru/kupit-3-komnatnuyu-kvartiru-moskovskaya-oblast/";"11469";"5";"18";"done";"";"2026-06-13 00:43:12";"2026-06-13 03:46:55";""
"cian";"cian_330728642";"330728642";"https://www.cian.ru/sale/flat/330728642/";"https://mytishchi.cian.ru/sale/flat/330728642/?context=4.NT4XBzDGUXA.DWGKajJwexxp_kKsSM2i2Wi0LZ030UAIINIV9eVbREs6BhjIVJ4gcp0_CsyGrXg08Mm0MC5RbFUpUQ&mlSearchSessionGuid=232f03f5655a361a5b7bda787a27262b";"3 комнатные";"https://www.cian.ru/kupit-3-komnatnuyu-kvartiru-moskovskaya-oblast/";"11469";"5";"19";"done";"";"2026-06-13 00:43:12";"2026-06-13 03:47:10";""
"cian";"cian_330538671";"330538671";"https://www.cian.ru/sale/flat/330538671/";"https://reutov.cian.ru/sale/flat/330538671/?context=4.3xOdeIYdQzw.Lyr84IWg_zqtljylBXfOzpLvMix3oTdk5mbZ_Md4FbP8lsHeJI7UimcXQ8jMOIJahZxE8_H1XjSPQA&mlSearchSessionGuid=232f03f5655a361a5b7bda787a27262b";"3 комнатные";"https://www.cian.ru/kupit-3-komnatnuyu-kvartiru-moskovskaya-oblast/";"11469";"5";"20";"done";"";"2026-06-13 00:43:12";"2026-06-13 03:47:25";""
"cian";"cian_330399647";"330399647";"https://www.cian.ru/sale/flat/330399647/";"https://aprelevka.cian.ru/sale/flat/330399647/?context=4.LN34N3sy8Nk.99O1Cv8MjHvIO2DMNWhL96CNS8bCdWL1YxzBSpxvCrU2XaZzyB0rme1Aeumm93IKaTuEBW_xiQ4NeQ&mlSearchSessionGuid=232f03f5655a361a5b7bda787a27262b";"3 комнатные";"https://www.cian.ru/kupit-3-komnatnuyu-kvartiru-moskovskaya-oblast/";"11469";"5";"21";"done";"";"2026-06-13 00:43:12";"2026-06-13 03:47:39";""
"cian";"cian_328961488";"328961488";"https://www.cian.ru/sale/flat/328961488/";"https://vidnoye.cian.ru/sale/flat/328961488/?context=4.7Sz8CtN7dow.uNbAZtwQUES2sIYi67OMU1TohfFr4hBldhsyfdfNYXmMi2AOK8vX6y4weXt565iT9ikunMtVgzl48g&mlSearchSessionGuid=232f03f5655a361a5b7bda787a27262b";"3 комнатные";"https://www.cian.ru/kupit-3-komnatnuyu-kvartiru-moskovskaya-oblast/";"11469";"5";"22";"done";"";"2026-06-13 00:43:12";"2026-06-13 03:47:53";""
"cian";"cian_328409770";"328409770";"https://www.cian.ru/sale/flat/328409770/";"https://mytishchi.cian.ru/sale/flat/328409770/?context=4.NE-kF4WL6Eo.jqLaOnjUcb43kU2brS71GYxpfj5a48cVmf_BxvqLBkuxY3nVjUC2PHhreeOmGNCGz3u0GhVosKYAcQ&mlSearchSessionGuid=232f03f5655a361a5b7bda787a27262b";"3 комнатные";"https://www.cian.ru/kupit-3-komnatnuyu-kvartiru-moskovskaya-oblast/";"11469";"5";"23";"done";"";"2026-06-13 00:43:12";"2026-06-13 03:48:07";""
"cian";"cian_325886220";"325886220";"https://www.cian.ru/sale/flat/325886220/";"https://podolsk.cian.ru/sale/flat/325886220/?context=4.hsQmHWOdEtg.gYBF-12De4ILxrhhImQeB9weqmGy14l0x70r1aBBfYTa8PMyz9eRXCaMbXubTGyAYsrmi-cyd2RJZQ&mlSearchSessionGuid=232f03f5655a361a5b7bda787a27262b";"3 комнатные";"https://www.cian.ru/kupit-3-komnatnuyu-kvartiru-moskovskaya-oblast/";"11469";"5";"24";"done";"";"2026-06-13 00:43:12";"2026-06-13 03:48:22";""
"cian";"cian_329237947";"329237947";"https://www.cian.ru/sale/flat/329237947/";"https://shchyolkovo.cian.ru/sale/flat/329237947/?context=4.FtFq3mvs9So.3SdbP5TsUB9VGgANiI8XGAYgpRRqNJFjD0pNAumLtJ_EB7KSvfAJH4nQYdAW_420dem3MHl2NUrg8A&mlSearchSessionGuid=232f03f5655a361a5b7bda787a27262b";"3 комнатные";"https://www.cian.ru/kupit-3-komnatnuyu-kvartiru-moskovskaya-oblast/";"11469";"5";"25";"done";"";"2026-06-13 00:43:12";"2026-06-13 03:48:36";""
"cian";"cian_325512454";"325512454";"https://www.cian.ru/sale/flat/325512454/";"https://naro-fominsk.cian.ru/sale/flat/325512454/?context=4.K4Gbi4JRk4E.pfLGAH6SkuuIm9k7_Pl_hZIYgf_Fa02E1xSHhkBKrKF1ZXtIIx-gCjU-VeO3aZdn8Er_uvFKQEyNiw&mlSearchSessionGuid=232f03f5655a361a5b7bda787a27262b";"3 комнатные";"https://www.cian.ru/kupit-3-komnatnuyu-kvartiru-moskovskaya-oblast/";"11469";"5";"26";"done";"";"2026-06-13 00:43:12";"2026-06-13 03:48:50";""
"cian";"cian_301555179";"301555179";"https://www.cian.ru/sale/flat/301555179/";"https://zvenigorod.cian.ru/sale/flat/301555179/?context=4.YQ37NnM5I20.-Z3ag07DYorfl3J7nBVS7LKS2dR0dpYIvgsMhize4r0LVJCRPoXIGYM69oOJ_6ZwNlm3l1jMML-I_g&mlSearchSessionGuid=232f03f5655a361a5b7bda787a27262b";"3 комнатные";"https://www.cian.ru/kupit-3-komnatnuyu-kvartiru-moskovskaya-oblast/";"11469";"5";"27";"done";"";"2026-06-13 00:43:12";"2026-06-13 03:49:06";""
"cian";"cian_330606243";"330606243";"https://www.cian.ru/sale/flat/330606243/";"https://mytishchi.cian.ru/sale/flat/330606243/?context=4.ZxIvCTAUgBM.Aj6nMUW4qFmp6y7HJN9m1iyhKuBfx6rAkqa8JeISYDXTR9hdTxa2BhX5NNCt_7Bjsp3z7b962sDLfQ&mlSearchSessionGuid=232f03f5655a361a5b7bda787a27262b";"3 комнатные";"https://www.cian.ru/kupit-3-komnatnuyu-kvartiru-moskovskaya-oblast/";"11469";"5";"28";"done";"";"2026-06-13 00:43:12";"2026-06-13 03:49:20";""
"cian";"cian_327918626";"327918626";"https://www.cian.ru/sale/flat/327918626/";"https://balashikha.cian.ru/sale/flat/327918626/?context=4.3M-EwuS1IJw.hLY5VXwhCKwJO1I2CxTG20h3NswhO5y9-BAx2oJByeE2MnOhm5-ClfvQjFvOlsminb5E0_dvKI4sCg&mlSearchSessionGuid=232f03f5655a361a5b7bda787a27262b";"3 комнатные";"https://www.cian.ru/kupit-3-komnatnuyu-kvartiru-moskovskaya-oblast/";"11469";"6";"1";"done";"";"2026-06-13 00:43:59";"2026-06-13 03:49:34";""
"cian";"cian_324562134";"324562134";"https://www.cian.ru/sale/flat/324562134/";"https://korolev.cian.ru/sale/flat/324562134/?context=4.mRWNkpVvAUA.Hd9DEmpLuk87nuExKqNQ4aKbl_wSWDkxYu5orN4B_b0cNAd-6gC2wp4rU2nchkhG6ArtDhMn3mXM9w&mlSearchSessionGuid=232f03f5655a361a5b7bda787a27262b";"3 комнатные";"https://www.cian.ru/kupit-3-komnatnuyu-kvartiru-moskovskaya-oblast/";"11469";"6";"2";"done";"";"2026-06-13 00:43:59";"2026-06-13 03:49:48";""
"cian";"cian_330833148";"330833148";"https://www.cian.ru/sale/flat/330833148/";"https://khotkovo.cian.ru/sale/flat/330833148/?context=4.yvZRNjxnWPk.uCuzEzZpPiL6Fb7i5McQlqYdTeyIRPIZvtbZunWpY8rCkVmBsxVsvXhP-ikUxu5obQoj9xv_GT9TOg&mlSearchSessionGuid=232f03f5655a361a5b7bda787a27262b";"3 комнатные";"https://www.cian.ru/kupit-3-komnatnuyu-kvartiru-moskovskaya-oblast/";"11469";"6";"3";"done";"";"2026-06-13 00:43:59";"2026-06-13 03:50:01";""
"cian";"cian_301555780";"301555780";"https://www.cian.ru/sale/flat/301555780/";"https://zvenigorod.cian.ru/sale/flat/301555780/?context=4.JGxXYBVHXTg.IpXAoQUtm-vDiRO2m9b_SkqCfjmbgNTSVeRMxVZYtXIaUl3WVdRPw4kGdiriu2CKbZ02bkkpPViaHg&mlSearchSessionGuid=232f03f5655a361a5b7bda787a27262b";"3 комнатные";"https://www.cian.ru/kupit-3-komnatnuyu-kvartiru-moskovskaya-oblast/";"11469";"6";"5";"done";"";"2026-06-13 00:43:59";"2026-06-13 03:50:17";""
"cian";"cian_330773324";"330773324";"https://www.cian.ru/sale/flat/330773324/";"https://kotelniki.cian.ru/sale/flat/330773324/?context=4.QHH60gOBrXU.BfDvExDRfxC1WFMVEKqPNC463W7gIESU8VDd6iwlHf6rZKJ2XeqZC6RT6bC_4De-Dy6-X6LoEKoxfQ&mlSearchSessionGuid=232f03f5655a361a5b7bda787a27262b";"3 комнатные";"https://www.cian.ru/kupit-3-komnatnuyu-kvartiru-moskovskaya-oblast/";"11469";"6";"6";"done";"";"2026-06-13 00:43:59";"2026-06-13 03:50:31";""
"cian";"cian_330905516";"330905516";"https://www.cian.ru/sale/flat/330905516/";"https://podolsk.cian.ru/sale/flat/330905516/?context=4.jB6OemqsUVE.oQN1TYkvL1BmKZB7fvi3_N4ym_tt7hbv6Sz3KJ36lRt2eEnyMZ3uJBnkQZeyObGnPRuAzx8cxVCNMw&mlSearchSessionGuid=232f03f5655a361a5b7bda787a27262b";"3 комнатные";"https://www.cian.ru/kupit-3-komnatnuyu-kvartiru-moskovskaya-oblast/";"11469";"6";"7";"done";"";"2026-06-13 00:43:59";"2026-06-13 03:50:44";""
"cian";"cian_324564461";"324564461";"https://www.cian.ru/sale/flat/324564461/";"https://ivanteyevka.cian.ru/sale/flat/324564461/?context=4.-w1GzAvi4G4.1Bf_xzO7YdeGG8CraHnTykjIC8V7_FwrG-P3smrt_KygkZx8vmtxMt-_XWay5ckWfo4m1kep1yJVwQ&mlSearchSessionGuid=232f03f5655a361a5b7bda787a27262b";"3 комнатные";"https://www.cian.ru/kupit-3-komnatnuyu-kvartiru-moskovskaya-oblast/";"11469";"6";"8";"done";"";"2026-06-13 00:43:59";"2026-06-13 03:50:58";""
"cian";"cian_326232363";"326232363";"https://www.cian.ru/sale/flat/326232363/";"https://odintsovo.cian.ru/sale/flat/326232363/?context=4.nCdhmTHCx6Q.MFFWujvSFqccAdc6tE2YS2CQq72fPMsJup5sHuSdH5qoQzLkn1_BAn-giwpV4D32lTrl2R5b4-iE8A&mlSearchSessionGuid=232f03f5655a361a5b7bda787a27262b";"3 комнатные";"https://www.cian.ru/kupit-3-komnatnuyu-kvartiru-moskovskaya-oblast/";"11469";"6";"9";"done";"";"2026-06-13 00:43:59";"2026-06-13 03:51:14";""
"cian";"cian_326563057";"326563057";"https://www.cian.ru/sale/flat/326563057/";"https://lyubertsy.cian.ru/sale/flat/326563057/?context=4.oOKAjzNFTgw.md0JXu_Er7pyboiwJWvaQcUxpZdiS61JDMp7zGwPtDA_b5Bfx_rjHzFKDhUVIJHF_gB3ja2G4eDrCQ&mlSearchSessionGuid=232f03f5655a361a5b7bda787a27262b";"3 комнатные";"https://www.cian.ru/kupit-3-komnatnuyu-kvartiru-moskovskaya-oblast/";"11469";"6";"10";"done";"";"2026-06-13 00:43:59";"2026-06-13 03:51:29";""
"cian";"cian_325486052";"325486052";"https://www.cian.ru/sale/flat/325486052/";"https://krasnogorsk.cian.ru/sale/flat/325486052/?context=4.qN38mtZnnPo.Tgm86RgzuOPEwnipc22G-ZEYUHA4FhH5J-ySIp1d8uSsbqIp5pprEVPgRJBLQbs4sg_CsZfYGBHgZQ&mlSearchSessionGuid=232f03f5655a361a5b7bda787a27262b";"3 комнатные";"https://www.cian.ru/kupit-3-komnatnuyu-kvartiru-moskovskaya-oblast/";"11469";"6";"11";"done";"";"2026-06-13 00:43:59";"2026-06-13 03:51:45";""
"cian";"cian_327650347";"327650347";"https://www.cian.ru/sale/flat/327650347/";"https://mytishchi.cian.ru/sale/flat/327650347/?context=4.Q1lFj_3eM04.NCtHctS7Q10k8ych-tX_1CO-nhqYqb2v0tXILY-t94oogD0Xbh_uuabA_WpY6in1zZlzn3VBVCN8HQ&mlSearchSessionGuid=232f03f5655a361a5b7bda787a27262b";"3 комнатные";"https://www.cian.ru/kupit-3-komnatnuyu-kvartiru-moskovskaya-oblast/";"11469";"6";"12";"done";"";"2026-06-13 00:43:59";"2026-06-13 03:51:59";""
"cian";"cian_328179301";"328179301";"https://www.cian.ru/sale/flat/328179301/";"https://pushkino.cian.ru/sale/flat/328179301/?context=4.awHGhy09eXU.CDTc24kxqyVU01p4qhJEmPjZIM1NsdhNhfUKac3l9baWrkE5N6uMFJhnnV4hk5bS924UJCSfoKkf8g&mlSearchSessionGuid=232f03f5655a361a5b7bda787a27262b";"3 комнатные";"https://www.cian.ru/kupit-3-komnatnuyu-kvartiru-moskovskaya-oblast/";"11469";"6";"13";"done";"";"2026-06-13 00:43:59";"2026-06-13 03:52:14";""
"cian";"cian_327478802";"327478802";"https://www.cian.ru/sale/flat/327478802/";"https://aprelevka.cian.ru/sale/flat/327478802/?context=4.JhkqugDTiiA.haXhHlPlQhc2LMYK47NYF2eF5n5Dgj8ShaYq-jSSxfJmjiu_v7_Rtnd3R7qQVOlDNJEgD93G3-R3_Q&mlSearchSessionGuid=232f03f5655a361a5b7bda787a27262b";"3 комнатные";"https://www.cian.ru/kupit-3-komnatnuyu-kvartiru-moskovskaya-oblast/";"11469";"6";"14";"done";"";"2026-06-13 00:43:59";"2026-06-13 03:52:29";""
"cian";"cian_330308340";"330308340";"https://www.cian.ru/sale/flat/330308340/";"https://krasnogorsk.cian.ru/sale/flat/330308340/?context=4.bdpNqVLwbSE.RH8EcaMD6ifhmkgIcjGLVDBMbD2bvc4Plkd-of_gavmOi6-SuIiPOjJzUU7MrBQ9fAyHHIWh9o4yzg&mlSearchSessionGuid=232f03f5655a361a5b7bda787a27262b";"3 комнатные";"https://www.cian.ru/kupit-3-komnatnuyu-kvartiru-moskovskaya-oblast/";"11469";"6";"15";"done";"";"2026-06-13 00:43:59";"2026-06-13 03:52:45";""
"cian";"cian_328556392";"328556392";"https://www.cian.ru/sale/flat/328556392/";"https://vidnoye.cian.ru/sale/flat/328556392/?context=4.OjNnuNlw1CI.TTLI46L0_Fwfv9gKZFrzjQeLDvVmJW6KnSxuZTHGx9NStsL4B2H_s9HjOnVMDuzbA4GeJ63pJKAc4g&mlSearchSessionGuid=232f03f5655a361a5b7bda787a27262b";"3 комнатные";"https://www.cian.ru/kupit-3-komnatnuyu-kvartiru-moskovskaya-oblast/";"11469";"6";"16";"done";"";"2026-06-13 00:43:59";"2026-06-13 03:53:00";""
"cian";"cian_330498632";"330498632";"https://www.cian.ru/sale/flat/330498632/";"https://ivanteyevka.cian.ru/sale/flat/330498632/?context=4.NUEKpWHZ0Rs.O5zjM2Iz2uYZFKvh6WZ_-8nWfn8BuQzi4Bzlgz0TYDQurRo7pW-hvpAeEuc7E90IjIRAZ3RO6yQJoQ&mlSearchSessionGuid=232f03f5655a361a5b7bda787a27262b";"3 комнатные";"https://www.cian.ru/kupit-3-komnatnuyu-kvartiru-moskovskaya-oblast/";"11469";"6";"17";"done";"";"2026-06-13 00:43:59";"2026-06-13 03:53:14";""
"cian";"cian_325668794";"325668794";"https://www.cian.ru/sale/flat/325668794/";"https://zvenigorod.cian.ru/sale/flat/325668794/?context=4.grv2HDHHRnQ.KQ6_wvh6ycznxzqWYizCctH1RWZN66ZPPtdnFAoeb1NS3EFkvYZzaKXhv2osYUGQQ3CYPVtKzfj0Eg&mlSearchSessionGuid=232f03f5655a361a5b7bda787a27262b";"3 комнатные";"https://www.cian.ru/kupit-3-komnatnuyu-kvartiru-moskovskaya-oblast/";"11469";"6";"18";"done";"";"2026-06-13 00:43:59";"2026-06-13 03:53:29";""
"cian";"cian_330741913";"330741913";"https://www.cian.ru/sale/flat/330741913/";"https://mytishchi.cian.ru/sale/flat/330741913/?context=4.TvIZwZYOPi8.puKeZ50FZsRUaRCzGutBqZNnUPHC2cBEdAGwTmHTarXZ03k1Fgqc4O8RjBnKjGe-Jz_R6QufTdjJhQ&mlSearchSessionGuid=232f03f5655a361a5b7bda787a27262b";"3 комнатные";"https://www.cian.ru/kupit-3-komnatnuyu-kvartiru-moskovskaya-oblast/";"11469";"6";"19";"done";"";"2026-06-13 00:43:59";"2026-06-13 03:53:44";""
"cian";"cian_327731546";"327731546";"https://www.cian.ru/sale/flat/327731546/";"https://dmitrov.cian.ru/sale/flat/327731546/?context=4.OcKMGVeqE-k.eRAcI2boj4xEjCxA6IRaVD1q83WtaNZtiiOxKzN1ctTJSZL5MGJJcY93Xn8o5qcOAxmvTKsXxnaTzQ&mlSearchSessionGuid=232f03f5655a361a5b7bda787a27262b";"3 комнатные";"https://www.cian.ru/kupit-3-komnatnuyu-kvartiru-moskovskaya-oblast/";"11469";"6";"20";"done";"";"2026-06-13 00:43:59";"2026-06-13 03:53:59";""
"cian";"cian_325337627";"325337627";"https://www.cian.ru/sale/flat/325337627/";"https://dedovsk.cian.ru/sale/flat/325337627/?context=4.y5SVAc5ZR0c.daMWfyyVl0RhBAgVvjlJWsnARzOnJK816ZI9xYYKeWn0y3aIoRIIRt6sE8bQAZgoUF9AcDDpKvjhsA&mlSearchSessionGuid=232f03f5655a361a5b7bda787a27262b";"3 комнатные";"https://www.cian.ru/kupit-3-komnatnuyu-kvartiru-moskovskaya-oblast/";"11469";"6";"21";"done";"";"2026-06-13 00:43:59";"2026-06-13 03:54:13";""
"cian";"cian_326217413";"326217413";"https://www.cian.ru/sale/flat/326217413/";"https://krasnogorsk.cian.ru/sale/flat/326217413/?context=4.LVd_slADoec.pVZkq5aBz6AXn9q5dnLNKOLHSJf9PSHbMBM82SVEPRJNjiavFCUr7fsKLcKK5IRFtgFn03EOWtB4sA&mlSearchSessionGuid=232f03f5655a361a5b7bda787a27262b";"3 комнатные";"https://www.cian.ru/kupit-3-komnatnuyu-kvartiru-moskovskaya-oblast/";"11469";"6";"22";"done";"";"2026-06-13 00:43:59";"2026-06-13 03:54:26";""
"cian";"cian_329771798";"329771798";"https://www.cian.ru/sale/flat/329771798/";"https://zvenigorod.cian.ru/sale/flat/329771798/?context=4.BT_rCBcRAb8.o-0rFuDWt99mwO7rCiV2lGtKHEN49y9w8Ripgzlw977SZh9N1OJv3VeW17OLMETO7R0hLyITngc9Jg&mlSearchSessionGuid=232f03f5655a361a5b7bda787a27262b";"3 комнатные";"https://www.cian.ru/kupit-3-komnatnuyu-kvartiru-moskovskaya-oblast/";"11469";"6";"23";"done";"";"2026-06-13 00:43:59";"2026-06-13 03:54:41";""
"cian";"cian_330992487";"330992487";"https://www.cian.ru/sale/flat/330992487/";"https://dedovsk.cian.ru/sale/flat/330992487/?context=4.Fu8agenvl-c.R1iOIZWmHu-yhclHTxr9hmY-057zgWjqQZJjl9oHIi988x66dc_yvSaQcogrHpWC14_E8ju7OllACw&mlSearchSessionGuid=232f03f5655a361a5b7bda787a27262b";"3 комнатные";"https://www.cian.ru/kupit-3-komnatnuyu-kvartiru-moskovskaya-oblast/";"11469";"6";"24";"done";"";"2026-06-13 00:43:59";"2026-06-13 03:54:57";""
"cian";"cian_330379701";"330379701";"https://www.cian.ru/sale/flat/330379701/";"https://dzerzhinsky.cian.ru/sale/flat/330379701/?context=4.Kh26Jkw4uow._W1pygtFBvfPtwUuHYZy4ZDG2wPS9oadNdsjTHwMklPOMdLf2CbVJZryyzQ_RcvfLM7mZymq9Z58CQ&mlSearchSessionGuid=232f03f5655a361a5b7bda787a27262b";"3 комнатные";"https://www.cian.ru/kupit-3-komnatnuyu-kvartiru-moskovskaya-oblast/";"11469";"6";"25";"done";"";"2026-06-13 00:43:59";"2026-06-13 03:55:12";""
"cian";"cian_329771679";"329771679";"https://www.cian.ru/sale/flat/329771679/";"https://zvenigorod.cian.ru/sale/flat/329771679/?context=4.DQ2E9y7cxkQ.srV5ZbBPZ17T6X34GIsP54pFloqN2c2w-uO3B_p7Oldnapt1BqRHyCmbNVL9ywaHM2mtHuTWboXlRQ&mlSearchSessionGuid=232f03f5655a361a5b7bda787a27262b";"3 комнатные";"https://www.cian.ru/kupit-3-komnatnuyu-kvartiru-moskovskaya-oblast/";"11469";"6";"26";"done";"";"2026-06-13 00:43:59";"2026-06-13 03:55:25";""
"cian";"cian_326872282";"326872282";"https://www.cian.ru/sale/flat/326872282/";"https://balashikha.cian.ru/sale/flat/326872282/?context=4.VmHjlnhqYFA.UkbgVdNQFbAOjnnfOEOlKjDgdP2-xdlLy6d_fPgu8Tf_XmS6ax129Kwg-WHHUoyaWgHHwhghfmrG-A&mlSearchSessionGuid=232f03f5655a361a5b7bda787a27262b";"3 комнатные";"https://www.cian.ru/kupit-3-komnatnuyu-kvartiru-moskovskaya-oblast/";"11469";"6";"27";"done";"";"2026-06-13 00:43:59";"2026-06-13 03:55:41";""
"cian";"cian_322070552";"322070552";"https://www.cian.ru/sale/flat/322070552/";"https://dubna.cian.ru/sale/flat/322070552/?context=4.A68EBUt0K0c.LXDw6F6SUpInFUgaa1F_RmGml1IR6own10L_iGyXf0RBd3Ad1XU6mhMZF04ySPjB5oJLGKlXVZaV1g&mlSearchSessionGuid=232f03f5655a361a5b7bda787a27262b";"3 комнатные";"https://www.cian.ru/kupit-3-komnatnuyu-kvartiru-moskovskaya-oblast/";"11469";"6";"28";"done";"";"2026-06-13 00:43:59";"2026-06-13 03:55:55";""
"cian";"cian_321360195";"321360195";"https://www.cian.ru/sale/flat/321360195/";"https://korolev.cian.ru/sale/flat/321360195/?context=4.MjjmgYrtxGg.Qta0rBwbVjwoAD7YLFR7CO7msgiOvXAJMqrhoWzilgHDPGSEu8Hb1oLzU3_nfv1tMTJKSUYN9Rc5qw&mlSearchSessionGuid=232f03f5655a361a5b7bda787a27262b";"3 комнатные";"https://www.cian.ru/kupit-3-komnatnuyu-kvartiru-moskovskaya-oblast/";"11469";"7";"1";"done";"";"2026-06-13 00:44:51";"2026-06-13 03:56:08";""
"cian";"cian_330084759";"330084759";"https://www.cian.ru/sale/flat/330084759/";"https://krasnogorsk.cian.ru/sale/flat/330084759/?context=4.a5ZB1zVpOqg.GHILIG0gJow69ILh7j8K5aTxnXofE9iEQIu7ftQAnPoegbDQkIKCrrJzxjU2YhW7duMaGPR0Fu_PGQ&mlSearchSessionGuid=232f03f5655a361a5b7bda787a27262b";"3 комнатные";"https://www.cian.ru/kupit-3-komnatnuyu-kvartiru-moskovskaya-oblast/";"11469";"7";"2";"done";"";"2026-06-13 00:44:51";"2026-06-13 03:56:22";""
"cian";"cian_330256583";"330256583";"https://www.cian.ru/sale/flat/330256583/";"https://lyubertsy.cian.ru/sale/flat/330256583/?context=4.7iNRhFRrUPY.C7IZLvSUCdVuyiwJLZ2FumPsZG0Wlk-GbPXSdSw2I7xRwrTNrOVNI7Rka0rHxTFSASmCKzYaT6gJMA&mlSearchSessionGuid=232f03f5655a361a5b7bda787a27262b";"3 комнатные";"https://www.cian.ru/kupit-3-komnatnuyu-kvartiru-moskovskaya-oblast/";"11469";"7";"3";"done";"";"2026-06-13 00:44:51";"2026-06-13 03:56:36";""
"cian";"cian_324562663";"324562663";"https://www.cian.ru/sale/flat/324562663/";"https://pushkino.cian.ru/sale/flat/324562663/?context=4.UqUlyw0sQwU.0k_dEb1_0JKG2zBF3Eh4F-i7QM0DMDCzR9dKnz6TuWzmsrWRyeCwSyl3uFrhibouc16VMveqBEVH0A&mlSearchSessionGuid=232f03f5655a361a5b7bda787a27262b";"3 комнатные";"https://www.cian.ru/kupit-3-komnatnuyu-kvartiru-moskovskaya-oblast/";"11469";"7";"4";"done";"";"2026-06-13 00:44:51";"2026-06-13 03:56:50";""
"cian";"cian_328555530";"328555530";"https://www.cian.ru/sale/flat/328555530/";"https://dedovsk.cian.ru/sale/flat/328555530/?context=4.cTmtrh6tInA.5OZ6gJYLMKDA13rlnwkcPdRoxZ04KHf2Dq4Z7VBv3IcmbHN3vYymVpmxUZRGHbQ0A4mpB2YFil16eQ&mlSearchSessionGuid=232f03f5655a361a5b7bda787a27262b";"3 комнатные";"https://www.cian.ru/kupit-3-komnatnuyu-kvartiru-moskovskaya-oblast/";"11469";"7";"5";"done";"";"2026-06-13 00:44:51";"2026-06-13 03:57:05";""
"cian";"cian_329449640";"329449640";"https://www.cian.ru/sale/flat/329449640/";"https://vidnoye.cian.ru/sale/flat/329449640/?context=4.tL9UhbewU60.H5H9_y-AoXbG82CrBqvgPwO7JUR45MLAgCWPjeXpDr8fMckLXo7Mtj_rxaI0jMEET7AAfKge2UezFw&mlSearchSessionGuid=232f03f5655a361a5b7bda787a27262b";"3 комнатные";"https://www.cian.ru/kupit-3-komnatnuyu-kvartiru-moskovskaya-oblast/";"11469";"7";"6";"done";"";"2026-06-13 00:44:51";"2026-06-13 03:57:19";""
"cian";"cian_324563148";"324563148";"https://www.cian.ru/sale/flat/324563148/";"https://pushkino.cian.ru/sale/flat/324563148/?context=4.3IeiUq-Eulo.jBOwqcM-rRQLDT0SvKuIKexLDZiN83qJShCFtwt_v4s8vM1G6-nMu6HvXVKhWWK-YgHUqW3MSPitUw&mlSearchSessionGuid=232f03f5655a361a5b7bda787a27262b";"3 комнатные";"https://www.cian.ru/kupit-3-komnatnuyu-kvartiru-moskovskaya-oblast/";"11469";"7";"7";"done";"";"2026-06-13 00:44:51";"2026-06-13 03:57:33";""
"cian";"cian_323259453";"323259453";"https://www.cian.ru/sale/flat/323259453/";"https://yakhroma.cian.ru/sale/flat/323259453/?context=4.2E_5x57rQhs.WMu3bjVTedu5c1cqy3KMsdN69sZq9i10z3t443Ln4Gvkz6kqRvjwHTLjje7vJ-rY1Kunbv9-296jYg&mlSearchSessionGuid=232f03f5655a361a5b7bda787a27262b";"3 комнатные";"https://www.cian.ru/kupit-3-komnatnuyu-kvartiru-moskovskaya-oblast/";"11469";"7";"8";"done";"";"2026-06-13 00:44:51";"2026-06-13 03:57:48";""
"cian";"cian_330296150";"330296150";"https://www.cian.ru/sale/flat/330296150/";"https://ramenskoye.cian.ru/sale/flat/330296150/?context=4.6KKjcML-zpY.u-Lhotgn6hrwMvxgIGY59oHtW4sTP4PSIQqxC4KdpcAisB65XsirXOvMbI8zfmhrwSBkDIhhVwId2Q&mlSearchSessionGuid=232f03f5655a361a5b7bda787a27262b";"3 комнатные";"https://www.cian.ru/kupit-3-komnatnuyu-kvartiru-moskovskaya-oblast/";"11469";"7";"9";"done";"";"2026-06-13 00:44:51";"2026-06-13 03:58:02";""
"cian";"cian_324561193";"324561193";"https://www.cian.ru/sale/flat/324561193/";"https://pushkino.cian.ru/sale/flat/324561193/?context=4.sI9Ic6I7RYA.ewwZeJLzyFwRnxGE8DS2bbDzpgmWSfiU93J0ZOe_EH5dQh9onaXUSUHdSh8OoxOwD4NVGOhBuDD-xg&mlSearchSessionGuid=232f03f5655a361a5b7bda787a27262b";"3 комнатные";"https://www.cian.ru/kupit-3-komnatnuyu-kvartiru-moskovskaya-oblast/";"11469";"7";"10";"done";"";"2026-06-13 00:44:51";"2026-06-13 03:58:16";""
"cian";"cian_324463593";"324463593";"https://www.cian.ru/sale/flat/324463593/";"https://vidnoye.cian.ru/sale/flat/324463593/?context=4.ZtGQm4P0bYI.gmEkAwDaDGEacgFrVCaod-Rbpatv6DQn_OJLUfTK75qJsnIU34YPHh1lC1M3wURmLaGxLYqFo3k42w&mlSearchSessionGuid=232f03f5655a361a5b7bda787a27262b";"3 комнатные";"https://www.cian.ru/kupit-3-komnatnuyu-kvartiru-moskovskaya-oblast/";"11469";"7";"11";"done";"";"2026-06-13 00:44:51";"2026-06-13 03:58:32";""
"cian";"cian_330618894";"330618894";"https://www.cian.ru/sale/flat/330618894/";"https://solnechnogorsk.cian.ru/sale/flat/330618894/?context=4.p-v2Ah9VHh4.ZMWIjQCORKAQFb2WUi8PgQMAb6yv7jCnyUJvTcS-kitRhp2i813y7Zy0PXdmpNtS4naqCrumQD9mIQ&mlSearchSessionGuid=232f03f5655a361a5b7bda787a27262b";"3 комнатные";"https://www.cian.ru/kupit-3-komnatnuyu-kvartiru-moskovskaya-oblast/";"11469";"7";"12";"done";"";"2026-06-13 00:44:51";"2026-06-13 03:58:45";""
"cian";"cian_324563025";"324563025";"https://www.cian.ru/sale/flat/324563025/";"https://pushkino.cian.ru/sale/flat/324563025/?context=4.fKJVZ0iDRw8.HTmdMN5ZxeJXLaRe7JIky-KA1Uy-3JzfVKfULeIqWyAa2ojlssC0-CL-ITTrehRHgzIeEioXewSl3g&mlSearchSessionGuid=232f03f5655a361a5b7bda787a27262b";"3 комнатные";"https://www.cian.ru/kupit-3-komnatnuyu-kvartiru-moskovskaya-oblast/";"11469";"7";"13";"done";"";"2026-06-13 00:44:51";"2026-06-13 03:58:58";""
"cian";"cian_330139153";"330139153";"https://www.cian.ru/sale/flat/330139153/";"https://solnechnogorsk.cian.ru/sale/flat/330139153/?context=4.2rvIJLKGJ9s.qb67Sj6hZPItVT6q1X7l66_Ih2nlpRqE-IFU6RWExDBJpgmpj2b4F4zTJFwmB5HeIvcN2rPD5O93ZA&mlSearchSessionGuid=232f03f5655a361a5b7bda787a27262b";"3 комнатные";"https://www.cian.ru/kupit-3-komnatnuyu-kvartiru-moskovskaya-oblast/";"11469";"7";"14";"done";"";"2026-06-13 00:44:51";"2026-06-13 03:59:12";""
"cian";"cian_330732754";"330732754";"https://www.cian.ru/sale/flat/330732754/";"https://mytishchi.cian.ru/sale/flat/330732754/?context=4.0qAbjvmZvUg.wyMdRdrMuemTsdHP-241l3GXaNMXG7GxfyTxtd5Wgfjs70dlyYIvKr7yNv6c8KN3GBBFp9ZVm3-J5g&mlSearchSessionGuid=232f03f5655a361a5b7bda787a27262b";"3 комнатные";"https://www.cian.ru/kupit-3-komnatnuyu-kvartiru-moskovskaya-oblast/";"11469";"7";"15";"done";"";"2026-06-13 00:44:51";"2026-06-13 03:59:27";""
"cian";"cian_330194370";"330194370";"https://www.cian.ru/sale/flat/330194370/";"https://pushkino.cian.ru/sale/flat/330194370/?context=4.GWCevx_bN-k.IRtGGVTd3b8z1yqWK7srl3DzqBEolXG9bElEZcxR0-1c0ty4QLqhOga9KE9dmBwOdVSw_odmkBShLA&mlSearchSessionGuid=232f03f5655a361a5b7bda787a27262b";"3 комнатные";"https://www.cian.ru/kupit-3-komnatnuyu-kvartiru-moskovskaya-oblast/";"11469";"7";"16";"done";"";"2026-06-13 00:44:51";"2026-06-13 03:59:39";""
"cian";"cian_330559024";"330559024";"https://www.cian.ru/sale/flat/330559024/";"https://domodedovo.cian.ru/sale/flat/330559024/?context=4.NEtgfYrlAwU.ZaWHLc_OfrOYXCzoDDz2XrIBbMQQHJ9niZv_z3YlC7SgqbuocrwUOG-H2qaqIle-nV-KhVOHuv4dGg&mlSearchSessionGuid=232f03f5655a361a5b7bda787a27262b";"3 комнатные";"https://www.cian.ru/kupit-3-komnatnuyu-kvartiru-moskovskaya-oblast/";"11469";"7";"17";"done";"";"2026-06-13 00:44:51";"2026-06-13 03:59:55";""
"cian";"cian_330631696";"330631696";"https://www.cian.ru/sale/flat/330631696/";"https://krasnogorsk.cian.ru/sale/flat/330631696/?context=4.XD20YU5R0yE.TKyPOPDo-AiBetP5eW_DdgGQSSGYdu1jFRRtfodMqH-cdVvySjMZXeOCAS6U-53w2bYLRmUb11fMIQ&mlSearchSessionGuid=232f03f5655a361a5b7bda787a27262b";"3 комнатные";"https://www.cian.ru/kupit-3-komnatnuyu-kvartiru-moskovskaya-oblast/";"11469";"7";"18";"done";"";"2026-06-13 00:44:51";"2026-06-13 04:00:10";""
"cian";"cian_329902507";"329902507";"https://www.cian.ru/sale/flat/329902507/";"https://zvenigorod.cian.ru/sale/flat/329902507/?context=4.uUipeaYWkJs.-IrbTbrJAQezzWSR3wFAkYAoC7Z04jSTHab5FMcwndP9OomJpPfqqT5LCyCIC74qrAaj-Ru0Li06kg&mlSearchSessionGuid=232f03f5655a361a5b7bda787a27262b";"3 комнатные";"https://www.cian.ru/kupit-3-komnatnuyu-kvartiru-moskovskaya-oblast/";"11469";"7";"19";"done";"";"2026-06-13 00:44:51";"2026-06-13 04:00:24";""
"cian";"cian_330171286";"330171286";"https://www.cian.ru/sale/flat/330171286/";"https://dzerzhinsky.cian.ru/sale/flat/330171286/?context=4.bLlOqUETVuA.Heg1ZCYabI47Zhl2s3AT69uEjYqfIlfyBSMARwp6r1V8RXMdwXHTEtN7tEJCni5UDFztQiIl2273bQ&mlSearchSessionGuid=232f03f5655a361a5b7bda787a27262b";"3 комнатные";"https://www.cian.ru/kupit-3-komnatnuyu-kvartiru-moskovskaya-oblast/";"11469";"7";"20";"done";"";"2026-06-13 00:44:51";"2026-06-13 04:00:39";""
"cian";"cian_327693660";"327693660";"https://www.cian.ru/sale/flat/327693660/";"https://krasnogorsk.cian.ru/sale/flat/327693660/?context=4.2Zxib0noL48.GuagIp_0gnUvglCIThUPeJPINlsgpq1lHWYo82-sjZVqoYWzTJwDeXwiSURdTv0CMIQI77z5nYF8Sw&mlSearchSessionGuid=232f03f5655a361a5b7bda787a27262b";"3 комнатные";"https://www.cian.ru/kupit-3-komnatnuyu-kvartiru-moskovskaya-oblast/";"11469";"7";"21";"done";"";"2026-06-13 00:44:51";"2026-06-13 04:00:52";""
"cian";"cian_330557562";"330557562";"https://www.cian.ru/sale/flat/330557562/";"https://krasnogorsk.cian.ru/sale/flat/330557562/?context=4.4EeowwX62GQ.uVsmRh2EdNrhSYlaV1IOCd9zT204KVlNeY6zo7T_ysijrS_YGf6Ewv4mZ8prFrzIQnEI2c97Rw8H3Q&mlSearchSessionGuid=232f03f5655a361a5b7bda787a27262b";"3 комнатные";"https://www.cian.ru/kupit-3-komnatnuyu-kvartiru-moskovskaya-oblast/";"11469";"7";"22";"done";"";"2026-06-13 00:44:51";"2026-06-13 04:01:07";""
"cian";"cian_327784308";"327784308";"https://www.cian.ru/sale/flat/327784308/";"https://solnechnogorsk.cian.ru/sale/flat/327784308/?context=4.ec-4Q9Upnos.kFhmSgxTyvK9Dy3OSCcC-t-HfZK-l0T2g5gWv2lwR_QIIj8Y0L3mKAR-q2GKrxy0QJhOsi4_XGPF0Q&mlSearchSessionGuid=232f03f5655a361a5b7bda787a27262b";"3 комнатные";"https://www.cian.ru/kupit-3-komnatnuyu-kvartiru-moskovskaya-oblast/";"11469";"7";"23";"done";"";"2026-06-13 00:44:51";"2026-06-13 04:01:22";""
"cian";"cian_326694801";"326694801";"https://www.cian.ru/sale/flat/326694801/";"https://podolsk.cian.ru/sale/flat/326694801/?context=4.AWuzelnjEFw.8CrqzX7ef27VqWwfm0D1AwwGOo4z6h9Tz2BUyxip5JXsXiEWmK1c3ZDze7F85MOZXioFTYCh6Hmwng&mlSearchSessionGuid=232f03f5655a361a5b7bda787a27262b";"3 комнатные";"https://www.cian.ru/kupit-3-komnatnuyu-kvartiru-moskovskaya-oblast/";"11469";"7";"24";"done";"";"2026-06-13 00:44:51";"2026-06-13 04:01:37";""
"cian";"cian_329697786";"329697786";"https://www.cian.ru/sale/flat/329697786/";"https://krasnogorsk.cian.ru/sale/flat/329697786/?context=4.8w44zGYoKJs.seioUDzGpcRM5qGw3y_NXJUFeoa9VYv5s1zwlpCZZWhmOQN7P7K37rT23IuHs5FFwiONAXX3YA1Jwg&mlSearchSessionGuid=232f03f5655a361a5b7bda787a27262b";"3 комнатные";"https://www.cian.ru/kupit-3-komnatnuyu-kvartiru-moskovskaya-oblast/";"11469";"7";"25";"done";"";"2026-06-13 00:44:51";"2026-06-13 04:01:52";""
"cian";"cian_329397056";"329397056";"https://www.cian.ru/sale/flat/329397056/";"https://zvenigorod.cian.ru/sale/flat/329397056/?context=4.M3rpjy3HsWU.L0cTpopWXhoKTzKVYeXRPSKnCeFXvpuRwc4SoHX_LDL_LJGWLTpj0vJ0E1mNduOCqh16dd-tJKdIYg&mlSearchSessionGuid=232f03f5655a361a5b7bda787a27262b";"3 комнатные";"https://www.cian.ru/kupit-3-komnatnuyu-kvartiru-moskovskaya-oblast/";"11469";"7";"26";"done";"";"2026-06-13 00:44:51";"2026-06-13 04:02:07";""
"cian";"cian_325736723";"325736723";"https://www.cian.ru/sale/flat/325736723/";"https://pushkino.cian.ru/sale/flat/325736723/?context=4.RNkM4wvPsBM.ZkRvjImCVGHextnic8oIHOdoPuMG6SWFqV3IVrvGwCAKs_yjhyP9hAY2hknjYeVu9yn8kJqXdzIRqg&mlSearchSessionGuid=232f03f5655a361a5b7bda787a27262b";"3 комнатные";"https://www.cian.ru/kupit-3-komnatnuyu-kvartiru-moskovskaya-oblast/";"11469";"7";"27";"done";"";"2026-06-13 00:44:51";"2026-06-13 04:02:23";""
"cian";"cian_326217447";"326217447";"https://www.cian.ru/sale/flat/326217447/";"https://krasnogorsk.cian.ru/sale/flat/326217447/?context=4.b7F2VbikdV0.Jf5ISPN8NsrAQOp3JWd4zYU68PA0mqsDoTrommmN79RpjF5aOINGGuqb5THOxdlxeyiJodZu4_bOUg&mlSearchSessionGuid=232f03f5655a361a5b7bda787a27262b";"3 комнатные";"https://www.cian.ru/kupit-3-komnatnuyu-kvartiru-moskovskaya-oblast/";"11469";"7";"28";"done";"";"2026-06-13 00:44:51";"2026-06-13 04:02:36";""
"cian";"cian_328187030";"328187030";"https://www.cian.ru/sale/flat/328187030/";"https://kotelniki.cian.ru/sale/flat/328187030/?context=4.G9WwtZBWvj0.91sXUaH1-iPWUE_RRijsQN7JyilRkOXNGNL8ld3PpTbha6q2PG9GzNxvQXhQQ-NaHqd15qAmbdH9kg&mlSearchSessionGuid=232f03f5655a361a5b7bda787a27262b";"3 комнатные";"https://www.cian.ru/kupit-3-komnatnuyu-kvartiru-moskovskaya-oblast/";"11469";"8";"1";"done";"";"2026-06-13 00:45:34";"2026-06-13 04:02:49";""
"cian";"cian_330241078";"330241078";"https://www.cian.ru/sale/flat/330241078/";"https://noginsk.cian.ru/sale/flat/330241078/?context=4.usilrYACb5A.onFqjWYqUgYOBjByiVQc2zcBARkGfa5s_AdrkHNIM0VX-CiwhKOxX9Vw5A3wV6KJVoDwb1ieGGhBpA&mlSearchSessionGuid=232f03f5655a361a5b7bda787a27262b";"3 комнатные";"https://www.cian.ru/kupit-3-komnatnuyu-kvartiru-moskovskaya-oblast/";"11469";"8";"2";"done";"";"2026-06-13 00:45:34";"2026-06-13 04:03:03";""
"cian";"cian_329586287";"329586287";"https://www.cian.ru/sale/flat/329586287/";"https://pushkino.cian.ru/sale/flat/329586287/?context=4.tfA7aNTnFjg.4QOGwruAiefgbOPh2QuBX3SR23Jn2i-mJBne1wkkK7LHgUgKnaA9czdO408CNr6uzDGCLYEGiCftZg&mlSearchSessionGuid=232f03f5655a361a5b7bda787a27262b";"3 комнатные";"https://www.cian.ru/kupit-3-komnatnuyu-kvartiru-moskovskaya-oblast/";"11469";"8";"3";"done";"";"2026-06-13 00:45:34";"2026-06-13 04:03:18";""
"cian";"cian_328661312";"328661312";"https://www.cian.ru/sale/flat/328661312/";"https://stupino.cian.ru/sale/flat/328661312/?context=4.4YPbIzalgDY.-GIMyAoPaPZ22eq10vTRI2zJ5irOuXPOyKYxEf5RuSmPgAk9yiZZPjN2GZQelrWfrRdEaZCFYFvOog&mlSearchSessionGuid=232f03f5655a361a5b7bda787a27262b";"3 комнатные";"https://www.cian.ru/kupit-3-komnatnuyu-kvartiru-moskovskaya-oblast/";"11469";"8";"4";"done";"";"2026-06-13 00:45:34";"2026-06-13 04:03:33";""
"cian";"cian_330740708";"330740708";"https://www.cian.ru/sale/flat/330740708/";"https://shchyolkovo.cian.ru/sale/flat/330740708/?context=4.hODUOESvObk.6VoXXf0jZiCn6-05JlpzzPgxpqMq2vFWVghDrgrMVJyrVmNfjwO94Vr0dpF0B0q1x89ONoDVnstcdQ&mlSearchSessionGuid=232f03f5655a361a5b7bda787a27262b";"3 комнатные";"https://www.cian.ru/kupit-3-komnatnuyu-kvartiru-moskovskaya-oblast/";"11469";"8";"5";"done";"";"2026-06-13 00:45:34";"2026-06-13 04:03:48";""
"cian";"cian_327182404";"327182404";"https://www.cian.ru/sale/flat/327182404/";"https://podolsk.cian.ru/sale/flat/327182404/?context=4.Alkf2XqBE_k.C005BUpeJLtAaB17Z7c9nijpVkxVs4FoeFLNDcNFPIgLC5fNTCob6DGtnaNlFKRrOOkybip_OTiSiw&mlSearchSessionGuid=232f03f5655a361a5b7bda787a27262b";"3 комнатные";"https://www.cian.ru/kupit-3-komnatnuyu-kvartiru-moskovskaya-oblast/";"11469";"8";"6";"done";"";"2026-06-13 00:45:34";"2026-06-13 04:04:02";""
"cian";"cian_325815537";"325815537";"https://www.cian.ru/sale/flat/325815537/";"https://mytishchi.cian.ru/sale/flat/325815537/?context=4.veAn0gAavQQ.PQVmrGTdFgsKtRSLvl58wesHEIbUF5eh2d4e7boKtguAHGprTos9XOk16mWAWXlvM_NSoJjta0eNtw&mlSearchSessionGuid=232f03f5655a361a5b7bda787a27262b";"3 комнатные";"https://www.cian.ru/kupit-3-komnatnuyu-kvartiru-moskovskaya-oblast/";"11469";"8";"7";"done";"";"2026-06-13 00:45:34";"2026-06-13 04:04:17";""
"cian";"cian_330183826";"330183826";"https://www.cian.ru/sale/flat/330183826/";"https://domodedovo.cian.ru/sale/flat/330183826/?context=4.V6T8UNw2D14.f6FFvvyme1LLpFlUzPjQae6XYqFxQTwIENkHq3ISFMLAQ5WdEOQBYywlEMtPVTjvPCN9KI2yHRiYiA&mlSearchSessionGuid=232f03f5655a361a5b7bda787a27262b";"3 комнатные";"https://www.cian.ru/kupit-3-komnatnuyu-kvartiru-moskovskaya-oblast/";"11469";"8";"8";"done";"";"2026-06-13 00:45:34";"2026-06-13 04:04:33";""
"cian";"cian_330486350";"330486350";"https://www.cian.ru/sale/flat/330486350/";"https://vidnoye.cian.ru/sale/flat/330486350/?context=4.QTRYUB8h-Eg.99gJhaxjTbBDefT1GNWUQ95EZZhokubmf5XQhFotiMzXaBEmgSpvbFQe8qm2AOhUH8zi5zFCH8xhgA&mlSearchSessionGuid=232f03f5655a361a5b7bda787a27262b";"3 комнатные";"https://www.cian.ru/kupit-3-komnatnuyu-kvartiru-moskovskaya-oblast/";"11469";"8";"9";"done";"";"2026-06-13 00:45:34";"2026-06-13 04:04:48";""
"cian";"cian_330098784";"330098784";"https://www.cian.ru/sale/flat/330098784/";"https://korolev.cian.ru/sale/flat/330098784/?context=4.8esoCRzxvaE.QoAP8ky3eRZaagdmE1nQgavAgi8FFOT7v2RwutUpwIaV4YeijmfeI8MuxFRxnThk6S9bVTOsWIBTJg&mlSearchSessionGuid=232f03f5655a361a5b7bda787a27262b";"3 комнатные";"https://www.cian.ru/kupit-3-komnatnuyu-kvartiru-moskovskaya-oblast/";"11469";"8";"10";"done";"";"2026-06-13 00:45:34";"2026-06-13 04:05:03";""
"cian";"cian_330125464";"330125464";"https://www.cian.ru/sale/flat/330125464/";"https://www.cian.ru/sale/flat/330125464/?context=4.GNje-BYl2Pg.QugSdgP48rBHn0XPdIoO8H3w1aGXq4ow248xFPJniXduU6WttXa-TIt3AV_1d6lHHoSqByVbLzi2JQ&mlSearchSessionGuid=232f03f5655a361a5b7bda787a27262b";"3 комнатные";"https://www.cian.ru/kupit-3-komnatnuyu-kvartiru-moskovskaya-oblast/";"11469";"8";"11";"done";"";"2026-06-13 00:45:34";"2026-06-13 04:05:20";""
"cian";"cian_328744673";"328744673";"https://www.cian.ru/sale/flat/328744673/";"https://mytishchi.cian.ru/sale/flat/328744673/?context=4.GosWj0Z18dQ.2gMKNTcfUcHlEWk8pLsk6XgsaPduQ6MW_KGbWFkTBLkpyDXnnt7x42Duob-IDXcQ3BZg3q7Rw1Xs4Q&mlSearchSessionGuid=232f03f5655a361a5b7bda787a27262b";"3 комнатные";"https://www.cian.ru/kupit-3-komnatnuyu-kvartiru-moskovskaya-oblast/";"11469";"8";"12";"done";"";"2026-06-13 00:45:34";"2026-06-13 04:05:35";""
"cian";"cian_328054018";"328054018";"https://www.cian.ru/sale/flat/328054018/";"https://stupino.cian.ru/sale/flat/328054018/?context=4.anU3DP33ALY.0wQI5gaJgm28_HjbA_oQr6rdZuwueMie04Hq9VdZyJSqS2e8gDiWxW9WTzXyLkbDLMpZyHXH5GSV-g&mlSearchSessionGuid=232f03f5655a361a5b7bda787a27262b";"3 комнатные";"https://www.cian.ru/kupit-3-komnatnuyu-kvartiru-moskovskaya-oblast/";"11469";"8";"13";"done";"";"2026-06-13 00:45:34";"2026-06-13 04:05:50";""
"cian";"cian_326661892";"326661892";"https://www.cian.ru/sale/flat/326661892/";"https://shchyolkovo.cian.ru/sale/flat/326661892/?context=4.me4bjYYNOcM.efmlqynpFW0RZlBYNB_f83x69QbiqMpqKm9Gk2ZZgmWTP4kJsii3Rj1ep4dkxBIFT6angGVH8LhngQ&mlSearchSessionGuid=232f03f5655a361a5b7bda787a27262b";"3 комнатные";"https://www.cian.ru/kupit-3-komnatnuyu-kvartiru-moskovskaya-oblast/";"11469";"8";"14";"done";"";"2026-06-13 00:45:34";"2026-06-13 04:06:04";""
"cian";"cian_327922404";"327922404";"https://www.cian.ru/sale/flat/327922404/";"https://korolev.cian.ru/sale/flat/327922404/?context=4.-FAJvC70j3U.yCzJpqm3lTPxqterING3a99dDrJdlZ4-aINc1go95lmYNb8Vgq4tMaBKWcJ58b0FbA3RJ6jNLLTmkg&mlSearchSessionGuid=232f03f5655a361a5b7bda787a27262b";"3 комнатные";"https://www.cian.ru/kupit-3-komnatnuyu-kvartiru-moskovskaya-oblast/";"11469";"8";"15";"done";"";"2026-06-13 00:45:34";"2026-06-13 04:06:18";""
"cian";"cian_328448117";"328448117";"https://www.cian.ru/sale/flat/328448117/";"https://khimki.cian.ru/sale/flat/328448117/?context=4.8U4wEHFBl4g.p-FgkaHSBzYYUjtDx9zqWCzrrkR6pD23rXslV8qypUJKcD4xI_GsMpmMZ2yI1QJ5JjTbLr-gcSFIIQ&mlSearchSessionGuid=232f03f5655a361a5b7bda787a27262b";"3 комнатные";"https://www.cian.ru/kupit-3-komnatnuyu-kvartiru-moskovskaya-oblast/";"11469";"8";"16";"done";"";"2026-06-13 00:45:34";"2026-06-13 04:06:33";""
"cian";"cian_321777601";"321777601";"https://www.cian.ru/sale/flat/321777601/";"https://mytishchi.cian.ru/sale/flat/321777601/?context=4.sWmtkw02aJw.uVgzOTgggtDNCfAUIyUDILeLnE2gmO4CXa6b9IrjoUVMrOdW4nKeaA-F444WwhZr8FFt2fIVxVx0WQ&mlSearchSessionGuid=232f03f5655a361a5b7bda787a27262b";"3 комнатные";"https://www.cian.ru/kupit-3-komnatnuyu-kvartiru-moskovskaya-oblast/";"11469";"8";"17";"done";"";"2026-06-13 00:45:34";"2026-06-13 04:06:48";""
"cian";"cian_314318779";"314318779";"https://www.cian.ru/sale/flat/314318779/";"https://khotkovo.cian.ru/sale/flat/314318779/?context=4.cnAx1uRd6ss.aQswIL2zUvSReifm8olWmcTGvjPD9mej2pLY4JyRa7qxyz0njXsF3mBvcMUydFLxnbaqMmckFXIaug&mlSearchSessionGuid=232f03f5655a361a5b7bda787a27262b";"3 комнатные";"https://www.cian.ru/kupit-3-komnatnuyu-kvartiru-moskovskaya-oblast/";"11469";"8";"18";"done";"";"2026-06-13 00:45:34";"2026-06-13 04:07:02";""
"cian";"cian_329912362";"329912362";"https://www.cian.ru/sale/flat/329912362/";"https://vidnoye.cian.ru/sale/flat/329912362/?context=4.Zb4Ulb5QVGQ.W3_Xsq1GDRs1Kx7M1_jcVHWcm_hteBiKRyJ1adDNEVTxaH6J6p88cYg-iumEyMJyiwvqZftgTdcOrw&mlSearchSessionGuid=232f03f5655a361a5b7bda787a27262b";"3 комнатные";"https://www.cian.ru/kupit-3-komnatnuyu-kvartiru-moskovskaya-oblast/";"11469";"8";"19";"done";"";"2026-06-13 00:45:34";"2026-06-13 04:07:18";""
"cian";"cian_330705592";"330705592";"https://www.cian.ru/sale/flat/330705592/";"https://lytkarino.cian.ru/sale/flat/330705592/?context=4.RjfHoN1x21U.Hi7c5vDv12qHCfC0GWWfI_xHHu1Vz4AElMYo3V61HEdwiPspqO4Hco2PorgcFyIGBp0ZfHyMBfZIHA&mlSearchSessionGuid=232f03f5655a361a5b7bda787a27262b";"3 комнатные";"https://www.cian.ru/kupit-3-komnatnuyu-kvartiru-moskovskaya-oblast/";"11469";"8";"20";"done";"";"2026-06-13 00:45:34";"2026-06-13 04:07:34";""
"cian";"cian_330641354";"330641354";"https://www.cian.ru/sale/flat/330641354/";"https://krasnogorsk.cian.ru/sale/flat/330641354/?context=4.uAxiet7I3xI.BjO7hPqEinPPnJxw1eW8rb5bSMDBlqvNuQJrvx6a_135XmaPlvGaflGJN4iSja8E0pV7jDLA2L6rlA&mlSearchSessionGuid=232f03f5655a361a5b7bda787a27262b";"3 комнатные";"https://www.cian.ru/kupit-3-komnatnuyu-kvartiru-moskovskaya-oblast/";"11469";"8";"21";"done";"";"2026-06-13 00:45:34";"2026-06-13 04:07:49";""
"cian";"cian_329944321";"329944321";"https://www.cian.ru/sale/flat/329944321/";"https://stupino.cian.ru/sale/flat/329944321/?context=4.dsPtwvhFO1o.TgwYy2CbtrwPHN71EsUBZQ7DYF5XTS1L_YzpFVoGML97EuUIN-5JkBt0y2NIqu3-UtQZruMusM9WJA&mlSearchSessionGuid=232f03f5655a361a5b7bda787a27262b";"3 комнатные";"https://www.cian.ru/kupit-3-komnatnuyu-kvartiru-moskovskaya-oblast/";"11469";"8";"22";"done";"";"2026-06-13 00:45:34";"2026-06-13 04:08:04";""
"cian";"cian_330603728";"330603728";"https://www.cian.ru/sale/flat/330603728/";"https://domodedovo.cian.ru/sale/flat/330603728/?context=4.NFFeggozLxs.x5q1AF5b8N2tUJW9umja4IVSn4wf_yGucKuyyi4E1Ic7WFvPu6NsgCkT9qGOZIcGBxVJ95QoMM0XXg&mlSearchSessionGuid=232f03f5655a361a5b7bda787a27262b";"3 комнатные";"https://www.cian.ru/kupit-3-komnatnuyu-kvartiru-moskovskaya-oblast/";"11469";"8";"23";"done";"";"2026-06-13 00:45:34";"2026-06-13 04:08:17";""
"cian";"cian_330052776";"330052776";"https://www.cian.ru/sale/flat/330052776/";"https://noginsk.cian.ru/sale/flat/330052776/?context=4.YIHUUlzkeQE.muYaD1qyrOY__pJz4aM1szvMapM6xzUJoIlaz1dTmvGDHCtEMkd71lMUmQi06pTE7qzTwMZfZZvdGw&mlSearchSessionGuid=232f03f5655a361a5b7bda787a27262b";"3 комнатные";"https://www.cian.ru/kupit-3-komnatnuyu-kvartiru-moskovskaya-oblast/";"11469";"8";"24";"done";"";"2026-06-13 00:45:34";"2026-06-13 04:08:31";""
"cian";"cian_330854510";"330854510";"https://www.cian.ru/sale/flat/330854510/";"https://krasnogorsk.cian.ru/sale/flat/330854510/?context=4.A8lO_jlFKjE.l_dHoLFUZHWzyTNoUlEj4O0BuppKhYUW1BJytf1306s1PisyrO3b6w927gxAjVcIsnAdJ8ggzX-ofA&mlSearchSessionGuid=232f03f5655a361a5b7bda787a27262b";"3 комнатные";"https://www.cian.ru/kupit-3-komnatnuyu-kvartiru-moskovskaya-oblast/";"11469";"8";"25";"done";"";"2026-06-13 00:45:34";"2026-06-13 04:08:46";""
"cian";"cian_328662396";"328662396";"https://www.cian.ru/sale/flat/328662396/";"https://lytkarino.cian.ru/sale/flat/328662396/?context=4.CfMZ952NVY8.FFf1LJ7d4dflbjteqNlwVQSNaWqzlmBq4mW-oBGe2S4ztYvldqa3DAOfyuVY98BEB3190nG4JN6K7Q&mlSearchSessionGuid=232f03f5655a361a5b7bda787a27262b";"3 комнатные";"https://www.cian.ru/kupit-3-komnatnuyu-kvartiru-moskovskaya-oblast/";"11469";"8";"26";"done";"";"2026-06-13 00:45:34";"2026-06-13 04:09:02";""
"cian";"cian_330988432";"330988432";"https://www.cian.ru/sale/flat/330988432/";"https://vidnoye.cian.ru/sale/flat/330988432/?context=4.QIyCjCA7shs.muCWaLUN9Tic7vD614yccg3-6dcao5QjI3LKuOfZnqsR9lyMdnkuqJyzP0571XLmdpUAvteWcM9eoQ&mlSearchSessionGuid=232f03f5655a361a5b7bda787a27262b";"3 комнатные";"https://www.cian.ru/kupit-3-komnatnuyu-kvartiru-moskovskaya-oblast/";"11469";"8";"27";"done";"";"2026-06-13 00:45:34";"2026-06-13 04:09:15";""
"cian";"cian_327465841";"327465841";"https://www.cian.ru/sale/flat/327465841/";"https://krasnogorsk.cian.ru/sale/flat/327465841/?context=4.WiOsBDGiwvQ.PI8NGqesDWbvIpXvqcyDozM9d9oLsxchi1BC8D5dmZ3oaeBNJyAw9sGu63SS9JoR8W_T4Y3UmxoVRg&mlSearchSessionGuid=232f03f5655a361a5b7bda787a27262b";"3 комнатные";"https://www.cian.ru/kupit-3-komnatnuyu-kvartiru-moskovskaya-oblast/";"11469";"8";"28";"done";"";"2026-06-13 00:45:34";"2026-06-13 04:09:30";""
"cian";"cian_329245991";"329245991";"https://www.cian.ru/sale/flat/329245991/";"https://khimki.cian.ru/sale/flat/329245991/?context=4.KYvRbHE0DYU.xRByC65aiYxijFF4TP94aV5skjDXq0zQk-MU1v8VHg1jXesoaKsjXnkCV09EocPpK-aJCLbw2brhrw&mlSearchSessionGuid=232f03f5655a361a5b7bda787a27262b";"3 комнатные";"https://www.cian.ru/kupit-3-komnatnuyu-kvartiru-moskovskaya-oblast/";"11469";"9";"1";"done";"";"2026-06-13 00:46:20";"2026-06-13 04:09:45";""
"cian";"cian_325484128";"325484128";"https://www.cian.ru/sale/flat/325484128/";"https://krasnogorsk.cian.ru/sale/flat/325484128/?context=4.BqLOlXqQTC0.-sKURWKJeHNIj6p50RvppdgqvTJOzOTtpmCs4gOLZhxP7c0EF-h_19mN-cTddA7kiv7TgSgQeAH0FQ&mlSearchSessionGuid=232f03f5655a361a5b7bda787a27262b";"3 комнатные";"https://www.cian.ru/kupit-3-komnatnuyu-kvartiru-moskovskaya-oblast/";"11469";"9";"2";"done";"";"2026-06-13 00:46:20";"2026-06-13 04:09:59";""
"cian";"cian_330829630";"330829630";"https://www.cian.ru/sale/flat/330829630/";"https://krasnogorsk.cian.ru/sale/flat/330829630/?context=4.nf7HS96Anbc.RGvWxJvU-pipcbgkQQ2A_ikHhHe-wUZVXQTWmmqwSb0Yt3Yqas-9HHAn_krGH3ziBmqyxCGNae-ktA&mlSearchSessionGuid=232f03f5655a361a5b7bda787a27262b";"3 комнатные";"https://www.cian.ru/kupit-3-komnatnuyu-kvartiru-moskovskaya-oblast/";"11469";"9";"3";"done";"";"2026-06-13 00:46:20";"2026-06-13 04:10:13";""
"cian";"cian_330094249";"330094249";"https://www.cian.ru/sale/flat/330094249/";"https://serpukhov.cian.ru/sale/flat/330094249/?context=4.XFxkQ4muYlA.mVZxpQLhtCFoXYGdufQ9vakngaoF8238EQCah1G222PHYTbdju4jv3Kp1A3CGJUFdGnrgx8ePM9HPQ&mlSearchSessionGuid=232f03f5655a361a5b7bda787a27262b";"3 комнатные";"https://www.cian.ru/kupit-3-komnatnuyu-kvartiru-moskovskaya-oblast/";"11469";"9";"4";"done";"";"2026-06-13 00:46:20";"2026-06-13 04:10:27";""
"cian";"cian_327664821";"327664821";"https://www.cian.ru/sale/flat/327664821/";"https://mytishchi.cian.ru/sale/flat/327664821/?context=4.kJDoBafoPbk.vSJdR2zTYUdE6G952VRQdniu_-MGkMec6CXF5buQ6a6_5VhaotPKUEoGV5tXxMUAdM-TFtXRQ9np8w&mlSearchSessionGuid=232f03f5655a361a5b7bda787a27262b";"3 комнатные";"https://www.cian.ru/kupit-3-komnatnuyu-kvartiru-moskovskaya-oblast/";"11469";"9";"5";"done";"";"2026-06-13 00:46:20";"2026-06-13 04:10:43";""
"cian";"cian_330124819";"330124819";"https://www.cian.ru/sale/flat/330124819/";"https://khimki.cian.ru/sale/flat/330124819/?context=4.6Xq8RKeSlG4.vJ8JmXUkgJIFkD2uDrFz0NKLvr0xIN6PvN75Djmx5daQ8bPYhefUvxIFLSNVGSlS2XPANsKKyDVQ4w&mlSearchSessionGuid=232f03f5655a361a5b7bda787a27262b";"3 комнатные";"https://www.cian.ru/kupit-3-komnatnuyu-kvartiru-moskovskaya-oblast/";"11469";"9";"6";"done";"";"2026-06-13 00:46:20";"2026-06-13 04:10:58";""
"cian";"cian_326222074";"326222074";"https://www.cian.ru/sale/flat/326222074/";"https://zhukovsky.cian.ru/sale/flat/326222074/?context=4.KqzxjHHHW80.y7Dqp4ew7r78zkMirHzgyw6EAzgacPZOwun5RYOqy-Bq5rsEh_gTGLkNeIAh90qsR4fhLsGtj86DVw&mlSearchSessionGuid=232f03f5655a361a5b7bda787a27262b";"3 комнатные";"https://www.cian.ru/kupit-3-komnatnuyu-kvartiru-moskovskaya-oblast/";"11469";"9";"7";"done";"";"2026-06-13 00:46:20";"2026-06-13 04:11:13";""
"cian";"cian_320964486";"320964486";"https://www.cian.ru/sale/flat/320964486/";"https://shchyolkovo.cian.ru/sale/flat/320964486/?context=4.BHdYMfm4r7c.2GgRuPuxs7SMQF2ZR2UNwaO0WjdFtLm639VaYCUxFCdKaBZCSV13Gom-xcSYBLIAsQAdr7q14qowlg&mlSearchSessionGuid=232f03f5655a361a5b7bda787a27262b";"3 комнатные";"https://www.cian.ru/kupit-3-komnatnuyu-kvartiru-moskovskaya-oblast/";"11469";"9";"8";"done";"";"2026-06-13 00:46:20";"2026-06-13 04:11:29";""
"cian";"cian_328145831";"328145831";"https://www.cian.ru/sale/flat/328145831/";"https://vidnoye.cian.ru/sale/flat/328145831/?context=4.asnc9R4vMmM.coGSOFk2YgBVINGHUt-tXcgMFIqqjP4qOLCvhrt04xKwi6_n5iLVAkSzhAuyzm13cGVKTaOZAJNwIA&mlSearchSessionGuid=232f03f5655a361a5b7bda787a27262b";"3 комнатные";"https://www.cian.ru/kupit-3-komnatnuyu-kvartiru-moskovskaya-oblast/";"11469";"9";"9";"done";"";"2026-06-13 00:46:20";"2026-06-13 04:11:43";""
"cian";"cian_330330344";"330330344";"https://www.cian.ru/sale/flat/330330344/";"https://podolsk.cian.ru/sale/flat/330330344/?context=4.jo6wBm334NI.g_9NDS1Z-R8NqBTYwWOTLVA5fDp_ZvGIc_4A3b_-ytkwk5pS6WAvNcCqbGbRedsutgxuReTiy0DTkQ&mlSearchSessionGuid=232f03f5655a361a5b7bda787a27262b";"3 комнатные";"https://www.cian.ru/kupit-3-komnatnuyu-kvartiru-moskovskaya-oblast/";"11469";"9";"10";"done";"";"2026-06-13 00:46:20";"2026-06-13 04:11:58";""
"cian";"cian_330660518";"330660518";"https://www.cian.ru/sale/flat/330660518/";"https://lyubertsy.cian.ru/sale/flat/330660518/?context=4.fdA-nCgVFKI.9tIuTglwpZhmNATLTAo2N_qUuoQiEKqjkOmqQS8vgrAxdCnzguHI9a13qKpz1BcMeBdFqg0I2bG8mw&mlSearchSessionGuid=232f03f5655a361a5b7bda787a27262b";"3 комнатные";"https://www.cian.ru/kupit-3-komnatnuyu-kvartiru-moskovskaya-oblast/";"11469";"9";"11";"done";"";"2026-06-13 00:46:20";"2026-06-13 04:12:13";""
"cian";"cian_330071442";"330071442";"https://www.cian.ru/sale/flat/330071442/";"https://kashira.cian.ru/sale/flat/330071442/?context=4.f_f_wfAsDmw.sGF5Hp-8ZcFgUS5kH5dMte4H3FLfkzcaLkVhVPXaAYyoByQ2w773ppFDx_QEdzJjk6DZ_KycblLYxw&mlSearchSessionGuid=232f03f5655a361a5b7bda787a27262b";"3 комнатные";"https://www.cian.ru/kupit-3-komnatnuyu-kvartiru-moskovskaya-oblast/";"11469";"9";"12";"done";"";"2026-06-13 00:46:20";"2026-06-13 04:12:27";""
"cian";"cian_327489467";"327489467";"https://www.cian.ru/sale/flat/327489467/";"https://naro-fominsk.cian.ru/sale/flat/327489467/?context=4.n87-otpxhY4.Fe0VU-PfrbW2EIF2s2fOR-KEGaAemqCRA-vqXPjz54JkgLXowpRePks_xwPhmuXtX3WRuYtFGHgP8g&mlSearchSessionGuid=232f03f5655a361a5b7bda787a27262b";"3 комнатные";"https://www.cian.ru/kupit-3-komnatnuyu-kvartiru-moskovskaya-oblast/";"11469";"9";"13";"done";"";"2026-06-13 00:46:20";"2026-06-13 04:12:42";""
"cian";"cian_327693644";"327693644";"https://www.cian.ru/sale/flat/327693644/";"https://krasnogorsk.cian.ru/sale/flat/327693644/?context=4.rha6vqyE7cI.CmN2-yJPO_tjJ2rwDvQFslKZbQmkc3111p6fiQlHkTF40em45r4_E6csJxDaDvdPuHdgKcNNook2ng&mlSearchSessionGuid=232f03f5655a361a5b7bda787a27262b";"3 комнатные";"https://www.cian.ru/kupit-3-komnatnuyu-kvartiru-moskovskaya-oblast/";"11469";"9";"14";"done";"";"2026-06-13 00:46:20";"2026-06-13 04:12:56";""
"cian";"cian_329261667";"329261667";"https://www.cian.ru/sale/flat/329261667/";"https://krasnogorsk.cian.ru/sale/flat/329261667/?context=4.Kj1dgJ85BUQ.AiL_NvcCxyReL7PKkcxyB244tWN3jPGdoCpLF4Z_n-jZbG_ghiujoWJNjb8S5wMFn5u68lvXI0d-LA&mlSearchSessionGuid=232f03f5655a361a5b7bda787a27262b";"3 комнатные";"https://www.cian.ru/kupit-3-komnatnuyu-kvartiru-moskovskaya-oblast/";"11469";"9";"15";"done";"";"2026-06-13 00:46:20";"2026-06-13 04:13:10";""
"cian";"cian_329804247";"329804247";"https://www.cian.ru/sale/flat/329804247/";"https://odintsovo.cian.ru/sale/flat/329804247/?context=4.xkGFz5ypIp8.277QxU8EazYRYbGlJI2BRAs6Y0u5zOVkeSUHXokZXjl_2tgGAyFGG_42lrXYek1dihTTb-xybaHEVg&mlSearchSessionGuid=232f03f5655a361a5b7bda787a27262b";"3 комнатные";"https://www.cian.ru/kupit-3-komnatnuyu-kvartiru-moskovskaya-oblast/";"11469";"9";"16";"done";"";"2026-06-13 00:46:20";"2026-06-13 04:13:25";""
"cian";"cian_321131002";"321131002";"https://www.cian.ru/sale/flat/321131002/";"https://reutov.cian.ru/sale/flat/321131002/?context=4.ouqzyK4rjA8.BLx01pejM9xq4_jae4-LFxOUAu6ow-3oia2L6oIPUUoOTkLKJVHvmpBW80RdSE3pgaePrIFkdt6kWA&mlSearchSessionGuid=232f03f5655a361a5b7bda787a27262b";"3 комнатные";"https://www.cian.ru/kupit-3-komnatnuyu-kvartiru-moskovskaya-oblast/";"11469";"9";"17";"done";"";"2026-06-13 00:46:20";"2026-06-13 04:13:39";""
"cian";"cian_329876521";"329876521";"https://www.cian.ru/sale/flat/329876521/";"https://lyubertsy.cian.ru/sale/flat/329876521/?context=4.D8e-EqlSIHk.XRdh9fcLA6l1toCB-tQCEp7HFqwRCxksW7L8EhMOgSyLgVsU3-qbPy8p78hOBrYhDA9Vug17Kv8Gaw&mlSearchSessionGuid=232f03f5655a361a5b7bda787a27262b";"3 комнатные";"https://www.cian.ru/kupit-3-komnatnuyu-kvartiru-moskovskaya-oblast/";"11469";"9";"18";"done";"";"2026-06-13 00:46:20";"2026-06-13 04:13:55";""
"cian";"cian_330803577";"330803577";"https://www.cian.ru/sale/flat/330803577/";"https://lyubertsy.cian.ru/sale/flat/330803577/?context=4.n5FAU_N2kr0.2uIVZqrig3ziOT8bVvPuSEwC_uzlLv7wEQc41I3Tf68lprVLy_yyv2JdjJWFHXNOYNu9jDmOXvN4jA&mlSearchSessionGuid=232f03f5655a361a5b7bda787a27262b";"3 комнатные";"https://www.cian.ru/kupit-3-komnatnuyu-kvartiru-moskovskaya-oblast/";"11469";"9";"19";"done";"";"2026-06-13 00:46:20";"2026-06-13 04:14:10";""
"cian";"cian_326596986";"326596986";"https://www.cian.ru/sale/flat/326596986/";"https://zvenigorod.cian.ru/sale/flat/326596986/?context=4.BK19tj7QB6o.OBJTVRq-leAy3N5UdkOtyHGtG_tF2AngPrJiRSSDQgl-DHFVKY1RBI1n8RyTEUfMLcSePH2kQv2g5A&mlSearchSessionGuid=232f03f5655a361a5b7bda787a27262b";"3 комнатные";"https://www.cian.ru/kupit-3-komnatnuyu-kvartiru-moskovskaya-oblast/";"11469";"9";"20";"done";"";"2026-06-13 00:46:20";"2026-06-13 04:14:25";""
"cian";"cian_330577854";"330577854";"https://www.cian.ru/sale/flat/330577854/";"https://mytishchi.cian.ru/sale/flat/330577854/?context=4.hRCBgSdHHxc.mjqNzSCkHGCZk6SR-CKiZTr9tdTGSdMBe7hZHiyc5UqLx-lXwBRpOiSD8_6OsKzBff9Kpv7b0ZfTGw&mlSearchSessionGuid=232f03f5655a361a5b7bda787a27262b";"3 комнатные";"https://www.cian.ru/kupit-3-komnatnuyu-kvartiru-moskovskaya-oblast/";"11469";"9";"21";"done";"";"2026-06-13 00:46:20";"2026-06-13 04:14:40";""
"cian";"cian_330534096";"330534096";"https://www.cian.ru/sale/flat/330534096/";"https://serpukhov.cian.ru/sale/flat/330534096/?context=4.WywT9JxkN50.tDAJaXAT7al16gNGO_sIbu9DF-TpeZs-wUZlgastGRicm74Jn8ToX0vRzqE9LLmLbJL1w2IwLWt10A&mlSearchSessionGuid=232f03f5655a361a5b7bda787a27262b";"3 комнатные";"https://www.cian.ru/kupit-3-komnatnuyu-kvartiru-moskovskaya-oblast/";"11469";"9";"22";"done";"";"2026-06-13 00:46:20";"2026-06-13 04:14:54";""
"cian";"cian_330557551";"330557551";"https://www.cian.ru/sale/flat/330557551/";"https://krasnogorsk.cian.ru/sale/flat/330557551/?context=4._0wCy1cQoR0.xUHVYPT6OvrxSPsHZJh0MjrsbVAA2PIz8sscrffIexkjKvMce6uBrcGCOheChXRxd61dhATmjCFGtg&mlSearchSessionGuid=232f03f5655a361a5b7bda787a27262b";"3 комнатные";"https://www.cian.ru/kupit-3-komnatnuyu-kvartiru-moskovskaya-oblast/";"11469";"9";"23";"done";"";"2026-06-13 00:46:20";"2026-06-13 04:15:08";""
"cian";"cian_329563354";"329563354";"https://www.cian.ru/sale/flat/329563354/";"https://sergiyev-posad.cian.ru/sale/flat/329563354/?context=4.TcNZUo3XCRc.xF4od9E5OTK4ojgSIweKPM7qBrZN5gONFD2LKTNdtn0v7lXHTyUt-8FlmeUrjx-bvjnbVGSiSfJMJA&mlSearchSessionGuid=232f03f5655a361a5b7bda787a27262b";"3 комнатные";"https://www.cian.ru/kupit-3-komnatnuyu-kvartiru-moskovskaya-oblast/";"11469";"9";"24";"done";"";"2026-06-13 00:46:20";"2026-06-13 04:15:23";""
"cian";"cian_330486639";"330486639";"https://www.cian.ru/sale/flat/330486639/";"https://serpukhov.cian.ru/sale/flat/330486639/?context=4.jx0kZiafpEI.Mot7YK-Y9T1e0LG39kB2zpngzSREbz33vq1fBR4mVDPyrnMlJN3TzlYHGk4o7azUzW_hyHKwAGPYAg&mlSearchSessionGuid=232f03f5655a361a5b7bda787a27262b";"3 комнатные";"https://www.cian.ru/kupit-3-komnatnuyu-kvartiru-moskovskaya-oblast/";"11469";"9";"25";"done";"";"2026-06-13 00:46:20";"2026-06-13 04:15:39";""
"cian";"cian_328466329";"328466329";"https://www.cian.ru/sale/flat/328466329/";"https://vidnoye.cian.ru/sale/flat/328466329/?context=4.vz6Z_PV9b8Q.vGarWL-Mf_vbhrWr-xPoXuSPyYSZJSASe3PTq4_Mtjvi1KTIpziqGvftq4aKE8s-mAZ1hBnPdfkLGw&mlSearchSessionGuid=232f03f5655a361a5b7bda787a27262b";"3 комнатные";"https://www.cian.ru/kupit-3-komnatnuyu-kvartiru-moskovskaya-oblast/";"11469";"9";"26";"done";"";"2026-06-13 00:46:20";"2026-06-13 04:15:54";""
"cian";"cian_327448645";"327448645";"https://www.cian.ru/sale/flat/327448645/";"https://ramenskoye.cian.ru/sale/flat/327448645/?context=4.OGzp2HLOdVI.8uZGefIE3srIPculmmdNup0sNH5zhRMSz8eaKh0zTZxDEeb1MQoIW9yk8FiV11pQrcwGCS7IKPMi6g&mlSearchSessionGuid=232f03f5655a361a5b7bda787a27262b";"3 комнатные";"https://www.cian.ru/kupit-3-komnatnuyu-kvartiru-moskovskaya-oblast/";"11469";"9";"27";"done";"";"2026-06-13 00:46:20";"2026-06-13 04:16:09";""
"cian";"cian_328580639";"328580639";"https://www.cian.ru/sale/flat/328580639/";"https://domodedovo.cian.ru/sale/flat/328580639/?context=4.f8V1Tmsqxfo.b0uHg-_5O4rxX0EdRB-O2aSb-fmvF9sZIjTprXhXxAYV6lA57bl42q9HzhJBuHm2L8-r5Yta7lNcXg&mlSearchSessionGuid=232f03f5655a361a5b7bda787a27262b";"3 комнатные";"https://www.cian.ru/kupit-3-komnatnuyu-kvartiru-moskovskaya-oblast/";"11469";"9";"28";"done";"";"2026-06-13 00:46:20";"2026-06-13 04:16:23";""
"cian";"cian_325483587";"325483587";"https://www.cian.ru/sale/flat/325483587/";"https://krasnogorsk.cian.ru/sale/flat/325483587/?context=4.-lxq-lFQdZg.mXIfuq_2X_Amkbqu3A4BMnAmOlv8nseTjHclTmAYAKSMYEB7c3bVLaaDn5AI2Th2bTfk8ockJ44gbw&mlSearchSessionGuid=232f03f5655a361a5b7bda787a27262b";"3 комнатные";"https://www.cian.ru/kupit-3-komnatnuyu-kvartiru-moskovskaya-oblast/";"11469";"10";"1";"done";"";"2026-06-13 00:47:09";"2026-06-13 04:16:37";""
"cian";"cian_321131241";"321131241";"https://www.cian.ru/sale/flat/321131241/";"https://reutov.cian.ru/sale/flat/321131241/?context=4.E3_14uJqzyA.mCikSjzA_jq7gVaPMFcMnraSguoznhuTop6-N90H7yY6oQ9Wf4trpOi9PfIMyphQNTuw0jkt9MnChQ&mlSearchSessionGuid=232f03f5655a361a5b7bda787a27262b";"3 комнатные";"https://www.cian.ru/kupit-3-komnatnuyu-kvartiru-moskovskaya-oblast/";"11469";"10";"4";"done";"";"2026-06-13 00:47:09";"2026-06-13 04:16:52";""
"cian";"cian_330333081";"330333081";"https://www.cian.ru/sale/flat/330333081/";"https://balashikha.cian.ru/sale/flat/330333081/?context=4.Hqa8Jb6nAyc.Txetg1EXC8Mh0jJfDG8MYBZDybeEy0l5AX3X0eUn9ii3CsdWNwIE2jSryxXd3k7MOdmJFhySfH9lgg&mlSearchSessionGuid=232f03f5655a361a5b7bda787a27262b";"3 комнатные";"https://www.cian.ru/kupit-3-komnatnuyu-kvartiru-moskovskaya-oblast/";"11469";"10";"5";"done";"";"2026-06-13 00:47:09";"2026-06-13 04:17:09";""
"cian";"cian_327262177";"327262177";"https://www.cian.ru/sale/flat/327262177/";"https://chekhov.cian.ru/sale/flat/327262177/?context=4.7_ecF-nqrhk.oxdaWiUN7GU-heyDV5vBjDDl8GAIkdPIndl_SMFneoU0-9G3xX1kyXoyPo8Ord3-PVbZr1SgdXMGXQ&mlSearchSessionGuid=232f03f5655a361a5b7bda787a27262b";"3 комнатные";"https://www.cian.ru/kupit-3-komnatnuyu-kvartiru-moskovskaya-oblast/";"11469";"10";"6";"done";"";"2026-06-13 00:47:09";"2026-06-13 04:17:25";""
"cian";"cian_330742797";"330742797";"https://www.cian.ru/sale/flat/330742797/";"https://krasnogorsk.cian.ru/sale/flat/330742797/?context=4.viGCFMyUVB8.z3ixuCAislK3P8zjMkJ0Kj2VmIrT3vUaTdwh01sAyKy8JaihSY1m18MPIO3Mtsx4lAqT0WECVAaalg&mlSearchSessionGuid=232f03f5655a361a5b7bda787a27262b";"3 комнатные";"https://www.cian.ru/kupit-3-komnatnuyu-kvartiru-moskovskaya-oblast/";"11469";"10";"7";"done";"";"2026-06-13 00:47:09";"2026-06-13 04:17:39";""
"cian";"cian_327497121";"327497121";"https://www.cian.ru/sale/flat/327497121/";"https://ramenskoye.cian.ru/sale/flat/327497121/?context=4.vXVu36OOnB8.pLyzdZreHu77t7ldLRjdEkLjXIkvMdJMD_9u_LvfcEowPxFZOxN-Qm7JNgcUaw1ze8NCLiVrWNljHA&mlSearchSessionGuid=232f03f5655a361a5b7bda787a27262b";"3 комнатные";"https://www.cian.ru/kupit-3-komnatnuyu-kvartiru-moskovskaya-oblast/";"11469";"10";"8";"done";"";"2026-06-13 00:47:09";"2026-06-13 04:17:54";""
"cian";"cian_330545039";"330545039";"https://www.cian.ru/sale/flat/330545039/";"https://ivanteyevka.cian.ru/sale/flat/330545039/?context=4.cybWrXgabTE.uxri-xmHRRZsuO-nycixt7VoBgyQrh1AHuHpFnTFn8j-9anBRy79CtKGpnL8T95-f-UQVRgys5usbA&mlSearchSessionGuid=232f03f5655a361a5b7bda787a27262b";"3 комнатные";"https://www.cian.ru/kupit-3-komnatnuyu-kvartiru-moskovskaya-oblast/";"11469";"10";"9";"done";"";"2026-06-13 00:47:09";"2026-06-13 04:18:09";""
"cian";"cian_330557633";"330557633";"https://www.cian.ru/sale/flat/330557633/";"https://krasnogorsk.cian.ru/sale/flat/330557633/?context=4.BtCWvzczPUw.el6LBeDPFn_x8NaIWfeske7QqewnGCUZX8j4YH6aqEQwA_Ga0N2W5iMmC5_tzax-J3VocrnDHJrEnw&mlSearchSessionGuid=232f03f5655a361a5b7bda787a27262b";"3 комнатные";"https://www.cian.ru/kupit-3-komnatnuyu-kvartiru-moskovskaya-oblast/";"11469";"10";"10";"done";"";"2026-06-13 00:47:09";"2026-06-13 04:18:27";""
"cian";"cian_330055289";"330055289";"https://www.cian.ru/sale/flat/330055289/";"https://vidnoye.cian.ru/sale/flat/330055289/?context=4.9p-rbpvbfZs.U4VKOIR0M1OOBG6p8fNU7NY2sAipFDmjJUjcL65k_71Raajyzd11639mlJH4OW-PW6YkBNcvoWEFvg&mlSearchSessionGuid=232f03f5655a361a5b7bda787a27262b";"3 комнатные";"https://www.cian.ru/kupit-3-komnatnuyu-kvartiru-moskovskaya-oblast/";"11469";"10";"11";"done";"";"2026-06-13 00:47:09";"2026-06-13 04:18:42";""
"cian";"cian_326615892";"326615892";"https://www.cian.ru/sale/flat/326615892/";"https://khimki.cian.ru/sale/flat/326615892/?context=4.Vzfdnjo7My0.RF9niFbekvDWEUXU_XdL-K84IjSBSAr1GZOjsY5aSL-KxjGTxhfFFMx21oU2Z3WAU0FsnBt5EKd5gw&mlSearchSessionGuid=232f03f5655a361a5b7bda787a27262b";"3 комнатные";"https://www.cian.ru/kupit-3-komnatnuyu-kvartiru-moskovskaya-oblast/";"11469";"10";"12";"done";"";"2026-06-13 00:47:09";"2026-06-13 04:18:56";""
"cian";"cian_327305176";"327305176";"https://www.cian.ru/sale/flat/327305176/";"https://khimki.cian.ru/sale/flat/327305176/?context=4.qV0RKDJzVU8.t--ezADOlp9WFWqH-kVE2iBbhB2A1D7x04NB0seyDNB6RYPjxrgyuzZ2iaDiC0aLTV185GKGKh9Fcw&mlSearchSessionGuid=232f03f5655a361a5b7bda787a27262b";"3 комнатные";"https://www.cian.ru/kupit-3-komnatnuyu-kvartiru-moskovskaya-oblast/";"11469";"10";"13";"done";"";"2026-06-13 00:47:09";"2026-06-13 04:19:11";""
"cian";"cian_330381206";"330381206";"https://www.cian.ru/sale/flat/330381206/";"https://kotelniki.cian.ru/sale/flat/330381206/?context=4.YWrVE1WMXp4.HA2u8P-cJddMqXBH-X7A9fqziyP0q6cpXa77YaVv1s1UYEzqJ6s0_KiGdqPHMHZ7-VeRmvrEmBfgJg&mlSearchSessionGuid=232f03f5655a361a5b7bda787a27262b";"3 комнатные";"https://www.cian.ru/kupit-3-komnatnuyu-kvartiru-moskovskaya-oblast/";"11469";"10";"14";"done";"";"2026-06-13 00:47:09";"2026-06-13 04:19:27";""
"cian";"cian_330518799";"330518799";"https://www.cian.ru/sale/flat/330518799/";"https://solnechnogorsk.cian.ru/sale/flat/330518799/?context=4.jeFfUvg9SVk.BycnLeYFDXTmTK3PdQ-Zlb7TEUEUXj47mp2btJY42DwxU6w_fC-HxMOqkNa4vkSDCGqGevt_HJW14A&mlSearchSessionGuid=232f03f5655a361a5b7bda787a27262b";"3 комнатные";"https://www.cian.ru/kupit-3-komnatnuyu-kvartiru-moskovskaya-oblast/";"11469";"10";"15";"done";"";"2026-06-13 00:47:09";"2026-06-13 04:19:40";""
"cian";"cian_326597006";"326597006";"https://www.cian.ru/sale/flat/326597006/";"https://zvenigorod.cian.ru/sale/flat/326597006/?context=4.96ARKcEVEsM.XNVwg_EV3oReyZzxssfK_6W4jYnSD00cU0A7yD0buTq5im-PJzFPApjspLi1qiai4cCBtd8vCEIbLw&mlSearchSessionGuid=232f03f5655a361a5b7bda787a27262b";"3 комнатные";"https://www.cian.ru/kupit-3-komnatnuyu-kvartiru-moskovskaya-oblast/";"11469";"10";"16";"done";"";"2026-06-13 00:47:09";"2026-06-13 04:19:55";""
"cian";"cian_329187044";"329187044";"https://www.cian.ru/sale/flat/329187044/";"https://khimki.cian.ru/sale/flat/329187044/?context=4.O_mVCToUBrA.2yMiWUykuSulCrzQntWuGQ6dFjC9P_T88S3-x0KJ0EDRv-sldXI52pJdNtcVadO6y5SFS-T6zXf0YA&mlSearchSessionGuid=232f03f5655a361a5b7bda787a27262b";"3 комнатные";"https://www.cian.ru/kupit-3-komnatnuyu-kvartiru-moskovskaya-oblast/";"11469";"10";"17";"done";"";"2026-06-13 00:47:09";"2026-06-13 04:20:10";""
"cian";"cian_329772091";"329772091";"https://www.cian.ru/sale/flat/329772091/";"https://zvenigorod.cian.ru/sale/flat/329772091/?context=4.54PgZKibGKQ.7QzVsMwxI6LYXYgzKeEfJ4UKuZ8UAeuAqVuK7HJuDsoyp0g21oo6B_DqrNLrIVSO4PJGklYmH5rnig&mlSearchSessionGuid=232f03f5655a361a5b7bda787a27262b";"3 комнатные";"https://www.cian.ru/kupit-3-komnatnuyu-kvartiru-moskovskaya-oblast/";"11469";"10";"18";"done";"";"2026-06-13 00:47:09";"2026-06-13 04:20:24";""
"cian";"cian_329565522";"329565522";"https://www.cian.ru/sale/flat/329565522/";"https://krasnogorsk.cian.ru/sale/flat/329565522/?context=4._vhpTgIA1_g.FBUemKUgshiY2q45YOfrZnuzUA579zVjMXHQPGWgyTE-YDISN2cmoTSB6g4NM_SdcHaX9sla2K8kcw&mlSearchSessionGuid=232f03f5655a361a5b7bda787a27262b";"3 комнатные";"https://www.cian.ru/kupit-3-komnatnuyu-kvartiru-moskovskaya-oblast/";"11469";"10";"19";"done";"";"2026-06-13 00:47:09";"2026-06-13 04:20:37";""
"cian";"cian_330678656";"330678656";"https://www.cian.ru/sale/flat/330678656/";"https://krasnogorsk.cian.ru/sale/flat/330678656/?context=4.rOJLwiIRviI.ZXJM2lJYSsRqZgdo39bR2gZAIJs9BYlIq9FooEShfDaq6u3cUIWZv5gMlSS0XKGusMJE6Col5VNa2A&mlSearchSessionGuid=232f03f5655a361a5b7bda787a27262b";"3 комнатные";"https://www.cian.ru/kupit-3-komnatnuyu-kvartiru-moskovskaya-oblast/";"11469";"10";"20";"done";"";"2026-06-13 00:47:09";"2026-06-13 04:20:53";""
"cian";"cian_330901101";"330901101";"https://www.cian.ru/sale/flat/330901101/";"https://khimki.cian.ru/sale/flat/330901101/?context=4.0DK1Di9ABk8.FITQBW0DKZXuxv33yXcWuUqNRy9d4x0P58s-Qd5MzVuKfUhI7ZCmDUo8CWtfwRonRRdCUN-EVOB3sw&mlSearchSessionGuid=232f03f5655a361a5b7bda787a27262b";"3 комнатные";"https://www.cian.ru/kupit-3-komnatnuyu-kvartiru-moskovskaya-oblast/";"11469";"10";"21";"done";"";"2026-06-13 00:47:09";"2026-06-13 04:21:08";""
"cian";"cian_329586143";"329586143";"https://www.cian.ru/sale/flat/329586143/";"https://pushkino.cian.ru/sale/flat/329586143/?context=4.LWu7EX7sXZg.j00DknxBdxSQxG3-lg6HdwEVpk_vEEKge_wOzdtVTN8iveHTVqCp4RrgGaIY_EbNk8Bb_nCwrQFgBg&mlSearchSessionGuid=232f03f5655a361a5b7bda787a27262b";"3 комнатные";"https://www.cian.ru/kupit-3-komnatnuyu-kvartiru-moskovskaya-oblast/";"11469";"10";"22";"done";"";"2026-06-13 00:47:09";"2026-06-13 04:21:23";""
"cian";"cian_322252582";"322252582";"https://www.cian.ru/sale/flat/322252582/";"https://lytkarino.cian.ru/sale/flat/322252582/?context=4.lWMJ8qRzPjU.Z7t-Ym9A3Ucc9AuplT5FaJZqNgSu82Xg7iYVh06jaM37ITxtIqsdMEi6g6T9-xSXM0IgrPzggBLrCg&mlSearchSessionGuid=232f03f5655a361a5b7bda787a27262b";"3 комнатные";"https://www.cian.ru/kupit-3-komnatnuyu-kvartiru-moskovskaya-oblast/";"11469";"10";"23";"done";"";"2026-06-13 00:47:09";"2026-06-13 04:21:39";""
"cian";"cian_326210205";"326210205";"https://www.cian.ru/sale/flat/326210205/";"https://zvenigorod.cian.ru/sale/flat/326210205/?context=4.g6GVyTGmjQE.MS27G1QFH6uGBz-ThdpYvpNkBipwZpDHdvVx4i3miL40Nf7VSjuKT_HS7UJQwfY0MG7HUtHp6saU2g&mlSearchSessionGuid=232f03f5655a361a5b7bda787a27262b";"3 комнатные";"https://www.cian.ru/kupit-3-komnatnuyu-kvartiru-moskovskaya-oblast/";"11469";"10";"24";"done";"";"2026-06-13 00:47:09";"2026-06-13 04:21:54";""
"cian";"cian_325483559";"325483559";"https://www.cian.ru/sale/flat/325483559/";"https://krasnogorsk.cian.ru/sale/flat/325483559/?context=4.tdfTRT0XetI.y1778ZVaWaLUrUic83-v7zvtGHL5iVhJ3XoFt3UiioZ1lQxwHl-iURI6HBUClNoAx3DK127bse7PPA&mlSearchSessionGuid=232f03f5655a361a5b7bda787a27262b";"3 комнатные";"https://www.cian.ru/kupit-3-komnatnuyu-kvartiru-moskovskaya-oblast/";"11469";"10";"25";"done";"";"2026-06-13 00:47:09";"2026-06-13 04:22:07";""
"cian";"cian_331025791";"331025791";"https://www.cian.ru/sale/flat/331025791/";"https://zhukovsky.cian.ru/sale/flat/331025791/?context=4.yDGKTVv_pHE.tEhzbGSEKVVF4NS8pFGl3AZhsbcgR4ZKgZ1IeSEehN6aShcMBjCZPDgfgggdMHc-NzdLS_Ti__F6IA&mlSearchSessionGuid=232f03f5655a361a5b7bda787a27262b";"3 комнатные";"https://www.cian.ru/kupit-3-komnatnuyu-kvartiru-moskovskaya-oblast/";"11469";"10";"26";"done";"";"2026-06-13 00:47:09";"2026-06-13 04:22:21";""
"cian";"cian_327876657";"327876657";"https://www.cian.ru/sale/flat/327876657/";"https://losino-petrovskiy.cian.ru/sale/flat/327876657/?context=4.Sat5DMwC0Yw.g1iL08cPBn_5_YlAEFvD5h4KINyfiKM1KTilBjzQnIRTWdRDE_qPVclIVwi6LpEGgdeYk5kznNqycw&mlSearchSessionGuid=232f03f5655a361a5b7bda787a27262b";"3 комнатные";"https://www.cian.ru/kupit-3-komnatnuyu-kvartiru-moskovskaya-oblast/";"11469";"10";"27";"done";"";"2026-06-13 00:47:09";"2026-06-13 04:22:34";""
"cian";"cian_325483560";"325483560";"https://www.cian.ru/sale/flat/325483560/";"https://krasnogorsk.cian.ru/sale/flat/325483560/?context=4.ew2qR6Xjurg.OPi-fmzApjRtoC4usF03J6f31RnIpSmzwb9tA2JkP8UN_aEEuO4UvkYJni0wGxK7EeZCWBw64rPZqQ&mlSearchSessionGuid=232f03f5655a361a5b7bda787a27262b";"3 комнатные";"https://www.cian.ru/kupit-3-komnatnuyu-kvartiru-moskovskaya-oblast/";"11469";"10";"28";"done";"";"2026-06-13 00:47:09";"2026-06-13 04:22:48";""
"cian";"cian_330561463";"330561463";"https://www.cian.ru/sale/flat/330561463/";"https://krasnogorsk.cian.ru/sale/flat/330561463/?context=4.LVVKPVAnaIs.NkZVLuOqy1mycK2zsxZ5XMsmNrbf2FF8YN-vxpjoFLrXeHxMX4F_Q0pVEcJSMB1tXkZOGpmiKH0B7w&mlSearchSessionGuid=1b7cc668940b76fa3e0fc4ec179167ba";"4 комнатные";"https://www.cian.ru/kupit-4-komnatnuyu-kvartiru-moskovskaya-oblast/";"1383";"1";"1";"done";"";"2026-06-13 00:47:51";"2026-06-13 04:23:00";""
"cian";"cian_329245928";"329245928";"https://www.cian.ru/sale/flat/329245928/";"https://khimki.cian.ru/sale/flat/329245928/?context=4.LEvC6XEthFA.WQPrJ6RZwbDUZXBdJk0XC19bjpeKXRNJYeSe7l-lQXc3LVVqgSCGASol3oUZIjo0K5335wmdy4rfuw&mlSearchSessionGuid=1b7cc668940b76fa3e0fc4ec179167ba";"4 комнатные";"https://www.cian.ru/kupit-4-komnatnuyu-kvartiru-moskovskaya-oblast/";"1383";"1";"2";"done";"";"2026-06-13 00:47:51";"2026-06-13 04:23:15";""
"cian";"cian_330965827";"330965827";"https://www.cian.ru/sale/flat/330965827/";"https://mytishchi.cian.ru/sale/flat/330965827/?context=4.g7Ov7mbhUwU.W1-WFIbVXlM1AjUYCjbUPyApJWeJJ6k3hsualoQuqOU73Q8JLe2gRPwzvjUt6SaEEdfKSK8DLSwJ-A&mlSearchSessionGuid=1b7cc668940b76fa3e0fc4ec179167ba";"4 комнатные";"https://www.cian.ru/kupit-4-komnatnuyu-kvartiru-moskovskaya-oblast/";"1383";"1";"3";"done";"";"2026-06-13 00:47:51";"2026-06-13 04:23:30";""
"cian";"cian_330557714";"330557714";"https://www.cian.ru/sale/flat/330557714/";"https://krasnogorsk.cian.ru/sale/flat/330557714/?context=4.dkzy_y5EaEg.4Gs9MyvPQkfC3gY9-PSYglHOrLOL_C4xN2r9rUiE1vY3piw4hDiklYDz-UBdRBYBfPJgv_CCI9UDDw&mlSearchSessionGuid=1b7cc668940b76fa3e0fc4ec179167ba";"4 комнатные";"https://www.cian.ru/kupit-4-komnatnuyu-kvartiru-moskovskaya-oblast/";"1383";"1";"4";"done";"";"2026-06-13 00:47:51";"2026-06-13 04:23:46";""
"cian";"cian_301175840";"301175840";"https://www.cian.ru/sale/flat/301175840/";"https://zvenigorod.cian.ru/sale/flat/301175840/?context=4.SmDJaLAGCic.GrA6iWk6OTc2gQjNFgJtfbpw2HzAeuPU6vBTcjJ7dxIgfLFfmkA4_7hqR1PKNqs5rKz8XEaURn3Ehw&mlSearchSessionGuid=1b7cc668940b76fa3e0fc4ec179167ba";"4 комнатные";"https://www.cian.ru/kupit-4-komnatnuyu-kvartiru-moskovskaya-oblast/";"1383";"1";"5";"done";"";"2026-06-13 00:47:51";"2026-06-13 04:24:01";""
"cian";"cian_326293968";"326293968";"https://www.cian.ru/sale/flat/326293968/";"https://balashikha.cian.ru/sale/flat/326293968/?context=4.ShscSE9d0go.Wk_DcBiGbE1bAs_RqZH6hJ603elxe2Xhey6YcG2dzAYY-8tQegwS1H2NF5d4un9LxDegWIDoLJ_kKA&mlSearchSessionGuid=1b7cc668940b76fa3e0fc4ec179167ba";"4 комнатные";"https://www.cian.ru/kupit-4-komnatnuyu-kvartiru-moskovskaya-oblast/";"1383";"1";"6";"done";"";"2026-06-13 00:47:51";"2026-06-13 04:24:15";""
"cian";"cian_330818092";"330818092";"https://www.cian.ru/sale/flat/330818092/";"https://mytishchi.cian.ru/sale/flat/330818092/?context=4.4lq9BW2kQwk.S6n0w8gHCiQzQHanXdxG5tmT7twJlMSiiW2YX2MxTWcw8dNDQFAuewrqSI43VsAmPm981K1GOgP89A&mlSearchSessionGuid=1b7cc668940b76fa3e0fc4ec179167ba";"4 комнатные";"https://www.cian.ru/kupit-4-komnatnuyu-kvartiru-moskovskaya-oblast/";"1383";"1";"7";"done";"";"2026-06-13 00:47:51";"2026-06-13 04:24:31";""
"cian";"cian_329306631";"329306631";"https://www.cian.ru/sale/flat/329306631/";"https://zvenigorod.cian.ru/sale/flat/329306631/?context=4._Z6JaapAK5E.KHzd-rVOwTdTHWKmxIC_4WBHcQ-l21KLtsqZwblIB2XM-QQKhszTpbnMM5ZioxCx3gQZsLB9axOAdw&mlSearchSessionGuid=1b7cc668940b76fa3e0fc4ec179167ba";"4 комнатные";"https://www.cian.ru/kupit-4-komnatnuyu-kvartiru-moskovskaya-oblast/";"1383";"1";"8";"done";"";"2026-06-13 00:47:51";"2026-06-13 04:24:45";""
"cian";"cian_330217451";"330217451";"https://www.cian.ru/sale/flat/330217451/";"https://lyubertsy.cian.ru/sale/flat/330217451/?context=4.kJp6I98IOOc.arFCHkspw7Nh298ZkBiSEI3DyZE1idhSr-qpb0rv-PJ1XhWB96SWfThNkaa2aEfx6z7-nHcRDG5bXA&mlSearchSessionGuid=1b7cc668940b76fa3e0fc4ec179167ba";"4 комнатные";"https://www.cian.ru/kupit-4-komnatnuyu-kvartiru-moskovskaya-oblast/";"1383";"1";"9";"done";"";"2026-06-13 00:47:51";"2026-06-13 04:25:00";""
"cian";"cian_330823358";"330823358";"https://www.cian.ru/sale/flat/330823358/";"https://vidnoye.cian.ru/sale/flat/330823358/?context=4.O4lOjtFOlZA.EPXo8DnUpXS7FsGl7h7qVeEPouGetcLRQHaN4CsKcAuhC18VsWf9pyS3cdCti-a_xMIQf_Wjvd2ICw&mlSearchSessionGuid=1b7cc668940b76fa3e0fc4ec179167ba";"4 комнатные";"https://www.cian.ru/kupit-4-komnatnuyu-kvartiru-moskovskaya-oblast/";"1383";"1";"10";"done";"";"2026-06-13 00:47:51";"2026-06-13 04:25:16";""
"cian";"cian_305341631";"305341631";"https://www.cian.ru/sale/flat/305341631/";"https://zvenigorod.cian.ru/sale/flat/305341631/?context=4.av2gwb_iaDQ.ecrUsSuhAzWxKOSgUpnD29e215HoiKt0jVZfqsAe8B9MlOulqktLGZYqUbnqbPsK4SRcRkOwPXn8fA&mlSearchSessionGuid=1b7cc668940b76fa3e0fc4ec179167ba";"4 комнатные";"https://www.cian.ru/kupit-4-komnatnuyu-kvartiru-moskovskaya-oblast/";"1383";"1";"11";"done";"";"2026-06-13 00:47:51";"2026-06-13 04:25:31";""
"cian";"cian_327430219";"327430219";"https://www.cian.ru/sale/flat/327430219/";"https://korolev.cian.ru/sale/flat/327430219/?context=4.cIIOw0etYlc.TLjWaZat4HfLUrdYexs_yUrbKxkTx28DqF4rzfb-LxpfOypg5G-PETSOuIvDsFqFKk9o8zBlo4AjlA&mlSearchSessionGuid=1b7cc668940b76fa3e0fc4ec179167ba";"4 комнатные";"https://www.cian.ru/kupit-4-komnatnuyu-kvartiru-moskovskaya-oblast/";"1383";"1";"12";"done";"";"2026-06-13 00:47:51";"2026-06-13 04:25:46";""
"cian";"cian_329449794";"329449794";"https://www.cian.ru/sale/flat/329449794/";"https://vidnoye.cian.ru/sale/flat/329449794/?context=4.Vw92AWgnTgA.F1GdZqXoCPqMdUnaIvuaZOUD1xrs-Ax4nsEh-aLpYm4qO1tzyaJiIy2o_Kpv0mYlv5-mGx3Sv2yTfg&mlSearchSessionGuid=1b7cc668940b76fa3e0fc4ec179167ba";"4 комнатные";"https://www.cian.ru/kupit-4-komnatnuyu-kvartiru-moskovskaya-oblast/";"1383";"1";"13";"done";"";"2026-06-13 00:47:51";"2026-06-13 04:26:02";""
"cian";"cian_323761955";"323761955";"https://www.cian.ru/sale/flat/323761955/";"https://zvenigorod.cian.ru/sale/flat/323761955/?context=4.Z6vH09Ob_6U.KLjIQxbWLnImwZia1TThh6mkqIKPGeLFW7PKxQg_Y2FbG3G1lfuMdNMJDjZaFh8yeT1I7nYRE9QApQ&mlSearchSessionGuid=1b7cc668940b76fa3e0fc4ec179167ba";"4 комнатные";"https://www.cian.ru/kupit-4-komnatnuyu-kvartiru-moskovskaya-oblast/";"1383";"1";"14";"done";"";"2026-06-13 00:47:51";"2026-06-13 04:26:18";""
"cian";"cian_323455982";"323455982";"https://www.cian.ru/sale/flat/323455982/";"https://balashikha.cian.ru/sale/flat/323455982/?context=4.-5P8MZGo24E.G_JW5twNz99nZOkCmR5Osyja9lLWPZfNBgGS8tOylypJAPhsNfMYv9mLjzKpndk4WHGTQUsN83Vx9Q&mlSearchSessionGuid=1b7cc668940b76fa3e0fc4ec179167ba";"4 комнатные";"https://www.cian.ru/kupit-4-komnatnuyu-kvartiru-moskovskaya-oblast/";"1383";"1";"15";"done";"";"2026-06-13 00:47:51";"2026-06-13 04:26:33";""
"cian";"cian_317558977";"317558977";"https://www.cian.ru/sale/flat/317558977/";"https://odintsovo.cian.ru/sale/flat/317558977/?context=4.1PGi_KkaVII.GlyKMkBOwdazdC8pqy4WrH9DnUphRcJgU5azV1x5KyP8U713AWVLIWa1BO5udTbEnU0yQJdDAGhNQw&mlSearchSessionGuid=1b7cc668940b76fa3e0fc4ec179167ba";"4 комнатные";"https://www.cian.ru/kupit-4-komnatnuyu-kvartiru-moskovskaya-oblast/";"1383";"1";"16";"done";"";"2026-06-13 00:47:51";"2026-06-13 04:26:48";""
"cian";"cian_329742525";"329742525";"https://www.cian.ru/sale/flat/329742525/";"https://zvenigorod.cian.ru/sale/flat/329742525/?context=4.pyFcLcCe2B8.q5DIx9Hg8W9yOJfKF9xZ4G0Y0g3fln0Q4jy5lptaCnAAlVsHCchYDSfcQj_t4g1EssbHuJsOJs9JTg&mlSearchSessionGuid=1b7cc668940b76fa3e0fc4ec179167ba";"4 комнатные";"https://www.cian.ru/kupit-4-komnatnuyu-kvartiru-moskovskaya-oblast/";"1383";"1";"17";"done";"";"2026-06-13 00:47:51";"2026-06-13 04:27:04";""
"cian";"cian_328833978";"328833978";"https://www.cian.ru/sale/flat/328833978/";"https://balashikha.cian.ru/sale/flat/328833978/?context=4.5_lqLciwDxM.TrBlDxE-YI-PTAkcedtLq-cr8j7TYLsM96Xz6AhqjJwjXHVbpjSpSiRA2HSJS-2KsBhuANdJBHiXQQ&mlSearchSessionGuid=1b7cc668940b76fa3e0fc4ec179167ba";"4 комнатные";"https://www.cian.ru/kupit-4-komnatnuyu-kvartiru-moskovskaya-oblast/";"1383";"1";"18";"done";"";"2026-06-13 00:47:51";"2026-06-13 04:27:20";""
"cian";"cian_327956424";"327956424";"https://www.cian.ru/sale/flat/327956424/";"https://ramenskoye.cian.ru/sale/flat/327956424/?context=4.wla0_JLLjW0.xceuqvWerurnGCiaPFlS3UGBkJ2Ncc53v2ZPKbzaMd85SVVXfE0BXadGKuE0ZoAb4sgy_mr3wbmnTQ&mlSearchSessionGuid=1b7cc668940b76fa3e0fc4ec179167ba";"4 комнатные";"https://www.cian.ru/kupit-4-komnatnuyu-kvartiru-moskovskaya-oblast/";"1383";"1";"19";"done";"";"2026-06-13 00:47:51";"2026-06-13 04:27:33";""
"cian";"cian_330362300";"330362300";"https://www.cian.ru/sale/flat/330362300/";"https://solnechnogorsk.cian.ru/sale/flat/330362300/?context=4.tLjdQbGqYOY.Bk_MMbTBrHpGdnm3mc3ljD0yGj7xQNQXXCTZbZkuTlND7_BTWt3XT4qXRbcs56fKesoeGiRCQxkrfw&mlSearchSessionGuid=1b7cc668940b76fa3e0fc4ec179167ba";"4 комнатные";"https://www.cian.ru/kupit-4-komnatnuyu-kvartiru-moskovskaya-oblast/";"1383";"1";"20";"done";"";"2026-06-13 00:47:51";"2026-06-13 04:27:49";""
"cian";"cian_326969369";"326969369";"https://www.cian.ru/sale/flat/326969369/";"https://mytishchi.cian.ru/sale/flat/326969369/?context=4.GKFCbBoSycg.McJniehcmsfINxVOjCPah6RvaJGFqPtfP_NTamI5D37011Njh23anY7E8ke8U9fvHjgvzAFvS9wCDg&mlSearchSessionGuid=1b7cc668940b76fa3e0fc4ec179167ba";"4 комнатные";"https://www.cian.ru/kupit-4-komnatnuyu-kvartiru-moskovskaya-oblast/";"1383";"1";"21";"done";"";"2026-06-13 00:47:51";"2026-06-13 04:28:05";""
"cian";"cian_328694860";"328694860";"https://www.cian.ru/sale/flat/328694860/";"https://zvenigorod.cian.ru/sale/flat/328694860/?context=4.9X3iBMpQN60.-Gj0IioqYuRm0GEdYPQg3WGCPVSiRYotaeGcxFVh12UIdyabxUu9l8V3tSxeoYrnadgkbgBbRikM1Q&mlSearchSessionGuid=1b7cc668940b76fa3e0fc4ec179167ba";"4 комнатные";"https://www.cian.ru/kupit-4-komnatnuyu-kvartiru-moskovskaya-oblast/";"1383";"1";"22";"done";"";"2026-06-13 00:47:51";"2026-06-13 04:28:21";""
"cian";"cian_330126109";"330126109";"https://www.cian.ru/sale/flat/330126109/";"https://mytishchi.cian.ru/sale/flat/330126109/?context=4.5RWiHwUkcWw.DwUC2S1uw2cpj03_b-qx86_9weXxZmWy8VBbZByUgoJcTCwbMpcGVVK3fr8ZqkyrAgg_fyaaNISfbA&mlSearchSessionGuid=1b7cc668940b76fa3e0fc4ec179167ba";"4 комнатные";"https://www.cian.ru/kupit-4-komnatnuyu-kvartiru-moskovskaya-oblast/";"1383";"1";"23";"done";"";"2026-06-13 00:47:51";"2026-06-13 04:28:35";""
"cian";"cian_330533228";"330533228";"https://www.cian.ru/sale/flat/330533228/";"https://balashikha.cian.ru/sale/flat/330533228/?context=4.YqwW5agvB50.2dcSUBy72ez9lI0T-L677xUoLfYpFtNhkB77UopavRcPeK9RwO6by2DuLWAQwnQY4wFNdSPSn8xcPA&mlSearchSessionGuid=1b7cc668940b76fa3e0fc4ec179167ba";"4 комнатные";"https://www.cian.ru/kupit-4-komnatnuyu-kvartiru-moskovskaya-oblast/";"1383";"1";"24";"done";"";"2026-06-13 00:47:51";"2026-06-13 04:28:50";""
"cian";"cian_316390461";"316390461";"https://www.cian.ru/sale/flat/316390461/";"https://krasnogorsk.cian.ru/sale/flat/316390461/?context=4.1qPmUv5KpsM.wP1yqqq4XLqjhM3fAVlNxnzow03bmxDiKOc6yo4jPCBQz33NqiwB3sMYVVs39ukRJ3TTQwCYM1mipw&mlSearchSessionGuid=1b7cc668940b76fa3e0fc4ec179167ba";"4 комнатные";"https://www.cian.ru/kupit-4-komnatnuyu-kvartiru-moskovskaya-oblast/";"1383";"1";"25";"done";"";"2026-06-13 00:47:51";"2026-06-13 04:29:04";""
"cian";"cian_329290172";"329290172";"https://www.cian.ru/sale/flat/329290172/";"https://mytishchi.cian.ru/sale/flat/329290172/?context=4.CTHIrSb_LMo.B_SW8exgwRJhJUEEOxQ71NnjHMPaW9njH24cR6ZZdEbUmaIbxdqU3MSaTzzZQwX0JWPLVOXV91tbLg&mlSearchSessionGuid=1b7cc668940b76fa3e0fc4ec179167ba";"4 комнатные";"https://www.cian.ru/kupit-4-komnatnuyu-kvartiru-moskovskaya-oblast/";"1383";"1";"26";"done";"";"2026-06-13 00:47:51";"2026-06-13 04:29:20";""
"cian";"cian_328836604";"328836604";"https://www.cian.ru/sale/flat/328836604/";"https://balashikha.cian.ru/sale/flat/328836604/?context=4.6cf2XzGvNFo.CfZn12htbrpRNRD4FIEhw9PMkfyXHhSzXdzdk4uA_TD_b-TcSZVP9ELlLB0_OtLfAvVxb4d7igUZlg&mlSearchSessionGuid=1b7cc668940b76fa3e0fc4ec179167ba";"4 комнатные";"https://www.cian.ru/kupit-4-komnatnuyu-kvartiru-moskovskaya-oblast/";"1383";"1";"27";"done";"";"2026-06-13 00:47:51";"2026-06-13 04:29:35";""
"cian";"cian_326481924";"326481924";"https://www.cian.ru/sale/flat/326481924/";"https://ramenskoye.cian.ru/sale/flat/326481924/?context=4.aWp24JSRQos.R8BJjahg2w5hX5cBkb3TgOKxmwEbHIm76QbeVI842hf8A2KqHZvvReU9uhB3pVHP6_zN4q2hWFtjEQ&mlSearchSessionGuid=1b7cc668940b76fa3e0fc4ec179167ba";"4 комнатные";"https://www.cian.ru/kupit-4-komnatnuyu-kvartiru-moskovskaya-oblast/";"1383";"1";"28";"done";"";"2026-06-13 00:47:51";"2026-06-13 04:29:51";""
"cian";"cian_330805198";"330805198";"https://www.cian.ru/sale/flat/330805198/";"https://zvenigorod.cian.ru/sale/flat/330805198/?context=4.PefTN428eYM.p6rWRurmFN6VQNGYA5iihb1HtqMm2akV3kTpNwU41PfNNi-eb3GGsFQ8d5pVQSfSG9jMYSzWYJ05ag&mlSearchSessionGuid=1b7cc668940b76fa3e0fc4ec179167ba";"4 комнатные";"https://www.cian.ru/kupit-4-komnatnuyu-kvartiru-moskovskaya-oblast/";"1383";"2";"1";"done";"";"2026-06-13 00:48:36";"2026-06-13 04:30:06";""
"cian";"cian_321015127";"321015127";"https://www.cian.ru/sale/flat/321015127/";"https://istra.cian.ru/sale/flat/321015127/?context=4.PnXtN5-3a8c.InhE6gR8_bNgqntue2IfJnyyGyLeEUEY2ur3IT3DOi8n_GhwaTLy1y0bPwR3bZUc903JqkevFpWtcg&mlSearchSessionGuid=1b7cc668940b76fa3e0fc4ec179167ba";"4 комнатные";"https://www.cian.ru/kupit-4-komnatnuyu-kvartiru-moskovskaya-oblast/";"1383";"2";"2";"done";"";"2026-06-13 00:48:36";"2026-06-13 04:30:21";""
"cian";"cian_326367751";"326367751";"https://www.cian.ru/sale/flat/326367751/";"https://zvenigorod.cian.ru/sale/flat/326367751/?context=4.sloCO0glEYE.y2ta4LVmIOSR2rcFPg794_RGTr0AxmB3r-TiF_OCXQLIO1U9hTlM6OCdf7XnGcC3sLdCzNBOHho3RA&mlSearchSessionGuid=1b7cc668940b76fa3e0fc4ec179167ba";"4 комнатные";"https://www.cian.ru/kupit-4-komnatnuyu-kvartiru-moskovskaya-oblast/";"1383";"2";"3";"done";"";"2026-06-13 00:48:36";"2026-06-13 04:30:37";""
"cian";"cian_329220982";"329220982";"https://www.cian.ru/sale/flat/329220982/";"https://khimki.cian.ru/sale/flat/329220982/?context=4.nJNcvRUcpHw.lBWa252xwR_nLsehyza2QuxII97XhHIsNvUFxil8a4BQx0wuKxUB936tTAjiPX4O5COkrjlcHly7kA&mlSearchSessionGuid=1b7cc668940b76fa3e0fc4ec179167ba";"4 комнатные";"https://www.cian.ru/kupit-4-komnatnuyu-kvartiru-moskovskaya-oblast/";"1383";"2";"4";"done";"";"2026-06-13 00:48:36";"2026-06-13 04:30:52";""
"cian";"cian_328377152";"328377152";"https://www.cian.ru/sale/flat/328377152/";"https://balashikha.cian.ru/sale/flat/328377152/?context=4.EBzT8-2mj5w.uSE-ffukPhwAYI7e5psWcr2mw2lP16QUIuL26bEBbVBppmTJNvo-VV9J5luydA6fSE5p-8rtoFhRtg&mlSearchSessionGuid=1b7cc668940b76fa3e0fc4ec179167ba";"4 комнатные";"https://www.cian.ru/kupit-4-komnatnuyu-kvartiru-moskovskaya-oblast/";"1383";"2";"5";"done";"";"2026-06-13 00:48:36";"2026-06-13 04:31:05";""
"cian";"cian_330790052";"330790052";"https://www.cian.ru/sale/flat/330790052/";"https://khimki.cian.ru/sale/flat/330790052/?context=4.GIZkxpie4k4.IbfaO7VlaXBSURtWz-flnC8dqmNsFSUL-wgRtOeXv7BNC5BsJYky08YnAmJAIxHDgZJxKEMyxlx3gA&mlSearchSessionGuid=1b7cc668940b76fa3e0fc4ec179167ba";"4 комнатные";"https://www.cian.ru/kupit-4-komnatnuyu-kvartiru-moskovskaya-oblast/";"1383";"2";"6";"done";"";"2026-06-13 00:48:36";"2026-06-13 04:31:21";""
"cian";"cian_329906020";"329906020";"https://www.cian.ru/sale/flat/329906020/";"https://zvenigorod.cian.ru/sale/flat/329906020/?context=4.XQHlKtSyvfs.WbwOEx5VB0Tcbq86C2_4kfE3hQIuDD3uKD4v5v--PprJwToC13FqwQqR99MZFMhUBlrElipHX0Kejw&mlSearchSessionGuid=1b7cc668940b76fa3e0fc4ec179167ba";"4 комнатные";"https://www.cian.ru/kupit-4-komnatnuyu-kvartiru-moskovskaya-oblast/";"1383";"2";"7";"done";"";"2026-06-13 00:48:36";"2026-06-13 04:31:37";""
"cian";"cian_330259225";"330259225";"https://www.cian.ru/sale/flat/330259225/";"https://khimki.cian.ru/sale/flat/330259225/?context=4.ECRnWGwnFIA.bLo3ujbDp04nkNwaholf7RSLPclprmPmJcQ0757g51xi67OWw_tYG3lUe_6eZv6q4LtEiWlBhKnW8A&mlSearchSessionGuid=1b7cc668940b76fa3e0fc4ec179167ba";"4 комнатные";"https://www.cian.ru/kupit-4-komnatnuyu-kvartiru-moskovskaya-oblast/";"1383";"2";"8";"done";"";"2026-06-13 00:48:36";"2026-06-13 04:31:52";""
"cian";"cian_327950834";"327950834";"https://www.cian.ru/sale/flat/327950834/";"https://zvenigorod.cian.ru/sale/flat/327950834/?context=4.HnreOlsvLz0.G9aaXnzv4XmDlQWxYeYbq5ZoQ28Sjpbz6njSmXcgqRm6WZLKJEoTUnkBIATkAN_zUkyUGtiVGpBnnA&mlSearchSessionGuid=1b7cc668940b76fa3e0fc4ec179167ba";"4 комнатные";"https://www.cian.ru/kupit-4-komnatnuyu-kvartiru-moskovskaya-oblast/";"1383";"2";"9";"done";"";"2026-06-13 00:48:36";"2026-06-13 04:32:07";""
"cian";"cian_328020673";"328020673";"https://www.cian.ru/sale/flat/328020673/";"https://chekhov.cian.ru/sale/flat/328020673/?context=4.DIfpfrvOSe8.x3ZotBwUO5EAbM-rl7XqpDC5HQiLDlMRu-RjAdcQrh5rHZV3-IOR20pk9WrcsfJJCNTt1iMz1foUOQ&mlSearchSessionGuid=1b7cc668940b76fa3e0fc4ec179167ba";"4 комнатные";"https://www.cian.ru/kupit-4-komnatnuyu-kvartiru-moskovskaya-oblast/";"1383";"2";"10";"done";"";"2026-06-13 00:48:36";"2026-06-13 04:32:22";""
"cian";"cian_324142312";"324142312";"https://www.cian.ru/sale/flat/324142312/";"https://balashikha.cian.ru/sale/flat/324142312/?context=4.VJGjSc43x10.VMN9PioMTSOqgEn9yZ81ggTg4qmNevxBY5-mqzAHDQ-YEFAOn0PTRaWOw-PyMbclPn2QqVlxpUiLhw&mlSearchSessionGuid=1b7cc668940b76fa3e0fc4ec179167ba";"4 комнатные";"https://www.cian.ru/kupit-4-komnatnuyu-kvartiru-moskovskaya-oblast/";"1383";"2";"11";"done";"";"2026-06-13 00:48:36";"2026-06-13 04:32:36";""
"cian";"cian_330557640";"330557640";"https://www.cian.ru/sale/flat/330557640/";"https://krasnogorsk.cian.ru/sale/flat/330557640/?context=4.WIjABtszLXA.RgyjpIgaNxkvXzbIr3Y9vc7YBBzerB9vBoOw_H_yae3jP37RKbO-W0ZoKtOd3S85v0SI5T9gIrfgdQ&mlSearchSessionGuid=1b7cc668940b76fa3e0fc4ec179167ba";"4 комнатные";"https://www.cian.ru/kupit-4-komnatnuyu-kvartiru-moskovskaya-oblast/";"1383";"2";"12";"done";"";"2026-06-13 00:48:36";"2026-06-13 04:32:52";""
"cian";"cian_327327474";"327327474";"https://www.cian.ru/sale/flat/327327474/";"https://krasnogorsk.cian.ru/sale/flat/327327474/?context=4.icVWVxIQeL4.AVdLUSqoqJoEtwxE1dKl6NHn5NzXowIgwrfxGNVVBaOdkvvxJAcRWcUynN5kyvnt-xlyiiIy7w7PpQ&mlSearchSessionGuid=1b7cc668940b76fa3e0fc4ec179167ba";"4 комнатные";"https://www.cian.ru/kupit-4-komnatnuyu-kvartiru-moskovskaya-oblast/";"1383";"2";"13";"done";"";"2026-06-13 00:48:36";"2026-06-13 04:33:07";""
"cian";"cian_327116975";"327116975";"https://www.cian.ru/sale/flat/327116975/";"https://khimki.cian.ru/sale/flat/327116975/?context=4.LQg-YZK-DKE.Zri8lLeuil9pGdYrI7nDUFZmLlqgadwKncTkTGrneAxcdwvoyOfX8zE5285XkZMdC8Iwd5D3WAx4eQ&mlSearchSessionGuid=1b7cc668940b76fa3e0fc4ec179167ba";"4 комнатные";"https://www.cian.ru/kupit-4-komnatnuyu-kvartiru-moskovskaya-oblast/";"1383";"2";"14";"done";"";"2026-06-13 00:48:36";"2026-06-13 04:33:22";""
"cian";"cian_326011393";"326011393";"https://www.cian.ru/sale/flat/326011393/";"https://balashikha.cian.ru/sale/flat/326011393/?context=4.ZrI1AcxUfKk.xc7iRNgdF-ZNRRsFTI7RWkkACj1vwsWvFvqFvYSgGjks74nleLwyfD9uUpbSIdICHVn7UQyMeJqWiQ&mlSearchSessionGuid=1b7cc668940b76fa3e0fc4ec179167ba";"4 комнатные";"https://www.cian.ru/kupit-4-komnatnuyu-kvartiru-moskovskaya-oblast/";"1383";"2";"15";"done";"";"2026-06-13 00:48:36";"2026-06-13 04:33:36";""
"cian";"cian_327773309";"327773309";"https://www.cian.ru/sale/flat/327773309/";"https://pushkino.cian.ru/sale/flat/327773309/?context=4.7YFvrqsD4P0.PciiuCL19su481na7jIgx9rSwlyJTnDWzoPUMvBXGvS40QBGlwq-oClSqan6QC5-M9_AfBO_0gawgA&mlSearchSessionGuid=1b7cc668940b76fa3e0fc4ec179167ba";"4 комнатные";"https://www.cian.ru/kupit-4-komnatnuyu-kvartiru-moskovskaya-oblast/";"1383";"2";"16";"done";"";"2026-06-13 00:48:36";"2026-06-13 04:33:50";""
"cian";"cian_323761953";"323761953";"https://www.cian.ru/sale/flat/323761953/";"https://dmitrov.cian.ru/sale/flat/323761953/?context=4.HB6RQJXHiyE.I7jjZBaC28lfJXOFOnPrhmDazRhTHZkdnDqq5JheisDzSieB-Vx_s1oH_Aa1_n1t8wawlvLdTrFn_g&mlSearchSessionGuid=1b7cc668940b76fa3e0fc4ec179167ba";"4 комнатные";"https://www.cian.ru/kupit-4-komnatnuyu-kvartiru-moskovskaya-oblast/";"1383";"2";"17";"done";"";"2026-06-13 00:48:36";"2026-06-13 04:34:02";""
"cian";"cian_327726259";"327726259";"https://www.cian.ru/sale/flat/327726259/";"https://zvenigorod.cian.ru/sale/flat/327726259/?context=4.rqgd4JO3Fxg.k8yyLlWUGBb0OG8ml4p5g-xP4wkRRO2MLphec4DBz6vejleFDykbgBYb3A7KTWCf5n2qPS_EXRDAgg&mlSearchSessionGuid=1b7cc668940b76fa3e0fc4ec179167ba";"4 комнатные";"https://www.cian.ru/kupit-4-komnatnuyu-kvartiru-moskovskaya-oblast/";"1383";"2";"18";"done";"";"2026-06-13 00:48:36";"2026-06-13 04:34:18";""
"cian";"cian_330087396";"330087396";"https://www.cian.ru/sale/flat/330087396/";"https://zhukovsky.cian.ru/sale/flat/330087396/?context=4.9i2fzmIki9g.t3C1rFX0gnc8Qc24V49L0Y9iGcq4nwiWzPwyxvZon5fID3Rh8skBf26lT12edO9C4dnxpgWPZYZbAw&mlSearchSessionGuid=1b7cc668940b76fa3e0fc4ec179167ba";"4 комнатные";"https://www.cian.ru/kupit-4-komnatnuyu-kvartiru-moskovskaya-oblast/";"1383";"2";"19";"done";"";"2026-06-13 00:48:36";"2026-06-13 04:34:34";""
"cian";"cian_327693012";"327693012";"https://www.cian.ru/sale/flat/327693012/";"https://dedovsk.cian.ru/sale/flat/327693012/?context=4.4TWOHkvWevs.hgG4ES1_bhfqrtGuU3k-tw3DCtHrVqNY4nt1sspYzEAqDmh2OicgKsec5jsYTrUAj9fmp0LOeTKH5A&mlSearchSessionGuid=1b7cc668940b76fa3e0fc4ec179167ba";"4 комнатные";"https://www.cian.ru/kupit-4-komnatnuyu-kvartiru-moskovskaya-oblast/";"1383";"2";"20";"done";"";"2026-06-13 00:48:36";"2026-06-13 04:34:48";""
"cian";"cian_330557644";"330557644";"https://www.cian.ru/sale/flat/330557644/";"https://krasnogorsk.cian.ru/sale/flat/330557644/?context=4.sOb2z8pback.IW1EbWnIE4g64JLruot9NGvHLHYuveFzslAuPYuvFDAbdMegOlYtg4H2BAioESZzXolomt5HvDOpJQ&mlSearchSessionGuid=1b7cc668940b76fa3e0fc4ec179167ba";"4 комнатные";"https://www.cian.ru/kupit-4-komnatnuyu-kvartiru-moskovskaya-oblast/";"1383";"2";"21";"done";"";"2026-06-13 00:48:36";"2026-06-13 04:35:03";""
"cian";"cian_328983801";"328983801";"https://www.cian.ru/sale/flat/328983801/";"https://zvenigorod.cian.ru/sale/flat/328983801/?context=4.E5YIKLx3XBQ.UGIPrhw1jSdOttZdv5AqVhwFWPsUYqpgdEJBf-0CuwrNbKDqAdoQgcpOvCXNpLjsOlW_y4CB1nwE4g&mlSearchSessionGuid=1b7cc668940b76fa3e0fc4ec179167ba";"4 комнатные";"https://www.cian.ru/kupit-4-komnatnuyu-kvartiru-moskovskaya-oblast/";"1383";"2";"22";"done";"";"2026-06-13 00:48:36";"2026-06-13 04:35:17";""
"cian";"cian_330124167";"330124167";"https://www.cian.ru/sale/flat/330124167/";"https://pushkino.cian.ru/sale/flat/330124167/?context=4.TKqb6mvww0M.07l6xZJ5Wfmgdv1VoNHvt9jDFjP5pDmKK4LgGpQ9AWFmkrfZW8JQcxbqJLJpTptMG_71KfyRgW7VlA&mlSearchSessionGuid=1b7cc668940b76fa3e0fc4ec179167ba";"4 комнатные";"https://www.cian.ru/kupit-4-komnatnuyu-kvartiru-moskovskaya-oblast/";"1383";"2";"23";"done";"";"2026-06-13 00:48:36";"2026-06-13 04:35:33";""
"cian";"cian_330040255";"330040255";"https://www.cian.ru/sale/flat/330040255/";"https://vidnoye.cian.ru/sale/flat/330040255/?context=4.A8IEzQ7ZwkE.0QIa5Hj2PpBgzThiL9sgwG3FdzhWOVa5G1nbgr8GGt0wxQEjR-Cm7RkmsKc_R0P1lMDjDZ8mw2KI_Q&mlSearchSessionGuid=1b7cc668940b76fa3e0fc4ec179167ba";"4 комнатные";"https://www.cian.ru/kupit-4-komnatnuyu-kvartiru-moskovskaya-oblast/";"1383";"2";"24";"done";"";"2026-06-13 00:48:36";"2026-06-13 04:35:49";""
"cian";"cian_329625001";"329625001";"https://www.cian.ru/sale/flat/329625001/";"https://kubinka.cian.ru/sale/flat/329625001/?context=4.zqGdGRq9Ox4.ymczrAgvAUZYFazDKDmZdk-q2WQZkJoC8b1LzLPfo5GFpbDQzjO7w1_Qq5Gd6Pa7AW2t88UTg1mOyw&mlSearchSessionGuid=1b7cc668940b76fa3e0fc4ec179167ba";"4 комнатные";"https://www.cian.ru/kupit-4-komnatnuyu-kvartiru-moskovskaya-oblast/";"1383";"2";"25";"done";"";"2026-06-13 00:48:36";"2026-06-13 04:36:04";""
"cian";"cian_328202342";"328202342";"https://www.cian.ru/sale/flat/328202342/";"https://balashikha.cian.ru/sale/flat/328202342/?context=4.peOQZitO6JU.W5N1ZQttJiL-FAgpaVDK7iOxD-NK42RnilVsYsGkjZ617MvpdWaZL5Wg80KnWNuhgnM9NPY1VTMDRA&mlSearchSessionGuid=1b7cc668940b76fa3e0fc4ec179167ba";"4 комнатные";"https://www.cian.ru/kupit-4-komnatnuyu-kvartiru-moskovskaya-oblast/";"1383";"2";"26";"done";"";"2026-06-13 00:48:36";"2026-06-13 04:36:19";""
"cian";"cian_326367849";"326367849";"https://www.cian.ru/sale/flat/326367849/";"https://zvenigorod.cian.ru/sale/flat/326367849/?context=4.aHWZGEyEhQ4.zOXSNLdinXnc9-mp1ZIgfSzkpNUa8RjCoc3Q3zV2TFvoKq178KjfnORvzA8lF-ANgA2EfQGnFRSJng&mlSearchSessionGuid=1b7cc668940b76fa3e0fc4ec179167ba";"4 комнатные";"https://www.cian.ru/kupit-4-komnatnuyu-kvartiru-moskovskaya-oblast/";"1383";"2";"27";"done";"";"2026-06-13 00:48:36";"2026-06-13 04:36:34";""
"cian";"cian_314344283";"314344283";"https://www.cian.ru/sale/flat/314344283/";"https://zvenigorod.cian.ru/sale/flat/314344283/?context=4.xW6Jx8zQTX4.NwwZHQC4NJnav0daVsfxMbhK19whsVX1ZKqyqeyFdqncTe8A3R0N015L1pW7KmNyzDJSeXctjwH5pQ&mlSearchSessionGuid=1b7cc668940b76fa3e0fc4ec179167ba";"4 комнатные";"https://www.cian.ru/kupit-4-komnatnuyu-kvartiru-moskovskaya-oblast/";"1383";"2";"28";"done";"";"2026-06-13 00:48:36";"2026-06-13 04:36:48";""
"cian";"cian_326591404";"326591404";"https://www.cian.ru/sale/flat/326591404/";"https://dmitrov.cian.ru/sale/flat/326591404/?context=4.KbvSxHYted4.WMuiIhfmWaRgf8zvlRF3qVhlVXZySxmNr1cV7PNwdeER-i6P21ksqi3YoLe4s1M_ObBzQVtN1_RC6g&mlSearchSessionGuid=1b7cc668940b76fa3e0fc4ec179167ba";"4 комнатные";"https://www.cian.ru/kupit-4-komnatnuyu-kvartiru-moskovskaya-oblast/";"1383";"3";"1";"done";"";"2026-06-13 00:49:22";"2026-06-13 04:37:04";""
"cian";"cian_330557642";"330557642";"https://www.cian.ru/sale/flat/330557642/";"https://krasnogorsk.cian.ru/sale/flat/330557642/?context=4.eDc18D-6cl0.VcwNEM2FM2OjCIfbdDwbVl8Ak-cFimEKc8YIF_ERouWeCVjIQ1TtClNZ4lrzEWDCRaaTJkBnPfCd9Q&mlSearchSessionGuid=1b7cc668940b76fa3e0fc4ec179167ba";"4 комнатные";"https://www.cian.ru/kupit-4-komnatnuyu-kvartiru-moskovskaya-oblast/";"1383";"3";"2";"done";"";"2026-06-13 00:49:22";"2026-06-13 04:37:19";""
"cian";"cian_323750778";"323750778";"https://www.cian.ru/sale/flat/323750778/";"https://ramenskoye.cian.ru/sale/flat/323750778/?context=4.zEGTpUX5WA0.eQczP3d8LHTrn1G0DgIDIqhBtoucQ3EqZnm9xQLhoo9RW_ysAYs7R9dcsAhpsmLlma6Wv5kyU53Dsg&mlSearchSessionGuid=1b7cc668940b76fa3e0fc4ec179167ba";"4 комнатные";"https://www.cian.ru/kupit-4-komnatnuyu-kvartiru-moskovskaya-oblast/";"1383";"3";"3";"done";"";"2026-06-13 00:49:22";"2026-06-13 04:37:35";""
"cian";"cian_330764450";"330764450";"https://www.cian.ru/sale/flat/330764450/";"https://lyubertsy.cian.ru/sale/flat/330764450/?context=4.9HJEPYPoxOM.tVb83O09pk7jeARKEsekIXqR37kVGIeMaoGs9OgWjIaeElaWiQVlAzzGlPe_N-gjrTW3m77OlDSCzQ&mlSearchSessionGuid=1b7cc668940b76fa3e0fc4ec179167ba";"4 комнатные";"https://www.cian.ru/kupit-4-komnatnuyu-kvartiru-moskovskaya-oblast/";"1383";"3";"4";"done";"";"2026-06-13 00:49:22";"2026-06-13 04:37:49";""
"cian";"cian_327693597";"327693597";"https://www.cian.ru/sale/flat/327693597/";"https://krasnogorsk.cian.ru/sale/flat/327693597/?context=4.x28QR_tz8bs.zby7-HVAewWaKUOfIkV1fxk78NFDtckFmNLUleaWCYr-prYOvtGCYjPi4uiCO4zLdYSLr82nGBjg8Q&mlSearchSessionGuid=1b7cc668940b76fa3e0fc4ec179167ba";"4 комнатные";"https://www.cian.ru/kupit-4-komnatnuyu-kvartiru-moskovskaya-oblast/";"1383";"3";"5";"done";"";"2026-06-13 00:49:22";"2026-06-13 04:38:02";""
"cian";"cian_328308050";"328308050";"https://www.cian.ru/sale/flat/328308050/";"https://balashikha.cian.ru/sale/flat/328308050/?context=4.7_lCDZUz_JE.XMPQOWgNincP7LUhgb9gutV3yR8v0-MoS895nMPAXrNr_6LewCVOkCOmFmEsip_MoJh2T1JWt31yQA&mlSearchSessionGuid=1b7cc668940b76fa3e0fc4ec179167ba";"4 комнатные";"https://www.cian.ru/kupit-4-komnatnuyu-kvartiru-moskovskaya-oblast/";"1383";"3";"6";"done";"";"2026-06-13 00:49:22";"2026-06-13 04:38:16";""
"cian";"cian_324095962";"324095962";"https://www.cian.ru/sale/flat/324095962/";"https://lyubertsy.cian.ru/sale/flat/324095962/?context=4.Oq6HphMHO2A.o6ATAbWG7pmbLC7URU1rGtGGYEulSR3aA-rPGYSz377yeXdyU9QSvIdqPPEapc7o57gYZoX9P5kzsw&mlSearchSessionGuid=1b7cc668940b76fa3e0fc4ec179167ba";"4 комнатные";"https://www.cian.ru/kupit-4-komnatnuyu-kvartiru-moskovskaya-oblast/";"1383";"3";"7";"done";"";"2026-06-13 00:49:22";"2026-06-13 04:38:32";""
"cian";"cian_326367806";"326367806";"https://www.cian.ru/sale/flat/326367806/";"https://zvenigorod.cian.ru/sale/flat/326367806/?context=4.iPFujO0loas.m8wGw1phD1ZU9kplUx-EfHnJelD35y92Fw61l1Tmtk_3rDgImaX0mKwnxXyfFwPPZ8LtaBU60bzLXw&mlSearchSessionGuid=1b7cc668940b76fa3e0fc4ec179167ba";"4 комнатные";"https://www.cian.ru/kupit-4-komnatnuyu-kvartiru-moskovskaya-oblast/";"1383";"3";"8";"done";"";"2026-06-13 00:49:22";"2026-06-13 04:38:48";""
"cian";"cian_330355669";"330355669";"https://www.cian.ru/sale/flat/330355669/";"https://zvenigorod.cian.ru/sale/flat/330355669/?context=4.dWF_T-XimNs.3xIRUHDg-n9PYtDGNnhYYYjbOXN3EKMmYuCFrlAdz0GLDdIEcSnwafgAf-AXtgYocreiCGwsTFACdQ&mlSearchSessionGuid=1b7cc668940b76fa3e0fc4ec179167ba";"4 комнатные";"https://www.cian.ru/kupit-4-komnatnuyu-kvartiru-moskovskaya-oblast/";"1383";"3";"9";"done";"";"2026-06-13 00:49:22";"2026-06-13 04:39:01";""
"cian";"cian_328717666";"328717666";"https://www.cian.ru/sale/flat/328717666/";"https://khimki.cian.ru/sale/flat/328717666/?context=4.DNvKmPIpTB0.1jKdJHiDjw5fsjMXjUzGDdBUreigVfHzY3Au7Xwx8MopoIsiBGRl_uTjE5UdKlG2GzWWit_0hzaagA&mlSearchSessionGuid=1b7cc668940b76fa3e0fc4ec179167ba";"4 комнатные";"https://www.cian.ru/kupit-4-komnatnuyu-kvartiru-moskovskaya-oblast/";"1383";"3";"10";"done";"";"2026-06-13 00:49:22";"2026-06-13 04:39:15";""
"cian";"cian_315050699";"315050699";"https://www.cian.ru/sale/flat/315050699/";"https://zvenigorod.cian.ru/sale/flat/315050699/?context=4.VDDAOL54GIo.lcGtFkFbdGgF7QjF5vcmJSuIwkYpBNtomBzoi24qQNhDKNu7rLdp2OmzqMPxaMiL96zlRSIzhVureA&mlSearchSessionGuid=1b7cc668940b76fa3e0fc4ec179167ba";"4 комнатные";"https://www.cian.ru/kupit-4-komnatnuyu-kvartiru-moskovskaya-oblast/";"1383";"3";"11";"done";"";"2026-06-13 00:49:22";"2026-06-13 04:39:30";""
"cian";"cian_330902424";"330902424";"https://www.cian.ru/sale/flat/330902424/";"https://domodedovo.cian.ru/sale/flat/330902424/?context=4.3x6_5uw-d4Q.7G2C3bpd7NPSzpJ8puBp9bcESFM3ZwoUhKIiRtrK7oSzU6tvg8DE3reyp2fPuBUXLwpx6lYd6qpQqQ&mlSearchSessionGuid=1b7cc668940b76fa3e0fc4ec179167ba";"4 комнатные";"https://www.cian.ru/kupit-4-komnatnuyu-kvartiru-moskovskaya-oblast/";"1383";"3";"12";"done";"";"2026-06-13 00:49:22";"2026-06-13 04:39:45";""
"cian";"cian_330940860";"330940860";"https://www.cian.ru/sale/flat/330940860/";"https://khimki.cian.ru/sale/flat/330940860/?context=4.mNDi4HN-f58.mQhWqh4R_0TOs3xc0gpeD7FZlyMJA45RN7WK32DHSAzAqsb1UTWdHN5ES3gMMX4S7LwE2Wt16m9fYA&mlSearchSessionGuid=1b7cc668940b76fa3e0fc4ec179167ba";"4 комнатные";"https://www.cian.ru/kupit-4-komnatnuyu-kvartiru-moskovskaya-oblast/";"1383";"3";"13";"done";"";"2026-06-13 00:49:22";"2026-06-13 04:40:00";""
"cian";"cian_294225910";"294225910";"https://www.cian.ru/sale/flat/294225910/";"https://zvenigorod.cian.ru/sale/flat/294225910/?context=4.w5DOrgkg1HI.jiMf_rs5SftRURdrMj5pPHL9WHfa0JAkT4sQ2yXIzpdZEES6DZmVKwrsC0YiUEUgMff4LaXTMKaSxw&mlSearchSessionGuid=1b7cc668940b76fa3e0fc4ec179167ba";"4 комнатные";"https://www.cian.ru/kupit-4-komnatnuyu-kvartiru-moskovskaya-oblast/";"1383";"3";"14";"done";"";"2026-06-13 00:49:22";"2026-06-13 04:40:16";""
"cian";"cian_330177835";"330177835";"https://www.cian.ru/sale/flat/330177835/";"https://podolsk.cian.ru/sale/flat/330177835/?context=4.ukOhgWxU2zs.Ej1guSlTVwfhevbvgXfzFEth9hTuCyYGrWxTf02d6mubg--nOfa1UoqLTWJm7B8iQaIP_qp7YqD7Eg&mlSearchSessionGuid=1b7cc668940b76fa3e0fc4ec179167ba";"4 комнатные";"https://www.cian.ru/kupit-4-komnatnuyu-kvartiru-moskovskaya-oblast/";"1383";"3";"15";"done";"";"2026-06-13 00:49:22";"2026-06-13 04:40:31";""
"cian";"cian_330023190";"330023190";"https://www.cian.ru/sale/flat/330023190/";"https://mytishchi.cian.ru/sale/flat/330023190/?context=4.NzBuiT9bdqI.RG4b3YmqN4RFsyTBas-syi2ylM7q6Kj_ehHhiDgIaUyM1XqQpdGXUjI7lR5limVMGw9rMMMzb2HNaA&mlSearchSessionGuid=1b7cc668940b76fa3e0fc4ec179167ba";"4 комнатные";"https://www.cian.ru/kupit-4-komnatnuyu-kvartiru-moskovskaya-oblast/";"1383";"3";"16";"done";"";"2026-06-13 00:49:22";"2026-06-13 04:40:46";""
"cian";"cian_326368007";"326368007";"https://www.cian.ru/sale/flat/326368007/";"https://zvenigorod.cian.ru/sale/flat/326368007/?context=4.QySXCGq2J_4.xpq_aPoKHjuFBT7zf5YIzT0MJjP3GOsZZMsvR_m1e1PHP01P06GF0kS_EyFG_19su0iiecsY25s-Rg&mlSearchSessionGuid=1b7cc668940b76fa3e0fc4ec179167ba";"4 комнатные";"https://www.cian.ru/kupit-4-komnatnuyu-kvartiru-moskovskaya-oblast/";"1383";"3";"17";"done";"";"2026-06-13 00:49:22";"2026-06-13 04:41:01";""
"cian";"cian_328521288";"328521288";"https://www.cian.ru/sale/flat/328521288/";"https://zvenigorod.cian.ru/sale/flat/328521288/?context=4.xNoCodUteOY.CRidzjialPLd7r5RKzcHr4nR3IXMdE1Kc79LiLsMAo4PI9TVGElxBLy5Jr6xmdcXj605uOgW_Iy1fQ&mlSearchSessionGuid=1b7cc668940b76fa3e0fc4ec179167ba";"4 комнатные";"https://www.cian.ru/kupit-4-komnatnuyu-kvartiru-moskovskaya-oblast/";"1383";"3";"18";"done";"";"2026-06-13 00:49:22";"2026-06-13 04:41:16";""
"cian";"cian_328933345";"328933345";"https://www.cian.ru/sale/flat/328933345/";"https://lyubertsy.cian.ru/sale/flat/328933345/?context=4.jaQcEOM2ftY.rshwlIwAWpSSPjSlNKT3JFXxlrnDoioHE90uu6q8yYgCr2RZR0aRrO3_hajYfN1_jtCgIQkJsjItQw&mlSearchSessionGuid=1b7cc668940b76fa3e0fc4ec179167ba";"4 комнатные";"https://www.cian.ru/kupit-4-komnatnuyu-kvartiru-moskovskaya-oblast/";"1383";"3";"19";"done";"";"2026-06-13 00:49:22";"2026-06-13 04:41:31";""
"cian";"cian_310683885";"310683885";"https://www.cian.ru/sale/flat/310683885/";"https://zvenigorod.cian.ru/sale/flat/310683885/?context=4.LynBZE6utIY.V2lyH8ESQhPnGKPlW0yedx8BIFNwRSrPaDWeYFlju7h6Jr7c_GSZ_GlG6EfrojvdxSRbHGI_o9kTkw&mlSearchSessionGuid=1b7cc668940b76fa3e0fc4ec179167ba";"4 комнатные";"https://www.cian.ru/kupit-4-komnatnuyu-kvartiru-moskovskaya-oblast/";"1383";"3";"20";"done";"";"2026-06-13 00:49:22";"2026-06-13 04:41:45";""
"cian";"cian_322994244";"322994244";"https://www.cian.ru/sale/flat/322994244/";"https://zvenigorod.cian.ru/sale/flat/322994244/?context=4.VaiUFEyO6HE.tThvZXlUHLs_iHBUxxlRDbY8XvqWU_40ab_6zUB31t6LG9z5iUeFedSrYQiLb9cPQM3wnJ5glcJdvg&mlSearchSessionGuid=1b7cc668940b76fa3e0fc4ec179167ba";"4 комнатные";"https://www.cian.ru/kupit-4-komnatnuyu-kvartiru-moskovskaya-oblast/";"1383";"3";"21";"done";"";"2026-06-13 00:49:22";"2026-06-13 04:41:59";""
"cian";"cian_318565625";"318565625";"https://www.cian.ru/sale/flat/318565625/";"https://voskresensk.cian.ru/sale/flat/318565625/?context=4.xdM-L4NFLNU.Q_FfBGZtzJXcQ-cR_dmm5divj68fNEGMA1PCyjCLQylNhZ-H1k6oxgONFdRXD-Kg-UVdbI8My5A9fA&mlSearchSessionGuid=1b7cc668940b76fa3e0fc4ec179167ba";"4 комнатные";"https://www.cian.ru/kupit-4-komnatnuyu-kvartiru-moskovskaya-oblast/";"1383";"3";"22";"done";"";"2026-06-13 00:49:22";"2026-06-13 04:42:14";""
"cian";"cian_320964563";"320964563";"https://www.cian.ru/sale/flat/320964563/";"https://shchyolkovo.cian.ru/sale/flat/320964563/?context=4.nPV_d_05EjA.-RkBfUmOtRwOn3958_dIoEzIs9lur4sevir9olwEXXEL1r_BlpXCdgUbClu37y5uIEEOfKWHbr-yjQ&mlSearchSessionGuid=1b7cc668940b76fa3e0fc4ec179167ba";"4 комнатные";"https://www.cian.ru/kupit-4-komnatnuyu-kvartiru-moskovskaya-oblast/";"1383";"3";"23";"done";"";"2026-06-13 00:49:22";"2026-06-13 04:42:30";""
"cian";"cian_328835581";"328835581";"https://www.cian.ru/sale/flat/328835581/";"https://odintsovo.cian.ru/sale/flat/328835581/?context=4.t_slRz1poq4.8tKHEgeq-SF0hrA2ZB-stUEuOVWzFPYr-HaaOldiRP_fXjnyA3zVQq57B-qDiRlMvvj8Qyr9lSL6fg&mlSearchSessionGuid=1b7cc668940b76fa3e0fc4ec179167ba";"4 комнатные";"https://www.cian.ru/kupit-4-komnatnuyu-kvartiru-moskovskaya-oblast/";"1383";"3";"24";"done";"";"2026-06-13 00:49:22";"2026-06-13 04:42:44";""
"cian";"cian_327591463";"327591463";"https://www.cian.ru/sale/flat/327591463/";"https://khimki.cian.ru/sale/flat/327591463/?context=4.8Q5aq6vYz4w.ft4YIaA-PPwHq_DB7b2CtwZPHMfXeFl8NT7m0P2F0NDgllsThwwUYN3IO6v0mpYbbuB6N-_TuuPR_A&mlSearchSessionGuid=1b7cc668940b76fa3e0fc4ec179167ba";"4 комнатные";"https://www.cian.ru/kupit-4-komnatnuyu-kvartiru-moskovskaya-oblast/";"1383";"3";"25";"done";"";"2026-06-13 00:49:22";"2026-06-13 04:42:57";""
"cian";"cian_326368021";"326368021";"https://www.cian.ru/sale/flat/326368021/";"https://zvenigorod.cian.ru/sale/flat/326368021/?context=4.FdJuZYBB6fI._KSAHDp8s-Ql24wdIacs5HswWF-Voj4LMpxKP8EJ4O7JlsrAd44OsdmyMmgfKuh5vX9Gh3tu_ywABA&mlSearchSessionGuid=1b7cc668940b76fa3e0fc4ec179167ba";"4 комнатные";"https://www.cian.ru/kupit-4-komnatnuyu-kvartiru-moskovskaya-oblast/";"1383";"3";"26";"done";"";"2026-06-13 00:49:22";"2026-06-13 04:43:12";""
"cian";"cian_327488379";"327488379";"https://www.cian.ru/sale/flat/327488379/";"https://khimki.cian.ru/sale/flat/327488379/?context=4.L4ZSQFHckgo.-CTltfCQa8StbyImpd4H6hlZpoBKHgwH-9YcVbdY0vGFEHO3KTF2uub5mSM5t13W1jV8L0AzIxI8vA&mlSearchSessionGuid=1b7cc668940b76fa3e0fc4ec179167ba";"4 комнатные";"https://www.cian.ru/kupit-4-komnatnuyu-kvartiru-moskovskaya-oblast/";"1383";"3";"27";"done";"";"2026-06-13 00:49:22";"2026-06-13 04:43:27";""
"cian";"cian_328108650";"328108650";"https://www.cian.ru/sale/flat/328108650/";"https://ramenskoye.cian.ru/sale/flat/328108650/?context=4.VvPZoLnNa74.KqlNL2LnFrDfyismFbc0QS9btyMye8TSngDwxPYYy2Vr05HjfxUWBKlDt0nHJletVe2fBMfcsGmiwA&mlSearchSessionGuid=1b7cc668940b76fa3e0fc4ec179167ba";"4 комнатные";"https://www.cian.ru/kupit-4-komnatnuyu-kvartiru-moskovskaya-oblast/";"1383";"3";"28";"done";"";"2026-06-13 00:49:22";"2026-06-13 04:43:42";""
"cian";"cian_320636530";"320636530";"https://www.cian.ru/sale/flat/320636530/";"https://korolev.cian.ru/sale/flat/320636530/?context=4.bd8DvW_tlvo.KtrXP3BPO0OJzlMUDXxe4ECK_ZNdJAA646W4iaxseOc23QI26AyaASYeNEXhLqbWITDhdLKiL0-yHQ&mlSearchSessionGuid=1b7cc668940b76fa3e0fc4ec179167ba";"4 комнатные";"https://www.cian.ru/kupit-4-komnatnuyu-kvartiru-moskovskaya-oblast/";"1383";"4";"1";"done";"";"2026-06-13 00:50:09";"2026-06-13 04:43:56";""
"cian";"cian_330711911";"330711911";"https://www.cian.ru/sale/flat/330711911/";"https://zvenigorod.cian.ru/sale/flat/330711911/?context=4.8Mx4WiEjAGw.LS5ykf4ro7_dXyK9uMoaxpHvTEx4Wj8n1xMsywQslMux7HbFZ75qU4c-j4Kge7rYPD8F_kWy9llzKA&mlSearchSessionGuid=1b7cc668940b76fa3e0fc4ec179167ba";"4 комнатные";"https://www.cian.ru/kupit-4-komnatnuyu-kvartiru-moskovskaya-oblast/";"1383";"4";"2";"done";"";"2026-06-13 00:50:09";"2026-06-13 04:44:11";""
"cian";"cian_330253329";"330253329";"https://www.cian.ru/sale/flat/330253329/";"https://balashikha.cian.ru/sale/flat/330253329/?context=4.GabrW9bTVOk.uSFtwg9Z3aMW3uc0n_1WGuGnvyMYcxx5IcNLwu9g-l8a-UYbu8HHEniYzCrsu6oousHRjUoQSCN_xA&mlSearchSessionGuid=1b7cc668940b76fa3e0fc4ec179167ba";"4 комнатные";"https://www.cian.ru/kupit-4-komnatnuyu-kvartiru-moskovskaya-oblast/";"1383";"4";"3";"done";"";"2026-06-13 00:50:09";"2026-06-13 04:44:26";""
"cian";"cian_330557707";"330557707";"https://www.cian.ru/sale/flat/330557707/";"https://krasnogorsk.cian.ru/sale/flat/330557707/?context=4.TSPiUUOB_5I.Mfh49QunslTtvJ_n_N8zN3Z3B68udJJkCsbPfrIE_7Yd4Cm-BdWqVomKzmzvYPVgylwmpG0xEg_rLg&mlSearchSessionGuid=1b7cc668940b76fa3e0fc4ec179167ba";"4 комнатные";"https://www.cian.ru/kupit-4-komnatnuyu-kvartiru-moskovskaya-oblast/";"1383";"4";"4";"done";"";"2026-06-13 00:50:09";"2026-06-13 04:44:41";""
"cian";"cian_330526839";"330526839";"https://www.cian.ru/sale/flat/330526839/";"https://mytishchi.cian.ru/sale/flat/330526839/?context=4.cNyG5hV90kg.wFTwx0WNqvOoyOlrw4vC1-NUCDqxAbUwjBWGggmV5lxSEV_8I2wrDJi962UdHkj-lzoR82ih-DkL6w&mlSearchSessionGuid=1b7cc668940b76fa3e0fc4ec179167ba";"4 комнатные";"https://www.cian.ru/kupit-4-komnatnuyu-kvartiru-moskovskaya-oblast/";"1383";"4";"5";"done";"";"2026-06-13 00:50:09";"2026-06-13 04:44:57";""
"cian";"cian_323432529";"323432529";"https://www.cian.ru/sale/flat/323432529/";"https://pushkino.cian.ru/sale/flat/323432529/?context=4.8ghTL7KTNQs.5zrT2VTtFVzod1u00DtOTzWFaQlk6gO1TXpK6KBIkLfHP_360ECUrReMBfoUUSo-ZWmP0vVRlL6VEw&mlSearchSessionGuid=1b7cc668940b76fa3e0fc4ec179167ba";"4 комнатные";"https://www.cian.ru/kupit-4-komnatnuyu-kvartiru-moskovskaya-oblast/";"1383";"4";"6";"done";"";"2026-06-13 00:50:09";"2026-06-13 04:45:12";""
"cian";"cian_326368023";"326368023";"https://www.cian.ru/sale/flat/326368023/";"https://zvenigorod.cian.ru/sale/flat/326368023/?context=4.zgMskBFOVKU.ApKfLv_ivofyXtOK1P-9spsIq-FsAnD_6d0ByykYvHGXlakdr0ZSCCAbzFNh5EIbM2yBy7wzypD8MQ&mlSearchSessionGuid=1b7cc668940b76fa3e0fc4ec179167ba";"4 комнатные";"https://www.cian.ru/kupit-4-komnatnuyu-kvartiru-moskovskaya-oblast/";"1383";"4";"7";"done";"";"2026-06-13 00:50:09";"2026-06-13 04:45:28";""
"cian";"cian_329348797";"329348797";"https://www.cian.ru/sale/flat/329348797/";"https://dmitrov.cian.ru/sale/flat/329348797/?context=4.0-ZJ1fyLDD0.yuymfbOe7s5RH3E0EJaI-42hPlELtR04pfKJNK1T7L83c1QqxHuJHN1scxiRP629n7RO6fqdJYTU8w&mlSearchSessionGuid=1b7cc668940b76fa3e0fc4ec179167ba";"4 комнатные";"https://www.cian.ru/kupit-4-komnatnuyu-kvartiru-moskovskaya-oblast/";"1383";"4";"8";"done";"";"2026-06-13 00:50:09";"2026-06-13 04:45:42";""
"cian";"cian_330815081";"330815081";"https://www.cian.ru/sale/flat/330815081/";"https://krasnogorsk.cian.ru/sale/flat/330815081/?context=4.-1bWbAm4WOc.YYxjJDRiwsNbOf4sUVPF3QAkPa8qgxTinZ3aHAMqG0HLksL_CVFi5rZEKfCtu27YTZAq6QEbN5U5lA&mlSearchSessionGuid=1b7cc668940b76fa3e0fc4ec179167ba";"4 комнатные";"https://www.cian.ru/kupit-4-komnatnuyu-kvartiru-moskovskaya-oblast/";"1383";"4";"9";"done";"";"2026-06-13 00:50:09";"2026-06-13 04:45:58";""
"cian";"cian_318226373";"318226373";"https://www.cian.ru/sale/flat/318226373/";"https://zvenigorod.cian.ru/sale/flat/318226373/?context=4.dzrIZw4ycdE.sKcIJnHyV6D_uQbeHLX9lXXFlL_SHp4pDI0YQJ4kVC8CuSJi2rYSlLsAUWhjnw4ClTWqqpjk6EVD6Q&mlSearchSessionGuid=1b7cc668940b76fa3e0fc4ec179167ba";"4 комнатные";"https://www.cian.ru/kupit-4-komnatnuyu-kvartiru-moskovskaya-oblast/";"1383";"4";"10";"done";"";"2026-06-13 00:50:09";"2026-06-13 04:46:13";""
"cian";"cian_329612542";"329612542";"https://www.cian.ru/sale/flat/329612542/";"https://solnechnogorsk.cian.ru/sale/flat/329612542/?context=4.JrEn3Z2FU9o.p5eW90eO-CqW_QYtJsWWMrntmeP09nNFEw9_Lc8m_HBrvhjd0rap83GTy6j0zvKaRtPPOOzumZTC5A&mlSearchSessionGuid=1b7cc668940b76fa3e0fc4ec179167ba";"4 комнатные";"https://www.cian.ru/kupit-4-komnatnuyu-kvartiru-moskovskaya-oblast/";"1383";"4";"11";"done";"";"2026-06-13 00:50:09";"2026-06-13 04:46:28";""
"cian";"cian_330523411";"330523411";"https://www.cian.ru/sale/flat/330523411/";"https://aprelevka.cian.ru/sale/flat/330523411/?context=4.7fPyz1kiMFo.LB3nTEtj1-dykGoXY04MlSfnR-Xt6SfklJB19ZbO4u801y4NJsKEhtfMWDh8CSqCkavZR3XLn5r21A&mlSearchSessionGuid=1b7cc668940b76fa3e0fc4ec179167ba";"4 комнатные";"https://www.cian.ru/kupit-4-komnatnuyu-kvartiru-moskovskaya-oblast/";"1383";"4";"12";"done";"";"2026-06-13 00:50:09";"2026-06-13 04:46:46";""
"cian";"cian_329653767";"329653767";"https://www.cian.ru/sale/flat/329653767/";"https://vidnoye.cian.ru/sale/flat/329653767/?context=4.a8guzzE5Leg.KPmQkjmJdaEJdeyTqnCyrtp_P7lqbQ2qVaPQxSn4_vCsH9Nu0z9coP4fcRemepjtL_dDJvHDbv5Arw&mlSearchSessionGuid=1b7cc668940b76fa3e0fc4ec179167ba";"4 комнатные";"https://www.cian.ru/kupit-4-komnatnuyu-kvartiru-moskovskaya-oblast/";"1383";"4";"13";"done";"";"2026-06-13 00:50:09";"2026-06-13 04:47:02";""
"cian";"cian_327088272";"327088272";"https://www.cian.ru/sale/flat/327088272/";"https://krasnogorsk.cian.ru/sale/flat/327088272/?context=4.Ga8D98Ap23g.OvDl6lMKwvgPnitE0JfNfGUiArssDaZFxiDeVQgMskeLgAGrtIV4jixBVz064RsLSHazttpANfthnQ&mlSearchSessionGuid=1b7cc668940b76fa3e0fc4ec179167ba";"4 комнатные";"https://www.cian.ru/kupit-4-komnatnuyu-kvartiru-moskovskaya-oblast/";"1383";"4";"14";"done";"";"2026-06-13 00:50:09";"2026-06-13 04:47:17";""
"cian";"cian_328380952";"328380952";"https://www.cian.ru/sale/flat/328380952/";"https://odintsovo.cian.ru/sale/flat/328380952/?context=4.ycgimBPavTE.YV0qbDwZrxYQWuNVwcoz6OkCWbF8dwJrdIafvHRuJDxRWa7c6-ff4WkkqFK6M_HhLPTzRQZnKR1WrQ&mlSearchSessionGuid=1b7cc668940b76fa3e0fc4ec179167ba";"4 комнатные";"https://www.cian.ru/kupit-4-komnatnuyu-kvartiru-moskovskaya-oblast/";"1383";"4";"15";"done";"";"2026-06-13 00:50:09";"2026-06-13 04:47:31";""
"cian";"cian_330218265";"330218265";"https://www.cian.ru/sale/flat/330218265/";"https://zvenigorod.cian.ru/sale/flat/330218265/?context=4.2XnS-HMkzoY.at0bR39Mdcy7sOqA8Eq4gEy1Neq6Vd41mF_0zSt7HxnGP3rQkKF-LaUup-z9bhHMzNxT5CDKgzxf_A&mlSearchSessionGuid=1b7cc668940b76fa3e0fc4ec179167ba";"4 комнатные";"https://www.cian.ru/kupit-4-komnatnuyu-kvartiru-moskovskaya-oblast/";"1383";"4";"16";"done";"";"2026-06-13 00:50:09";"2026-06-13 04:47:47";""
"cian";"cian_328059013";"328059013";"https://www.cian.ru/sale/flat/328059013/";"https://krasnogorsk.cian.ru/sale/flat/328059013/?context=4.068C3JS2ORU.RYN97JfN0cZM0cZHC9ZN8zbnzxHTUE5X-161OqWmkK5wRVIRwC9g8CdpkQyuGnX-aqJEFaAgo_ZCPA&mlSearchSessionGuid=1b7cc668940b76fa3e0fc4ec179167ba";"4 комнатные";"https://www.cian.ru/kupit-4-komnatnuyu-kvartiru-moskovskaya-oblast/";"1383";"4";"17";"done";"";"2026-06-13 00:50:09";"2026-06-13 04:48:02";""
"cian";"cian_327105684";"327105684";"https://www.cian.ru/sale/flat/327105684/";"https://dmitrov.cian.ru/sale/flat/327105684/?context=4.XuEFzpSJ7Cw.5shb6K9ZDWmPmuoAlU05H34IMLBu7g7afdtFASibmzaFBrCS1dQ5ru3eNLZhVkzABFLQM4ncygLpew&mlSearchSessionGuid=1b7cc668940b76fa3e0fc4ec179167ba";"4 комнатные";"https://www.cian.ru/kupit-4-komnatnuyu-kvartiru-moskovskaya-oblast/";"1383";"4";"18";"done";"";"2026-06-13 00:50:09";"2026-06-13 04:48:18";""
"cian";"cian_330578872";"330578872";"https://www.cian.ru/sale/flat/330578872/";"https://vidnoye.cian.ru/sale/flat/330578872/?context=4.MGF7d0b0CBs.t3emwjHqkJnC9vH_O3dnFYh1lbmiqTwhBrVVpGMoXvUrNWNo_MpKQYjShGQMVKyYEuc0MC_vJ_vd5A&mlSearchSessionGuid=1b7cc668940b76fa3e0fc4ec179167ba";"4 комнатные";"https://www.cian.ru/kupit-4-komnatnuyu-kvartiru-moskovskaya-oblast/";"1383";"4";"19";"done";"";"2026-06-13 00:50:09";"2026-06-13 04:48:32";""
"cian";"cian_330020125";"330020125";"https://www.cian.ru/sale/flat/330020125/";"https://balashikha.cian.ru/sale/flat/330020125/?context=4.TGXebsHLUdk.YzT4HPhSf6KobbG-obeQmypxMm1tSXUh63tvQSklScfBwfvRGOXH9qtD6anPKFXNrYOs8r-Z8F3f_g&mlSearchSessionGuid=1b7cc668940b76fa3e0fc4ec179167ba";"4 комнатные";"https://www.cian.ru/kupit-4-komnatnuyu-kvartiru-moskovskaya-oblast/";"1383";"4";"20";"done";"";"2026-06-13 00:50:09";"2026-06-13 04:48:47";""
"cian";"cian_329480035";"329480035";"https://www.cian.ru/sale/flat/329480035/";"https://dmitrov.cian.ru/sale/flat/329480035/?context=4.ZCZFL9CLwtM.TEwuUarGXGs2kvnGyxEeUMYdvoPEPyhwKv7D41Mic0cTFsse9skFJpQFJ5dHFBcyaJOgexp6rCvrRw&mlSearchSessionGuid=1b7cc668940b76fa3e0fc4ec179167ba";"4 комнатные";"https://www.cian.ru/kupit-4-komnatnuyu-kvartiru-moskovskaya-oblast/";"1383";"4";"21";"done";"";"2026-06-13 00:50:09";"2026-06-13 04:49:03";""
"cian";"cian_330645121";"330645121";"https://www.cian.ru/sale/flat/330645121/";"https://krasnogorsk.cian.ru/sale/flat/330645121/?context=4.5R7BYkT56Ck.tZ0uGVE65Z8PkjG5xQejh5ins8NT7x8w27fsql8toEvSa3XwssBaw7p9KD86664i85Om_G9miuIsGw&mlSearchSessionGuid=1b7cc668940b76fa3e0fc4ec179167ba";"4 комнатные";"https://www.cian.ru/kupit-4-komnatnuyu-kvartiru-moskovskaya-oblast/";"1383";"4";"22";"done";"";"2026-06-13 00:50:09";"2026-06-13 04:49:18";""
"cian";"cian_292593706";"292593706";"https://www.cian.ru/sale/flat/292593706/";"https://vidnoye.cian.ru/sale/flat/292593706/?context=4.YqnFM8O5KRc.lONC4SLN98Z3s07Bj1gXNBFGaf0BtLdoGGQCCTx27LOgtTo1HwQJ1as0WkY1ekwSq25WJ0B4f-9_jA&mlSearchSessionGuid=1b7cc668940b76fa3e0fc4ec179167ba";"4 комнатные";"https://www.cian.ru/kupit-4-komnatnuyu-kvartiru-moskovskaya-oblast/";"1383";"4";"23";"done";"";"2026-06-13 00:50:09";"2026-06-13 04:49:33";""
"cian";"cian_326704735";"326704735";"https://www.cian.ru/sale/flat/326704735/";"https://ramenskoye.cian.ru/sale/flat/326704735/?context=4.OQzI3mwKzvg.uoSF3CiSHLSut1vjZjlJufvrExsCSwDptESTSYXw7bVoiyPoeW4rRq9Ez4yYiD9mDlwPkb8pNzoWOg&mlSearchSessionGuid=1b7cc668940b76fa3e0fc4ec179167ba";"4 комнатные";"https://www.cian.ru/kupit-4-komnatnuyu-kvartiru-moskovskaya-oblast/";"1383";"4";"24";"done";"";"2026-06-13 00:50:09";"2026-06-13 04:49:48";""
"cian";"cian_328694776";"328694776";"https://www.cian.ru/sale/flat/328694776/";"https://zvenigorod.cian.ru/sale/flat/328694776/?context=4.ulJjRgCleTA.0w3VjkWtSIQ3w2NoWrDc8I88V7H8GbARzLHWEQeyUyKQoEjjthYaoJBV649Lbsd_BA5qPtV4UOfTCQ&mlSearchSessionGuid=1b7cc668940b76fa3e0fc4ec179167ba";"4 комнатные";"https://www.cian.ru/kupit-4-komnatnuyu-kvartiru-moskovskaya-oblast/";"1383";"4";"25";"done";"";"2026-06-13 00:50:09";"2026-06-13 04:50:04";""
"cian";"cian_329322776";"329322776";"https://www.cian.ru/sale/flat/329322776/";"https://khimki.cian.ru/sale/flat/329322776/?context=4.CJSKVJX15XI._FRwZmp0ie5FHW1jFOyooQeMm3xYoJVYUNCXbhBmojbH9QtcRlztQJAbXpZuMBzKV_RI6dGgfzVE2A&mlSearchSessionGuid=1b7cc668940b76fa3e0fc4ec179167ba";"4 комнатные";"https://www.cian.ru/kupit-4-komnatnuyu-kvartiru-moskovskaya-oblast/";"1383";"4";"26";"done";"";"2026-06-13 00:50:09";"2026-06-13 04:50:19";""
"cian";"cian_330523740";"330523740";"https://www.cian.ru/sale/flat/330523740/";"https://balashikha.cian.ru/sale/flat/330523740/?context=4.2j3dFjn0a3Q.7fnBbxGvgGL2pRjZGnbfrvxB9tV7NSRQGZjIjaFOwLx03Qn-SbUVJRankrA5MospBH4B1wziTRx01w&mlSearchSessionGuid=1b7cc668940b76fa3e0fc4ec179167ba";"4 комнатные";"https://www.cian.ru/kupit-4-komnatnuyu-kvartiru-moskovskaya-oblast/";"1383";"4";"27";"done";"";"2026-06-13 00:50:09";"2026-06-13 04:50:33";""
"cian";"cian_328381565";"328381565";"https://www.cian.ru/sale/flat/328381565/";"https://zvenigorod.cian.ru/sale/flat/328381565/?context=4.KbEgk0Ohk9M.v5eCFk9kJsDFufzVJpfM-pEB02zsRiKAhQg3_JWY39mzYpEKMJpkxem2cv-ZSwzE4aFZngffQtiicQ&mlSearchSessionGuid=1b7cc668940b76fa3e0fc4ec179167ba";"4 комнатные";"https://www.cian.ru/kupit-4-komnatnuyu-kvartiru-moskovskaya-oblast/";"1383";"4";"28";"done";"";"2026-06-13 00:50:09";"2026-06-13 04:50:49";""
"cian";"cian_329127939";"329127939";"https://www.cian.ru/sale/flat/329127939/";"https://zvenigorod.cian.ru/sale/flat/329127939/?context=4.EIelYe9Etq8.rzKjhmEDa81MWpEq8AACzNA1wnPKitr4t0MXVbc9T-4FcN20Y97rzjcms6xJIiuNMpj90YPA3IISBQ&mlSearchSessionGuid=1b7cc668940b76fa3e0fc4ec179167ba";"4 комнатные";"https://www.cian.ru/kupit-4-komnatnuyu-kvartiru-moskovskaya-oblast/";"1383";"5";"1";"done";"";"2026-06-13 00:50:54";"2026-06-13 04:51:04";""
"cian";"cian_328360854";"328360854";"https://www.cian.ru/sale/flat/328360854/";"https://ivanteyevka.cian.ru/sale/flat/328360854/?context=4.Kf44MhM_BMw.f06c_zcUwwKWTrmLPXNTWUJswuE6PIYrAwgguboHBCF4ZHDK5uQ6ty1yzOUtHqsDdJSvdxtfpw-H7w&mlSearchSessionGuid=1b7cc668940b76fa3e0fc4ec179167ba";"4 комнатные";"https://www.cian.ru/kupit-4-komnatnuyu-kvartiru-moskovskaya-oblast/";"1383";"5";"2";"done";"";"2026-06-13 00:50:54";"2026-06-13 04:51:20";""
"cian";"cian_326010181";"326010181";"https://www.cian.ru/sale/flat/326010181/";"https://balashikha.cian.ru/sale/flat/326010181/?context=4._zGjmcDNo3k.q6QY9552yuliWw8vERPi1snUF6oshtuEg3gUhS1nV1qtokoQ8IjmvYZSoeYjxOeriwZEpjEgUEp5og&mlSearchSessionGuid=1b7cc668940b76fa3e0fc4ec179167ba";"4 комнатные";"https://www.cian.ru/kupit-4-komnatnuyu-kvartiru-moskovskaya-oblast/";"1383";"5";"3";"done";"";"2026-06-13 00:50:54";"2026-06-13 04:51:35";""
"cian";"cian_330223708";"330223708";"https://www.cian.ru/sale/flat/330223708/";"https://krasnogorsk.cian.ru/sale/flat/330223708/?context=4.wrkdh2gjgrs.btXC6ds3QQuXrUXgSqeYCV9LPjlNhLjKpv3dWVkYO0lBVqJv-MMsiiVDjmjZ7Cf1mqWNEEq3GBKmmA&mlSearchSessionGuid=1b7cc668940b76fa3e0fc4ec179167ba";"4 комнатные";"https://www.cian.ru/kupit-4-komnatnuyu-kvartiru-moskovskaya-oblast/";"1383";"5";"4";"done";"";"2026-06-13 00:50:54";"2026-06-13 04:51:49";""
"cian";"cian_327646676";"327646676";"https://www.cian.ru/sale/flat/327646676/";"https://korolev.cian.ru/sale/flat/327646676/?context=4.lxhcd7VAn0M.LgGj_8qX3BZpLc6Xk-_-QXLers8FtVCv2kBdTVPi0_YsmqHZ_A9dK9KLs0SF1_9QVWU4A8BUQiZWVw&mlSearchSessionGuid=1b7cc668940b76fa3e0fc4ec179167ba";"4 комнатные";"https://www.cian.ru/kupit-4-komnatnuyu-kvartiru-moskovskaya-oblast/";"1383";"5";"5";"done";"";"2026-06-13 00:50:54";"2026-06-13 04:52:05";""
"cian";"cian_326367948";"326367948";"https://www.cian.ru/sale/flat/326367948/";"https://zvenigorod.cian.ru/sale/flat/326367948/?context=4.8sWgiVpd688.o5y8BMEKiIKtOZ3VnbcduwgvLjeTVAzVLDLZIke7f2oYJQx_B76dRd0ckJPISXg-azVASQtfm6REqw&mlSearchSessionGuid=1b7cc668940b76fa3e0fc4ec179167ba";"4 комнатные";"https://www.cian.ru/kupit-4-komnatnuyu-kvartiru-moskovskaya-oblast/";"1383";"5";"6";"done";"";"2026-06-13 00:50:54";"2026-06-13 04:52:20";""
"cian";"cian_317392033";"317392033";"https://www.cian.ru/sale/flat/317392033/";"https://reutov.cian.ru/sale/flat/317392033/?context=4.Ou7l2HZHt9w.ET3Ty5MPvi4WOortNMUKNHgKN2KlcjEWQL8vsqiql48jrPc9DR9ZUpV-6LOo94crwKosjr3EMiY0Iw&mlSearchSessionGuid=1b7cc668940b76fa3e0fc4ec179167ba";"4 комнатные";"https://www.cian.ru/kupit-4-komnatnuyu-kvartiru-moskovskaya-oblast/";"1383";"5";"7";"done";"";"2026-06-13 00:50:54";"2026-06-13 04:52:36";""
"cian";"cian_321465274";"321465274";"https://www.cian.ru/sale/flat/321465274/";"https://noginsk.cian.ru/sale/flat/321465274/?context=4.sMIIQr30IwU.p0nIojIHbKFMs2WbpX_e93o1CQ9AG84bb_5etPDZ_BLXTfbG5SaExwvuSHF45CDG2sY7wJI6h4EjAg&mlSearchSessionGuid=1b7cc668940b76fa3e0fc4ec179167ba";"4 комнатные";"https://www.cian.ru/kupit-4-komnatnuyu-kvartiru-moskovskaya-oblast/";"1383";"5";"8";"done";"";"2026-06-13 00:50:54";"2026-06-13 04:52:50";""
"cian";"cian_327238709";"327238709";"https://www.cian.ru/sale/flat/327238709/";"https://vidnoye.cian.ru/sale/flat/327238709/?context=4.cZjxfYgkFNY.ePsHZGGciAW6wCUt1ebWEI68M63y4DVLYg78AYo1Hfhj9rNqLbrQDuyjh3No2ND3f1rV9hYENjhNSw&mlSearchSessionGuid=1b7cc668940b76fa3e0fc4ec179167ba";"4 комнатные";"https://www.cian.ru/kupit-4-komnatnuyu-kvartiru-moskovskaya-oblast/";"1383";"5";"9";"done";"";"2026-06-13 00:50:54";"2026-06-13 04:53:05";""
"cian";"cian_325534576";"325534576";"https://www.cian.ru/sale/flat/325534576/";"https://khimki.cian.ru/sale/flat/325534576/?context=4.jfR9qlBPlkU.EFQJ1lMlWwNw4v_Bb4NOCJvi3wCe7RGZJ7ccYLebudq8202edbzTGsBpDeKVYR-YmR3IUO7M9RWIsQ&mlSearchSessionGuid=1b7cc668940b76fa3e0fc4ec179167ba";"4 комнатные";"https://www.cian.ru/kupit-4-komnatnuyu-kvartiru-moskovskaya-oblast/";"1383";"5";"10";"done";"";"2026-06-13 00:50:54";"2026-06-13 04:53:21";""
"cian";"cian_329552755";"329552755";"https://www.cian.ru/sale/flat/329552755/";"https://balashikha.cian.ru/sale/flat/329552755/?context=4.Rc5CPLTRs3w.wME7rVRZZAvkDoiPIYWdEKrxNeXtsMh2XICx5__pVe3VHeQspc2GeQf7V-VXYfTioOaqSO9-2tJamg&mlSearchSessionGuid=1b7cc668940b76fa3e0fc4ec179167ba";"4 комнатные";"https://www.cian.ru/kupit-4-komnatnuyu-kvartiru-moskovskaya-oblast/";"1383";"5";"11";"done";"";"2026-06-13 00:50:54";"2026-06-13 04:53:36";""
"cian";"cian_327922403";"327922403";"https://www.cian.ru/sale/flat/327922403/";"https://korolev.cian.ru/sale/flat/327922403/?context=4.iQOQQqXbxUw.o3k6grqyYNHnKBEi26-R0GEGbHZq8KOcGdu5Qgytye_ytkVt4lIrel1dCvX0nm5KMYqqYt0KY6Bvdw&mlSearchSessionGuid=1b7cc668940b76fa3e0fc4ec179167ba";"4 комнатные";"https://www.cian.ru/kupit-4-komnatnuyu-kvartiru-moskovskaya-oblast/";"1383";"5";"12";"done";"";"2026-06-13 00:50:54";"2026-06-13 04:53:51";""
"cian";"cian_322450102";"322450102";"https://www.cian.ru/sale/flat/322450102/";"https://khimki.cian.ru/sale/flat/322450102/?context=4.wHdJovtCoBc.nTuKigrSdnMU5LXIA-UauTe6Rf1mGoagBhscSEP8Bn3_u6aC4FsYpC3gTNFVHFh55sGbJ1sd3T4g_w&mlSearchSessionGuid=1b7cc668940b76fa3e0fc4ec179167ba";"4 комнатные";"https://www.cian.ru/kupit-4-komnatnuyu-kvartiru-moskovskaya-oblast/";"1383";"5";"13";"done";"";"2026-06-13 00:50:54";"2026-06-13 04:54:06";""
"cian";"cian_330220298";"330220298";"https://www.cian.ru/sale/flat/330220298/";"https://domodedovo.cian.ru/sale/flat/330220298/?context=4.A9PKrsIiK6s.SELoErYRbbPY41nQcv5xbzYWQnBnw-_p9pKI_0gSa9vDWjjtObCc3LahMMzHYzPLA4DdC9pz0YZh5Q&mlSearchSessionGuid=1b7cc668940b76fa3e0fc4ec179167ba";"4 комнатные";"https://www.cian.ru/kupit-4-komnatnuyu-kvartiru-moskovskaya-oblast/";"1383";"5";"14";"done";"";"2026-06-13 00:50:54";"2026-06-13 04:54:22";""
"cian";"cian_330018023";"330018023";"https://www.cian.ru/sale/flat/330018023/";"https://zvenigorod.cian.ru/sale/flat/330018023/?context=4.cPAYwfBE1vE.gSEcYuoZCsQxL2n0KnmXqMgD4hEsZpaqklAlF8UigA4ocx_Qkben_itF657U-TvR_jgmaiUTgx40Uw&mlSearchSessionGuid=1b7cc668940b76fa3e0fc4ec179167ba";"4 комнатные";"https://www.cian.ru/kupit-4-komnatnuyu-kvartiru-moskovskaya-oblast/";"1383";"5";"15";"done";"";"2026-06-13 00:50:54";"2026-06-13 04:54:36";""
"cian";"cian_329441884";"329441884";"https://www.cian.ru/sale/flat/329441884/";"https://domodedovo.cian.ru/sale/flat/329441884/?context=4.1p2XarrG0p0.u6xaz2mUM2-ckr39iJ3ngnElU959PEbHEwYAiX_IkYsEc_4mZHzdtEyAxZn9LzjEBOgbk7C2q5iCnw&mlSearchSessionGuid=1b7cc668940b76fa3e0fc4ec179167ba";"4 комнатные";"https://www.cian.ru/kupit-4-komnatnuyu-kvartiru-moskovskaya-oblast/";"1383";"5";"16";"done";"";"2026-06-13 00:50:54";"2026-06-13 04:54:52";""
"cian";"cian_326447974";"326447974";"https://www.cian.ru/sale/flat/326447974/";"https://ruza.cian.ru/sale/flat/326447974/?context=4.46fKlfGkAb8.FVwDHzG3XJUW2-sHcFgG-TmtivadgkcfwMivjFHDQoue0dBWZt_0s4aOMrKgQrpiY8P2RZ_6oaN1EQ&mlSearchSessionGuid=1b7cc668940b76fa3e0fc4ec179167ba";"4 комнатные";"https://www.cian.ru/kupit-4-komnatnuyu-kvartiru-moskovskaya-oblast/";"1383";"5";"17";"done";"";"2026-06-13 00:50:54";"2026-06-13 04:55:07";""
"cian";"cian_325483416";"325483416";"https://www.cian.ru/sale/flat/325483416/";"https://krasnogorsk.cian.ru/sale/flat/325483416/?context=4.og-d7r1UY18.BBpDRG0HQKfjA0T-TjPlDBEyhLmnmstoUTpbv_KcxZ2mRKZ8qUplFIEIj5OfxJvKuKmGk-3-aiJ-4Q&mlSearchSessionGuid=1b7cc668940b76fa3e0fc4ec179167ba";"4 комнатные";"https://www.cian.ru/kupit-4-komnatnuyu-kvartiru-moskovskaya-oblast/";"1383";"5";"18";"done";"";"2026-06-13 00:50:54";"2026-06-13 04:55:20";""
"cian";"cian_327563442";"327563442";"https://www.cian.ru/sale/flat/327563442/";"https://balashikha.cian.ru/sale/flat/327563442/?context=4.ssN13Nmis34.ZnO6YLoTtEx6C1w8aFZf70T0zgtGZDrFU39ULmTQJHZyXkiKSfLs3liE90zB_N6Vmbl4XPbQXXBudw&mlSearchSessionGuid=1b7cc668940b76fa3e0fc4ec179167ba";"4 комнатные";"https://www.cian.ru/kupit-4-komnatnuyu-kvartiru-moskovskaya-oblast/";"1383";"5";"19";"done";"";"2026-06-13 00:50:54";"2026-06-13 04:55:35";""
"cian";"cian_328832956";"328832956";"https://www.cian.ru/sale/flat/328832956/";"https://chernogolovka.cian.ru/sale/flat/328832956/?context=4.7IcWRAAg27s.7Dzu4joZ6w4kcS1tpcQjb51bqRt26zxfMyqy4IgCkXa1_UxYlG7bXUqGaZW6OxFRGhBHvZxImc9nwQ&mlSearchSessionGuid=1b7cc668940b76fa3e0fc4ec179167ba";"4 комнатные";"https://www.cian.ru/kupit-4-komnatnuyu-kvartiru-moskovskaya-oblast/";"1383";"5";"20";"done";"";"2026-06-13 00:50:54";"2026-06-13 04:55:50";""
"cian";"cian_330486378";"330486378";"https://www.cian.ru/sale/flat/330486378/";"https://vidnoye.cian.ru/sale/flat/330486378/?context=4.qErwG5sC7p0.rKLVWxIaDFhai45q2MNfkZXyXPkEkCDMJ8iUydhrzz4lU5bffHBBrAxLFsB5UPyysnLl4Csxs6cQcA&mlSearchSessionGuid=1b7cc668940b76fa3e0fc4ec179167ba";"4 комнатные";"https://www.cian.ru/kupit-4-komnatnuyu-kvartiru-moskovskaya-oblast/";"1383";"5";"21";"done";"";"2026-06-13 00:50:54";"2026-06-13 04:56:05";""
"cian";"cian_328666801";"328666801";"https://www.cian.ru/sale/flat/328666801/";"https://dolgoprudny.cian.ru/sale/flat/328666801/?context=4.xzWDyKT4Mrs.I86QgyPUT81n6T0MUC6tcux0T6PYc8DshOGgRSQmKOTUnPS_UUsoqDE107i9eoUmGvOjERz2T-5nfA&mlSearchSessionGuid=1b7cc668940b76fa3e0fc4ec179167ba";"4 комнатные";"https://www.cian.ru/kupit-4-komnatnuyu-kvartiru-moskovskaya-oblast/";"1383";"5";"22";"done";"";"2026-06-13 00:50:54";"2026-06-13 04:56:20";""
"cian";"cian_329122739";"329122739";"https://www.cian.ru/sale/flat/329122739/";"https://zvenigorod.cian.ru/sale/flat/329122739/?context=4.k0lu-C2mJ6c.Dj92ujklJ2QxPzcwbdEp9miWKsNk6BudTtV1uYaQEvG5i4vj_Smc0eI1QkdAEGlZKZ09Ms5egtlzkQ&mlSearchSessionGuid=1b7cc668940b76fa3e0fc4ec179167ba";"4 комнатные";"https://www.cian.ru/kupit-4-komnatnuyu-kvartiru-moskovskaya-oblast/";"1383";"5";"23";"done";"";"2026-06-13 00:50:54";"2026-06-13 04:56:33";""
"cian";"cian_326367754";"326367754";"https://www.cian.ru/sale/flat/326367754/";"https://zvenigorod.cian.ru/sale/flat/326367754/?context=4.blSKZsM8N0Y.2TZyJOo8oxbW4_UovraIcEGHd-Lq0wMvPj-kCye2FyBZpyG7ZNtWwgbQPLKR2eGr4QJW86zBtg4Utg&mlSearchSessionGuid=1b7cc668940b76fa3e0fc4ec179167ba";"4 комнатные";"https://www.cian.ru/kupit-4-komnatnuyu-kvartiru-moskovskaya-oblast/";"1383";"5";"24";"done";"";"2026-06-13 00:50:54";"2026-06-13 04:56:47";""
"cian";"cian_330412348";"330412348";"https://www.cian.ru/sale/flat/330412348/";"https://krasnogorsk.cian.ru/sale/flat/330412348/?context=4.zQQaS1y1AhA.UJ7Gj9d53xiz9Nr0v5cWl1j6UM7xFA2WeMH5HLaEzhfHOEQSZ5J_E2CZYQOpb0EBrwPlaaIPibqcDA&mlSearchSessionGuid=1b7cc668940b76fa3e0fc4ec179167ba";"4 комнатные";"https://www.cian.ru/kupit-4-komnatnuyu-kvartiru-moskovskaya-oblast/";"1383";"5";"25";"done";"";"2026-06-13 00:50:54";"2026-06-13 04:57:02";""
"cian";"cian_329018279";"329018279";"https://www.cian.ru/sale/flat/329018279/";"https://balashikha.cian.ru/sale/flat/329018279/?context=4.KLfxpn_ZAQY.HnRGp1aH7o5jX0AUG8GsurV1bPpZF1HeQsaXL8UIFLBzTQ3XqcEmQKLZ8Dl-ZBw5WAzjBL7Oc03Epg&mlSearchSessionGuid=1b7cc668940b76fa3e0fc4ec179167ba";"4 комнатные";"https://www.cian.ru/kupit-4-komnatnuyu-kvartiru-moskovskaya-oblast/";"1383";"5";"26";"done";"";"2026-06-13 00:50:54";"2026-06-13 04:57:18";""
"cian";"cian_330557652";"330557652";"https://www.cian.ru/sale/flat/330557652/";"https://krasnogorsk.cian.ru/sale/flat/330557652/?context=4.P-6PG3DCp8o.YQhl1M-AlfodxAiKU22R22QSCpobH8Cye8PRFsPIfg0pUWKFTCanNPFxNX-851CwFWU1tFIYAijO9A&mlSearchSessionGuid=1b7cc668940b76fa3e0fc4ec179167ba";"4 комнатные";"https://www.cian.ru/kupit-4-komnatnuyu-kvartiru-moskovskaya-oblast/";"1383";"5";"27";"done";"";"2026-06-13 00:50:54";"2026-06-13 04:57:33";""
"cian";"cian_330071241";"330071241";"https://www.cian.ru/sale/flat/330071241/";"https://zvenigorod.cian.ru/sale/flat/330071241/?context=4.F9PBP3_FF7E.ZwpQREwq8tXhfPE2jMb0Se8_hNBdBUbW_zLBKAcEC-sEWcmpxWEi-ALSKdFIsOZgHm4XYQt63kAS2w&mlSearchSessionGuid=1b7cc668940b76fa3e0fc4ec179167ba";"4 комнатные";"https://www.cian.ru/kupit-4-komnatnuyu-kvartiru-moskovskaya-oblast/";"1383";"5";"28";"done";"";"2026-06-13 00:50:54";"2026-06-13 04:57:47";""
"cian";"cian_331025931";"331025931";"https://www.cian.ru/sale/flat/331025931/";"https://krasnogorsk.cian.ru/sale/flat/331025931/?context=4.dH0Vt4WK9sg.T0rFZrGt_eGw5vb6aLiRgqrDjIsz5ESo6xerk9Mnu3DSEnItZzSg6K53EFM-FAECI90_ApyndXszzg&mlSearchSessionGuid=1b7cc668940b76fa3e0fc4ec179167ba";"4 комнатные";"https://www.cian.ru/kupit-4-komnatnuyu-kvartiru-moskovskaya-oblast/";"1383";"6";"1";"done";"";"2026-06-13 00:51:42";"2026-06-13 04:58:02";""
"cian";"cian_302837359";"302837359";"https://www.cian.ru/sale/flat/302837359/";"https://zvenigorod.cian.ru/sale/flat/302837359/?context=4.saht__Bbius.Bgg5VgzRtW_5LvE8oqIZgzRs7JHHYDf92EIlOYuBZ-15yRXfavASyfXffdbz6IxujtOdnYYKXbvk9Q&mlSearchSessionGuid=1b7cc668940b76fa3e0fc4ec179167ba";"4 комнатные";"https://www.cian.ru/kupit-4-komnatnuyu-kvartiru-moskovskaya-oblast/";"1383";"6";"2";"done";"";"2026-06-13 00:51:42";"2026-06-13 04:58:18";""
"cian";"cian_328637736";"328637736";"https://www.cian.ru/sale/flat/328637736/";"https://zvenigorod.cian.ru/sale/flat/328637736/?context=4.5KJC-IJe1mo.GW36FjjqSuPWPZAlRzQqgYW0SO1Om_ugNeewdfx_TzSqtpKtHcYwlIMBl-1ih21cPJI1kZtBzfp2dQ&mlSearchSessionGuid=1b7cc668940b76fa3e0fc4ec179167ba";"4 комнатные";"https://www.cian.ru/kupit-4-komnatnuyu-kvartiru-moskovskaya-oblast/";"1383";"6";"3";"done";"";"2026-06-13 00:51:42";"2026-06-13 04:58:32";""
"cian";"cian_323106681";"323106681";"https://www.cian.ru/sale/flat/323106681/";"https://chekhov.cian.ru/sale/flat/323106681/?context=4.BqohGTAvfMk.bGDws5K3hDSZPXGLF1B8yogd1dubAXOQEaKt98yW84avtx5ArT2LYqf_kFEHtO6N7zcP-rHseJnjig&mlSearchSessionGuid=1b7cc668940b76fa3e0fc4ec179167ba";"4 комнатные";"https://www.cian.ru/kupit-4-komnatnuyu-kvartiru-moskovskaya-oblast/";"1383";"6";"4";"done";"";"2026-06-13 00:51:42";"2026-06-13 04:58:46";""
"cian";"cian_326367856";"326367856";"https://www.cian.ru/sale/flat/326367856/";"https://zvenigorod.cian.ru/sale/flat/326367856/?context=4.5mSsan4Ss7g.G9BK_-RIPIKvz78OaLPsGBBtV0JIaNszR-eyi1N0kpFq7D31BJch-wBaBHJcvVGVBJZS4dhJucdjiw&mlSearchSessionGuid=1b7cc668940b76fa3e0fc4ec179167ba";"4 комнатные";"https://www.cian.ru/kupit-4-komnatnuyu-kvartiru-moskovskaya-oblast/";"1383";"6";"5";"done";"";"2026-06-13 00:51:42";"2026-06-13 04:59:02";""
"cian";"cian_327445768";"327445768";"https://www.cian.ru/sale/flat/327445768/";"https://zvenigorod.cian.ru/sale/flat/327445768/?context=4.KiJoehnrGAs.fJYXfFMZzc-pBxw7puVh5tDOrSFJIM5Yk46t-daVwgQX479aPIXSMFh1HbhimhqvJKgYmLtinRdmNg&mlSearchSessionGuid=1b7cc668940b76fa3e0fc4ec179167ba";"4 комнатные";"https://www.cian.ru/kupit-4-komnatnuyu-kvartiru-moskovskaya-oblast/";"1383";"6";"6";"done";"";"2026-06-13 00:51:42";"2026-06-13 04:59:17";""
"cian";"cian_330124765";"330124765";"https://www.cian.ru/sale/flat/330124765/";"https://elektrostal.cian.ru/sale/flat/330124765/?context=4.Jq8wA3q4Hq0.RpI9U8DpNaYiC5MxlRfnN_Kd1Q5j_jPKEC65YlTm-I6S73OtT1CE_Db6RGey9nkYI4CVcfRZesSsVQ&mlSearchSessionGuid=1b7cc668940b76fa3e0fc4ec179167ba";"4 комнатные";"https://www.cian.ru/kupit-4-komnatnuyu-kvartiru-moskovskaya-oblast/";"1383";"6";"7";"done";"";"2026-06-13 00:51:42";"2026-06-13 04:59:31";""
"cian";"cian_330557792";"330557792";"https://www.cian.ru/sale/flat/330557792/";"https://krasnogorsk.cian.ru/sale/flat/330557792/?context=4.v_T5OZFF6iQ.5ot925Xsck3aPFvgdaSp-6v7mJ3QSKOWPFjHCLhQtkTk5JA3JWg2v2GFZ4rqAFShlJcGTViTF6uhTw&mlSearchSessionGuid=1b7cc668940b76fa3e0fc4ec179167ba";"4 комнатные";"https://www.cian.ru/kupit-4-komnatnuyu-kvartiru-moskovskaya-oblast/";"1383";"6";"8";"done";"";"2026-06-13 00:51:42";"2026-06-13 04:59:46";""
"cian";"cian_327166703";"327166703";"https://www.cian.ru/sale/flat/327166703/";"https://zvenigorod.cian.ru/sale/flat/327166703/?context=4.HaZu4LuKF8I.4_VOKsrha-d2Cthd1_vCXtqtlW9ITK5ANkVtJQ16yNodCsuNmDZQV5Cuy5Wj1bWTSWpbAkMekxn41g&mlSearchSessionGuid=1b7cc668940b76fa3e0fc4ec179167ba";"4 комнатные";"https://www.cian.ru/kupit-4-komnatnuyu-kvartiru-moskovskaya-oblast/";"1383";"6";"9";"done";"";"2026-06-13 00:51:42";"2026-06-13 05:00:02";""
"cian";"cian_324400499";"324400499";"https://www.cian.ru/sale/flat/324400499/";"https://khimki.cian.ru/sale/flat/324400499/?context=4.Ea96YaZYSpA.Q5-gXmr26Em2fgVXhv5GRtDcOaXpCwnXer8ze7ErJjcAuw2gaWEUMyyT-1FUuk7yMsG3b_4HIIkiXg&mlSearchSessionGuid=1b7cc668940b76fa3e0fc4ec179167ba";"4 комнатные";"https://www.cian.ru/kupit-4-komnatnuyu-kvartiru-moskovskaya-oblast/";"1383";"6";"10";"done";"";"2026-06-13 00:51:42";"2026-06-13 05:00:17";""
"cian";"cian_326010188";"326010188";"https://www.cian.ru/sale/flat/326010188/";"https://balashikha.cian.ru/sale/flat/326010188/?context=4.-lJe6Fb5aKg.OXIiEn-SMzEN2AzeqCOETaA9xStNqyS8YaimpcBWtHvzOWpW17i5j-9NVa8fkr8mfxbYD0iRqeS-3g&mlSearchSessionGuid=1b7cc668940b76fa3e0fc4ec179167ba";"4 комнатные";"https://www.cian.ru/kupit-4-komnatnuyu-kvartiru-moskovskaya-oblast/";"1383";"6";"11";"done";"";"2026-06-13 00:51:42";"2026-06-13 05:00:32";""
"cian";"cian_328395219";"328395219";"https://www.cian.ru/sale/flat/328395219/";"https://khimki.cian.ru/sale/flat/328395219/?context=4.DKK86zUA72Y.6AgJjK8eoPNHIspZROlQL7eDbY-ZJO3wObi6SlO_UFfsOUTogJPXaNlwtQwxIfq4FTHmip7NUUsaWQ&mlSearchSessionGuid=1b7cc668940b76fa3e0fc4ec179167ba";"4 комнатные";"https://www.cian.ru/kupit-4-komnatnuyu-kvartiru-moskovskaya-oblast/";"1383";"6";"12";"done";"";"2026-06-13 00:51:42";"2026-06-13 05:00:46";""
"cian";"cian_324143616";"324143616";"https://www.cian.ru/sale/flat/324143616/";"https://podolsk.cian.ru/sale/flat/324143616/?context=4.i-EuzVLHJ-Q._kmKz37Jk4pZ2x092uwMaMbBvW88e-6XeLbSAdZSdZGJkYnbRRXdJ6JMomcCYAhk4a2KQ2prWcd9Hw&mlSearchSessionGuid=1b7cc668940b76fa3e0fc4ec179167ba";"4 комнатные";"https://www.cian.ru/kupit-4-komnatnuyu-kvartiru-moskovskaya-oblast/";"1383";"6";"13";"done";"";"2026-06-13 00:51:42";"2026-06-13 05:01:02";""
"cian";"cian_326367845";"326367845";"https://www.cian.ru/sale/flat/326367845/";"https://zvenigorod.cian.ru/sale/flat/326367845/?context=4.itn_DlSBeSY.RznLE4iJVJXXG52B3h9ioWW0bNaUADy80nKVd7qDVi_1fzEy6Aq9evPujgvKDffI1plyFSCP23nZIg&mlSearchSessionGuid=1b7cc668940b76fa3e0fc4ec179167ba";"4 комнатные";"https://www.cian.ru/kupit-4-komnatnuyu-kvartiru-moskovskaya-oblast/";"1383";"6";"14";"done";"";"2026-06-13 00:51:42";"2026-06-13 05:01:18";""
"cian";"cian_330288613";"330288613";"https://www.cian.ru/sale/flat/330288613/";"https://kotelniki.cian.ru/sale/flat/330288613/?context=4.IHLVN9eJNaE.SrPBrm71iSGBMocmRYcnMqnFfdkpJTnE8Hjzm0h-ef7xj0yXw3qFVJM7_5BC4rCcM1h5qEPbeOvQbA&mlSearchSessionGuid=1b7cc668940b76fa3e0fc4ec179167ba";"4 комнатные";"https://www.cian.ru/kupit-4-komnatnuyu-kvartiru-moskovskaya-oblast/";"1383";"6";"15";"done";"";"2026-06-13 00:51:42";"2026-06-13 05:01:34";""
"cian";"cian_329191747";"329191747";"https://www.cian.ru/sale/flat/329191747/";"https://www.cian.ru/sale/flat/329191747/?context=4.iN2RTWgQ4ZM.dxlmG4RBlT1T7W9pzOHQVKogn_3o-I8CfknEJNznHKzGbzxLc5kBG-82tYQ-8x10XWKxtWpbqUZGbQ&mlSearchSessionGuid=1b7cc668940b76fa3e0fc4ec179167ba";"4 комнатные";"https://www.cian.ru/kupit-4-komnatnuyu-kvartiru-moskovskaya-oblast/";"1383";"6";"16";"done";"";"2026-06-13 00:51:42";"2026-06-13 05:01:48";""
"cian";"cian_330557793";"330557793";"https://www.cian.ru/sale/flat/330557793/";"https://krasnogorsk.cian.ru/sale/flat/330557793/?context=4.d2mOY0c2QV8.NIiuiGbZu-EQElMI-DoBlpcvVyKSZ52jcwU7YvLYg6anJL0xnwczEQSNAlgJ1ScFzbir6D6HXEq2tw&mlSearchSessionGuid=1b7cc668940b76fa3e0fc4ec179167ba";"4 комнатные";"https://www.cian.ru/kupit-4-komnatnuyu-kvartiru-moskovskaya-oblast/";"1383";"6";"17";"done";"";"2026-06-13 00:51:42";"2026-06-13 05:02:02";""
"cian";"cian_330840847";"330840847";"https://www.cian.ru/sale/flat/330840847/";"https://zvenigorod.cian.ru/sale/flat/330840847/?context=4.wzgWbFP3QtI.BahQO2inj9F8WMrLjT6spuxuF3Xk5uQQphpxjH6IcP65Emdni3lJmQLjur-PrrWbS-2xVaDuTL27TA&mlSearchSessionGuid=1b7cc668940b76fa3e0fc4ec179167ba";"4 комнатные";"https://www.cian.ru/kupit-4-komnatnuyu-kvartiru-moskovskaya-oblast/";"1383";"6";"18";"done";"";"2026-06-13 00:51:42";"2026-06-13 05:02:18";""
"cian";"cian_330202779";"330202779";"https://www.cian.ru/sale/flat/330202779/";"https://balashikha.cian.ru/sale/flat/330202779/?context=4.Q-7KhUVtxM8.EEW35ckFTM8klIlu1a3yNnTles732IptxOWwiT51VtCsss4-OwtPvLY5eIWhLC74TaQO9-6L9ZelJw&mlSearchSessionGuid=1b7cc668940b76fa3e0fc4ec179167ba";"4 комнатные";"https://www.cian.ru/kupit-4-komnatnuyu-kvartiru-moskovskaya-oblast/";"1383";"6";"19";"done";"";"2026-06-13 00:51:42";"2026-06-13 05:02:33";""
"cian";"cian_322934696";"322934696";"https://www.cian.ru/sale/flat/322934696/";"https://odintsovo.cian.ru/sale/flat/322934696/?context=4.9Rd4dfkm5F4.QEWrfdmjy2wgKpNq3OO6hTJE5be9NA8gO-rLfQVO6wbcWWHALQ2G7LiX0q48K0cX0OEXQCrnAQ679g&mlSearchSessionGuid=1b7cc668940b76fa3e0fc4ec179167ba";"4 комнатные";"https://www.cian.ru/kupit-4-komnatnuyu-kvartiru-moskovskaya-oblast/";"1383";"6";"20";"done";"";"2026-06-13 00:51:42";"2026-06-13 05:02:48";""
"cian";"cian_330842717";"330842717";"https://www.cian.ru/sale/flat/330842717/";"https://zvenigorod.cian.ru/sale/flat/330842717/?context=4.rzB9nG_Jy8s.4UHcVq_ffQ8VmyUPc8CKpZwhA8LqICEd7yTrLni5HsOC1C9g7BZhgYMZk72RpWCQ6LtcncY_ULfNMA&mlSearchSessionGuid=1b7cc668940b76fa3e0fc4ec179167ba";"4 комнатные";"https://www.cian.ru/kupit-4-komnatnuyu-kvartiru-moskovskaya-oblast/";"1383";"6";"21";"done";"";"2026-06-13 00:51:42";"2026-06-13 05:03:04";""
"cian";"cian_330285073";"330285073";"https://www.cian.ru/sale/flat/330285073/";"https://dmitrov.cian.ru/sale/flat/330285073/?context=4.4gx_m6OyEFc.-ELW0GjfsouGOlO1_PCM2wgJehQKjdxuEIyzAHW8TGQ7dWv8Qfcej-swurjquvP3zR1tx0KFg-Z2tw&mlSearchSessionGuid=1b7cc668940b76fa3e0fc4ec179167ba";"4 комнатные";"https://www.cian.ru/kupit-4-komnatnuyu-kvartiru-moskovskaya-oblast/";"1383";"6";"22";"done";"";"2026-06-13 00:51:42";"2026-06-13 05:03:18";""
"cian";"cian_326367786";"326367786";"https://www.cian.ru/sale/flat/326367786/";"https://zvenigorod.cian.ru/sale/flat/326367786/?context=4.Sa4erpw8Gow.lSe5GEF7DicInnfs0TFpGXNIPefNsO4GKJxgRM_g0M7qiXv_IeFRyyGfYLUapn3xj40JnKtitRRkEg&mlSearchSessionGuid=1b7cc668940b76fa3e0fc4ec179167ba";"4 комнатные";"https://www.cian.ru/kupit-4-komnatnuyu-kvartiru-moskovskaya-oblast/";"1383";"6";"23";"done";"";"2026-06-13 00:51:42";"2026-06-13 05:03:33";""
"cian";"cian_330836946";"330836946";"https://www.cian.ru/sale/flat/330836946/";"https://noginsk.cian.ru/sale/flat/330836946/?context=4.TsHDZwaOuSI.da2gI5WUSWhdUmnm6MdEl4nrP6iUApE3V8JT0PhFHJ_PkbfUPmvOYwHaBAAu_CoCr6LbLU49xeQZPw&mlSearchSessionGuid=1b7cc668940b76fa3e0fc4ec179167ba";"4 комнатные";"https://www.cian.ru/kupit-4-komnatnuyu-kvartiru-moskovskaya-oblast/";"1383";"6";"24";"done";"";"2026-06-13 00:51:42";"2026-06-13 05:03:48";""
"cian";"cian_329709717";"329709717";"https://www.cian.ru/sale/flat/329709717/";"https://balashikha.cian.ru/sale/flat/329709717/?context=4.lItuJ-ZUmtA.eUlw7wG3gnuMBgohRZS70z21mMVme2tWm1y6igDYNZQIcK-bG5LapPvmSEQe2IhM_YZ5dAsjcW-csw&mlSearchSessionGuid=1b7cc668940b76fa3e0fc4ec179167ba";"4 комнатные";"https://www.cian.ru/kupit-4-komnatnuyu-kvartiru-moskovskaya-oblast/";"1383";"6";"25";"done";"";"2026-06-13 00:51:42";"2026-06-13 05:04:03";""
"cian";"cian_302837486";"302837486";"https://www.cian.ru/sale/flat/302837486/";"https://zvenigorod.cian.ru/sale/flat/302837486/?context=4.NNgZHbL7HDg.Ug9mRZo09QTuyys9vRJ3_K1n4OoylXsXD3wEWUmu3jeWPfnbd_sqVly9i14qgopX9NWmXcz0c4-t7w&mlSearchSessionGuid=1b7cc668940b76fa3e0fc4ec179167ba";"4 комнатные";"https://www.cian.ru/kupit-4-komnatnuyu-kvartiru-moskovskaya-oblast/";"1383";"6";"26";"done";"";"2026-06-13 00:51:42";"2026-06-13 05:04:18";""
"cian";"cian_330013861";"330013861";"https://www.cian.ru/sale/flat/330013861/";"https://dedovsk.cian.ru/sale/flat/330013861/?context=4.nGRUCszwST4.OawloTgG-JQoYRFPRLGnZrSBZaGKUZwmvTNo_DPGT-qt3FaBfeSpIynIUqQ4c8oavBdcegmvCq5ruA&mlSearchSessionGuid=1b7cc668940b76fa3e0fc4ec179167ba";"4 комнатные";"https://www.cian.ru/kupit-4-komnatnuyu-kvartiru-moskovskaya-oblast/";"1383";"6";"27";"done";"";"2026-06-13 00:51:42";"2026-06-13 05:04:33";""
"cian";"cian_327607520";"327607520";"https://www.cian.ru/sale/flat/327607520/";"https://pushkino.cian.ru/sale/flat/327607520/?context=4.HbkZ_bmk3-Q.RH2dK2393BGUyN28xg7E0ksb71kEt0ayYycMF_a9qi_bMA3dqc_X3i7f9CfO2-LS7iFifMKPFbmQRA&mlSearchSessionGuid=1b7cc668940b76fa3e0fc4ec179167ba";"4 комнатные";"https://www.cian.ru/kupit-4-komnatnuyu-kvartiru-moskovskaya-oblast/";"1383";"6";"28";"done";"";"2026-06-13 00:51:42";"2026-06-13 05:04:49";""
"cian";"cian_320964523";"320964523";"https://www.cian.ru/sale/flat/320964523/";"https://shchyolkovo.cian.ru/sale/flat/320964523/?context=4.0YrXflMmr-0.Gs_zwnIzlzhQzSeOO_Xa-bFAuZ3dWhTAcMdXNdUGrEqMFysJWxGsyFPj0eGbVIK9p7rRzHg4uL0juA&mlSearchSessionGuid=1b7cc668940b76fa3e0fc4ec179167ba";"4 комнатные";"https://www.cian.ru/kupit-4-komnatnuyu-kvartiru-moskovskaya-oblast/";"1383";"7";"1";"done";"";"2026-06-13 00:52:24";"2026-06-13 05:05:05";""
"cian";"cian_326792011";"326792011";"https://www.cian.ru/sale/flat/326792011/";"https://reutov.cian.ru/sale/flat/326792011/?context=4.GDeVW4mcvpo.N3UCBF0ga9gWZeOEeqnewoGbP5NDvxPL7f5_Ymrwge4YksipfpKBbZXeU4BN7X5r4b_oPoslhg0Z8Q&mlSearchSessionGuid=1b7cc668940b76fa3e0fc4ec179167ba";"4 комнатные";"https://www.cian.ru/kupit-4-komnatnuyu-kvartiru-moskovskaya-oblast/";"1383";"7";"3";"done";"";"2026-06-13 00:52:24";"2026-06-13 05:05:19";""
"cian";"cian_326367982";"326367982";"https://www.cian.ru/sale/flat/326367982/";"https://zvenigorod.cian.ru/sale/flat/326367982/?context=4.DxvMyMyKTeg.byN_b3hKjr5NIz05wAUebdcNVWg9Zxo-axx40yCr1k1toLMRRwpG2EC-UHt_APgYgeaf9iTIJyxBPw&mlSearchSessionGuid=1b7cc668940b76fa3e0fc4ec179167ba";"4 комнатные";"https://www.cian.ru/kupit-4-komnatnuyu-kvartiru-moskovskaya-oblast/";"1383";"7";"4";"done";"";"2026-06-13 00:52:24";"2026-06-13 05:05:35";""
"cian";"cian_312996948";"312996948";"https://www.cian.ru/sale/flat/312996948/";"https://mytishchi.cian.ru/sale/flat/312996948/?context=4._rVxUGv1G7M.0qJqxXKnZTrf-1lQq3rlD6ov0I5PMZYv8s_w1L14wNQBQa69xBLTrSuE5kiKRlzXu8_wIsfPsHN5Vg&mlSearchSessionGuid=1b7cc668940b76fa3e0fc4ec179167ba";"4 комнатные";"https://www.cian.ru/kupit-4-komnatnuyu-kvartiru-moskovskaya-oblast/";"1383";"7";"5";"done";"";"2026-06-13 00:52:24";"2026-06-13 05:05:49";""
"cian";"cian_320964435";"320964435";"https://www.cian.ru/sale/flat/320964435/";"https://shchyolkovo.cian.ru/sale/flat/320964435/?context=4.jw2Cb7tiOTc.TJjcJLS58NwJnTFgc606180rZcRjFImMZbXHBdbbcuew5w-q3RUgQxi8LhCQNiyX4je48xU3_YaRkw&mlSearchSessionGuid=1b7cc668940b76fa3e0fc4ec179167ba";"4 комнатные";"https://www.cian.ru/kupit-4-komnatnuyu-kvartiru-moskovskaya-oblast/";"1383";"7";"7";"done";"";"2026-06-13 00:52:24";"2026-06-13 05:06:04";""
"cian";"cian_324788403";"324788403";"https://www.cian.ru/sale/flat/324788403/";"https://lyubertsy.cian.ru/sale/flat/324788403/?context=4.L_66wQAX1PA.vul-6LLR_fkYR1LaKdSkMJ43FVF8l-ocCFC5mJX4Sink9d7xNEUvsmf6h9FIkNdL4PuylMy8eomOtQ&mlSearchSessionGuid=1b7cc668940b76fa3e0fc4ec179167ba";"4 комнатные";"https://www.cian.ru/kupit-4-komnatnuyu-kvartiru-moskovskaya-oblast/";"1383";"7";"8";"done";"";"2026-06-13 00:52:24";"2026-06-13 05:06:20";""
"cian";"cian_321480099";"321480099";"https://www.cian.ru/sale/flat/321480099/";"https://solnechnogorsk.cian.ru/sale/flat/321480099/?context=4.RuF6MT4ZUI0.76y79ARZS7DzsBQC_uxVeZ1RJLaq2sDmJTtkjAqv6TffPMQthaHw5gugCUw_btOT7b-pLWNjpkzoDg&mlSearchSessionGuid=1b7cc668940b76fa3e0fc4ec179167ba";"4 комнатные";"https://www.cian.ru/kupit-4-komnatnuyu-kvartiru-moskovskaya-oblast/";"1383";"7";"9";"done";"";"2026-06-13 00:52:24";"2026-06-13 05:06:35";""
"cian";"cian_325483280";"325483280";"https://www.cian.ru/sale/flat/325483280/";"https://krasnogorsk.cian.ru/sale/flat/325483280/?context=4.ACSpG4pvX7w.WKRwl6WmWp7CZIGhBOu_Jyem84nSbnGtTGxEmIP2Sen8dPzVmHKwz9_207p0FM4eIf8PuSiZgGmjlg&mlSearchSessionGuid=1b7cc668940b76fa3e0fc4ec179167ba";"4 комнатные";"https://www.cian.ru/kupit-4-komnatnuyu-kvartiru-moskovskaya-oblast/";"1383";"7";"10";"done";"";"2026-06-13 00:52:24";"2026-06-13 05:06:50";""
"cian";"cian_312543061";"312543061";"https://www.cian.ru/sale/flat/312543061/";"https://krasnogorsk.cian.ru/sale/flat/312543061/?context=4.3wOATD40mX8.uwmHlvShlnR1ox_NlMPuo945NLy6HUrUybMxWoZK05INqtnBZWX4IES7E4ijj1Xj888Tq4zyVnUpEw&mlSearchSessionGuid=1b7cc668940b76fa3e0fc4ec179167ba";"4 комнатные";"https://www.cian.ru/kupit-4-komnatnuyu-kvartiru-moskovskaya-oblast/";"1383";"7";"11";"done";"";"2026-06-13 00:52:24";"2026-06-13 05:07:03";""
"cian";"cian_326367824";"326367824";"https://www.cian.ru/sale/flat/326367824/";"https://zvenigorod.cian.ru/sale/flat/326367824/?context=4.kFI_gYi5Vos.WsElyJAbliWGIX9ksRwuSXllSTGbyYoAsW1O_pA8wdtHTBh1M3QSYntgJZopqcselDMuRtbdd5ILqA&mlSearchSessionGuid=1b7cc668940b76fa3e0fc4ec179167ba";"4 комнатные";"https://www.cian.ru/kupit-4-komnatnuyu-kvartiru-moskovskaya-oblast/";"1383";"7";"13";"done";"";"2026-06-13 00:52:24";"2026-06-13 05:07:17";""
"cian";"cian_330365108";"330365108";"https://www.cian.ru/sale/flat/330365108/";"https://khimki.cian.ru/sale/flat/330365108/?context=4.X6z5tHkJ4o4.x2vzDpPs2qtBCIcPuF8_mRdJQUK1vD57uw2SEz0b3ymyCJgZtic-S00_jFMfXU7uOjwTDt1CZ63dng&mlSearchSessionGuid=1b7cc668940b76fa3e0fc4ec179167ba";"4 комнатные";"https://www.cian.ru/kupit-4-komnatnuyu-kvartiru-moskovskaya-oblast/";"1383";"7";"14";"done";"";"2026-06-13 00:52:24";"2026-06-13 05:07:32";""
"cian";"cian_325100500";"325100500";"https://www.cian.ru/sale/flat/325100500/";"https://solnechnogorsk.cian.ru/sale/flat/325100500/?context=4.OpuCwx4CYEk._6DfK7Z-mIxOPT-8xWIASlKyM3dj-sya830FLQ5AKVQghToVl26Aq-pyuSjGauVFAJgl62VK3nBnUQ&mlSearchSessionGuid=1b7cc668940b76fa3e0fc4ec179167ba";"4 комнатные";"https://www.cian.ru/kupit-4-komnatnuyu-kvartiru-moskovskaya-oblast/";"1383";"7";"15";"done";"";"2026-06-13 00:52:24";"2026-06-13 05:07:47";""
"cian";"cian_329654700";"329654700";"https://www.cian.ru/sale/flat/329654700/";"https://vidnoye.cian.ru/sale/flat/329654700/?context=4.Hw1ev_O7Y9Y.-mfC-bMXZoe6Y4EfDtG5LuxckZu90beCsYhshAMSgd2_lriU6EDtb0Cci19A7l7SSCz9UQvT8Y4C_A&mlSearchSessionGuid=1b7cc668940b76fa3e0fc4ec179167ba";"4 комнатные";"https://www.cian.ru/kupit-4-komnatnuyu-kvartiru-moskovskaya-oblast/";"1383";"7";"16";"done";"";"2026-06-13 00:52:24";"2026-06-13 05:08:02";""
"cian";"cian_330262771";"330262771";"https://www.cian.ru/sale/flat/330262771/";"https://zvenigorod.cian.ru/sale/flat/330262771/?context=4.MKKo269oerY.S77eulOR1UIH_IKYQfUwQ0OSYZwZbAXudNmlAh8NWt3tGerBNvKgyrbymNWPxzAPKVclA7-fo8F8PA&mlSearchSessionGuid=1b7cc668940b76fa3e0fc4ec179167ba";"4 комнатные";"https://www.cian.ru/kupit-4-komnatnuyu-kvartiru-moskovskaya-oblast/";"1383";"7";"17";"done";"";"2026-06-13 00:52:24";"2026-06-13 05:08:18";""
"cian";"cian_330856099";"330856099";"https://www.cian.ru/sale/flat/330856099/";"https://zvenigorod.cian.ru/sale/flat/330856099/?context=4.E_g4UeESI8U.EBwzNl6Xsa9_Fp2aAvBkjv4HUYuwcWDI_3jPgBk4C8XlHPCDy6pDBYgBfBhhU04d6Fo6DlXYEBySTw&mlSearchSessionGuid=1b7cc668940b76fa3e0fc4ec179167ba";"4 комнатные";"https://www.cian.ru/kupit-4-komnatnuyu-kvartiru-moskovskaya-oblast/";"1383";"7";"18";"done";"";"2026-06-13 00:52:24";"2026-06-13 05:08:34";""
"cian";"cian_330465900";"330465900";"https://www.cian.ru/sale/flat/330465900/";"https://zvenigorod.cian.ru/sale/flat/330465900/?context=4.W4EzKuaL9Lw.QqH_IUNPyORRqBK1SFHxNSFsP7-Okis331gDlP62DvVAgDnAg1gW35mVWSyu7Q6Z8z1YjSZK37jjIQ&mlSearchSessionGuid=1b7cc668940b76fa3e0fc4ec179167ba";"4 комнатные";"https://www.cian.ru/kupit-4-komnatnuyu-kvartiru-moskovskaya-oblast/";"1383";"7";"19";"done";"";"2026-06-13 00:52:24";"2026-06-13 05:08:50";""
"cian";"cian_327784815";"327784815";"https://www.cian.ru/sale/flat/327784815/";"https://khimki.cian.ru/sale/flat/327784815/?context=4.z13jrqLOmCU.nTfECBlHEVTymF3dA-fJM7uEKgrzNBmodr-6V1tvN1WxAJWv-aLjls3BzY-JTZ0DFsZgwbK9BbmdKg&mlSearchSessionGuid=1b7cc668940b76fa3e0fc4ec179167ba";"4 комнатные";"https://www.cian.ru/kupit-4-komnatnuyu-kvartiru-moskovskaya-oblast/";"1383";"7";"20";"done";"";"2026-06-13 00:52:24";"2026-06-13 05:09:04";""
"cian";"cian_330379919";"330379919";"https://www.cian.ru/sale/flat/330379919/";"https://pushkino.cian.ru/sale/flat/330379919/?context=4.X2EedC2RZs4.izPEkJjDIr9yOR9Q7_yJASaOHfEKEZ7qYGzAFdoi_jNDsZeF7-rPUPzBpEpCIFrJZa5TeEPl2sVgWA&mlSearchSessionGuid=1b7cc668940b76fa3e0fc4ec179167ba";"4 комнатные";"https://www.cian.ru/kupit-4-komnatnuyu-kvartiru-moskovskaya-oblast/";"1383";"7";"21";"done";"";"2026-06-13 00:52:24";"2026-06-13 05:09:18";""
"cian";"cian_326367865";"326367865";"https://www.cian.ru/sale/flat/326367865/";"https://zvenigorod.cian.ru/sale/flat/326367865/?context=4.ha8d7RwwINc.QgOmnJgErtPAZEDgXjqCNFWnlASOsqQWU0tMjH0hCQVCQ1fNzZsi_43JBfasto4-ZTQO1s1rr5ArTA&mlSearchSessionGuid=1b7cc668940b76fa3e0fc4ec179167ba";"4 комнатные";"https://www.cian.ru/kupit-4-komnatnuyu-kvartiru-moskovskaya-oblast/";"1383";"7";"22";"done";"";"2026-06-13 00:52:24";"2026-06-13 05:09:33";""
"cian";"cian_328380154";"328380154";"https://www.cian.ru/sale/flat/328380154/";"https://lytkarino.cian.ru/sale/flat/328380154/?context=4.Mgzi_xEWGSo.N5UZvdFwjs-LlozSyKBddzZVs7QqZB-rLPZEemXI57KGC-XroStsZ3N3umQbtdHoUi01i1gtQ9R5zg&mlSearchSessionGuid=1b7cc668940b76fa3e0fc4ec179167ba";"4 комнатные";"https://www.cian.ru/kupit-4-komnatnuyu-kvartiru-moskovskaya-oblast/";"1383";"7";"23";"done";"";"2026-06-13 00:52:24";"2026-06-13 05:09:47";""
"cian";"cian_321186844";"321186844";"https://www.cian.ru/sale/flat/321186844/";"https://khimki.cian.ru/sale/flat/321186844/?context=4.8GwKLgbautg.87iCFKIs7l-prLtdTOnde7fswU1_8OWJuIbGFJeyxOQt3OYJHzTynnQb17BkQKg_2e6uFMQWr7P19A&mlSearchSessionGuid=1b7cc668940b76fa3e0fc4ec179167ba";"4 комнатные";"https://www.cian.ru/kupit-4-komnatnuyu-kvartiru-moskovskaya-oblast/";"1383";"7";"24";"done";"";"2026-06-13 00:52:24";"2026-06-13 05:10:02";""
"cian";"cian_329653628";"329653628";"https://www.cian.ru/sale/flat/329653628/";"https://vidnoye.cian.ru/sale/flat/329653628/?context=4.bO6AuIaVgg8.tu2nqcSyiXrGxHVAjUqHGDea8fELxGVhVVHY6OvvpnV8u7w_0_ANR8qUx9xqfInBpI3JcptwucOECQ&mlSearchSessionGuid=1b7cc668940b76fa3e0fc4ec179167ba";"4 комнатные";"https://www.cian.ru/kupit-4-komnatnuyu-kvartiru-moskovskaya-oblast/";"1383";"7";"25";"done";"";"2026-06-13 00:52:24";"2026-06-13 05:10:17";""
"cian";"cian_329397407";"329397407";"https://www.cian.ru/sale/flat/329397407/";"https://zhukovsky.cian.ru/sale/flat/329397407/?context=4.xiTBdCtv2TA.-Gn-Gb9QOZ2kTsJ1m8SepHpD65w3s9Yc_2Q9vlM1DWDRhBnlRJgP5V1JF111O8CRx13TFiFLmUlaPQ&mlSearchSessionGuid=1b7cc668940b76fa3e0fc4ec179167ba";"4 комнатные";"https://www.cian.ru/kupit-4-komnatnuyu-kvartiru-moskovskaya-oblast/";"1383";"7";"26";"done";"";"2026-06-13 00:52:24";"2026-06-13 05:10:31";""
"cian";"cian_330622844";"330622844";"https://www.cian.ru/sale/flat/330622844/";"https://lyubertsy.cian.ru/sale/flat/330622844/?context=4.K1kSnQ-38II.lWdE4da0CYavZuWJV9rdaadK1PN-9zgj7WgTiJPheZ3NJRmBSOZVPN6EOgS4TFwOvx71yh_zu6di3A&mlSearchSessionGuid=1b7cc668940b76fa3e0fc4ec179167ba";"4 комнатные";"https://www.cian.ru/kupit-4-komnatnuyu-kvartiru-moskovskaya-oblast/";"1383";"7";"27";"done";"";"2026-06-13 00:52:24";"2026-06-13 05:10:47";""
"cian";"cian_329678489";"329678489";"https://www.cian.ru/sale/flat/329678489/";"https://balashikha.cian.ru/sale/flat/329678489/?context=4.bIZ42-O0JzM.G9nhbS5eCcsD24d7JiHe20lzuev37xlQTBb8fbioqWc8uYxYXqf7-JFvYRemdPwOozlt95XGRMBWYw&mlSearchSessionGuid=1b7cc668940b76fa3e0fc4ec179167ba";"4 комнатные";"https://www.cian.ru/kupit-4-komnatnuyu-kvartiru-moskovskaya-oblast/";"1383";"7";"28";"done";"";"2026-06-13 00:52:24";"2026-06-13 05:11:02";""
"cian";"cian_326367908";"326367908";"https://www.cian.ru/sale/flat/326367908/";"https://zvenigorod.cian.ru/sale/flat/326367908/?context=4.RFDn3QAw_bQ.MbfWEO9A-KIcQ3bG0_wUutbzIs4NJajf4NsHchPF96SEUIPZQxd8h7VFGMv72icon_gwDYl-yYYcWQ&mlSearchSessionGuid=1b7cc668940b76fa3e0fc4ec179167ba";"4 комнатные";"https://www.cian.ru/kupit-4-komnatnuyu-kvartiru-moskovskaya-oblast/";"1383";"8";"2";"done";"";"2026-06-13 00:53:10";"2026-06-13 05:11:18";""
"cian";"cian_330194101";"330194101";"https://www.cian.ru/sale/flat/330194101/";"https://dzerzhinsky.cian.ru/sale/flat/330194101/?context=4.dsq53BGsDXY.SnXbSkSLtEIylDvp9Du6Hjlh1H2AuxBZbuT_WdOXInOEifV3eDLY6nNyNUrgFqvV0VVhJZYv7UUcpg&mlSearchSessionGuid=1b7cc668940b76fa3e0fc4ec179167ba";"4 комнатные";"https://www.cian.ru/kupit-4-komnatnuyu-kvartiru-moskovskaya-oblast/";"1383";"8";"3";"done";"";"2026-06-13 00:53:10";"2026-06-13 05:11:33";""
"cian";"cian_326010399";"326010399";"https://www.cian.ru/sale/flat/326010399/";"https://balashikha.cian.ru/sale/flat/326010399/?context=4.tqOPv7btLK4._KQfSOJfl_rUIiufy06YgCROpvWNm1nUSGKeYFmTpJk22f05yLFALEUglQbMQXcaSM2kqkD9OpBQoA&mlSearchSessionGuid=1b7cc668940b76fa3e0fc4ec179167ba";"4 комнатные";"https://www.cian.ru/kupit-4-komnatnuyu-kvartiru-moskovskaya-oblast/";"1383";"8";"5";"done";"";"2026-06-13 00:53:10";"2026-06-13 05:11:48";""
"cian";"cian_330999632";"330999632";"https://www.cian.ru/sale/flat/330999632/";"https://ramenskoye.cian.ru/sale/flat/330999632/?context=4.fRJBQqzdy4I._rhmsS10MrJU5tvqpwUH5RECylXABlMbG-TYdJPTSXOoYm8GGC9qKlFHVuMrCLbEctsdFBIszMpy_g&mlSearchSessionGuid=1b7cc668940b76fa3e0fc4ec179167ba";"4 комнатные";"https://www.cian.ru/kupit-4-komnatnuyu-kvartiru-moskovskaya-oblast/";"1383";"8";"6";"done";"";"2026-06-13 00:53:10";"2026-06-13 05:12:03";""
"cian";"cian_329222741";"329222741";"https://www.cian.ru/sale/flat/329222741/";"https://korolev.cian.ru/sale/flat/329222741/?context=4.0F1KQY4Z0vQ.wJq1y1YE9BZ9DSKQhT5Fdyzt2Vatg3IpJPDPJND32S6UOa7zV4Zat0EUcGcX5u9kBIt7A6-RdUeTTg&mlSearchSessionGuid=1b7cc668940b76fa3e0fc4ec179167ba";"4 комнатные";"https://www.cian.ru/kupit-4-komnatnuyu-kvartiru-moskovskaya-oblast/";"1383";"8";"7";"done";"";"2026-06-13 00:53:10";"2026-06-13 05:12:19";""
"cian";"cian_329654686";"329654686";"https://www.cian.ru/sale/flat/329654686/";"https://vidnoye.cian.ru/sale/flat/329654686/?context=4.LJokCBAGTTI.OIKaXEc9XuTTGJDpaz9C_2WDzrblatkCq19aAGCJb8w_0AuvJ--V2kqDBkPY_Cj9F-a8OM88DXt6-g&mlSearchSessionGuid=1b7cc668940b76fa3e0fc4ec179167ba";"4 комнатные";"https://www.cian.ru/kupit-4-komnatnuyu-kvartiru-moskovskaya-oblast/";"1383";"8";"8";"done";"";"2026-06-13 00:53:10";"2026-06-13 05:12:36";""
"cian";"cian_330537625";"330537625";"https://www.cian.ru/sale/flat/330537625/";"https://khimki.cian.ru/sale/flat/330537625/?context=4.UKsS_QomtDA.6MMkI6nEcQKWHDw268GJOdgTWMY3FUVJxvCzGOBL9dtqxajYOmmuTVRi7ytwWplor3LPynd1Jz2zxg&mlSearchSessionGuid=1b7cc668940b76fa3e0fc4ec179167ba";"4 комнатные";"https://www.cian.ru/kupit-4-komnatnuyu-kvartiru-moskovskaya-oblast/";"1383";"8";"9";"done";"";"2026-06-13 00:53:10";"2026-06-13 05:12:49";""
"cian";"cian_330162060";"330162060";"https://www.cian.ru/sale/flat/330162060/";"https://podolsk.cian.ru/sale/flat/330162060/?context=4.rWl1_Bha4ZM.jXq1r8wiNfGqeuDs8A4-3KvnzqfIwO21lvEy3EvPpoce436jGl0PnDriKFhfqL-dOqt5tpW8hVkrnw&mlSearchSessionGuid=1b7cc668940b76fa3e0fc4ec179167ba";"4 комнатные";"https://www.cian.ru/kupit-4-komnatnuyu-kvartiru-moskovskaya-oblast/";"1383";"8";"10";"done";"";"2026-06-13 00:53:10";"2026-06-13 05:13:04";""
"cian";"cian_326367829";"326367829";"https://www.cian.ru/sale/flat/326367829/";"https://zvenigorod.cian.ru/sale/flat/326367829/?context=4.-ll_aNOyo1Q.8xmTDv1HYI7vptT6k2VVXA4G1clfPk6QJGj9LHiU-m08xwp9OtC5n1ozOgVGQ2trZR5Q8SuY6FA4Tw&mlSearchSessionGuid=1b7cc668940b76fa3e0fc4ec179167ba";"4 комнатные";"https://www.cian.ru/kupit-4-komnatnuyu-kvartiru-moskovskaya-oblast/";"1383";"8";"11";"done";"";"2026-06-13 00:53:10";"2026-06-13 05:13:18";""
"cian";"cian_330070618";"330070618";"https://www.cian.ru/sale/flat/330070618/";"https://zhukovsky.cian.ru/sale/flat/330070618/?context=4.zJoadjleghs._sMb86zvaGbfHHTDPqjF2WZXHMc5Uo4bzlHAh-liIOIFk7rQ2hGjqfIxyNB-u43uZvb08uheTBb7cg&mlSearchSessionGuid=1b7cc668940b76fa3e0fc4ec179167ba";"4 комнатные";"https://www.cian.ru/kupit-4-komnatnuyu-kvartiru-moskovskaya-oblast/";"1383";"8";"13";"done";"";"2026-06-13 00:53:10";"2026-06-13 05:13:34";""
"cian";"cian_331001589";"331001589";"https://www.cian.ru/sale/flat/331001589/";"https://zvenigorod.cian.ru/sale/flat/331001589/?context=4.l3Slk1Z176U.fbB7jjIhDIG6d1FiH3FWBXdzmHqgb5-RlF05zsaaps21y8abdFkEyc7la38Fn8smVps2ao577Acorw&mlSearchSessionGuid=1b7cc668940b76fa3e0fc4ec179167ba";"4 комнатные";"https://www.cian.ru/kupit-4-komnatnuyu-kvartiru-moskovskaya-oblast/";"1383";"8";"14";"done";"";"2026-06-13 00:53:10";"2026-06-13 05:13:49";""
"cian";"cian_325160520";"325160520";"https://www.cian.ru/sale/flat/325160520/";"https://khimki.cian.ru/sale/flat/325160520/?context=4.jwda7vTkJTs.UjXMoj7HuAQytHnXh6AwM3eQF-qBAO6kXqpgshUN4x50DtyAQtdqRGH-Fs669Pq5EYPTqGG5t5QLhw&mlSearchSessionGuid=1b7cc668940b76fa3e0fc4ec179167ba";"4 комнатные";"https://www.cian.ru/kupit-4-komnatnuyu-kvartiru-moskovskaya-oblast/";"1383";"8";"15";"done";"";"2026-06-13 00:53:10";"2026-06-13 05:14:03";""
"cian";"cian_295795158";"295795158";"https://www.cian.ru/sale/flat/295795158/";"https://ramenskoye.cian.ru/sale/flat/295795158/?context=4.BhzUz2kqbB8.uUncOEWPmdkTUAeXvovjmBILtiFJXJ40mDFKJvMAndhXmeUFGrQkThfRb_Z1FXTMVztY-_dxrhdYsA&mlSearchSessionGuid=1b7cc668940b76fa3e0fc4ec179167ba";"4 комнатные";"https://www.cian.ru/kupit-4-komnatnuyu-kvartiru-moskovskaya-oblast/";"1383";"8";"16";"done";"";"2026-06-13 00:53:10";"2026-06-13 05:14:19";""
"cian";"cian_326010260";"326010260";"https://www.cian.ru/sale/flat/326010260/";"https://balashikha.cian.ru/sale/flat/326010260/?context=4.rKawJITBgeA.wV6XDUCFdqGJDB-AyKc-HUtSz17arfNu5_jEzAJZjsjRFk5tGhJw1ts69OLSxN9jg_g5dCdsn6PytQ&mlSearchSessionGuid=1b7cc668940b76fa3e0fc4ec179167ba";"4 комнатные";"https://www.cian.ru/kupit-4-komnatnuyu-kvartiru-moskovskaya-oblast/";"1383";"8";"17";"done";"";"2026-06-13 00:53:10";"2026-06-13 05:14:33";""
"cian";"cian_329849483";"329849483";"https://www.cian.ru/sale/flat/329849483/";"https://lyubertsy.cian.ru/sale/flat/329849483/?context=4.D2UGn53ZMmA.48hRD_3q91fZH2LUf1aoURwugH9IG_AetxPQ0jiBxE1SSex8J3qMOPhbkDTvhYsz7SiO83YQCLBhLQ&mlSearchSessionGuid=1b7cc668940b76fa3e0fc4ec179167ba";"4 комнатные";"https://www.cian.ru/kupit-4-komnatnuyu-kvartiru-moskovskaya-oblast/";"1383";"8";"18";"done";"";"2026-06-13 00:53:10";"2026-06-13 05:14:45";""
"cian";"cian_330684920";"330684920";"https://www.cian.ru/sale/flat/330684920/";"https://krasnogorsk.cian.ru/sale/flat/330684920/?context=4.jNz7EnZynw8.iMGUTO2D68GPRb1jmtJc6P0SDdWqs4RAzQ3znAUAmT1tFA6dW-HRDdjAgVcoi2QRWyrMbmVcBMXorw&mlSearchSessionGuid=1b7cc668940b76fa3e0fc4ec179167ba";"4 комнатные";"https://www.cian.ru/kupit-4-komnatnuyu-kvartiru-moskovskaya-oblast/";"1383";"8";"19";"done";"";"2026-06-13 00:53:10";"2026-06-13 05:15:00";""
"cian";"cian_326367828";"326367828";"https://www.cian.ru/sale/flat/326367828/";"https://zvenigorod.cian.ru/sale/flat/326367828/?context=4.F7lmgysOMQk.aQXEiv1ibzNuCT92M0c45GPsEFTfWmx1LTHICR2q6FMOGEY2Qux2sif-a7WEhDbenrnBqPvnCJ5OPQ&mlSearchSessionGuid=1b7cc668940b76fa3e0fc4ec179167ba";"4 комнатные";"https://www.cian.ru/kupit-4-komnatnuyu-kvartiru-moskovskaya-oblast/";"1383";"8";"20";"done";"";"2026-06-13 00:53:10";"2026-06-13 05:15:16";""
"cian";"cian_330463681";"330463681";"https://www.cian.ru/sale/flat/330463681/";"https://yakhroma.cian.ru/sale/flat/330463681/?context=4.y41P692Ou6Q.Kb6j-g-NxlrM0PncAE2KDlYX55hYKi1RUmdn1_BWdIMxXqbvoz_7hdOA_GBZaL1gJcgpEFeBJqwOFA&mlSearchSessionGuid=1b7cc668940b76fa3e0fc4ec179167ba";"4 комнатные";"https://www.cian.ru/kupit-4-komnatnuyu-kvartiru-moskovskaya-oblast/";"1383";"8";"21";"done";"";"2026-06-13 00:53:10";"2026-06-13 05:15:31";""
"cian";"cian_330560613";"330560613";"https://www.cian.ru/sale/flat/330560613/";"https://krasnogorsk.cian.ru/sale/flat/330560613/?context=4.FHLuRm8pDPw.rBotlXB9I7FDktV15j-W0zg1T7lpzfFMoDF55jWVwlMza46Qh9JB0MQGfwIFvU54ariI9Y4wD6GCJw&mlSearchSessionGuid=1b7cc668940b76fa3e0fc4ec179167ba";"4 комнатные";"https://www.cian.ru/kupit-4-komnatnuyu-kvartiru-moskovskaya-oblast/";"1383";"8";"22";"done";"";"2026-06-13 00:53:10";"2026-06-13 05:15:45";""
"cian";"cian_327976252";"327976252";"https://www.cian.ru/sale/flat/327976252/";"https://zvenigorod.cian.ru/sale/flat/327976252/?context=4.gZX9ilDtQUo.EZZpxCBEG9fvJ5CEuEGIssXpmOx-QPX0Pj-2F5mv0QhsHe-IOWplG2sCk23ERYDG7MCBDw1KggYvhg&mlSearchSessionGuid=1b7cc668940b76fa3e0fc4ec179167ba";"4 комнатные";"https://www.cian.ru/kupit-4-komnatnuyu-kvartiru-moskovskaya-oblast/";"1383";"8";"23";"done";"";"2026-06-13 00:53:10";"2026-06-13 05:15:59";""
"cian";"cian_328370085";"328370085";"https://www.cian.ru/sale/flat/328370085/";"https://aprelevka.cian.ru/sale/flat/328370085/?context=4.2WUvo6L5Ymc.hl2Jup9AhtqdMzBk1ll7QMRuxdU5EXmn-Zm1hEshVhGKloKafCY_3MqfnljIlXrrxzDEb9ZM1tQTvA&mlSearchSessionGuid=1b7cc668940b76fa3e0fc4ec179167ba";"4 комнатные";"https://www.cian.ru/kupit-4-komnatnuyu-kvartiru-moskovskaya-oblast/";"1383";"8";"24";"done";"";"2026-06-13 00:53:10";"2026-06-13 05:16:14";""
"cian";"cian_327852754";"327852754";"https://www.cian.ru/sale/flat/327852754/";"https://korolev.cian.ru/sale/flat/327852754/?context=4.I_VGWZBaEgw.Q2qC5w3PzCCXsklCVHRc-NaXwqTRGoUponAF7n8OeEgFd2Ul20FNmcz1gTBnM_7ZJdVv4_sPqMjVrg&mlSearchSessionGuid=1b7cc668940b76fa3e0fc4ec179167ba";"4 комнатные";"https://www.cian.ru/kupit-4-komnatnuyu-kvartiru-moskovskaya-oblast/";"1383";"8";"25";"done";"";"2026-06-13 00:53:10";"2026-06-13 05:16:29";""
"cian";"cian_313662594";"313662594";"https://www.cian.ru/sale/flat/313662594/";"https://korolev.cian.ru/sale/flat/313662594/?context=4.7h5mCI66qyU.HmtYriccFtuqib7FjABd5aZOV-UpYLvhkGojlZ_GDpVH6feAcB4FyndSPkDgQk4Aw8rOqsqEF6xfXw&mlSearchSessionGuid=1b7cc668940b76fa3e0fc4ec179167ba";"4 комнатные";"https://www.cian.ru/kupit-4-komnatnuyu-kvartiru-moskovskaya-oblast/";"1383";"8";"26";"done";"";"2026-06-13 00:53:10";"2026-06-13 05:16:44";""
"cian";"cian_330172520";"330172520";"https://www.cian.ru/sale/flat/330172520/";"https://lytkarino.cian.ru/sale/flat/330172520/?context=4.nu4Unfwooa4.WCfGu_NMhRzLlC1b-mq8jHaiOjtF0r6OTvLbBszSTlh3VJi6xPfiRoTPrqJS1J-_zUOiMdBk3ZkTbA&mlSearchSessionGuid=1b7cc668940b76fa3e0fc4ec179167ba";"4 комнатные";"https://www.cian.ru/kupit-4-komnatnuyu-kvartiru-moskovskaya-oblast/";"1383";"8";"27";"done";"";"2026-06-13 00:53:10";"2026-06-13 05:16:58";""
"cian";"cian_325201743";"325201743";"https://www.cian.ru/sale/flat/325201743/";"https://krasnogorsk.cian.ru/sale/flat/325201743/?context=4.ktol8812sSU.HwnGs0Wctksofg-LLBzWIv_jjKprnHLhN9XRnx2fv5WoSvrSoPaBZd798GckTJ-8pXawqFgGdu2MPQ&mlSearchSessionGuid=1b7cc668940b76fa3e0fc4ec179167ba";"4 комнатные";"https://www.cian.ru/kupit-4-komnatnuyu-kvartiru-moskovskaya-oblast/";"1383";"8";"28";"done";"";"2026-06-13 00:53:10";"2026-06-13 05:17:13";""
"cian";"cian_301556363";"301556363";"https://www.cian.ru/sale/flat/301556363/";"https://zvenigorod.cian.ru/sale/flat/301556363/?context=4.rWZk-pA65lM.WscXm8L0ZS47JP5FLxtvGIyiwy8O-CMAvZ8QE77LVUU1qYI0SqBzts7zHgAKYEgQQnNNIKdw9rIWBA&mlSearchSessionGuid=1b7cc668940b76fa3e0fc4ec179167ba";"4 комнатные";"https://www.cian.ru/kupit-4-komnatnuyu-kvartiru-moskovskaya-oblast/";"1383";"9";"1";"done";"";"2026-06-13 00:53:51";"2026-06-13 05:17:29";""
"cian";"cian_326470519";"326470519";"https://www.cian.ru/sale/flat/326470519/";"https://khimki.cian.ru/sale/flat/326470519/?context=4.vgLzRJBYDGU.qoV4Vj2C9LKYtFP7CmcNTJFQpt3irKxcOr7ekL-UrDILBp9fl6SN0IDjT5fg3_715rets1FeMaqPjA&mlSearchSessionGuid=1b7cc668940b76fa3e0fc4ec179167ba";"4 комнатные";"https://www.cian.ru/kupit-4-komnatnuyu-kvartiru-moskovskaya-oblast/";"1383";"9";"2";"done";"";"2026-06-13 00:53:51";"2026-06-13 05:17:44";""
"cian";"cian_329761225";"329761225";"https://www.cian.ru/sale/flat/329761225/";"https://balashikha.cian.ru/sale/flat/329761225/?context=4.evhhTjmNJOU.0Zm5pbcSt-AaspBifiK-OzSOKkZ7XuUzabjwidXxseQZiPTtvA_wR8KLB_EBFgoGDfE_S_xVXhzQrw&mlSearchSessionGuid=1b7cc668940b76fa3e0fc4ec179167ba";"4 комнатные";"https://www.cian.ru/kupit-4-komnatnuyu-kvartiru-moskovskaya-oblast/";"1383";"9";"4";"done";"";"2026-06-13 00:53:51";"2026-06-13 05:18:00";""
"cian";"cian_327480463";"327480463";"https://www.cian.ru/sale/flat/327480463/";"https://lyubertsy.cian.ru/sale/flat/327480463/?context=4.YHQoQsslLBo.b0hEEASnDfoMwp2Bahrrce9_shCGJofN7419FJDdX6YXk3kVxTL-rzkvgMEPo6CgQJBqNZgrD1byag&mlSearchSessionGuid=1b7cc668940b76fa3e0fc4ec179167ba";"4 комнатные";"https://www.cian.ru/kupit-4-komnatnuyu-kvartiru-moskovskaya-oblast/";"1383";"9";"6";"done";"";"2026-06-13 00:53:51";"2026-06-13 05:18:16";""
"cian";"cian_329822717";"329822717";"https://www.cian.ru/sale/flat/329822717/";"https://vidnoye.cian.ru/sale/flat/329822717/?context=4.84PfiZtuLGU.zY4-uAg6onbqmYUpUAbQpjNVh7kUpWMhQTacNwzJulKcPXREzhYIK8lBdWlQRhi8oJ4b-WxXBJd8HA&mlSearchSessionGuid=1b7cc668940b76fa3e0fc4ec179167ba";"4 комнатные";"https://www.cian.ru/kupit-4-komnatnuyu-kvartiru-moskovskaya-oblast/";"1383";"9";"7";"done";"";"2026-06-13 00:53:51";"2026-06-13 05:18:31";""
"cian";"cian_321617991";"321617991";"https://www.cian.ru/sale/flat/321617991/";"https://krasnogorsk.cian.ru/sale/flat/321617991/?context=4.SN3PyU_OMow.zG7qu4F1cWSXS6_7BbCE-_eO866mEWPa-ymy9uz0WubNT2GVSIs0XtWDzMW--qiiEnEvdHerMm-Svw&mlSearchSessionGuid=1b7cc668940b76fa3e0fc4ec179167ba";"4 комнатные";"https://www.cian.ru/kupit-4-komnatnuyu-kvartiru-moskovskaya-oblast/";"1383";"9";"8";"done";"";"2026-06-13 00:53:51";"2026-06-13 05:18:46";""
"cian";"cian_328384254";"328384254";"https://www.cian.ru/sale/flat/328384254/";"https://krasnogorsk.cian.ru/sale/flat/328384254/?context=4.hX9SJM-Ke9Y.m14hNtGC0UaHhbzZghmKGmSlxkRdv3jsdK4Gg5-NpJXxES-hxdn42YniH4lAW97dqqMbtFZbqc53aw&mlSearchSessionGuid=1b7cc668940b76fa3e0fc4ec179167ba";"4 комнатные";"https://www.cian.ru/kupit-4-komnatnuyu-kvartiru-moskovskaya-oblast/";"1383";"9";"9";"done";"";"2026-06-13 00:53:51";"2026-06-13 05:19:01";""
"cian";"cian_302837528";"302837528";"https://www.cian.ru/sale/flat/302837528/";"https://zvenigorod.cian.ru/sale/flat/302837528/?context=4.5xXUxwLWohE.28ItVcC-wczq9YCzweCxDu2s-FotrrgSvcHjId5HMtICSXuOV0PKoc9dExEcDX2yx5L7N-LAXV2hjw&mlSearchSessionGuid=1b7cc668940b76fa3e0fc4ec179167ba";"4 комнатные";"https://www.cian.ru/kupit-4-komnatnuyu-kvartiru-moskovskaya-oblast/";"1383";"9";"10";"done";"";"2026-06-13 00:53:51";"2026-06-13 05:19:17";""
"cian";"cian_324743177";"324743177";"https://www.cian.ru/sale/flat/324743177/";"https://odintsovo.cian.ru/sale/flat/324743177/?context=4.q3PE0qUkrOQ.JxY7P77AxV-41BqFhTu9QNlhIaQky66GB77iG9dD8gpG9NpqX_pGIddeVZ6avguv-IpzwKHkATY4sA&mlSearchSessionGuid=1b7cc668940b76fa3e0fc4ec179167ba";"4 комнатные";"https://www.cian.ru/kupit-4-komnatnuyu-kvartiru-moskovskaya-oblast/";"1383";"9";"11";"done";"";"2026-06-13 00:53:51";"2026-06-13 05:19:33";""
"cian";"cian_326010580";"326010580";"https://www.cian.ru/sale/flat/326010580/";"https://balashikha.cian.ru/sale/flat/326010580/?context=4.Geow8hFfd74.Q9jyfbSLtLqqeP-g-rxTHvA9rutpnNWF3Zl1afrHJLk748EaulvHZWrzHLmlbdspa3QuuxHDVwHVtQ&mlSearchSessionGuid=1b7cc668940b76fa3e0fc4ec179167ba";"4 комнатные";"https://www.cian.ru/kupit-4-komnatnuyu-kvartiru-moskovskaya-oblast/";"1383";"9";"13";"done";"";"2026-06-13 00:53:51";"2026-06-13 05:19:48";""
"cian";"cian_330059826";"330059826";"https://www.cian.ru/sale/flat/330059826/";"https://ramenskoye.cian.ru/sale/flat/330059826/?context=4.Gii6V0OnbP4.-gB013zvEwjRrSN4zoGK6QsNi5TVVG3PNABfJeLzj94DUsDwZAWknLmK_ihnxPih1Ag-Dd76RscPPg&mlSearchSessionGuid=1b7cc668940b76fa3e0fc4ec179167ba";"4 комнатные";"https://www.cian.ru/kupit-4-komnatnuyu-kvartiru-moskovskaya-oblast/";"1383";"9";"14";"done";"";"2026-06-13 00:53:51";"2026-06-13 05:20:04";""
"cian";"cian_330555909";"330555909";"https://www.cian.ru/sale/flat/330555909/";"https://mytishchi.cian.ru/sale/flat/330555909/?context=4.bEplnS00trg.owOb-H8KrSnP8HBVJitu2lj5lKFleTI3H7USYDzGsKNCwZv9waRxjfbqnWqXrKfh3a7V3Oq0sgNQog&mlSearchSessionGuid=1b7cc668940b76fa3e0fc4ec179167ba";"4 комнатные";"https://www.cian.ru/kupit-4-komnatnuyu-kvartiru-moskovskaya-oblast/";"1383";"9";"15";"done";"";"2026-06-13 00:53:51";"2026-06-13 05:20:20";""
"cian";"cian_329550856";"329550856";"https://www.cian.ru/sale/flat/329550856/";"https://mytishchi.cian.ru/sale/flat/329550856/?context=4.vnlwuX159V4.T3mOzAlcu9LknuEFgkCENEmDnDHILjymDKIfR9HApLNP3A-b_m5jbVP_B8ryzV8OBCR-StnqIzEOCA&mlSearchSessionGuid=1b7cc668940b76fa3e0fc4ec179167ba";"4 комнатные";"https://www.cian.ru/kupit-4-komnatnuyu-kvartiru-moskovskaya-oblast/";"1383";"9";"16";"done";"";"2026-06-13 00:53:51";"2026-06-13 05:20:34";""
"cian";"cian_330067908";"330067908";"https://www.cian.ru/sale/flat/330067908/";"https://pushkino.cian.ru/sale/flat/330067908/?context=4.F_JyknhBJQU.-Ix_hnPXni1xad50DKnph5Kc0PwVWtbOYv5qksXSzs30yN_lFZGO2c-NCA_YlZp_er93kdQp-mF9dA&mlSearchSessionGuid=1b7cc668940b76fa3e0fc4ec179167ba";"4 комнатные";"https://www.cian.ru/kupit-4-komnatnuyu-kvartiru-moskovskaya-oblast/";"1383";"9";"17";"done";"";"2026-06-13 00:53:51";"2026-06-13 05:20:49";""
"cian";"cian_329536378";"329536378";"https://www.cian.ru/sale/flat/329536378/";"https://dedovsk.cian.ru/sale/flat/329536378/?context=4.Kb9K-YhmzAk._H3cr9lYfOzrDvb4-0ocJnVsAxEDy68Sh3t7LUmjxeXdDU_A-7_6l1nh4y304lR0N2l8SFV77UEFaQ&mlSearchSessionGuid=1b7cc668940b76fa3e0fc4ec179167ba";"4 комнатные";"https://www.cian.ru/kupit-4-komnatnuyu-kvartiru-moskovskaya-oblast/";"1383";"9";"18";"done";"";"2026-06-13 00:53:51";"2026-06-13 05:21:03";""
"cian";"cian_302837243";"302837243";"https://www.cian.ru/sale/flat/302837243/";"https://zvenigorod.cian.ru/sale/flat/302837243/?context=4._6gHdSjf_L4.ym5wk13vJjlav2YBZJ-PCBaVqWHVlP_DWj9ag8nNgHQnyE3yKawUQmHyO33ywAGQMCef62RjN8e-eg&mlSearchSessionGuid=1b7cc668940b76fa3e0fc4ec179167ba";"4 комнатные";"https://www.cian.ru/kupit-4-komnatnuyu-kvartiru-moskovskaya-oblast/";"1383";"9";"19";"done";"";"2026-06-13 00:53:51";"2026-06-13 05:21:20";""
"cian";"cian_307458411";"307458411";"https://www.cian.ru/sale/flat/307458411/";"https://lyubertsy.cian.ru/sale/flat/307458411/?context=4.mwE2Y5sY0kM.680_isZBcMthkrKB_UhBMzlALgjccDCX2Jg_woPSSKqBqHpkJ5Sd_HRmXoLibREhs4od_vXeF1AEdw&mlSearchSessionGuid=1b7cc668940b76fa3e0fc4ec179167ba";"4 комнатные";"https://www.cian.ru/kupit-4-komnatnuyu-kvartiru-moskovskaya-oblast/";"1383";"9";"20";"done";"";"2026-06-13 00:53:51";"2026-06-13 05:21:34";""
"cian";"cian_330348502";"330348502";"https://www.cian.ru/sale/flat/330348502/";"https://khimki.cian.ru/sale/flat/330348502/?context=4.O1RTGV_d3Do.psgkYKtiwlfpZjLRok8ge5x6GUHEOm_U1iZlAMm7NAqHl1GI5yhq2qvTP6SzJ7mKDrK2RDPDLAEhwQ&mlSearchSessionGuid=1b7cc668940b76fa3e0fc4ec179167ba";"4 комнатные";"https://www.cian.ru/kupit-4-komnatnuyu-kvartiru-moskovskaya-oblast/";"1383";"9";"21";"done";"";"2026-06-13 00:53:51";"2026-06-13 05:21:50";""
"cian";"cian_326010560";"326010560";"https://www.cian.ru/sale/flat/326010560/";"https://balashikha.cian.ru/sale/flat/326010560/?context=4.1PKjoKHEQg0.kUxGsixq7D8hgNWFO_KF1htC__RwExotFa2b0qMyZEKdfhQzKcYQTQp1YgqnlYQLRZ3nTh7g5bwqjg&mlSearchSessionGuid=1b7cc668940b76fa3e0fc4ec179167ba";"4 комнатные";"https://www.cian.ru/kupit-4-komnatnuyu-kvartiru-moskovskaya-oblast/";"1383";"9";"22";"done";"";"2026-06-13 00:53:51";"2026-06-13 05:22:04";""
"cian";"cian_330216724";"330216724";"https://www.cian.ru/sale/flat/330216724/";"https://khimki.cian.ru/sale/flat/330216724/?context=4.MAhIdSKNw2E.nHR7nNQFhvWk0pGpGgbZD4DX1jkPvfNLNjB4OMBnV0VgxuDRmdRwXKlnp3C3Ye99pZLVz4AYdywgRQ&mlSearchSessionGuid=1b7cc668940b76fa3e0fc4ec179167ba";"4 комнатные";"https://www.cian.ru/kupit-4-komnatnuyu-kvartiru-moskovskaya-oblast/";"1383";"9";"23";"done";"";"2026-06-13 00:53:51";"2026-06-13 05:22:19";""
"cian";"cian_330308390";"330308390";"https://www.cian.ru/sale/flat/330308390/";"https://serpukhov.cian.ru/sale/flat/330308390/?context=4.U7a9Crfvasw.xDr8P15mJph0XiqTf7C9JbVcqrsR5Frz_Jiz2d-hVkx_08iQ9zXhylvBWDuB2HMzD1PrvdQhNBx1DQ&mlSearchSessionGuid=1b7cc668940b76fa3e0fc4ec179167ba";"4 комнатные";"https://www.cian.ru/kupit-4-komnatnuyu-kvartiru-moskovskaya-oblast/";"1383";"9";"24";"done";"";"2026-06-13 00:53:51";"2026-06-13 05:22:34";""
"cian";"cian_328227418";"328227418";"https://www.cian.ru/sale/flat/328227418/";"https://krasnogorsk.cian.ru/sale/flat/328227418/?context=4.Tn63ujMe9NI.Lb3n_YMHirSme3BbrCYe9uL2s0yF7NEyH3LPOOyQ5SnlxIkp8VOJ6BIOb2vyTELCadKH1IQV73Gm1Q&mlSearchSessionGuid=1b7cc668940b76fa3e0fc4ec179167ba";"4 комнатные";"https://www.cian.ru/kupit-4-komnatnuyu-kvartiru-moskovskaya-oblast/";"1383";"9";"25";"done";"";"2026-06-13 00:53:51";"2026-06-13 05:22:48";""
"cian";"cian_326594092";"326594092";"https://www.cian.ru/sale/flat/326594092/";"https://krasnogorsk.cian.ru/sale/flat/326594092/?context=4.pls6R5MiqvU.dF5nq-BJNp0aE7Y0aKCZztBnZocOtNVKqXbRRN7rLXBba0hVX1JOQ3Nt1jIFp5K453ngyGsPWfET8A&mlSearchSessionGuid=1b7cc668940b76fa3e0fc4ec179167ba";"4 комнатные";"https://www.cian.ru/kupit-4-komnatnuyu-kvartiru-moskovskaya-oblast/";"1383";"9";"26";"done";"";"2026-06-13 00:53:51";"2026-06-13 05:23:03";""
"cian";"cian_325447252";"325447252";"https://www.cian.ru/sale/flat/325447252/";"https://naro-fominsk.cian.ru/sale/flat/325447252/?context=4.yMkhNQG116I.bzwOPq8ixY67V92B3kmKt8yaP3x8MooUt9J0YA1lx3rMku5uUJschzTy0N2GbTKbrMk0VJfJlPagVA&mlSearchSessionGuid=1b7cc668940b76fa3e0fc4ec179167ba";"4 комнатные";"https://www.cian.ru/kupit-4-komnatnuyu-kvartiru-moskovskaya-oblast/";"1383";"9";"27";"done";"";"2026-06-13 00:53:51";"2026-06-13 05:23:15";""
"cian";"cian_285451550";"285451550";"https://www.cian.ru/sale/flat/285451550/";"https://zvenigorod.cian.ru/sale/flat/285451550/?context=4.9MDG7C0DlZk.nLdQMLUor_1ZOvCTEus9YfkmYgxtip_cFuxJimV-Wdxz5A3PqJSZPLcIWqXf4I_dJJzgWguOCrC1-g&mlSearchSessionGuid=1b7cc668940b76fa3e0fc4ec179167ba";"4 комнатные";"https://www.cian.ru/kupit-4-komnatnuyu-kvartiru-moskovskaya-oblast/";"1383";"9";"28";"done";"";"2026-06-13 00:53:51";"2026-06-13 05:23:30";""
"cian";"cian_329242545";"329242545";"https://www.cian.ru/sale/flat/329242545/";"https://elektrostal.cian.ru/sale/flat/329242545/?context=4.ztWKxmOm5r4.tCdkl1HjWlu3adQFMCyMXneCtmG7J1xZ6UlZgonlEPkBXBjV66Olgr3wteIcSHuL7tADV37EZnnz6w&mlSearchSessionGuid=1b7cc668940b76fa3e0fc4ec179167ba";"4 комнатные";"https://www.cian.ru/kupit-4-komnatnuyu-kvartiru-moskovskaya-oblast/";"1383";"10";"1";"done";"";"2026-06-13 00:54:35";"2026-06-13 05:23:45";""
"cian";"cian_329020850";"329020850";"https://www.cian.ru/sale/flat/329020850/";"https://reutov.cian.ru/sale/flat/329020850/?context=4._cgfXVEIdV4.e1MFlMkiQcqtj1fZUEDUNLhuwEDBMq-RMvuYQpf9kSIfapAhSVhbQ6q2E3EjwmR3IcnmLqX_q-3udQ&mlSearchSessionGuid=1b7cc668940b76fa3e0fc4ec179167ba";"4 комнатные";"https://www.cian.ru/kupit-4-komnatnuyu-kvartiru-moskovskaya-oblast/";"1383";"10";"2";"done";"";"2026-06-13 00:54:35";"2026-06-13 05:24:00";""
"cian";"cian_324790324";"324790324";"https://www.cian.ru/sale/flat/324790324/";"https://podolsk.cian.ru/sale/flat/324790324/?context=4.VlSu-B7N3hQ.lil9Cpvcl_Uhffg4zwoNcHDdipDQ5m-J6is2IH87SapSpCUcvwajEd1dR-IpdHcbyu8ARaW3OyUHkg&mlSearchSessionGuid=1b7cc668940b76fa3e0fc4ec179167ba";"4 комнатные";"https://www.cian.ru/kupit-4-komnatnuyu-kvartiru-moskovskaya-oblast/";"1383";"10";"3";"done";"";"2026-06-13 00:54:35";"2026-06-13 05:24:14";""
"cian";"cian_327363270";"327363270";"https://www.cian.ru/sale/flat/327363270/";"https://khimki.cian.ru/sale/flat/327363270/?context=4.R-gyz5s9C5M.Siw6vQ5YeSyq3WdD9AGsOjqp0q08fFKObHwC3vb7jb6eZIGs-rUFQpur5xwAjh4tCYIrkskd5kuifg&mlSearchSessionGuid=1b7cc668940b76fa3e0fc4ec179167ba";"4 комнатные";"https://www.cian.ru/kupit-4-komnatnuyu-kvartiru-moskovskaya-oblast/";"1383";"10";"4";"done";"";"2026-06-13 00:54:35";"2026-06-13 05:24:29";""
"cian";"cian_330031067";"330031067";"https://www.cian.ru/sale/flat/330031067/";"https://reutov.cian.ru/sale/flat/330031067/?context=4.OM5Mb3fiKgk.MeyamFXeuHGC-ZB5K1GOv8DdA_UCGvb9D1lsm5ncQWthDJ3msthCI8uzrei824B1-hlV5oMZzhaZwg&mlSearchSessionGuid=1b7cc668940b76fa3e0fc4ec179167ba";"4 комнатные";"https://www.cian.ru/kupit-4-komnatnuyu-kvartiru-moskovskaya-oblast/";"1383";"10";"5";"done";"";"2026-06-13 00:54:35";"2026-06-13 05:24:44";""
"cian";"cian_328745380";"328745380";"https://www.cian.ru/sale/flat/328745380/";"https://mytishchi.cian.ru/sale/flat/328745380/?context=4.KHjgXixMUz0.IIUo6MnZHTMZu_PhjqYLKAGW414dKhYy_ZRTydfUxDvIP38BYhbTSz3r1wWEMyVl5yYzaCJ95t11NA&mlSearchSessionGuid=1b7cc668940b76fa3e0fc4ec179167ba";"4 комнатные";"https://www.cian.ru/kupit-4-komnatnuyu-kvartiru-moskovskaya-oblast/";"1383";"10";"6";"done";"";"2026-06-13 00:54:35";"2026-06-13 05:24:59";""
"cian";"cian_327705872";"327705872";"https://www.cian.ru/sale/flat/327705872/";"https://zvenigorod.cian.ru/sale/flat/327705872/?context=4._ININ_13i5Q.C7gdUOsiyU-bpY5-YFDqL_Z_W__YmkDuesJy2gtdyYR-0qnf_NvRO6JzJlywwOCxCP8ovCBI1rk3qw&mlSearchSessionGuid=1b7cc668940b76fa3e0fc4ec179167ba";"4 комнатные";"https://www.cian.ru/kupit-4-komnatnuyu-kvartiru-moskovskaya-oblast/";"1383";"10";"7";"done";"";"2026-06-13 00:54:35";"2026-06-13 05:25:14";""
"cian";"cian_301555988";"301555988";"https://www.cian.ru/sale/flat/301555988/";"https://zvenigorod.cian.ru/sale/flat/301555988/?context=4.KdHEsX2ni-w.3FITKH8ZJdd4TttUg2g0Xjm8K591dywNL942ATegaW0nBYV4zGvzdetozy6HEm8Iw8Wk4Y2ow5eJew&mlSearchSessionGuid=1b7cc668940b76fa3e0fc4ec179167ba";"4 комнатные";"https://www.cian.ru/kupit-4-komnatnuyu-kvartiru-moskovskaya-oblast/";"1383";"10";"8";"done";"";"2026-06-13 00:54:35";"2026-06-13 05:25:28";""
"cian";"cian_317269199";"317269199";"https://www.cian.ru/sale/flat/317269199/";"https://zhukovsky.cian.ru/sale/flat/317269199/?context=4.LuE452R3qEQ.NgaD1rnhHgmtwXnPoPvWIWacuIfqh_ep4gcH2HI5MMYDEGq77-hGILIv8vY6jeLfbzY_iBOXcMRUNA&mlSearchSessionGuid=1b7cc668940b76fa3e0fc4ec179167ba";"4 комнатные";"https://www.cian.ru/kupit-4-komnatnuyu-kvartiru-moskovskaya-oblast/";"1383";"10";"9";"done";"";"2026-06-13 00:54:35";"2026-06-13 05:25:44";""
"cian";"cian_324168503";"324168503";"https://www.cian.ru/sale/flat/324168503/";"https://stupino.cian.ru/sale/flat/324168503/?context=4.WNVRK-58UfM.UjRcQ9fdtRuynoF1qFtc3H8biey59KBtBH8Jd0vuXwa3A0tBggVDTea4sPjEdcmKQe5FAySUDIxlIw&mlSearchSessionGuid=1b7cc668940b76fa3e0fc4ec179167ba";"4 комнатные";"https://www.cian.ru/kupit-4-komnatnuyu-kvartiru-moskovskaya-oblast/";"1383";"10";"10";"done";"";"2026-06-13 00:54:35";"2026-06-13 05:25:59";""
"cian";"cian_328745295";"328745295";"https://www.cian.ru/sale/flat/328745295/";"https://mytishchi.cian.ru/sale/flat/328745295/?context=4.nohOD-9hMxY.RSoDxCpHT_hbeA8Be2fnIe41bsgkBKeVaCQUW0XegQkNg06_ookxT0eA73yn75GNha0DC9Ho4-nTjg&mlSearchSessionGuid=1b7cc668940b76fa3e0fc4ec179167ba";"4 комнатные";"https://www.cian.ru/kupit-4-komnatnuyu-kvartiru-moskovskaya-oblast/";"1383";"10";"11";"done";"";"2026-06-13 00:54:35";"2026-06-13 05:26:13";""
"cian";"cian_329940653";"329940653";"https://www.cian.ru/sale/flat/329940653/";"https://lyubertsy.cian.ru/sale/flat/329940653/?context=4.CmsTjpLJkbg.ynsPreYHj8hK156LO4q8DBH1FWIsyIptBM4GTMu-7qEqsCWDHQsNo2IDZvUcOxjHWBTtHqZsThKXlA&mlSearchSessionGuid=1b7cc668940b76fa3e0fc4ec179167ba";"4 комнатные";"https://www.cian.ru/kupit-4-komnatnuyu-kvartiru-moskovskaya-oblast/";"1383";"10";"12";"done";"";"2026-06-13 00:54:35";"2026-06-13 05:26:28";""
"cian";"cian_328063133";"328063133";"https://www.cian.ru/sale/flat/328063133/";"https://chekhov.cian.ru/sale/flat/328063133/?context=4.Ao1xtgmDR8A.wBZ0UKj5zj1dVXCFekDV4a41wifHqWeqSLVDV7dgJNbCZZFnb44u8YJsr8v9uxH07rg7JY87_HHuBA&mlSearchSessionGuid=1b7cc668940b76fa3e0fc4ec179167ba";"4 комнатные";"https://www.cian.ru/kupit-4-komnatnuyu-kvartiru-moskovskaya-oblast/";"1383";"10";"13";"done";"";"2026-06-13 00:54:35";"2026-06-13 05:26:42";""
"cian";"cian_326525592";"326525592";"https://www.cian.ru/sale/flat/326525592/";"https://balashikha.cian.ru/sale/flat/326525592/?context=4.XJ1iAoxasS0.WF3kIr9Bsx0jz5FbwyfG_WEX6-smxqroEdzvsInlKANBIsedjimSXsZCfk-D7yIxEpbp7I_h3_j18A&mlSearchSessionGuid=1b7cc668940b76fa3e0fc4ec179167ba";"4 комнатные";"https://www.cian.ru/kupit-4-komnatnuyu-kvartiru-moskovskaya-oblast/";"1383";"10";"14";"done";"";"2026-06-13 00:54:35";"2026-06-13 05:26:57";""
"cian";"cian_330721970";"330721970";"https://www.cian.ru/sale/flat/330721970/";"https://yegoryevsk.cian.ru/sale/flat/330721970/?context=4.BufMz9Pb3xQ.EQ46bg5wMKVeekZiycbIOsUjlzmpYHkc5NOi2EaO405qv1t3RXOPLaaRs9kw665iH6qrXxL9XD9cjw&mlSearchSessionGuid=1b7cc668940b76fa3e0fc4ec179167ba";"4 комнатные";"https://www.cian.ru/kupit-4-komnatnuyu-kvartiru-moskovskaya-oblast/";"1383";"10";"15";"done";"";"2026-06-13 00:54:35";"2026-06-13 05:27:12";""
"cian";"cian_330522000";"330522000";"https://www.cian.ru/sale/flat/330522000/";"https://mytishchi.cian.ru/sale/flat/330522000/?context=4.35_6OsxKUGI.EgWNCHMXV4L0vmWy4RgPSV3fP4qn5nZKGBFv-GpGXgSBLqfmXeKLyqK_8s1RGfOZDOZJG58ndcpsUg&mlSearchSessionGuid=1b7cc668940b76fa3e0fc4ec179167ba";"4 комнатные";"https://www.cian.ru/kupit-4-komnatnuyu-kvartiru-moskovskaya-oblast/";"1383";"10";"16";"done";"";"2026-06-13 00:54:35";"2026-06-13 05:27:28";""
"cian";"cian_302837208";"302837208";"https://www.cian.ru/sale/flat/302837208/";"https://zvenigorod.cian.ru/sale/flat/302837208/?context=4.VNr9Cn3_DcI.5-yD_LNs35l3yy07nHyI5Vu6ksvLixFr5GrAvdQbb0Ko2A7ZbD2yIxjJnbAvYT-IUg7VNCsYFRO-eQ&mlSearchSessionGuid=1b7cc668940b76fa3e0fc4ec179167ba";"4 комнатные";"https://www.cian.ru/kupit-4-komnatnuyu-kvartiru-moskovskaya-oblast/";"1383";"10";"17";"done";"";"2026-06-13 00:54:35";"2026-06-13 05:27:45";""
"cian";"cian_331004966";"331004966";"https://www.cian.ru/sale/flat/331004966/";"https://lyubertsy.cian.ru/sale/flat/331004966/?context=4.Y13HZdNj64o.OoCbvqzXWL6_oGtlF1rRRbM_2AgpV4kYXEpclL3rwMHRdIkGQ9kwOu9T8zN8l6kpjE6ngB65mlYB1A&mlSearchSessionGuid=1b7cc668940b76fa3e0fc4ec179167ba";"4 комнатные";"https://www.cian.ru/kupit-4-komnatnuyu-kvartiru-moskovskaya-oblast/";"1383";"10";"18";"done";"";"2026-06-13 00:54:35";"2026-06-13 05:28:00";""
"cian";"cian_330468454";"330468454";"https://www.cian.ru/sale/flat/330468454/";"https://balashikha.cian.ru/sale/flat/330468454/?context=4.4yFqmhM3Wgc.SKftOBw_pXK6BOknMSqY6iFrZq0eT_gP8h5DQFWlm3yomW5LBKySN0YKCcHScPHhiCsnBNrMDdJbBg&mlSearchSessionGuid=1b7cc668940b76fa3e0fc4ec179167ba";"4 комнатные";"https://www.cian.ru/kupit-4-komnatnuyu-kvartiru-moskovskaya-oblast/";"1383";"10";"19";"done";"";"2026-06-13 00:54:35";"2026-06-13 05:28:15";""
"cian";"cian_320964491";"320964491";"https://www.cian.ru/sale/flat/320964491/";"https://shchyolkovo.cian.ru/sale/flat/320964491/?context=4.5mMsdSPlFC0.EbkzZf6euZpZxad2eU5nQLgD-xbuGtZga5-Xs7PrtsAucPv7OEut11SL7H4I5yADG17InCXb8zxXDQ&mlSearchSessionGuid=1b7cc668940b76fa3e0fc4ec179167ba";"4 комнатные";"https://www.cian.ru/kupit-4-komnatnuyu-kvartiru-moskovskaya-oblast/";"1383";"10";"20";"done";"";"2026-06-13 00:54:35";"2026-06-13 05:28:31";""
"cian";"cian_328380976";"328380976";"https://www.cian.ru/sale/flat/328380976/";"https://klin.cian.ru/sale/flat/328380976/?context=4.VeGw6C4K2dU.EcrGtbMkVqbDCWxPBF-mlLlvoL48Z8lOhKpN-aC1o5xVkAuart1_TfniImW3WF66UoYHKsKbQAMNDA&mlSearchSessionGuid=1b7cc668940b76fa3e0fc4ec179167ba";"4 комнатные";"https://www.cian.ru/kupit-4-komnatnuyu-kvartiru-moskovskaya-oblast/";"1383";"10";"21";"done";"";"2026-06-13 00:54:35";"2026-06-13 05:28:46";""
"cian";"cian_327944823";"327944823";"https://www.cian.ru/sale/flat/327944823/";"https://lytkarino.cian.ru/sale/flat/327944823/?context=4.9M9pf6LApnA.O55471TuWxAkwUTaCeomhujYEq410OjyZuRra58SkmroEEnLf8JYBp7adPkAupbV3YvjMczLeDS7qA&mlSearchSessionGuid=1b7cc668940b76fa3e0fc4ec179167ba";"4 комнатные";"https://www.cian.ru/kupit-4-komnatnuyu-kvartiru-moskovskaya-oblast/";"1383";"10";"22";"done";"";"2026-06-13 00:54:35";"2026-06-13 05:29:01";""
"cian";"cian_328745370";"328745370";"https://www.cian.ru/sale/flat/328745370/";"https://mytishchi.cian.ru/sale/flat/328745370/?context=4.HsgMWyyGsQQ.qjFMT4G8LmAKAmzABC6VDJGGI0QMEtOaGjRLI7qLSmPzPtzQ0lTiA-oMWCkqcaHR1CNhjRKe6p1W5Q&mlSearchSessionGuid=1b7cc668940b76fa3e0fc4ec179167ba";"4 комнатные";"https://www.cian.ru/kupit-4-komnatnuyu-kvartiru-moskovskaya-oblast/";"1383";"10";"23";"done";"";"2026-06-13 00:54:35";"2026-06-13 05:29:17";""
"cian";"cian_330581381";"330581381";"https://www.cian.ru/sale/flat/330581381/";"https://balashikha.cian.ru/sale/flat/330581381/?context=4.WJB2ANQgqhc.qkiq3NGtFK46ehg-YCZRzHNPfdgw6pAPXAJOSDPquRFoJIFf3w6zRz0PXW6tKK3J9nw-j7uiUv1ybw&mlSearchSessionGuid=1b7cc668940b76fa3e0fc4ec179167ba";"4 комнатные";"https://www.cian.ru/kupit-4-komnatnuyu-kvartiru-moskovskaya-oblast/";"1383";"10";"24";"done";"";"2026-06-13 00:54:35";"2026-06-13 05:29:31";""
"cian";"cian_285451033";"285451033";"https://www.cian.ru/sale/flat/285451033/";"https://zvenigorod.cian.ru/sale/flat/285451033/?context=4.DPphSHQWy1c.TNqkBiAcV8g1q5Bo1yLHMQ4tTo0_ZyvqZ1XpuY7ucpDqRKotn7hsU7dD8rk8Sl5eRXUKldPZhnBskA&mlSearchSessionGuid=1b7cc668940b76fa3e0fc4ec179167ba";"4 комнатные";"https://www.cian.ru/kupit-4-komnatnuyu-kvartiru-moskovskaya-oblast/";"1383";"10";"25";"done";"";"2026-06-13 00:54:35";"2026-06-13 05:29:46";""
"cian";"cian_309981555";"309981555";"https://www.cian.ru/sale/flat/309981555/";"https://mytishchi.cian.ru/sale/flat/309981555/?context=4.ES4h0Qi8Pjs.phTUKs2YGPYYaOwkZbVxHLa-LCqmdq56Lk6Sb_kZOFelyMtSqYYeXBCSrJjw1Tb6JnWrd5__VdpDaw&mlSearchSessionGuid=1b7cc668940b76fa3e0fc4ec179167ba";"4 комнатные";"https://www.cian.ru/kupit-4-komnatnuyu-kvartiru-moskovskaya-oblast/";"1383";"10";"26";"done";"";"2026-06-13 00:54:35";"2026-06-13 05:30:02";""
"cian";"cian_328339708";"328339708";"https://www.cian.ru/sale/flat/328339708/";"https://podolsk.cian.ru/sale/flat/328339708/?context=4.0jp7NzkVtQQ.dSjyc_kysC-Nugk1ynPLNP2fQScwchhYQLCFVyF4_VjdhGzHCczFvgCdakZeFllJsuzHelnsJG6l9w&mlSearchSessionGuid=1b7cc668940b76fa3e0fc4ec179167ba";"4 комнатные";"https://www.cian.ru/kupit-4-komnatnuyu-kvartiru-moskovskaya-oblast/";"1383";"10";"27";"done";"";"2026-06-13 00:54:35";"2026-06-13 05:30:18";""
"cian";"cian_326011172";"326011172";"https://www.cian.ru/sale/flat/326011172/";"https://balashikha.cian.ru/sale/flat/326011172/?context=4.ysRdXSygB94.1i3IInI3JNE3BjNv6xHGLWFovWsEj53I8jo2yZ_cdCQ0shqFeLrI8HBdRXs7eeFEeFYA52HJgsNQ1g&mlSearchSessionGuid=1b7cc668940b76fa3e0fc4ec179167ba";"4 комнатные";"https://www.cian.ru/kupit-4-komnatnuyu-kvartiru-moskovskaya-oblast/";"1383";"10";"28";"done";"";"2026-06-13 00:54:35";"2026-06-13 05:30:32";""
"cian";"cian_330807547";"330807547";"https://www.cian.ru/sale/flat/330807547/";"https://krasnogorsk.cian.ru/sale/flat/330807547/?context=4.1A8wkYgCv68.e-aYrvOz5SrxbyHj8eY-wgeci7WT1W_qYo6o1Z5PjNwmXa9uw8XvkwBo-mnfPwr0RU6TPYhKaZZiSA&mlSearchSessionGuid=c3deb7ba313039c2ced1dcfc178b9d06";"студия";"https://www.cian.ru/kupit-kvartiru-studiu-moskovskaya-oblast/";"8044";"1";"1";"done";"";"2026-06-13 00:55:20";"2026-06-13 05:30:47";""
"cian";"cian_330039783";"330039783";"https://www.cian.ru/sale/flat/330039783/";"https://krasnogorsk.cian.ru/sale/flat/330039783/?context=4.o2OKk6tddjw.lEyxFiBJlCTyo5dJJ_0C82CCHQZm15LVSy7bqRNmGv0hv3feC8Nkvh3Ht66jM8dtkqbAk0rtEWDQGQ&mlSearchSessionGuid=c3deb7ba313039c2ced1dcfc178b9d06";"студия";"https://www.cian.ru/kupit-kvartiru-studiu-moskovskaya-oblast/";"8044";"1";"2";"done";"";"2026-06-13 00:55:20";"2026-06-13 05:31:02";""
"cian";"cian_328375965";"328375965";"https://www.cian.ru/sale/flat/328375965/";"https://krasnogorsk.cian.ru/sale/flat/328375965/?context=4.WkmBxacBW8c.4HLtsHg6-dbUq7K1Bz9--Gr88MlQw0yfgRUuKBFmn6oEZWP-Fox9NagHKVB91dERxGCnxO7lB7Ngkg&mlSearchSessionGuid=c3deb7ba313039c2ced1dcfc178b9d06";"студия";"https://www.cian.ru/kupit-kvartiru-studiu-moskovskaya-oblast/";"8044";"1";"3";"done";"";"2026-06-13 00:55:20";"2026-06-13 05:31:16";""
"cian";"cian_325482889";"325482889";"https://www.cian.ru/sale/flat/325482889/";"https://balashikha.cian.ru/sale/flat/325482889/?context=4.pJAUc9OXu_8.x3cqIsrmrcdrRYokaleRMt_VsJuQCHC3MibV2rZZdMUZD1cTLnUiAYxNmrN7zCMw583y3B5VMaQjpQ&mlSearchSessionGuid=c3deb7ba313039c2ced1dcfc178b9d06";"студия";"https://www.cian.ru/kupit-kvartiru-studiu-moskovskaya-oblast/";"8044";"1";"4";"done";"";"2026-06-13 00:55:20";"2026-06-13 05:31:30";""
"cian";"cian_329740496";"329740496";"https://www.cian.ru/sale/flat/329740496/";"https://balashikha.cian.ru/sale/flat/329740496/?context=4.GKmal-v1lv0.caVIYQG-C8aTtTActjPn9bjF4GbRk0dARWXhL7vls1m5CgEy6VTq0fli-a94__KTb-2cgRwdEH66jA&mlSearchSessionGuid=c3deb7ba313039c2ced1dcfc178b9d06";"студия";"https://www.cian.ru/kupit-kvartiru-studiu-moskovskaya-oblast/";"8044";"1";"5";"done";"";"2026-06-13 00:55:20";"2026-06-13 05:31:44";""
"cian";"cian_330867939";"330867939";"https://www.cian.ru/sale/flat/330867939/";"https://krasnogorsk.cian.ru/sale/flat/330867939/?context=4.abRTlByWxuQ.PecsJhmGp-gNbFJlWSfv6zAMKF2onkhOZm-tNUnWjhmVRDRWTCrG5m7gvHsbFHJIkZkOTYemFZ8xSw&mlSearchSessionGuid=c3deb7ba313039c2ced1dcfc178b9d06";"студия";"https://www.cian.ru/kupit-kvartiru-studiu-moskovskaya-oblast/";"8044";"1";"6";"done";"";"2026-06-13 00:55:20";"2026-06-13 05:32:00";""
"cian";"cian_325482664";"325482664";"https://www.cian.ru/sale/flat/325482664/";"https://mytishchi.cian.ru/sale/flat/325482664/?context=4.FjTW-WayU-c.8-pILVoLUTD_VX1TLhtEwVK5GaCOoZa1VqTJOvZ8TUxHsK6psZ34q-F-ODyeH-Sw66iKDHrtouJpEQ&mlSearchSessionGuid=c3deb7ba313039c2ced1dcfc178b9d06";"студия";"https://www.cian.ru/kupit-kvartiru-studiu-moskovskaya-oblast/";"8044";"1";"7";"done";"";"2026-06-13 00:55:20";"2026-06-13 05:32:14";""
"cian";"cian_330727393";"330727393";"https://www.cian.ru/sale/flat/330727393/";"https://solnechnogorsk.cian.ru/sale/flat/330727393/?context=4.z71ZBPFUAzc.j77TW0YBFTb1_hCCPC4jgPYKuFGTpxne5cn2zIE5aChXzXhFASeNyclN-eLyfqOlZrLSpKD8feTH9g&mlSearchSessionGuid=c3deb7ba313039c2ced1dcfc178b9d06";"студия";"https://www.cian.ru/kupit-kvartiru-studiu-moskovskaya-oblast/";"8044";"1";"8";"done";"";"2026-06-13 00:55:20";"2026-06-13 05:32:29";""
"cian";"cian_328847084";"328847084";"https://www.cian.ru/sale/flat/328847084/";"https://krasnogorsk.cian.ru/sale/flat/328847084/?context=4.5nmO7sl5jwU.dhq6_Bg1oCTAtTSOSw8PTy_PSAqBC6MfxgBrWa6TYtVpb9Z4r6c0iXahKMMqeYdWuRDVj4R5sxluQA&mlSearchSessionGuid=c3deb7ba313039c2ced1dcfc178b9d06";"студия";"https://www.cian.ru/kupit-kvartiru-studiu-moskovskaya-oblast/";"8044";"1";"9";"done";"";"2026-06-13 00:55:20";"2026-06-13 05:32:44";""
"cian";"cian_328807340";"328807340";"https://www.cian.ru/sale/flat/328807340/";"https://odintsovo.cian.ru/sale/flat/328807340/?context=4.1IUVB-h60kI.Wel7xjDl55yLwtNJ8oSxBNtqZGMCVK7WgiupgpDASQrdgBQhSlodmuEoeKuPk_ChVixLsmIMGLDaOw&mlSearchSessionGuid=c3deb7ba313039c2ced1dcfc178b9d06";"студия";"https://www.cian.ru/kupit-kvartiru-studiu-moskovskaya-oblast/";"8044";"1";"10";"done";"";"2026-06-13 00:55:20";"2026-06-13 05:33:00";""
"cian";"cian_330786688";"330786688";"https://www.cian.ru/sale/flat/330786688/";"https://khimki.cian.ru/sale/flat/330786688/?context=4.8UeAvgxlBWM.2zQbhEgtcVoYB2qg6aQY2LqJyKvcm9agrgc3OqrT-L90vspyAYWEdlbsAN96yux3C0L2-ASvf3KYMQ&mlSearchSessionGuid=c3deb7ba313039c2ced1dcfc178b9d06";"студия";"https://www.cian.ru/kupit-kvartiru-studiu-moskovskaya-oblast/";"8044";"1";"11";"done";"";"2026-06-13 00:55:20";"2026-06-13 05:33:15";""
"cian";"cian_330810764";"330810764";"https://www.cian.ru/sale/flat/330810764/";"https://mytishchi.cian.ru/sale/flat/330810764/?context=4.2ejswpOchow.8Ry1Vb6dGDyyVtVyT52GOkMQWdVV0xOWx2LzibchV2s-fUayiIn1yo-olSJTU4z_Q--y4JglTUPlLQ&mlSearchSessionGuid=c3deb7ba313039c2ced1dcfc178b9d06";"студия";"https://www.cian.ru/kupit-kvartiru-studiu-moskovskaya-oblast/";"8044";"1";"12";"done";"";"2026-06-13 00:55:20";"2026-06-13 05:33:30";""
"cian";"cian_329364499";"329364499";"https://www.cian.ru/sale/flat/329364499/";"https://korolev.cian.ru/sale/flat/329364499/?context=4.0POG103q87Y.i-00mJF4PVLUMvur-DY_PRODPL4LKekFw5WXhhRL9GeSfH5uYB8KE5WtH2J6TbVXaeZLSi2-AriCog&mlSearchSessionGuid=c3deb7ba313039c2ced1dcfc178b9d06";"студия";"https://www.cian.ru/kupit-kvartiru-studiu-moskovskaya-oblast/";"8044";"1";"13";"done";"";"2026-06-13 00:55:20";"2026-06-13 05:33:44";""
"cian";"cian_330350054";"330350054";"https://www.cian.ru/sale/flat/330350054/";"https://krasnogorsk.cian.ru/sale/flat/330350054/?context=4.vXhJD3silAc.0Nhy7dsBaaOOfjAg8K1cH9pkjE1TZxVO8wtc228mo90-H2IY6u1DUOArzjnLYuYZhRJkV3GgoJhdXA&mlSearchSessionGuid=c3deb7ba313039c2ced1dcfc178b9d06";"студия";"https://www.cian.ru/kupit-kvartiru-studiu-moskovskaya-oblast/";"8044";"1";"14";"done";"";"2026-06-13 00:55:20";"2026-06-13 05:33:58";""
"cian";"cian_330838967";"330838967";"https://www.cian.ru/sale/flat/330838967/";"https://mytishchi.cian.ru/sale/flat/330838967/?context=4.49iQ9qdPrCg.S_HEBC0T3iAxVvF3sM_rsl24xO4ldrHTHheh0rW6vBbRoRI0eMY72glX1r2wKFnE2UF3VMCirAv5Zw&mlSearchSessionGuid=c3deb7ba313039c2ced1dcfc178b9d06";"студия";"https://www.cian.ru/kupit-kvartiru-studiu-moskovskaya-oblast/";"8044";"1";"15";"done";"";"2026-06-13 00:55:20";"2026-06-13 05:34:13";""
"cian";"cian_330686598";"330686598";"https://www.cian.ru/sale/flat/330686598/";"https://mytishchi.cian.ru/sale/flat/330686598/?context=4.ucy6WYkj6Xg.XQlFbNQNCSkJypcytGmlZjCsqrfSVMK-yemONoOnFxahbkQEwjH5V7VvEC22DjH4pR6PL2nelOTPYQ&mlSearchSessionGuid=c3deb7ba313039c2ced1dcfc178b9d06";"студия";"https://www.cian.ru/kupit-kvartiru-studiu-moskovskaya-oblast/";"8044";"1";"16";"done";"";"2026-06-13 00:55:20";"2026-06-13 05:34:28";""
"cian";"cian_330647481";"330647481";"https://www.cian.ru/sale/flat/330647481/";"https://khimki.cian.ru/sale/flat/330647481/?context=4.LuV7yAULdWI.ZwFCQVdfecb5k7sgV2ERbK1ksoIE4_s6aBQjcChHc1NOvWHKV6FvWnZxR70s2IcFezAWypqQ2xVWdQ&mlSearchSessionGuid=c3deb7ba313039c2ced1dcfc178b9d06";"студия";"https://www.cian.ru/kupit-kvartiru-studiu-moskovskaya-oblast/";"8044";"1";"17";"done";"";"2026-06-13 00:55:20";"2026-06-13 05:34:41";""
"cian";"cian_327223947";"327223947";"https://www.cian.ru/sale/flat/327223947/";"https://balashikha.cian.ru/sale/flat/327223947/?context=4.cO-0sZSwQYY.hoBHQdIfR_a0xVh357DtSOyCoFrnxAZVjrNR-02lPltkgtS1YBdlb0fWAG84goHSSVCFdE2-9AKClg&mlSearchSessionGuid=c3deb7ba313039c2ced1dcfc178b9d06";"студия";"https://www.cian.ru/kupit-kvartiru-studiu-moskovskaya-oblast/";"8044";"1";"18";"done";"";"2026-06-13 00:55:20";"2026-06-13 05:34:55";""
"cian";"cian_330027745";"330027745";"https://www.cian.ru/sale/flat/330027745/";"https://dedovsk.cian.ru/sale/flat/330027745/?context=4.K-zWyixpH_w.oCYNMCjePjSNeiWdalm5JVLzM4i-3Fyn_9n6RoFklDH5y2DyNUJS-1fFeMNu3h7LUMzjyMH5Ron33A&mlSearchSessionGuid=c3deb7ba313039c2ced1dcfc178b9d06";"студия";"https://www.cian.ru/kupit-kvartiru-studiu-moskovskaya-oblast/";"8044";"1";"19";"done";"";"2026-06-13 00:55:20";"2026-06-13 05:35:11";""
"cian";"cian_330987792";"330987792";"https://www.cian.ru/sale/flat/330987792/";"https://krasnogorsk.cian.ru/sale/flat/330987792/?context=4.ohkptrMYLW8.PGX7E_e4GD9beZVSLjmGwYPnJSt2GXNZ2pruHokWp_0o44wGbFEFvFV8BStVbAPzg67xqojVTHPOXw&mlSearchSessionGuid=c3deb7ba313039c2ced1dcfc178b9d06";"студия";"https://www.cian.ru/kupit-kvartiru-studiu-moskovskaya-oblast/";"8044";"1";"20";"done";"";"2026-06-13 00:55:20";"2026-06-13 05:35:27";""
"cian";"cian_319356265";"319356265";"https://www.cian.ru/sale/flat/319356265/";"https://krasnogorsk.cian.ru/sale/flat/319356265/?context=4.pneQo338JC4.J4VseOZ5iO8tbFBkPC-7p4wWXalH2AWJ6uuqeWmwE-TjGODbGTc8figoWYJA_dUenzKeA0yI-4zC3A&mlSearchSessionGuid=c3deb7ba313039c2ced1dcfc178b9d06";"студия";"https://www.cian.ru/kupit-kvartiru-studiu-moskovskaya-oblast/";"8044";"1";"21";"done";"";"2026-06-13 00:55:20";"2026-06-13 05:35:43";""
"cian";"cian_325482961";"325482961";"https://www.cian.ru/sale/flat/325482961/";"https://balashikha.cian.ru/sale/flat/325482961/?context=4.ECXQagTzPLY.HOKvp3JE1TJ9Hfhp8tV6PwYsd30dmMqX3rhBWmQoWaSujC7_rFGOPPPXOdmGQ-bG-LI8QdFovPGPlg&mlSearchSessionGuid=c3deb7ba313039c2ced1dcfc178b9d06";"студия";"https://www.cian.ru/kupit-kvartiru-studiu-moskovskaya-oblast/";"8044";"1";"22";"done";"";"2026-06-13 00:55:20";"2026-06-13 05:35:57";""
"cian";"cian_329399256";"329399256";"https://www.cian.ru/sale/flat/329399256/";"https://reutov.cian.ru/sale/flat/329399256/?context=4.584h2_FjiT0.RVQx8uQ5d2wJ7D3MVUonOLMgYts9tdUuyMrcGztq69L9jrgCNqa7PGQPKV4bAees6g-bLtQKjUNv_g&mlSearchSessionGuid=c3deb7ba313039c2ced1dcfc178b9d06";"студия";"https://www.cian.ru/kupit-kvartiru-studiu-moskovskaya-oblast/";"8044";"1";"23";"done";"";"2026-06-13 00:55:20";"2026-06-13 05:36:12";""
"cian";"cian_329005741";"329005741";"https://www.cian.ru/sale/flat/329005741/";"https://krasnogorsk.cian.ru/sale/flat/329005741/?context=4.ffWVaY50aMU.mmvlUf-53Qio2Qw3WsTdoPhH4MfkO63ydn1Lbaj4syodRAKeGVJw66rdYQh4IuWI2L5rmsf32jHnGg&mlSearchSessionGuid=c3deb7ba313039c2ced1dcfc178b9d06";"студия";"https://www.cian.ru/kupit-kvartiru-studiu-moskovskaya-oblast/";"8044";"1";"24";"done";"";"2026-06-13 00:55:20";"2026-06-13 05:36:27";""
"cian";"cian_328563009";"328563009";"https://www.cian.ru/sale/flat/328563009/";"https://zvenigorod.cian.ru/sale/flat/328563009/?context=4.-ksnUkzWb2I.wNErW1zjefLyZoXDjq4cpdFNum5C2ZMAUV_RKiqjrEicyTPlcWAmeTDssOeuhoevfeweCEmbF2myMw&mlSearchSessionGuid=c3deb7ba313039c2ced1dcfc178b9d06";"студия";"https://www.cian.ru/kupit-kvartiru-studiu-moskovskaya-oblast/";"8044";"1";"25";"done";"";"2026-06-13 00:55:20";"2026-06-13 05:36:43";""
"cian";"cian_330422747";"330422747";"https://www.cian.ru/sale/flat/330422747/";"https://mytishchi.cian.ru/sale/flat/330422747/?context=4.82uDOb4kJtk.yR_RibvWqL1yW9srV2FyvDDf_CGaoDuf3nOdqA2HBfT7m7UU8thTWkaGMyLun4z-nlfdpCoI2D1SLw&mlSearchSessionGuid=c3deb7ba313039c2ced1dcfc178b9d06";"студия";"https://www.cian.ru/kupit-kvartiru-studiu-moskovskaya-oblast/";"8044";"1";"26";"done";"";"2026-06-13 00:55:20";"2026-06-13 05:36:58";""
"cian";"cian_330984040";"330984040";"https://www.cian.ru/sale/flat/330984040/";"https://krasnogorsk.cian.ru/sale/flat/330984040/?context=4.1-QiMh2Cves.dZiRZc6NUeXyF_wMt8STiS92Yk88evJBrzzzg2q2wpPxOD8Zt9JT4xkCW-AQ7itqQiDiH_jw7DSTSw&mlSearchSessionGuid=c3deb7ba313039c2ced1dcfc178b9d06";"студия";"https://www.cian.ru/kupit-kvartiru-studiu-moskovskaya-oblast/";"8044";"1";"27";"done";"";"2026-06-13 00:55:20";"2026-06-13 05:37:14";""
"cian";"cian_330912796";"330912796";"https://www.cian.ru/sale/flat/330912796/";"https://zvenigorod.cian.ru/sale/flat/330912796/?context=4.ff-5Vciv8j0.Edux9VRYeSYoNHJcu3q-oXU57AjiYQMFxTb0ZqnKH9JIsjTxoL6g4Kq8MZCKvrvnvSbeKogFvSWGdA&mlSearchSessionGuid=c3deb7ba313039c2ced1dcfc178b9d06";"студия";"https://www.cian.ru/kupit-kvartiru-studiu-moskovskaya-oblast/";"8044";"1";"28";"done";"";"2026-06-13 00:55:20";"2026-06-13 05:37:30";""
"cian";"cian_329973868";"329973868";"https://www.cian.ru/sale/flat/329973868/";"https://krasnogorsk.cian.ru/sale/flat/329973868/?context=4.UnCEu7-J510.oQpvDD4FOglHlF_UQ30d2cYRHXJgytqxxh9Tr9NuYLOoyvQ0myfU1YDOrfWmpiSyw8TsgA7Qtqnw4w&mlSearchSessionGuid=c3deb7ba313039c2ced1dcfc178b9d06";"студия";"https://www.cian.ru/kupit-kvartiru-studiu-moskovskaya-oblast/";"8044";"2";"2";"done";"";"2026-06-13 00:56:07";"2026-06-13 05:37:43";""
"cian";"cian_330002632";"330002632";"https://www.cian.ru/sale/flat/330002632/";"https://vidnoye.cian.ru/sale/flat/330002632/?context=4.5uudNpQcz7I.Ed1ztdFkokRV2Sz1mGFDLw7nmOVZpe2CZ0041haNnm7c0s01wJqDH-rQ_mhz62ystSDScK4v5uNHNw&mlSearchSessionGuid=c3deb7ba313039c2ced1dcfc178b9d06";"студия";"https://www.cian.ru/kupit-kvartiru-studiu-moskovskaya-oblast/";"8044";"2";"3";"done";"";"2026-06-13 00:56:07";"2026-06-13 05:37:57";""
"cian";"cian_329646475";"329646475";"https://www.cian.ru/sale/flat/329646475/";"https://lyubertsy.cian.ru/sale/flat/329646475/?context=4.hAb3pAvMjLM.goBnvMWffQph95O_nGk2mXWzi9tEpy6MiKE_XC7qZlWuaIN2w6Gfr3IQPcVpRYI5Q1BlegP4K44Qpg&mlSearchSessionGuid=c3deb7ba313039c2ced1dcfc178b9d06";"студия";"https://www.cian.ru/kupit-kvartiru-studiu-moskovskaya-oblast/";"8044";"2";"4";"done";"";"2026-06-13 00:56:07";"2026-06-13 05:38:13";""
"cian";"cian_330415598";"330415598";"https://www.cian.ru/sale/flat/330415598/";"https://kotelniki.cian.ru/sale/flat/330415598/?context=4.aTiF-Ymd67c.Eg-nUU-PHJIoBqBK5gXNxuM09uksS9QsMtdBWOaGTptTXKKQxSi2Q2PtyBGt70_xzpNn-_5e9YHaPA&mlSearchSessionGuid=c3deb7ba313039c2ced1dcfc178b9d06";"студия";"https://www.cian.ru/kupit-kvartiru-studiu-moskovskaya-oblast/";"8044";"2";"5";"done";"";"2026-06-13 00:56:07";"2026-06-13 05:38:27";""
"cian";"cian_325771653";"325771653";"https://www.cian.ru/sale/flat/325771653/";"https://krasnogorsk.cian.ru/sale/flat/325771653/?context=4.bL1ER8LUPtI.1SvSz1sUeTkSCxI6jMdG9qwcucqtqIutSgjWxgTbmv376sh5_IJoaNT-w9NNHKigavAjHe0mA-YMXg&mlSearchSessionGuid=c3deb7ba313039c2ced1dcfc178b9d06";"студия";"https://www.cian.ru/kupit-kvartiru-studiu-moskovskaya-oblast/";"8044";"2";"6";"done";"";"2026-06-13 00:56:07";"2026-06-13 05:38:41";""
"cian";"cian_329506831";"329506831";"https://www.cian.ru/sale/flat/329506831/";"https://mytishchi.cian.ru/sale/flat/329506831/?context=4.gIruNEDVg8o.jFZUdr-IYWSFQusLzGMTtPhXF9mytOlR02UPH4I6cL4l3L1sx-iXYl-2kXp1_f-pRoL9nhpmX7RX7w&mlSearchSessionGuid=c3deb7ba313039c2ced1dcfc178b9d06";"студия";"https://www.cian.ru/kupit-kvartiru-studiu-moskovskaya-oblast/";"8044";"2";"7";"done";"";"2026-06-13 00:56:07";"2026-06-13 05:38:56";""
"cian";"cian_330522812";"330522812";"https://www.cian.ru/sale/flat/330522812/";"https://vidnoye.cian.ru/sale/flat/330522812/?context=4.6rk3d2u-Zk8.EJqtTSTzVduukaZpQOkQnXzHIsVN0XGF80RefSSFyUJr3YIESZgtCPpKvu1KHX1FcY2_TkZtALavAw&mlSearchSessionGuid=c3deb7ba313039c2ced1dcfc178b9d06";"студия";"https://www.cian.ru/kupit-kvartiru-studiu-moskovskaya-oblast/";"8044";"2";"8";"done";"";"2026-06-13 00:56:07";"2026-06-13 05:39:12";""
"cian";"cian_325484191";"325484191";"https://www.cian.ru/sale/flat/325484191/";"https://dolgoprudny.cian.ru/sale/flat/325484191/?context=4.YkQ9xilFNfc.WMPxxKG9rh0_1wQpxJt-xq4k9FcqW5CN5z0mlgfC1ofGK83Iw-53R2iFAUzj2bZN7TcyXD2n9FzkEQ&mlSearchSessionGuid=c3deb7ba313039c2ced1dcfc178b9d06";"студия";"https://www.cian.ru/kupit-kvartiru-studiu-moskovskaya-oblast/";"8044";"2";"9";"done";"";"2026-06-13 00:56:07";"2026-06-13 05:39:25";""
"cian";"cian_330537601";"330537601";"https://www.cian.ru/sale/flat/330537601/";"https://zvenigorod.cian.ru/sale/flat/330537601/?context=4.yyPyLycYTxg.4YOG4If_OFXpTieoOPIzo7k3zQL6C8yNmINOMXwCsgtfq7HxJlgep9UiScksz1-PcBc-YGbFpydNzg&mlSearchSessionGuid=c3deb7ba313039c2ced1dcfc178b9d06";"студия";"https://www.cian.ru/kupit-kvartiru-studiu-moskovskaya-oblast/";"8044";"2";"10";"done";"";"2026-06-13 00:56:07";"2026-06-13 05:39:41";""
"cian";"cian_328558688";"328558688";"https://www.cian.ru/sale/flat/328558688/";"https://vidnoye.cian.ru/sale/flat/328558688/?context=4.dWDPn5Ql5Xg.5P59XgsU-WSeTBwReinXlpGBvr6qAGUS9NIqFtj8ZekK7t01C9met7ME10UTgn9Rs430X8vpUe7X-Q&mlSearchSessionGuid=c3deb7ba313039c2ced1dcfc178b9d06";"студия";"https://www.cian.ru/kupit-kvartiru-studiu-moskovskaya-oblast/";"8044";"2";"11";"done";"";"2026-06-13 00:56:07";"2026-06-13 05:39:56";""
"cian";"cian_328694832";"328694832";"https://www.cian.ru/sale/flat/328694832/";"https://zvenigorod.cian.ru/sale/flat/328694832/?context=4.9VILcQEPryk.GyYs4vTE1VVBKAFDZUOkS8zu3lqyNZ_DpfeYN3lF4elx1FREHCtOPuFvSlhpevihVf0PeRpqAPz7fQ&mlSearchSessionGuid=c3deb7ba313039c2ced1dcfc178b9d06";"студия";"https://www.cian.ru/kupit-kvartiru-studiu-moskovskaya-oblast/";"8044";"2";"12";"done";"";"2026-06-13 00:56:07";"2026-06-13 05:40:11";""
"cian";"cian_328764748";"328764748";"https://www.cian.ru/sale/flat/328764748/";"https://mytishchi.cian.ru/sale/flat/328764748/?context=4.mo6M3fjpBag.eCiQIGEf8Gwx2NPpdRsWNZ1XOlWJjluNpnRvDU9qOPGtxWIxt45rOecBf3ziO4Jv3cs4nuU0UduElg&mlSearchSessionGuid=c3deb7ba313039c2ced1dcfc178b9d06";"студия";"https://www.cian.ru/kupit-kvartiru-studiu-moskovskaya-oblast/";"8044";"2";"13";"done";"";"2026-06-13 00:56:07";"2026-06-13 05:40:26";""
"cian";"cian_328024125";"328024125";"https://www.cian.ru/sale/flat/328024125/";"https://reutov.cian.ru/sale/flat/328024125/?context=4.xuZic0pXAVs.vfS2evdL4QMncR69ghZa_b4kq19SGkb-8R8PD6rYu5AXY_9kUla9Ig2apMXbrndYUPXu1Z2PBvgHwA&mlSearchSessionGuid=c3deb7ba313039c2ced1dcfc178b9d06";"студия";"https://www.cian.ru/kupit-kvartiru-studiu-moskovskaya-oblast/";"8044";"2";"14";"done";"";"2026-06-13 00:56:07";"2026-06-13 05:40:42";""
"cian";"cian_320964575";"320964575";"https://www.cian.ru/sale/flat/320964575/";"https://shchyolkovo.cian.ru/sale/flat/320964575/?context=4.21-mN63cV9o.jJ8vQiUNBpm10NG2fcPKkO-EWm8_-bJCoiT3wI8SMFQn4OiTgNSv3Fvfa1udDlqJbTF845zE3NpZww&mlSearchSessionGuid=c3deb7ba313039c2ced1dcfc178b9d06";"студия";"https://www.cian.ru/kupit-kvartiru-studiu-moskovskaya-oblast/";"8044";"2";"15";"done";"";"2026-06-13 00:56:07";"2026-06-13 05:40:56";""
"cian";"cian_329507982";"329507982";"https://www.cian.ru/sale/flat/329507982/";"https://lyubertsy.cian.ru/sale/flat/329507982/?context=4.zjvyX_oZSBo.AlfYcrSYFq6BEPXE3YJrseAGhmAGeeRfeNwTN6o2WAfS6PU20kjqXp8Kog29nPXMj4Uyho3rBJSW3w&mlSearchSessionGuid=c3deb7ba313039c2ced1dcfc178b9d06";"студия";"https://www.cian.ru/kupit-kvartiru-studiu-moskovskaya-oblast/";"8044";"2";"16";"done";"";"2026-06-13 00:56:07";"2026-06-13 05:41:11";""
"cian";"cian_331004985";"331004985";"https://www.cian.ru/sale/flat/331004985/";"https://ramenskoye.cian.ru/sale/flat/331004985/?context=4.0jP7ptmRIFg.bCvWtforeJ-O8ZaUZ1ogvs9116sLzNmnJyCBzj10IsUGJe-eyrcwamxrjySZ1DH5euu7TkXaW18H-A&mlSearchSessionGuid=c3deb7ba313039c2ced1dcfc178b9d06";"студия";"https://www.cian.ru/kupit-kvartiru-studiu-moskovskaya-oblast/";"8044";"2";"17";"done";"";"2026-06-13 00:56:07";"2026-06-13 05:41:26";""
"cian";"cian_328807423";"328807423";"https://www.cian.ru/sale/flat/328807423/";"https://odintsovo.cian.ru/sale/flat/328807423/?context=4.viDQ3GNz8Rk.O8_OPRo6_K1dRxA619FwnXanpKjHc4VwjH61mkhKNrlTQHeCViVQFVkEppOUl6S10FxUEtqClXZ4Vw&mlSearchSessionGuid=c3deb7ba313039c2ced1dcfc178b9d06";"студия";"https://www.cian.ru/kupit-kvartiru-studiu-moskovskaya-oblast/";"8044";"2";"18";"done";"";"2026-06-13 00:56:07";"2026-06-13 05:41:43";""
"cian";"cian_328807240";"328807240";"https://www.cian.ru/sale/flat/328807240/";"https://krasnogorsk.cian.ru/sale/flat/328807240/?context=4.iw-SC0lY-zk.4gnH1uLKuBrm-yo9Ro7dCVYkIdAFTeuN7DSnv5cb9qvBglvdcck1zLa2PMDe9Rxl02ylrZsR80g_JQ&mlSearchSessionGuid=c3deb7ba313039c2ced1dcfc178b9d06";"студия";"https://www.cian.ru/kupit-kvartiru-studiu-moskovskaya-oblast/";"8044";"2";"19";"done";"";"2026-06-13 00:56:07";"2026-06-13 05:41:59";""
"cian";"cian_327488378";"327488378";"https://www.cian.ru/sale/flat/327488378/";"https://zvenigorod.cian.ru/sale/flat/327488378/?context=4.-GIIrk-Xcfs.WhJfgh4r825WVzDm4OH_dMSJ9YXTPdzhgWhqiVwIc0jJaft8uOotRj6uYMhH7HFRBlpJRpPqhWPXbg&mlSearchSessionGuid=c3deb7ba313039c2ced1dcfc178b9d06";"студия";"https://www.cian.ru/kupit-kvartiru-studiu-moskovskaya-oblast/";"8044";"2";"20";"done";"";"2026-06-13 00:56:07";"2026-06-13 05:42:13";""
"cian";"cian_328550290";"328550290";"https://www.cian.ru/sale/flat/328550290/";"https://odintsovo.cian.ru/sale/flat/328550290/?context=4.Y-S4dpwiWwM.W4a3gyWLV2PNwglS4oZR2dvoAeJy8VQJD1-QdawBPYzZjpV0i4LLU7py7lmJ_pUyyB_QC42acm8m2g&mlSearchSessionGuid=c3deb7ba313039c2ced1dcfc178b9d06";"студия";"https://www.cian.ru/kupit-kvartiru-studiu-moskovskaya-oblast/";"8044";"2";"21";"done";"";"2026-06-13 00:56:07";"2026-06-13 05:42:28";""
"cian";"cian_327757525";"327757525";"https://www.cian.ru/sale/flat/327757525/";"https://balashikha.cian.ru/sale/flat/327757525/?context=4.1IffI6zighs.kJ7yJp_wkLxwg7Y9thVErnRXrYMeRRvClmPQCKEQccGue5Gub4UyZfo8jAVsym9QWhly9heksi6V5g&mlSearchSessionGuid=c3deb7ba313039c2ced1dcfc178b9d06";"студия";"https://www.cian.ru/kupit-kvartiru-studiu-moskovskaya-oblast/";"8044";"2";"22";"done";"";"2026-06-13 00:56:07";"2026-06-13 05:42:41";""
"cian";"cian_329795503";"329795503";"https://www.cian.ru/sale/flat/329795503/";"https://lyubertsy.cian.ru/sale/flat/329795503/?context=4.RAPn5oI0eiw.3X9nq-kQc11yUQnwfSuLeS_s1JqB029o8a3WV3fAvgbc_gxNDYpvEeQQT35ccpymZrF0VIYd8kh48w&mlSearchSessionGuid=c3deb7ba313039c2ced1dcfc178b9d06";"студия";"https://www.cian.ru/kupit-kvartiru-studiu-moskovskaya-oblast/";"8044";"2";"23";"done";"";"2026-06-13 00:56:07";"2026-06-13 05:42:57";""
"cian";"cian_325785223";"325785223";"https://www.cian.ru/sale/flat/325785223/";"https://mytishchi.cian.ru/sale/flat/325785223/?context=4.fd-A2vcHcAc.7LB8bD_nYqV9rqGAIAyjCnBF2rDvgVMe1PvnCEJr4s-tof-foKp0AhcBgeF56hPputpzhbAci0bC2Q&mlSearchSessionGuid=c3deb7ba313039c2ced1dcfc178b9d06";"студия";"https://www.cian.ru/kupit-kvartiru-studiu-moskovskaya-oblast/";"8044";"2";"24";"done";"";"2026-06-13 00:56:07";"2026-06-13 05:43:11";""
"cian";"cian_330604957";"330604957";"https://www.cian.ru/sale/flat/330604957/";"https://krasnogorsk.cian.ru/sale/flat/330604957/?context=4.m-Bu6H73Ddk.-peexR5yvdWRDyY44NIds6DqMRd5cylbdGTfhyGCTYiXnxMrctY8tVuA29DBILNnGrnGCTWmmemeqg&mlSearchSessionGuid=c3deb7ba313039c2ced1dcfc178b9d06";"студия";"https://www.cian.ru/kupit-kvartiru-studiu-moskovskaya-oblast/";"8044";"2";"25";"done";"";"2026-06-13 00:56:07";"2026-06-13 05:43:27";""
"cian";"cian_315592495";"315592495";"https://www.cian.ru/sale/flat/315592495/";"https://khimki.cian.ru/sale/flat/315592495/?context=4.aytFRZpQMU0.Qk2rLf3ir6iKxkQmBiYJiR1hO-VKBs8DRp9bLhIJOcTtWnEUnvzvGII3m5ji7J9kR167Oq2lf6HRbw&mlSearchSessionGuid=c3deb7ba313039c2ced1dcfc178b9d06";"студия";"https://www.cian.ru/kupit-kvartiru-studiu-moskovskaya-oblast/";"8044";"2";"26";"done";"";"2026-06-13 00:56:07";"2026-06-13 05:43:43";""
"cian";"cian_330927022";"330927022";"https://www.cian.ru/sale/flat/330927022/";"https://naro-fominsk.cian.ru/sale/flat/330927022/?context=4.-keBeMQeEx0.L7vvPRLIeuwRArM91xwFnTauYMmcwxJ7sQJNl9XzjS8e-srY30CyKlDByudl2ojpALtydPnCZBoqDQ&mlSearchSessionGuid=c3deb7ba313039c2ced1dcfc178b9d06";"студия";"https://www.cian.ru/kupit-kvartiru-studiu-moskovskaya-oblast/";"8044";"2";"27";"done";"";"2026-06-13 00:56:07";"2026-06-13 05:43:58";""
"cian";"cian_329709070";"329709070";"https://www.cian.ru/sale/flat/329709070/";"https://dolgoprudny.cian.ru/sale/flat/329709070/?context=4.UrcyiiVm99c.e9Opv4xcOLSnC06xGkufqUJ6FqSSK6meU_kZFGggWaofJnqzXCzugoqIqeFE4kZRNXeRypemHp4CUA&mlSearchSessionGuid=c3deb7ba313039c2ced1dcfc178b9d06";"студия";"https://www.cian.ru/kupit-kvartiru-studiu-moskovskaya-oblast/";"8044";"2";"28";"done";"";"2026-06-13 00:56:07";"2026-06-13 05:44:13";""
"cian";"cian_330562992";"330562992";"https://www.cian.ru/sale/flat/330562992/";"https://krasnogorsk.cian.ru/sale/flat/330562992/?context=4.0vA_rVnSUo8.NmmZY2A4U5j-rTr9IAKCDbbRpToyUShh5WW8wwwHg0hBeW932Ae3K9m0jD4mnZyjmO4GMC39kv-rzQ&mlSearchSessionGuid=c3deb7ba313039c2ced1dcfc178b9d06";"студия";"https://www.cian.ru/kupit-kvartiru-studiu-moskovskaya-oblast/";"8044";"3";"1";"done";"";"2026-06-13 00:56:48";"2026-06-13 05:44:28";""
"cian";"cian_330927041";"330927041";"https://www.cian.ru/sale/flat/330927041/";"https://naro-fominsk.cian.ru/sale/flat/330927041/?context=4.aWVqe1rAMww.0lxxDDLV-IqIL_a4N4mIOiz1O5h11RhJ_TmSrY9wE5JG3TYggi9YS8zvgbmBwc1gczqXy4fHc4B-TQ&mlSearchSessionGuid=c3deb7ba313039c2ced1dcfc178b9d06";"студия";"https://www.cian.ru/kupit-kvartiru-studiu-moskovskaya-oblast/";"8044";"3";"2";"done";"";"2026-06-13 00:56:48";"2026-06-13 05:44:44";""
"cian";"cian_327426529";"327426529";"https://www.cian.ru/sale/flat/327426529/";"https://mytishchi.cian.ru/sale/flat/327426529/?context=4.k_NBTZ1u_EY.ANZVDbmHG_sxXG7CcKmGd56CUrhpwgLvcVQI6idxtkl_-1DfkniSetdcdJc_5xSiU5DpYhu8SNXmiw&mlSearchSessionGuid=c3deb7ba313039c2ced1dcfc178b9d06";"студия";"https://www.cian.ru/kupit-kvartiru-studiu-moskovskaya-oblast/";"8044";"3";"4";"done";"";"2026-06-13 00:56:48";"2026-06-13 05:45:02";""
"cian";"cian_328550295";"328550295";"https://www.cian.ru/sale/flat/328550295/";"https://odintsovo.cian.ru/sale/flat/328550295/?context=4.5Is0BsZBw08.JlXoVue52qWMPbBnLfS1_SP7yziObrPVlGaoUPwYGHd6_FVHx6iw7Hya-X-t003k06iX0R2p91EB9w&mlSearchSessionGuid=c3deb7ba313039c2ced1dcfc178b9d06";"студия";"https://www.cian.ru/kupit-kvartiru-studiu-moskovskaya-oblast/";"8044";"3";"5";"done";"";"2026-06-13 00:56:48";"2026-06-13 05:45:17";""
"cian";"cian_328496812";"328496812";"https://www.cian.ru/sale/flat/328496812/";"https://ramenskoye.cian.ru/sale/flat/328496812/?context=4.ZGTkgIBdW-8.fs0PyR6EJ9K7czaANTDyUj7b4QwhFxytmDIMX3x83MVU8exK9CuEDH8_m9HFI1hqiQ2ikyfCkTRyiw&mlSearchSessionGuid=c3deb7ba313039c2ced1dcfc178b9d06";"студия";"https://www.cian.ru/kupit-kvartiru-studiu-moskovskaya-oblast/";"8044";"3";"6";"done";"";"2026-06-13 00:56:48";"2026-06-13 05:45:32";""
"cian";"cian_330683199";"330683199";"https://www.cian.ru/sale/flat/330683199/";"https://krasnogorsk.cian.ru/sale/flat/330683199/?context=4.uayUvb8gz_s.5lxxFGfv7OranSIOiVrVhOhG6itwLTwadZioQQv9kGeIAS49mRvDrOIMN-k7ilIhBPT8fXsetbWOoA&mlSearchSessionGuid=c3deb7ba313039c2ced1dcfc178b9d06";"студия";"https://www.cian.ru/kupit-kvartiru-studiu-moskovskaya-oblast/";"8044";"3";"7";"done";"";"2026-06-13 00:56:48";"2026-06-13 05:45:47";""
"cian";"cian_325785215";"325785215";"https://www.cian.ru/sale/flat/325785215/";"https://mytishchi.cian.ru/sale/flat/325785215/?context=4.ue3HmnVP8lQ.L2RzK-vDEtqAaVP3KfdkGWwuUY2JmNJYAHPgTDL2ENz7byyAa5knfI6wy6-Hxr5aaFeN9wildr755A&mlSearchSessionGuid=c3deb7ba313039c2ced1dcfc178b9d06";"студия";"https://www.cian.ru/kupit-kvartiru-studiu-moskovskaya-oblast/";"8044";"3";"8";"done";"";"2026-06-13 00:56:48";"2026-06-13 05:46:04";""
"cian";"cian_330031234";"330031234";"https://www.cian.ru/sale/flat/330031234/";"https://mytishchi.cian.ru/sale/flat/330031234/?context=4.ENdUuHZYGNw.lAJWtR_uWAiXakg_GmKWHlDZ_kbJl6rHSs0zo2dK3XT-JnX5T-_DbOUSi7tFuwsmT2GmXKAOgNF85A&mlSearchSessionGuid=c3deb7ba313039c2ced1dcfc178b9d06";"студия";"https://www.cian.ru/kupit-kvartiru-studiu-moskovskaya-oblast/";"8044";"3";"10";"done";"";"2026-06-13 00:56:48";"2026-06-13 05:46:18";""
"cian";"cian_330218261";"330218261";"https://www.cian.ru/sale/flat/330218261/";"https://zvenigorod.cian.ru/sale/flat/330218261/?context=4.ScL0_cPKfus.RObGxDeYNF35EalX4HUEYJDf7jKNHsbR4_o471ifTTehIXeawsUwF1grNVORCKIC2FeimMz9s9kItg&mlSearchSessionGuid=c3deb7ba313039c2ced1dcfc178b9d06";"студия";"https://www.cian.ru/kupit-kvartiru-studiu-moskovskaya-oblast/";"8044";"3";"11";"done";"";"2026-06-13 00:56:48";"2026-06-13 05:46:34";""
"cian";"cian_330944212";"330944212";"https://www.cian.ru/sale/flat/330944212/";"https://kotelniki.cian.ru/sale/flat/330944212/?context=4.dDgrZGNsz1Q.hgKPfEOrUtPnXNoJBCoRydgUb8kgs-lV5zWCQT-sgir5lILZeo25g7bHxOfiq7rWamjHSi-ZT-KJ7g&mlSearchSessionGuid=c3deb7ba313039c2ced1dcfc178b9d06";"студия";"https://www.cian.ru/kupit-kvartiru-studiu-moskovskaya-oblast/";"8044";"3";"13";"done";"";"2026-06-13 00:56:48";"2026-06-13 05:46:47";""
"cian";"cian_325784950";"325784950";"https://www.cian.ru/sale/flat/325784950/";"https://mytishchi.cian.ru/sale/flat/325784950/?context=4.vfeZsRveoEU.OjZdHeyWCetqSbXZeSi4RMnC3uNJ0PyY9fEqKZ9AMmaj9NkXXt4jE7Wga9t_TqIvK2mqwbYCcKe1WA&mlSearchSessionGuid=c3deb7ba313039c2ced1dcfc178b9d06";"студия";"https://www.cian.ru/kupit-kvartiru-studiu-moskovskaya-oblast/";"8044";"3";"14";"done";"";"2026-06-13 00:56:48";"2026-06-13 05:47:02";""
"cian";"cian_326024536";"326024536";"https://www.cian.ru/sale/flat/326024536/";"https://krasnogorsk.cian.ru/sale/flat/326024536/?context=4.GPvlScfzYHU.Q4Pu48qS26zxWx06opIB4mjOg-_rZNIBJKm9dvx4EisUWC528ee-pIvRwuP2Ss59GS7gi2t0nXa1xg&mlSearchSessionGuid=c3deb7ba313039c2ced1dcfc178b9d06";"студия";"https://www.cian.ru/kupit-kvartiru-studiu-moskovskaya-oblast/";"8044";"3";"16";"done";"";"2026-06-13 00:56:48";"2026-06-13 05:47:17";""
"cian";"cian_330317401";"330317401";"https://www.cian.ru/sale/flat/330317401/";"https://dedovsk.cian.ru/sale/flat/330317401/?context=4.YGNqDXMXNH0.xIUlclKORhR84gvj9cxJFqAKdBIF6-Fdq5bTBSBLp7SwJjuo3EeF5YAH5PMZaXnFgjJuED_Z0SBFoQ&mlSearchSessionGuid=c3deb7ba313039c2ced1dcfc178b9d06";"студия";"https://www.cian.ru/kupit-kvartiru-studiu-moskovskaya-oblast/";"8044";"3";"17";"done";"";"2026-06-13 00:56:48";"2026-06-13 05:47:31";""
"cian";"cian_326066292";"326066292";"https://www.cian.ru/sale/flat/326066292/";"https://dedovsk.cian.ru/sale/flat/326066292/?context=4.U5mn4aNVC9U.eyfeE8Hr_sjv4AdUrlDae_Pji6QXVzDBEPnAGS-EH7MoKv3-OTGyJ1Oo6-RDJB7MeokOrypwSr8bxQ&mlSearchSessionGuid=c3deb7ba313039c2ced1dcfc178b9d06";"студия";"https://www.cian.ru/kupit-kvartiru-studiu-moskovskaya-oblast/";"8044";"3";"18";"done";"";"2026-06-13 00:56:48";"2026-06-13 05:47:47";""
"cian";"cian_319073563";"319073563";"https://www.cian.ru/sale/flat/319073563/";"https://korolev.cian.ru/sale/flat/319073563/?context=4.35nzqcgL-44.HV2SVjOmqdObBMWXPrS9TjSVIIr7WbhGtrZlmHvV-o2dkokS8ZxWKqC0EXfrKzb_J0_TiOeMNOTPSQ&mlSearchSessionGuid=c3deb7ba313039c2ced1dcfc178b9d06";"студия";"https://www.cian.ru/kupit-kvartiru-studiu-moskovskaya-oblast/";"8044";"3";"19";"done";"";"2026-06-13 00:56:48";"2026-06-13 05:48:03";""
"cian";"cian_329907947";"329907947";"https://www.cian.ru/sale/flat/329907947/";"https://korolev.cian.ru/sale/flat/329907947/?context=4.UuKLIof2ka0.PNqkI8BvhQGb5duCGdj3aeBymnNdbB0G6fWMlT3GVmF-X6UGDTg1WJPXc_IZ70e4HjPQj7RAoVGnWg&mlSearchSessionGuid=c3deb7ba313039c2ced1dcfc178b9d06";"студия";"https://www.cian.ru/kupit-kvartiru-studiu-moskovskaya-oblast/";"8044";"3";"20";"done";"";"2026-06-13 00:56:48";"2026-06-13 05:48:17";""
"cian";"cian_330900139";"330900139";"https://www.cian.ru/sale/flat/330900139/";"https://solnechnogorsk.cian.ru/sale/flat/330900139/?context=4.uZWUsGdKtOU.BigpXqygtTX-G7kxrp6FgTileOkh8xG6ri1qiJ0YN9sZatcXjzl2KkH-k2O3ok4V7fWX6me47LGSwg&mlSearchSessionGuid=c3deb7ba313039c2ced1dcfc178b9d06";"студия";"https://www.cian.ru/kupit-kvartiru-studiu-moskovskaya-oblast/";"8044";"3";"22";"done";"";"2026-06-13 00:56:48";"2026-06-13 05:48:30";""
"cian";"cian_322957521";"322957521";"https://www.cian.ru/sale/flat/322957521/";"https://krasnogorsk.cian.ru/sale/flat/322957521/?context=4.NZfMJGDv7FE.VnifATYrx40a1f2bOK-ufir0U0BFzbp0qp8TjeJsufL8LKEfzVBqmAKkhMXmXNDJwwSWwLMQFJfvog&mlSearchSessionGuid=c3deb7ba313039c2ced1dcfc178b9d06";"студия";"https://www.cian.ru/kupit-kvartiru-studiu-moskovskaya-oblast/";"8044";"3";"23";"done";"";"2026-06-13 00:56:48";"2026-06-13 05:48:45";""
"cian";"cian_323014570";"323014570";"https://www.cian.ru/sale/flat/323014570/";"https://krasnogorsk.cian.ru/sale/flat/323014570/?context=4.De4SSkZ8Rok.o_8IfO9jCPcnUag7zgw20HT1YKL_udtwDnYo5LmJSWGSEvDN2XKuT_SAyUn0HUwtSorSxh8QCacypA&mlSearchSessionGuid=c3deb7ba313039c2ced1dcfc178b9d06";"студия";"https://www.cian.ru/kupit-kvartiru-studiu-moskovskaya-oblast/";"8044";"3";"25";"done";"";"2026-06-13 00:56:48";"2026-06-13 05:48:59";""
"cian";"cian_294226052";"294226052";"https://www.cian.ru/sale/flat/294226052/";"https://zvenigorod.cian.ru/sale/flat/294226052/?context=4.e-v1O3mVC3o.28i5y7fOre0NRIgxzZnMhTwpwoOwN5SfVdo1AJB-85RaSHtkXQnaRDHEoK-p2qhC9f5WfAyxPHD19w&mlSearchSessionGuid=c3deb7ba313039c2ced1dcfc178b9d06";"студия";"https://www.cian.ru/kupit-kvartiru-studiu-moskovskaya-oblast/";"8044";"3";"26";"done";"";"2026-06-13 00:56:48";"2026-06-13 05:49:14";""
"cian";"cian_330605117";"330605117";"https://www.cian.ru/sale/flat/330605117/";"https://balashikha.cian.ru/sale/flat/330605117/?context=4.7sUO-GPLJ8Y.4Ou6MbJT1-yMla20AE23PwSI51xertb54ocqArdwrNfkjHPcz8b1euGB-NiK9GPyqXH8WCzl9ndLdw&mlSearchSessionGuid=c3deb7ba313039c2ced1dcfc178b9d06";"студия";"https://www.cian.ru/kupit-kvartiru-studiu-moskovskaya-oblast/";"8044";"3";"28";"done";"";"2026-06-13 00:56:48";"2026-06-13 05:49:29";""
"cian";"cian_322718332";"322718332";"https://www.cian.ru/sale/flat/322718332/";"https://zvenigorod.cian.ru/sale/flat/322718332/?context=4.MYpxeogShg4.7sIpjMefRhFcCF_7Rqzu4_oNkHSekoymEwToHNjvfOveF5VrSqEECMna5vq2BmQDAZTkZbY9ikjSFA&mlSearchSessionGuid=c3deb7ba313039c2ced1dcfc178b9d06";"студия";"https://www.cian.ru/kupit-kvartiru-studiu-moskovskaya-oblast/";"8044";"4";"1";"done";"";"2026-06-13 00:57:30";"2026-06-13 05:49:45";""
"cian";"cian_320494238";"320494238";"https://www.cian.ru/sale/flat/320494238/";"https://krasnogorsk.cian.ru/sale/flat/320494238/?context=4.-bN0dADF5DY.K2S4pofFg4IutM4KZhBbdFlxDeBIMkiOOBkkFH7KTvyaUEjWi_EGD5hTA_B0TLsvA5McQEzuF8-ANg&mlSearchSessionGuid=c3deb7ba313039c2ced1dcfc178b9d06";"студия";"https://www.cian.ru/kupit-kvartiru-studiu-moskovskaya-oblast/";"8044";"4";"3";"done";"";"2026-06-13 00:57:30";"2026-06-13 05:49:59";""
"cian";"cian_330337143";"330337143";"https://www.cian.ru/sale/flat/330337143/";"https://dedovsk.cian.ru/sale/flat/330337143/?context=4.MuHz1DLRYcE.YJvVOp9bJPzaWxHb3sbdRgAIo7pFXqMXtJhQ86S4GbpCzvoy4v8QIW7u1DXxKZC2YvHA-V-7u6undw&mlSearchSessionGuid=c3deb7ba313039c2ced1dcfc178b9d06";"студия";"https://www.cian.ru/kupit-kvartiru-studiu-moskovskaya-oblast/";"8044";"4";"4";"done";"";"2026-06-13 00:57:30";"2026-06-13 05:50:15";""
"cian";"cian_330480847";"330480847";"https://www.cian.ru/sale/flat/330480847/";"https://krasnogorsk.cian.ru/sale/flat/330480847/?context=4.kN0cafECx5w.sZJrSxzDzK5NqFE-pWu64cMhx9de-OrnRFTOufIxHxrjpmj9gCzujKLVwR4o1_LAVRjEIZs-i361LQ&mlSearchSessionGuid=c3deb7ba313039c2ced1dcfc178b9d06";"студия";"https://www.cian.ru/kupit-kvartiru-studiu-moskovskaya-oblast/";"8044";"4";"6";"done";"";"2026-06-13 00:57:30";"2026-06-13 05:50:30";""
"cian";"cian_322144868";"322144868";"https://www.cian.ru/sale/flat/322144868/";"https://mytishchi.cian.ru/sale/flat/322144868/?context=4.hL4ydVBbrAk.nhT9Tho0jWzta-SIR1XvC3cBM_G1kAZ-RI_uDUDlSO7a-cAbjoE4iS7Zw6dgt88wsfsmz4bwiqqPDg&mlSearchSessionGuid=c3deb7ba313039c2ced1dcfc178b9d06";"студия";"https://www.cian.ru/kupit-kvartiru-studiu-moskovskaya-oblast/";"8044";"4";"7";"done";"";"2026-06-13 00:57:30";"2026-06-13 05:50:45";""
"cian";"cian_330555043";"330555043";"https://www.cian.ru/sale/flat/330555043/";"https://krasnogorsk.cian.ru/sale/flat/330555043/?context=4.UywD1vtYkuA.pSJlI0rJbOO-0TfxE8H8PA3c4ZfvO10zlZmTL9J7_pFZA_x9CKahd_Pl1nzEHedpcqcyx6yF5uEa7A&mlSearchSessionGuid=c3deb7ba313039c2ced1dcfc178b9d06";"студия";"https://www.cian.ru/kupit-kvartiru-studiu-moskovskaya-oblast/";"8044";"4";"9";"done";"";"2026-06-13 00:57:30";"2026-06-13 05:50:59";""
"cian";"cian_318766134";"318766134";"https://www.cian.ru/sale/flat/318766134/";"https://ivanteyevka.cian.ru/sale/flat/318766134/?context=4.5gTD5_NQdwo.hSkMO47kOUccnNHlMr0z5ObXoXu6IrmkrMeR6-CXs8XZ0bgdGyq80LaD6-L9h6EyUSx2SttMJRyUzQ&mlSearchSessionGuid=c3deb7ba313039c2ced1dcfc178b9d06";"студия";"https://www.cian.ru/kupit-kvartiru-studiu-moskovskaya-oblast/";"8044";"4";"10";"done";"";"2026-06-13 00:57:30";"2026-06-13 05:51:13";""
"cian";"cian_327569328";"327569328";"https://www.cian.ru/sale/flat/327569328/";"https://krasnogorsk.cian.ru/sale/flat/327569328/?context=4.5YJV9XG0fUo.p4nlawzjI5i8vro6cKOhR-ElB5Cnfjx-SJogrMQscPbkdJtUiZ4m2t6S9GKx9_UrB5qwlg46BECJcw&mlSearchSessionGuid=c3deb7ba313039c2ced1dcfc178b9d06";"студия";"https://www.cian.ru/kupit-kvartiru-studiu-moskovskaya-oblast/";"8044";"4";"12";"done";"";"2026-06-13 00:57:30";"2026-06-13 05:51:29";""
"cian";"cian_330498014";"330498014";"https://www.cian.ru/sale/flat/330498014/";"https://ivanteyevka.cian.ru/sale/flat/330498014/?context=4.XL4np2xrY_s.EoBjhXVg-aR1dHrgcNl5IX_Om74uLW8KhyLtOhjg-ekhBdd7jFBanPZNgJMqIzvm6Qt_jSfXKtFrVQ&mlSearchSessionGuid=c3deb7ba313039c2ced1dcfc178b9d06";"студия";"https://www.cian.ru/kupit-kvartiru-studiu-moskovskaya-oblast/";"8044";"4";"13";"done";"";"2026-06-13 00:57:30";"2026-06-13 05:51:42";""
"cian";"cian_330965852";"330965852";"https://www.cian.ru/sale/flat/330965852/";"https://korolev.cian.ru/sale/flat/330965852/?context=4.W-ZNaasXfxY.TCvsGsfK21bK6l45RqK77tPij5v9x0kmicoocpNs6tFhVOPImNBCrB8oJzWEQq9RFYvYuFvh3QZQSw&mlSearchSessionGuid=c3deb7ba313039c2ced1dcfc178b9d06";"студия";"https://www.cian.ru/kupit-kvartiru-studiu-moskovskaya-oblast/";"8044";"4";"15";"done";"";"2026-06-13 00:57:30";"2026-06-13 05:51:58";""
"cian";"cian_326657479";"326657479";"https://www.cian.ru/sale/flat/326657479/";"https://korolev.cian.ru/sale/flat/326657479/?context=4.jpS8NKAjgZs.Gw6KSQ7Ba4gKeL7CbuVZ-TTnymcyq-bWAjReY0alG5uEEy7QsTMzrO2KuIq1sKVDJTXoAOGPAaT-Ew&mlSearchSessionGuid=c3deb7ba313039c2ced1dcfc178b9d06";"студия";"https://www.cian.ru/kupit-kvartiru-studiu-moskovskaya-oblast/";"8044";"4";"16";"done";"";"2026-06-13 00:57:30";"2026-06-13 05:52:11";""
"cian";"cian_330337312";"330337312";"https://www.cian.ru/sale/flat/330337312/";"https://mytishchi.cian.ru/sale/flat/330337312/?context=4.x4g_rwwgf_4.8NTaqLzu1mPvjVWxGUEfTwj72JRj34e_Z9kyql7oEtkLRoiR-qa62D7CITOXuj4SgcsKob2ILyF43w&mlSearchSessionGuid=c3deb7ba313039c2ced1dcfc178b9d06";"студия";"https://www.cian.ru/kupit-kvartiru-studiu-moskovskaya-oblast/";"8044";"4";"17";"done";"";"2026-06-13 00:57:30";"2026-06-13 05:52:27";""
"cian";"cian_324561337";"324561337";"https://www.cian.ru/sale/flat/324561337/";"https://korolev.cian.ru/sale/flat/324561337/?context=4.DAkySRgythA.gWkom172NMhPprDRS9mK7HTI7SsJV4C3CvS2ZZ6JPxwi5w3O-CkToEKBu_jEaCzWIga_BgCihAzi0w&mlSearchSessionGuid=c3deb7ba313039c2ced1dcfc178b9d06";"студия";"https://www.cian.ru/kupit-kvartiru-studiu-moskovskaya-oblast/";"8044";"4";"18";"done";"";"2026-06-13 00:57:30";"2026-06-13 05:52:40";""
"cian";"cian_329382156";"329382156";"https://www.cian.ru/sale/flat/329382156/";"https://krasnogorsk.cian.ru/sale/flat/329382156/?context=4.83ZrTrwXcak.rBXYwry2EjlAWPzLUonz-_M_bFeQm_BrpGlZ52xeUx5P1TfWOh8YypP9SXb7-tHVUTAAjWhBFZBCxg&mlSearchSessionGuid=c3deb7ba313039c2ced1dcfc178b9d06";"студия";"https://www.cian.ru/kupit-kvartiru-studiu-moskovskaya-oblast/";"8044";"4";"19";"done";"";"2026-06-13 00:57:30";"2026-06-13 05:52:56";""
"cian";"cian_330449740";"330449740";"https://www.cian.ru/sale/flat/330449740/";"https://mytishchi.cian.ru/sale/flat/330449740/?context=4.ofVCGCAedrk.ciZI191Bf5-HvjdeCsbV3ZVSHQIny65RSm7vYueOyIUCPOlPC-L7z3ykNfUO8f1uluPjFtuypsFC4g&mlSearchSessionGuid=c3deb7ba313039c2ced1dcfc178b9d06";"студия";"https://www.cian.ru/kupit-kvartiru-studiu-moskovskaya-oblast/";"8044";"4";"20";"done";"";"2026-06-13 00:57:30";"2026-06-13 05:53:11";""
"cian";"cian_330592268";"330592268";"https://www.cian.ru/sale/flat/330592268/";"https://lyubertsy.cian.ru/sale/flat/330592268/?context=4.meUdaVJ_zKg.K2BtiGC97UsGdrBe4aiVPKfoKlFclva8l9pvJQZGDNE28HTuOe6K5ujCfihn_jer_YyBgOT_Lnkxzg&mlSearchSessionGuid=c3deb7ba313039c2ced1dcfc178b9d06";"студия";"https://www.cian.ru/kupit-kvartiru-studiu-moskovskaya-oblast/";"8044";"4";"21";"done";"";"2026-06-13 00:57:30";"2026-06-13 05:53:26";""
"cian";"cian_324561209";"324561209";"https://www.cian.ru/sale/flat/324561209/";"https://pushkino.cian.ru/sale/flat/324561209/?context=4.oNICHVT-rMA.TklNQ1nrtLXayief4bSzQcOmt3qC3tUbAL1Gm7hHoFETTlLWfudR93a3-j_ipKkG1MhWTaBzj0jzAg&mlSearchSessionGuid=c3deb7ba313039c2ced1dcfc178b9d06";"студия";"https://www.cian.ru/kupit-kvartiru-studiu-moskovskaya-oblast/";"8044";"4";"22";"done";"";"2026-06-13 00:57:30";"2026-06-13 05:53:40";""
"cian";"cian_330133784";"330133784";"https://www.cian.ru/sale/flat/330133784/";"https://krasnogorsk.cian.ru/sale/flat/330133784/?context=4.vE3CdsXQoKo.cCYoRjogLQDUqt7tgWoFfU655_ZeZ-pgVqvubJQBvscIC1ThSY8MsFaImqNEFgbGBxKWUdP5VfnANQ&mlSearchSessionGuid=c3deb7ba313039c2ced1dcfc178b9d06";"студия";"https://www.cian.ru/kupit-kvartiru-studiu-moskovskaya-oblast/";"8044";"4";"23";"done";"";"2026-06-13 00:57:30";"2026-06-13 05:53:56";""
"cian";"cian_330649666";"330649666";"https://www.cian.ru/sale/flat/330649666/";"https://krasnogorsk.cian.ru/sale/flat/330649666/?context=4.fhQyMuz6C_g.10pScuyys4yQFOcSeopH9_RJGoGwQD2TfXxiXpUKCKnIMaqKm1dmGqmjt37mf36bz26tKsX9MfNdoA&mlSearchSessionGuid=c3deb7ba313039c2ced1dcfc178b9d06";"студия";"https://www.cian.ru/kupit-kvartiru-studiu-moskovskaya-oblast/";"8044";"4";"24";"done";"";"2026-06-13 00:57:30";"2026-06-13 05:54:12";""
"cian";"cian_327498559";"327498559";"https://www.cian.ru/sale/flat/327498559/";"https://pushkino.cian.ru/sale/flat/327498559/?context=4.mDP820207E8.vmEQH9gnlfU27BN_HHD4scwvNY9i-3GHwgfbndTGgYKG8VTl5l0Kb0SwRdpMpgqGn178WRjSUc0LkA&mlSearchSessionGuid=c3deb7ba313039c2ced1dcfc178b9d06";"студия";"https://www.cian.ru/kupit-kvartiru-studiu-moskovskaya-oblast/";"8044";"4";"25";"done";"";"2026-06-13 00:57:30";"2026-06-13 05:54:24";""
"cian";"cian_330648053";"330648053";"https://www.cian.ru/sale/flat/330648053/";"https://mytishchi.cian.ru/sale/flat/330648053/?context=4.cIkcRUrqSlU._dbHOyCXbGG_EApAHzCy8Dk_d-uCK23EFFLqObQZyAPol8tZLobsgsYJYueBjdXk0bfmHzPkZcwLFQ&mlSearchSessionGuid=c3deb7ba313039c2ced1dcfc178b9d06";"студия";"https://www.cian.ru/kupit-kvartiru-studiu-moskovskaya-oblast/";"8044";"4";"27";"done";"";"2026-06-13 00:57:30";"2026-06-13 05:54:40";""
"cian";"cian_324561266";"324561266";"https://www.cian.ru/sale/flat/324561266/";"https://pushkino.cian.ru/sale/flat/324561266/?context=4.cA_gabIKq6s.vXz8tw-TOFpbWja3uOMZXSfB6IiCcqshYYCNAxNUjBo6lKogFBQ3mLHM7t_Tw2KmQz65P7q6-QeJOA&mlSearchSessionGuid=c3deb7ba313039c2ced1dcfc178b9d06";"студия";"https://www.cian.ru/kupit-kvartiru-studiu-moskovskaya-oblast/";"8044";"4";"28";"done";"";"2026-06-13 00:57:30";"2026-06-13 05:54:53";""
"cian";"cian_330390484";"330390484";"https://www.cian.ru/sale/flat/330390484/";"https://ivanteyevka.cian.ru/sale/flat/330390484/?context=4.DpwBHFgMZbc.DFue1mCyLEjlIQNsnufkaT6MlhQNCRTv91vgQHPSTv6qv8PDD9BYktszYTklv8m6hCnjZJhusbhXsw&mlSearchSessionGuid=c3deb7ba313039c2ced1dcfc178b9d06";"студия";"https://www.cian.ru/kupit-kvartiru-studiu-moskovskaya-oblast/";"8044";"5";"1";"done";"";"2026-06-13 00:58:17";"2026-06-13 05:55:09";""
"cian";"cian_331006369";"331006369";"https://www.cian.ru/sale/flat/331006369/";"https://vidnoye.cian.ru/sale/flat/331006369/?context=4.c6T2qrtuof0.2g9cfIIHWscDKrn6BWnNcxx2RkSzDk6YKiZr3af_3BlokI9sybGbgn6yJTsn-BYEiBxoqWsfBFKopw&mlSearchSessionGuid=c3deb7ba313039c2ced1dcfc178b9d06";"студия";"https://www.cian.ru/kupit-kvartiru-studiu-moskovskaya-oblast/";"8044";"5";"2";"done";"";"2026-06-13 00:58:17";"2026-06-13 05:55:24";""
"cian";"cian_329697953";"329697953";"https://www.cian.ru/sale/flat/329697953/";"https://aprelevka.cian.ru/sale/flat/329697953/?context=4.zccgbhKC-ak.3iuWtAlj2QSq0tsU94dT_sV-l1o8zhly1dpSLGkR8E-lQW4wub4IaYjEl0Mw_bOqO7_nzD1n8vWtwg&mlSearchSessionGuid=c3deb7ba313039c2ced1dcfc178b9d06";"студия";"https://www.cian.ru/kupit-kvartiru-studiu-moskovskaya-oblast/";"8044";"5";"3";"done";"";"2026-06-13 00:58:17";"2026-06-13 05:55:38";""
"cian";"cian_330820639";"330820639";"https://www.cian.ru/sale/flat/330820639/";"https://zvenigorod.cian.ru/sale/flat/330820639/?context=4.2-iFfHsBlfE.UKLyhMNZyK_Ehn9km5w91NyT0xt82ktHDZWPRVetuIPmdT0r6Nqad6Y4KnHWtdadscC-wksLFh4XEA&mlSearchSessionGuid=c3deb7ba313039c2ced1dcfc178b9d06";"студия";"https://www.cian.ru/kupit-kvartiru-studiu-moskovskaya-oblast/";"8044";"5";"4";"done";"";"2026-06-13 00:58:17";"2026-06-13 05:55:54";""
"cian";"cian_329406673";"329406673";"https://www.cian.ru/sale/flat/329406673/";"https://zvenigorod.cian.ru/sale/flat/329406673/?context=4.lHPxkDN4ksM.HsTUaIxW9rT9jWNRT0deneMx0Y6Ify2U4bXuhMmvlHDuV-tjS4IbvWuvMzQ8dO0BDnFUtZ6REsK0vA&mlSearchSessionGuid=c3deb7ba313039c2ced1dcfc178b9d06";"студия";"https://www.cian.ru/kupit-kvartiru-studiu-moskovskaya-oblast/";"8044";"5";"5";"done";"";"2026-06-13 00:58:17";"2026-06-13 05:56:07";""
"cian";"cian_324563093";"324563093";"https://www.cian.ru/sale/flat/324563093/";"https://pushkino.cian.ru/sale/flat/324563093/?context=4.hZUXxH4rN-M.FZ2l2RR9WC4VD_fy_rKlsI9njY5O9TqITd7oMJC8Cv99FGkStleD_zMbmbuK0IaXNHX95331y0BGpg&mlSearchSessionGuid=c3deb7ba313039c2ced1dcfc178b9d06";"студия";"https://www.cian.ru/kupit-kvartiru-studiu-moskovskaya-oblast/";"8044";"5";"6";"done";"";"2026-06-13 00:58:17";"2026-06-13 05:56:20";""
"cian";"cian_330904380";"330904380";"https://www.cian.ru/sale/flat/330904380/";"https://krasnogorsk.cian.ru/sale/flat/330904380/?context=4.Qsy31qFvvl4.SsR-OtI5D3_ajz1tW6irf3umjFIjSmGDPrXnkCTaUJJ8o73UfKXt9XQHzDvac6lFguxreR02RrUn4w&mlSearchSessionGuid=c3deb7ba313039c2ced1dcfc178b9d06";"студия";"https://www.cian.ru/kupit-kvartiru-studiu-moskovskaya-oblast/";"8044";"5";"7";"done";"";"2026-06-13 00:58:17";"2026-06-13 05:56:35";""
"cian";"cian_329674778";"329674778";"https://www.cian.ru/sale/flat/329674778/";"https://www.cian.ru/sale/flat/329674778/?context=4.N5EWv-_RNRY.LqwZ4lEUm7STV6G-S2bfhr9BBZQxjqduRrmlFdTWyshSx4VBWJWoTEDpwpXJjbiFNzdHbJMvJ5nIQQ&mlSearchSessionGuid=c3deb7ba313039c2ced1dcfc178b9d06";"студия";"https://www.cian.ru/kupit-kvartiru-studiu-moskovskaya-oblast/";"8044";"5";"8";"done";"";"2026-06-13 00:58:17";"2026-06-13 05:56:50";""
"cian";"cian_324561367";"324561367";"https://www.cian.ru/sale/flat/324561367/";"https://korolev.cian.ru/sale/flat/324561367/?context=4.dOfiUAQFPAo.i8X8GnjhomSSf-Ku_xscATpqmXTZVAJqEY1kBW_Imgb504mU16GpYBZGrhYGHjv9LMYqDxq86WF5Sg&mlSearchSessionGuid=c3deb7ba313039c2ced1dcfc178b9d06";"студия";"https://www.cian.ru/kupit-kvartiru-studiu-moskovskaya-oblast/";"8044";"5";"9";"done";"";"2026-06-13 00:58:17";"2026-06-13 05:57:03";""
"cian";"cian_329693913";"329693913";"https://www.cian.ru/sale/flat/329693913/";"https://vidnoye.cian.ru/sale/flat/329693913/?context=4.O9tACi0U-VM.12OW5tX7UpvFbLit-luBojwChifkr-gy4IAvKEUklEmbdaYeMWKvJP01pmqBtuDRr-Rv9oQc9en3SA&mlSearchSessionGuid=c3deb7ba313039c2ced1dcfc178b9d06";"студия";"https://www.cian.ru/kupit-kvartiru-studiu-moskovskaya-oblast/";"8044";"5";"10";"done";"";"2026-06-13 00:58:17";"2026-06-13 05:57:18";""
"cian";"cian_329980266";"329980266";"https://www.cian.ru/sale/flat/329980266/";"https://mytishchi.cian.ru/sale/flat/329980266/?context=4.1Dcai5plie8.QZI2xwWYztQSExh5ETs8KjtikWnrTOAkF_cQR3ki_1pe7NjqP6D9lRHsc6PktHq1zs94zGF_ZKRTjg&mlSearchSessionGuid=c3deb7ba313039c2ced1dcfc178b9d06";"студия";"https://www.cian.ru/kupit-kvartiru-studiu-moskovskaya-oblast/";"8044";"5";"11";"done";"";"2026-06-13 00:58:17";"2026-06-13 05:57:33";""
"cian";"cian_326905919";"326905919";"https://www.cian.ru/sale/flat/326905919/";"https://ivanteyevka.cian.ru/sale/flat/326905919/?context=4.MibZiwBwXE4.CW9ws8bQBA10ZDgyQu1qTAwBYBB7-3deUFRuleaEJh-jkVWal9gSLZk9I_ters0gCaOyFbd7FhZyBQ&mlSearchSessionGuid=c3deb7ba313039c2ced1dcfc178b9d06";"студия";"https://www.cian.ru/kupit-kvartiru-studiu-moskovskaya-oblast/";"8044";"5";"12";"done";"";"2026-06-13 00:58:17";"2026-06-13 05:57:47";""
"cian";"cian_328089250";"328089250";"https://www.cian.ru/sale/flat/328089250/";"https://vidnoye.cian.ru/sale/flat/328089250/?context=4.I4lxI6Dad1w.-mlRs4wiumdWUEpfia0HBsRMFSMNk52FLaXLP2ozFq7lFkFNhgU-b1fETfdGREXRFry1VgqKK8X5Xg&mlSearchSessionGuid=c3deb7ba313039c2ced1dcfc178b9d06";"студия";"https://www.cian.ru/kupit-kvartiru-studiu-moskovskaya-oblast/";"8044";"5";"14";"done";"";"2026-06-13 00:58:17";"2026-06-13 05:58:03";""
"cian";"cian_326375759";"326375759";"https://www.cian.ru/sale/flat/326375759/";"https://ivanteyevka.cian.ru/sale/flat/326375759/?context=4.WOT4P9UZ7A4.iRrWiv_usgSPXUHb8ZSSKFA8z05beuCywSR8Zb7zyvlv41WbMWuLEATpw3MRHvDLL0Ch8wVDTvQGQQ&mlSearchSessionGuid=c3deb7ba313039c2ced1dcfc178b9d06";"студия";"https://www.cian.ru/kupit-kvartiru-studiu-moskovskaya-oblast/";"8044";"5";"15";"done";"";"2026-06-13 00:58:17";"2026-06-13 05:58:16";""
"cian";"cian_327946157";"327946157";"https://www.cian.ru/sale/flat/327946157/";"https://vidnoye.cian.ru/sale/flat/327946157/?context=4.HK-3DRt9Y3Y.aZ6Si1oRIBnPv08PydNLO0UkQq0UcZS2GGnGhdj-OUGvdkeTdycy3g9LdEuXfKro07YoOpsD2B05TA&mlSearchSessionGuid=c3deb7ba313039c2ced1dcfc178b9d06";"студия";"https://www.cian.ru/kupit-kvartiru-studiu-moskovskaya-oblast/";"8044";"5";"17";"done";"";"2026-06-13 00:58:17";"2026-06-13 05:58:32";""
"cian";"cian_324561484";"324561484";"https://www.cian.ru/sale/flat/324561484/";"https://korolev.cian.ru/sale/flat/324561484/?context=4.lWCaSz0yihQ._uRjJ-w21Aq9nl4DLbImgIyBoPqH7f-VYuxjLlspBkhX5GC2SbZkMW2gm-zKSjT0e7rK1zcWCPdVeg&mlSearchSessionGuid=c3deb7ba313039c2ced1dcfc178b9d06";"студия";"https://www.cian.ru/kupit-kvartiru-studiu-moskovskaya-oblast/";"8044";"5";"18";"done";"";"2026-06-13 00:58:17";"2026-06-13 05:58:45";""
"cian";"cian_330469271";"330469271";"https://www.cian.ru/sale/flat/330469271/";"https://lyubertsy.cian.ru/sale/flat/330469271/?context=4.eZG9QenMWuQ.vbzSuSh2OC8MUXJ8NQ1sa1eWJR0CqhV9tgijdMrOlUhf0psmphm2GxZnnMgVF9O3Xay0Q5Q2U8hLhA&mlSearchSessionGuid=c3deb7ba313039c2ced1dcfc178b9d06";"студия";"https://www.cian.ru/kupit-kvartiru-studiu-moskovskaya-oblast/";"8044";"5";"19";"done";"";"2026-06-13 00:58:17";"2026-06-13 05:59:00";""
"cian";"cian_330388988";"330388988";"https://www.cian.ru/sale/flat/330388988/";"https://lyubertsy.cian.ru/sale/flat/330388988/?context=4.epS0i09LtuA.p5KIaYMuo0-dl6i7eqLWKklPYl6-bSTFJO1QmOOPXyRPgK6AfeX1K8Lt5T9Du4G5x6hRt6IjTxA7AQ&mlSearchSessionGuid=c3deb7ba313039c2ced1dcfc178b9d06";"студия";"https://www.cian.ru/kupit-kvartiru-studiu-moskovskaya-oblast/";"8044";"5";"20";"done";"";"2026-06-13 00:58:17";"2026-06-13 05:59:15";""
"cian";"cian_330557741";"330557741";"https://www.cian.ru/sale/flat/330557741/";"https://krasnogorsk.cian.ru/sale/flat/330557741/?context=4.MU1pxbwMSPI.KAz8xW42KOVHPD1Fq4zOb4txR5pIRdU8HCGaVJMpN4MHbVaj088JiYdrduwqCgTMGxRtDolwhTWDBg&mlSearchSessionGuid=c3deb7ba313039c2ced1dcfc178b9d06";"студия";"https://www.cian.ru/kupit-kvartiru-studiu-moskovskaya-oblast/";"8044";"5";"21";"done";"";"2026-06-13 00:58:17";"2026-06-13 05:59:31";""
"cian";"cian_330200172";"330200172";"https://www.cian.ru/sale/flat/330200172/";"https://noginsk.cian.ru/sale/flat/330200172/?context=4.MYF07D3UpF0.aY-WE-QFGIBAFWZ-yNbsXge6q45v_iTj7t_9WsiuKVeQHDqXMy6t5xAoVKRdl1gICrSI1QOnMAKYVA&mlSearchSessionGuid=c3deb7ba313039c2ced1dcfc178b9d06";"студия";"https://www.cian.ru/kupit-kvartiru-studiu-moskovskaya-oblast/";"8044";"5";"22";"done";"";"2026-06-13 00:58:17";"2026-06-13 05:59:47";""
"cian";"cian_330569177";"330569177";"https://www.cian.ru/sale/flat/330569177/";"https://lyubertsy.cian.ru/sale/flat/330569177/?context=4.qLGFcCLy8Tg.LCxU6IdLANodcvPCenkZRN3yqSsWSXEZxcgDOEmwSBHq43jdyamCIz8qmGMEsYcHQcv-dMsyoFALfQ&mlSearchSessionGuid=c3deb7ba313039c2ced1dcfc178b9d06";"студия";"https://www.cian.ru/kupit-kvartiru-studiu-moskovskaya-oblast/";"8044";"5";"23";"done";"";"2026-06-13 00:58:17";"2026-06-13 06:00:01";""
"cian";"cian_329586187";"329586187";"https://www.cian.ru/sale/flat/329586187/";"https://pushkino.cian.ru/sale/flat/329586187/?context=4.KFc5O27BksI.3ZxjOnJDzr9vySDsqngqDmPsRWwhMnXg9m8QxMgeeWOJ8FYJ-nrzFwf25BHgD-xKSShGCfuqsSRQug&mlSearchSessionGuid=c3deb7ba313039c2ced1dcfc178b9d06";"студия";"https://www.cian.ru/kupit-kvartiru-studiu-moskovskaya-oblast/";"8044";"5";"24";"done";"";"2026-06-13 00:58:17";"2026-06-13 06:00:16";""
"cian";"cian_330642055";"330642055";"https://www.cian.ru/sale/flat/330642055/";"https://balashikha.cian.ru/sale/flat/330642055/?context=4.Px2O-KOwe8s.MeTy22-QUCg__SYV5wX4y5yOycQivHq9liBYl7fhrnWuJYQ7jefy-2Tb2HD7Y_aqa0-nnRnzUvPpCw&mlSearchSessionGuid=c3deb7ba313039c2ced1dcfc178b9d06";"студия";"https://www.cian.ru/kupit-kvartiru-studiu-moskovskaya-oblast/";"8044";"5";"25";"done";"";"2026-06-13 00:58:17";"2026-06-13 06:00:32";""
"cian";"cian_328550207";"328550207";"https://www.cian.ru/sale/flat/328550207/";"https://krasnogorsk.cian.ru/sale/flat/328550207/?context=4.DSfFMQGVRW8.bzYGigGWUVyqK_P5kWTnUQmI9TRE8IRavH9jt_sz3Pz2drtlSftj0JyFIwbq2R50vS_S7J9i7BptLQ&mlSearchSessionGuid=c3deb7ba313039c2ced1dcfc178b9d06";"студия";"https://www.cian.ru/kupit-kvartiru-studiu-moskovskaya-oblast/";"8044";"5";"26";"done";"";"2026-06-13 00:58:17";"2026-06-13 06:00:47";""
"cian";"cian_328744452";"328744452";"https://www.cian.ru/sale/flat/328744452/";"https://mytishchi.cian.ru/sale/flat/328744452/?context=4.zHUYC08mC3M.FYxJm1TbAzg4hDH_2S5j4Qs2WDXdBKPfH7NoXEADPSxM-l3vJt0MTZYbqNzcmtmarwWLpc-xrpSaFA&mlSearchSessionGuid=c3deb7ba313039c2ced1dcfc178b9d06";"студия";"https://www.cian.ru/kupit-kvartiru-studiu-moskovskaya-oblast/";"8044";"5";"27";"done";"";"2026-06-13 00:58:17";"2026-06-13 06:01:01";""
"cian";"cian_328856132";"328856132";"https://www.cian.ru/sale/flat/328856132/";"https://krasnogorsk.cian.ru/sale/flat/328856132/?context=4.HNni92Kvvzc.PMLNUsl9-N67KtQg-d4xpY3qz8naKASeMtTmFoYxbYID4J2fXvJX3CwmG4hn7aE_COgbelJ9T7FoOA&mlSearchSessionGuid=c3deb7ba313039c2ced1dcfc178b9d06";"студия";"https://www.cian.ru/kupit-kvartiru-studiu-moskovskaya-oblast/";"8044";"5";"28";"done";"";"2026-06-13 00:58:17";"2026-06-13 06:01:16";""
"cian";"cian_330138562";"330138562";"https://www.cian.ru/sale/flat/330138562/";"https://lyubertsy.cian.ru/sale/flat/330138562/?context=4.fN3GzzS5VPg.lQJuSJMvkuID3AfpxTP_F1UqXQXzjRvpmKHWqI6HaJZ4rtza70g1kd4mSfsH7dHq7i-jSWVMGWOwUw&mlSearchSessionGuid=c3deb7ba313039c2ced1dcfc178b9d06";"студия";"https://www.cian.ru/kupit-kvartiru-studiu-moskovskaya-oblast/";"8044";"6";"1";"done";"";"2026-06-13 00:58:59";"2026-06-13 06:01:32";""
"cian";"cian_330641709";"330641709";"https://www.cian.ru/sale/flat/330641709/";"https://krasnogorsk.cian.ru/sale/flat/330641709/?context=4.Ty9DMH151gE.n8FYxetJlhcWYn3QISvGrcATFoj0eQ4UtXHrKR5B1j6FPa6-qLGJkBG9a-P0xjxIdz30-Pe2qPeCcg&mlSearchSessionGuid=c3deb7ba313039c2ced1dcfc178b9d06";"студия";"https://www.cian.ru/kupit-kvartiru-studiu-moskovskaya-oblast/";"8044";"6";"2";"done";"";"2026-06-13 00:58:59";"2026-06-13 06:01:46";""
"cian";"cian_322236875";"322236875";"https://www.cian.ru/sale/flat/322236875/";"https://lyubertsy.cian.ru/sale/flat/322236875/?context=4.nisNbnhnEtM.Zol8Xpvc5hg95cTeoFbsUmhikU2DLfObXAZNRq_TF2xHixCiVsQF-KtcibcunlxRLJs_alwaXmINeA&mlSearchSessionGuid=c3deb7ba313039c2ced1dcfc178b9d06";"студия";"https://www.cian.ru/kupit-kvartiru-studiu-moskovskaya-oblast/";"8044";"6";"3";"done";"";"2026-06-13 00:58:59";"2026-06-13 06:02:02";""
"cian";"cian_326217489";"326217489";"https://www.cian.ru/sale/flat/326217489/";"https://krasnogorsk.cian.ru/sale/flat/326217489/?context=4.fYDBHyVqnsA.s-xkNOxJxafRtx6gh1h626IvUrzNsWlhcFEKJYw1Pv2RLkIkiG1KBnozRWN19bJ_v4JNJ2EVawaBZg&mlSearchSessionGuid=c3deb7ba313039c2ced1dcfc178b9d06";"студия";"https://www.cian.ru/kupit-kvartiru-studiu-moskovskaya-oblast/";"8044";"6";"5";"done";"";"2026-06-13 00:58:59";"2026-06-13 06:02:16";""
"cian";"cian_326323574";"326323574";"https://www.cian.ru/sale/flat/326323574/";"https://lyubertsy.cian.ru/sale/flat/326323574/?context=4.6j_Gy7o9lhQ.SHDPO3Go3v_lxAKoTmMs7VBtJOb73WVvRg_N4S5IyBRyLgUWJ9NpD1hY8RQvMiKp5eIr1CiJHDjuJQ&mlSearchSessionGuid=c3deb7ba313039c2ced1dcfc178b9d06";"студия";"https://www.cian.ru/kupit-kvartiru-studiu-moskovskaya-oblast/";"8044";"6";"6";"done";"";"2026-06-13 00:58:59";"2026-06-13 06:02:32";""
"cian";"cian_325595993";"325595993";"https://www.cian.ru/sale/flat/325595993/";"https://balashikha.cian.ru/sale/flat/325595993/?context=4.5bZGFyasOaw.lYi751LS08Ou5-8oKVbA1JCue4pnPLcK5-DIanK9xUmifU5kObiKyO6sR4yhI36aIRVh2B0iqKdu1Q&mlSearchSessionGuid=c3deb7ba313039c2ced1dcfc178b9d06";"студия";"https://www.cian.ru/kupit-kvartiru-studiu-moskovskaya-oblast/";"8044";"6";"7";"done";"";"2026-06-13 00:58:59";"2026-06-13 06:02:45";""
"cian";"cian_325319654";"325319654";"https://www.cian.ru/sale/flat/325319654/";"https://zvenigorod.cian.ru/sale/flat/325319654/?context=4.vglZWbqT0Ww.7nJzGmWYR3KXIVTuRMX61_7KdnHB8csWduFL52752sqA96xl4b2owBcGJpGC_V9ZllRHtMmS5NjPUA&mlSearchSessionGuid=c3deb7ba313039c2ced1dcfc178b9d06";"студия";"https://www.cian.ru/kupit-kvartiru-studiu-moskovskaya-oblast/";"8044";"6";"8";"done";"";"2026-06-13 00:58:59";"2026-06-13 06:03:01";""
"cian";"cian_330429971";"330429971";"https://www.cian.ru/sale/flat/330429971/";"https://balashikha.cian.ru/sale/flat/330429971/?context=4.xdAnyPLeMME.rn5eq5kQCAEDXjEb4oWvFW-EDXvufIG_hoKauErVlFoJ5Zj0YUEMhAloJ2BAO7BrtcDXRcqMQlQvsw&mlSearchSessionGuid=c3deb7ba313039c2ced1dcfc178b9d06";"студия";"https://www.cian.ru/kupit-kvartiru-studiu-moskovskaya-oblast/";"8044";"6";"9";"done";"";"2026-06-13 00:58:59";"2026-06-13 06:03:17";""
"cian";"cian_317551491";"317551491";"https://www.cian.ru/sale/flat/317551491/";"https://odintsovo.cian.ru/sale/flat/317551491/?context=4.-kOqph0LiM0.1TAJrl88T0olaLiGajYQpWrVAXx6KgmNhtyvcTWLsM4UGcpOvqatB6jkA4TI35jVxiuLiRULi0hfhA&mlSearchSessionGuid=c3deb7ba313039c2ced1dcfc178b9d06";"студия";"https://www.cian.ru/kupit-kvartiru-studiu-moskovskaya-oblast/";"8044";"6";"10";"done";"";"2026-06-13 00:58:59";"2026-06-13 06:03:32";""
"cian";"cian_326735316";"326735316";"https://www.cian.ru/sale/flat/326735316/";"https://zvenigorod.cian.ru/sale/flat/326735316/?context=4.TaQQuTUn0C0.xPIgo-NbpRw06JKCfxW66Gm3Vnn5Dibvm_sLYxErwZTpTY9NHAEn5s2Bc9xRMTnPcqI0QOM5A8jSvw&mlSearchSessionGuid=c3deb7ba313039c2ced1dcfc178b9d06";"студия";"https://www.cian.ru/kupit-kvartiru-studiu-moskovskaya-oblast/";"8044";"6";"11";"done";"";"2026-06-13 00:58:59";"2026-06-13 06:03:45";""
"cian";"cian_329658916";"329658916";"https://www.cian.ru/sale/flat/329658916/";"https://lyubertsy.cian.ru/sale/flat/329658916/?context=4.ODtud3MZ130.xAdJp5wt7LZVvzrkVFgO_rLFaJQjojX4yNsXo5J4xePiDG05f5gcQnBY6XlK49pU1N5BK7b7K_Z1hg&mlSearchSessionGuid=c3deb7ba313039c2ced1dcfc178b9d06";"студия";"https://www.cian.ru/kupit-kvartiru-studiu-moskovskaya-oblast/";"8044";"6";"12";"done";"";"2026-06-13 00:58:59";"2026-06-13 06:04:01";""
"cian";"cian_330557504";"330557504";"https://www.cian.ru/sale/flat/330557504/";"https://krasnogorsk.cian.ru/sale/flat/330557504/?context=4.l0Eyu7q550k.UzkuYtQQU0ZMp4e_OOTls1WS4UGWm_WmPQ5pDn2HVU0QrVbxZyCt3VayzBJjmcphfPGGPe5GboPChQ&mlSearchSessionGuid=c3deb7ba313039c2ced1dcfc178b9d06";"студия";"https://www.cian.ru/kupit-kvartiru-studiu-moskovskaya-oblast/";"8044";"6";"13";"done";"";"2026-06-13 00:58:59";"2026-06-13 06:04:19";""
"cian";"cian_327664782";"327664782";"https://www.cian.ru/sale/flat/327664782/";"https://mytishchi.cian.ru/sale/flat/327664782/?context=4.crY05h3t958.QpR-szUIi_BDwZQfAKVf8LB1SCDuM7O7A7rGwIzaGbri_wlw-c9jasvMfVmVPhN5EJl_TVexGipnWg&mlSearchSessionGuid=c3deb7ba313039c2ced1dcfc178b9d06";"студия";"https://www.cian.ru/kupit-kvartiru-studiu-moskovskaya-oblast/";"8044";"6";"14";"done";"";"2026-06-13 00:58:59";"2026-06-13 06:04:35";""
"cian";"cian_330443914";"330443914";"https://www.cian.ru/sale/flat/330443914/";"https://krasnogorsk.cian.ru/sale/flat/330443914/?context=4.nfvqSUS9Xp4.AW9KIONoLxbthxeT35LJnXzfwZqE3yvFECzumov44_YtVR2UvyB_tU3enQo0gqdzuMufPKq8ZfVPPQ&mlSearchSessionGuid=c3deb7ba313039c2ced1dcfc178b9d06";"студия";"https://www.cian.ru/kupit-kvartiru-studiu-moskovskaya-oblast/";"8044";"6";"15";"done";"";"2026-06-13 00:58:59";"2026-06-13 06:04:51";""
"cian";"cian_330951855";"330951855";"https://www.cian.ru/sale/flat/330951855/";"https://balashikha.cian.ru/sale/flat/330951855/?context=4.Z7leAm5h--0.7RT3TlW4Ic44bFduWQK8XgBxk6uMzouBlj5gbE13FFKVHukvmaw0q56EKX74QbIh7ZzaoLUs7BVPFg&mlSearchSessionGuid=c3deb7ba313039c2ced1dcfc178b9d06";"студия";"https://www.cian.ru/kupit-kvartiru-studiu-moskovskaya-oblast/";"8044";"6";"16";"done";"";"2026-06-13 00:58:59";"2026-06-13 06:05:05";""
"cian";"cian_325483292";"325483292";"https://www.cian.ru/sale/flat/325483292/";"https://krasnogorsk.cian.ru/sale/flat/325483292/?context=4.JogKw49r06Q.HLeU8IxcLjGg1DSTHEeKJB-AGO6m2Y0eV9ObDog-Bg6sbquyxFZQqbg7hAaH9LXJCE79AUPsySZoiw&mlSearchSessionGuid=c3deb7ba313039c2ced1dcfc178b9d06";"студия";"https://www.cian.ru/kupit-kvartiru-studiu-moskovskaya-oblast/";"8044";"6";"17";"done";"";"2026-06-13 00:58:59";"2026-06-13 06:05:19";""
"cian";"cian_330954612";"330954612";"https://www.cian.ru/sale/flat/330954612/";"https://zvenigorod.cian.ru/sale/flat/330954612/?context=4.IRNQEFMBr0I.IbgJA7MuwTVf4EG4G8N-YvEcjpcksBMhkCvj98bg9GEoa_qDq91Vd2XwQB-LPagcwIyiEiLvqaAGzw&mlSearchSessionGuid=c3deb7ba313039c2ced1dcfc178b9d06";"студия";"https://www.cian.ru/kupit-kvartiru-studiu-moskovskaya-oblast/";"8044";"6";"18";"done";"";"2026-06-13 00:58:59";"2026-06-13 06:05:35";""
"cian";"cian_330992698";"330992698";"https://www.cian.ru/sale/flat/330992698/";"https://korolev.cian.ru/sale/flat/330992698/?context=4.Hpncu2PeuXo.kwfvGGMtAk5t4IrU20N24sPFiUR0OJGOJMRegly5DEp66a9xhuXv3UyPg9AjbIfdiwCv3fTrX7tdJw&mlSearchSessionGuid=c3deb7ba313039c2ced1dcfc178b9d06";"студия";"https://www.cian.ru/kupit-kvartiru-studiu-moskovskaya-oblast/";"8044";"6";"19";"done";"";"2026-06-13 00:58:59";"2026-06-13 06:05:48";""
"cian";"cian_329712320";"329712320";"https://www.cian.ru/sale/flat/329712320/";"https://khotkovo.cian.ru/sale/flat/329712320/?context=4.UiY4vEWy0qs.A5bS9uL04rUWrWzfKXId28T6n7GxoXPoGD-BmjBI9QzVLI0jgUEXZKeGQ2V3fthYkw15MatGh1p0OQ&mlSearchSessionGuid=c3deb7ba313039c2ced1dcfc178b9d06";"студия";"https://www.cian.ru/kupit-kvartiru-studiu-moskovskaya-oblast/";"8044";"6";"20";"done";"";"2026-06-13 00:58:59";"2026-06-13 06:06:04";""
"cian";"cian_330128643";"330128643";"https://www.cian.ru/sale/flat/330128643/";"https://lyubertsy.cian.ru/sale/flat/330128643/?context=4.GmZWee6OEqQ.0ekCAEPzjAL7A3QWMDl-wuJLpq2j0LeCxwsRBqUQ_zippkDv01GqkCId4tpE8_1EtrjTI3S9H6QM6g&mlSearchSessionGuid=c3deb7ba313039c2ced1dcfc178b9d06";"студия";"https://www.cian.ru/kupit-kvartiru-studiu-moskovskaya-oblast/";"8044";"6";"21";"done";"";"2026-06-13 00:58:59";"2026-06-13 06:06:20";""
"cian";"cian_330263345";"330263345";"https://www.cian.ru/sale/flat/330263345/";"https://korolev.cian.ru/sale/flat/330263345/?context=4.UQp0Usgb5Fw.J67ALaBnLx23FGfC0sCWYL2zMqnd_nlOUDohI0P4Fim6p1Ma-lSTDr1fPuXwR5h0e_24mV5Y5Aqflg&mlSearchSessionGuid=c3deb7ba313039c2ced1dcfc178b9d06";"студия";"https://www.cian.ru/kupit-kvartiru-studiu-moskovskaya-oblast/";"8044";"6";"22";"done";"";"2026-06-13 00:58:59";"2026-06-13 06:06:36";""
"cian";"cian_327220871";"327220871";"https://www.cian.ru/sale/flat/327220871/";"https://khimki.cian.ru/sale/flat/327220871/?context=4.-fiKjNFony8.h1Wo2dBmYIdki4SsnVZqmEIfDsF6zW1DB-2mI2NGAx77OOW2YZWwoo6m2S7YJ2goHxD_R_utxpUEqA&mlSearchSessionGuid=c3deb7ba313039c2ced1dcfc178b9d06";"студия";"https://www.cian.ru/kupit-kvartiru-studiu-moskovskaya-oblast/";"8044";"6";"23";"done";"";"2026-06-13 00:58:59";"2026-06-13 06:06:51";""
"cian";"cian_330536386";"330536386";"https://www.cian.ru/sale/flat/330536386/";"https://lyubertsy.cian.ru/sale/flat/330536386/?context=4.aTAllW95ORY.eukhbaH9CmBpoqB_SSyGEtNj6IWN1E3CaQSDm6DezBNUIxopoLNeRKOtw5flxjJ_e10WtR-ddBvcfw&mlSearchSessionGuid=c3deb7ba313039c2ced1dcfc178b9d06";"студия";"https://www.cian.ru/kupit-kvartiru-studiu-moskovskaya-oblast/";"8044";"6";"24";"done";"";"2026-06-13 00:58:59";"2026-06-13 06:07:05";""
"cian";"cian_302079056";"302079056";"https://www.cian.ru/sale/flat/302079056/";"https://mytishchi.cian.ru/sale/flat/302079056/?context=4.yWMHor_GDMc.I0jAuCbKTBjZXfLg6Bj0LiFQ8jnAgO4TjXex97dbqBhZqi8uWchNL2_o0JnDAarEQEyCZ_i_3rGEJw&mlSearchSessionGuid=c3deb7ba313039c2ced1dcfc178b9d06";"студия";"https://www.cian.ru/kupit-kvartiru-studiu-moskovskaya-oblast/";"8044";"6";"26";"done";"";"2026-06-13 00:58:59";"2026-06-13 06:07:20";""
"cian";"cian_330077644";"330077644";"https://www.cian.ru/sale/flat/330077644/";"https://noginsk.cian.ru/sale/flat/330077644/?context=4._WyVYSfRAVQ.2Kpcg1_neJP9F7kfn2a3lYuwG0orl40kycFrimoSRn5T4D_l4KdfYobwf5BhqjOLepDN6LTGRT3jCw&mlSearchSessionGuid=c3deb7ba313039c2ced1dcfc178b9d06";"студия";"https://www.cian.ru/kupit-kvartiru-studiu-moskovskaya-oblast/";"8044";"6";"27";"done";"";"2026-06-13 00:58:59";"2026-06-13 06:07:37";""
"cian";"cian_329164741";"329164741";"https://www.cian.ru/sale/flat/329164741/";"https://odintsovo.cian.ru/sale/flat/329164741/?context=4.RLrr8TAzyIM.KJa7rpVVr80q-sIgtCPweqHeVKqS9fRjAr7mP8wg8GFaOiKY60Tczqo4E29Ad7WF9eGLK6i5P_nVYQ&mlSearchSessionGuid=c3deb7ba313039c2ced1dcfc178b9d06";"студия";"https://www.cian.ru/kupit-kvartiru-studiu-moskovskaya-oblast/";"8044";"6";"28";"done";"";"2026-06-13 00:58:59";"2026-06-13 06:07:53";""
"cian";"cian_330933552";"330933552";"https://www.cian.ru/sale/flat/330933552/";"https://mytishchi.cian.ru/sale/flat/330933552/?context=4.AWo1JCZQups.thn9Ie5QNusH4pJk6FZgXFnjPf8M0yNjUg7uDvcRyRi57iUwe55JEe7It3RyZDQSSt3edcuDr4qKew&mlSearchSessionGuid=c3deb7ba313039c2ced1dcfc178b9d06";"студия";"https://www.cian.ru/kupit-kvartiru-studiu-moskovskaya-oblast/";"8044";"7";"1";"done";"";"2026-06-13 00:59:46";"2026-06-13 06:08:09";""
"cian";"cian_330838117";"330838117";"https://www.cian.ru/sale/flat/330838117/";"https://lyubertsy.cian.ru/sale/flat/330838117/?context=4.-NXcrRBRP3Y.72GXJmCmg6qO0lCbDXIZgDirU_9ye_j7wexH3VEnWqB3TzAd6At4jGhS7dA2dZBFrd3iONpJJFc6ZQ&mlSearchSessionGuid=c3deb7ba313039c2ced1dcfc178b9d06";"студия";"https://www.cian.ru/kupit-kvartiru-studiu-moskovskaya-oblast/";"8044";"7";"2";"done";"";"2026-06-13 00:59:46";"2026-06-13 06:08:23";""
"cian";"cian_329829584";"329829584";"https://www.cian.ru/sale/flat/329829584/";"https://khimki.cian.ru/sale/flat/329829584/?context=4.uVYWtQTBAkk.aKuFd1vgHGfR4nKZU-HmTog-S2PXMC6EZ6KG3dvN9Qj0YBTtGTKVIakrtDNM7G5X8RR7mcZID1lkSQ&mlSearchSessionGuid=c3deb7ba313039c2ced1dcfc178b9d06";"студия";"https://www.cian.ru/kupit-kvartiru-studiu-moskovskaya-oblast/";"8044";"7";"3";"done";"";"2026-06-13 00:59:46";"2026-06-13 06:08:38";""
"cian";"cian_330557659";"330557659";"https://www.cian.ru/sale/flat/330557659/";"https://krasnogorsk.cian.ru/sale/flat/330557659/?context=4.GJUYNj_jQP0.5IsEU7rdaOcwS2v4oki0eW1yvkmQVCI6N5pCvDvvk1nBaECpizMcqZXXTvYPztNba9jwN_qxZOtfcg&mlSearchSessionGuid=c3deb7ba313039c2ced1dcfc178b9d06";"студия";"https://www.cian.ru/kupit-kvartiru-studiu-moskovskaya-oblast/";"8044";"7";"4";"done";"";"2026-06-13 00:59:46";"2026-06-13 06:08:55";""
"cian";"cian_328363376";"328363376";"https://www.cian.ru/sale/flat/328363376/";"https://elektrostal.cian.ru/sale/flat/328363376/?context=4.dmy7QDLi6wg.Zg8GOmojhqKD3CtDx0DtPtXToSSOQE0rsZrH1sr9BAwKHomAPrt3oWpXWuM-juaBmeGrKPDlIg2w8Q&mlSearchSessionGuid=c3deb7ba313039c2ced1dcfc178b9d06";"студия";"https://www.cian.ru/kupit-kvartiru-studiu-moskovskaya-oblast/";"8044";"7";"5";"done";"";"2026-06-13 00:59:46";"2026-06-13 06:09:10";""
"cian";"cian_331004289";"331004289";"https://www.cian.ru/sale/flat/331004289/";"https://ivanteyevka.cian.ru/sale/flat/331004289/?context=4.DwTbvDRtt_Y.BJeqkaVlBOWoOE7EawCnFYTKzgZQqmtFuxndaEAzD-oScmi_j5973FI0Cf8_aKvlB8mnjg-9SeEgkQ&mlSearchSessionGuid=c3deb7ba313039c2ced1dcfc178b9d06";"студия";"https://www.cian.ru/kupit-kvartiru-studiu-moskovskaya-oblast/";"8044";"7";"6";"done";"";"2026-06-13 00:59:46";"2026-06-13 06:09:26";""
"cian";"cian_326287231";"326287231";"https://www.cian.ru/sale/flat/326287231/";"https://khimki.cian.ru/sale/flat/326287231/?context=4.mSoFvWG3EBU.Hl6vbwcwiZY6GpMQd_5-cwa9sDtzDcAdRduxeDHLfFRem_rR62Q_fqEW_yckR2GOQtRHyjxAd5d8Bg&mlSearchSessionGuid=c3deb7ba313039c2ced1dcfc178b9d06";"студия";"https://www.cian.ru/kupit-kvartiru-studiu-moskovskaya-oblast/";"8044";"7";"7";"done";"";"2026-06-13 00:59:46";"2026-06-13 06:09:42";""
"cian";"cian_330056062";"330056062";"https://www.cian.ru/sale/flat/330056062/";"https://krasnogorsk.cian.ru/sale/flat/330056062/?context=4.2e1MbMh9K5Q.JpX6aknnhgaQTUtlQPxPFUnWLzIuRmDdNVN4M-rlMtWmSfAZIxGc7HHB1X8bY0sx68vnKM2q7xqBNA&mlSearchSessionGuid=c3deb7ba313039c2ced1dcfc178b9d06";"студия";"https://www.cian.ru/kupit-kvartiru-studiu-moskovskaya-oblast/";"8044";"7";"8";"done";"";"2026-06-13 00:59:46";"2026-06-13 06:09:57";""
"cian";"cian_329859109";"329859109";"https://www.cian.ru/sale/flat/329859109/";"https://balashikha.cian.ru/sale/flat/329859109/?context=4.AztHQiSJZoc.Ke2Anby65psHBtLT9aAu5vwJJXHQdbNDLvVol5IhMzeyup4dHfL-ciW0IUKzMSmrjyj02T24il4uVA&mlSearchSessionGuid=c3deb7ba313039c2ced1dcfc178b9d06";"студия";"https://www.cian.ru/kupit-kvartiru-studiu-moskovskaya-oblast/";"8044";"7";"9";"done";"";"2026-06-13 00:59:46";"2026-06-13 06:10:12";""
"cian";"cian_329587327";"329587327";"https://www.cian.ru/sale/flat/329587327/";"https://balashikha.cian.ru/sale/flat/329587327/?context=4.SZDKL4sYUT0.iYJxIlWtQs0LRIhnBrCkJVwbH8TN8xiT9L5fg-HO6NzJSWu-OAEeMF3LfpZ8qsAQvRXTpICmcHtnpQ&mlSearchSessionGuid=c3deb7ba313039c2ced1dcfc178b9d06";"студия";"https://www.cian.ru/kupit-kvartiru-studiu-moskovskaya-oblast/";"8044";"7";"10";"done";"";"2026-06-13 00:59:46";"2026-06-13 06:10:28";""
"cian";"cian_299437438";"299437438";"https://www.cian.ru/sale/flat/299437438/";"https://odintsovo.cian.ru/sale/flat/299437438/?context=4.bmLPc46Yb08.reNYlH0sDB20doSZGdlkL5KnqK0-c4h7qAKSWDIgKLN2-WB8npJK7dBaTPixqLexnKPTXL8HEUdbyw&mlSearchSessionGuid=c3deb7ba313039c2ced1dcfc178b9d06";"студия";"https://www.cian.ru/kupit-kvartiru-studiu-moskovskaya-oblast/";"8044";"7";"11";"done";"";"2026-06-13 00:59:46";"2026-06-13 06:10:43";""
"cian";"cian_330925066";"330925066";"https://www.cian.ru/sale/flat/330925066/";"https://khimki.cian.ru/sale/flat/330925066/?context=4.6Le2PS_Tme4.K5xwUTXt6yKNYG7n4n-frr9vOtw8JmKBLla92LKJHvMkUZDXWB1xyHLPtC1xA1ogG8_uFnlp84ZPyg&mlSearchSessionGuid=c3deb7ba313039c2ced1dcfc178b9d06";"студия";"https://www.cian.ru/kupit-kvartiru-studiu-moskovskaya-oblast/";"8044";"7";"12";"done";"";"2026-06-13 00:59:46";"2026-06-13 06:10:59";""
"cian";"cian_325482968";"325482968";"https://www.cian.ru/sale/flat/325482968/";"https://balashikha.cian.ru/sale/flat/325482968/?context=4.eM2j2WzmUeQ.8AyYvsWoa8sXbiPdk7LGrUl37p1-pZrtOn0J_j6BDStWti5p23K1cc09WHKcUmCFXn0ltE2fkzwBDw&mlSearchSessionGuid=c3deb7ba313039c2ced1dcfc178b9d06";"студия";"https://www.cian.ru/kupit-kvartiru-studiu-moskovskaya-oblast/";"8044";"7";"13";"done";"";"2026-06-13 00:59:46";"2026-06-13 06:11:13";""
"cian";"cian_330641256";"330641256";"https://www.cian.ru/sale/flat/330641256/";"https://odintsovo.cian.ru/sale/flat/330641256/?context=4.Eddah-PN-FM.J0QYniAKFJcgMxB9bKTmcoJdDIW7Naw8Pt5z60fRWR2-fdMdx_KNuQJzm54kxHsrqOxy2Z_MxyHJ1g&mlSearchSessionGuid=c3deb7ba313039c2ced1dcfc178b9d06";"студия";"https://www.cian.ru/kupit-kvartiru-studiu-moskovskaya-oblast/";"8044";"7";"14";"done";"";"2026-06-13 00:59:46";"2026-06-13 06:11:29";""
"cian";"cian_330809513";"330809513";"https://www.cian.ru/sale/flat/330809513/";"https://ivanteyevka.cian.ru/sale/flat/330809513/?context=4.WVQpfuBjmeU.HXtmZwHux2-MwvSEyeSJcKmIgQ1lnkKtv-UZAgu2c-BSxMYR7Ie4juDAlV-P0fKJGVTrbY7e_b3pig&mlSearchSessionGuid=c3deb7ba313039c2ced1dcfc178b9d06";"студия";"https://www.cian.ru/kupit-kvartiru-studiu-moskovskaya-oblast/";"8044";"7";"15";"done";"";"2026-06-13 00:59:46";"2026-06-13 06:11:45";""
"cian";"cian_329750382";"329750382";"https://www.cian.ru/sale/flat/329750382/";"https://khimki.cian.ru/sale/flat/329750382/?context=4.CiM4I8da-a8.xdzTYuBe-wZZcFRnJhPQlFs9P1WfJ1WLnidDk9R6pyrEIoAYl18DLUB2V5vmEM-x9MTMDNDOGOnVIA&mlSearchSessionGuid=c3deb7ba313039c2ced1dcfc178b9d06";"студия";"https://www.cian.ru/kupit-kvartiru-studiu-moskovskaya-oblast/";"8044";"7";"16";"done";"";"2026-06-13 00:59:46";"2026-06-13 06:11:59";""
"cian";"cian_327814231";"327814231";"https://www.cian.ru/sale/flat/327814231/";"https://zvenigorod.cian.ru/sale/flat/327814231/?context=4.LIbZs6i6sz8.A1FiuspURJFpro6xyOWNLaH3keQVWU_tU4g2YPiWKo8jyHk_FYQZkhAWRWabWfKT34up9821GVWB6g&mlSearchSessionGuid=c3deb7ba313039c2ced1dcfc178b9d06";"студия";"https://www.cian.ru/kupit-kvartiru-studiu-moskovskaya-oblast/";"8044";"7";"17";"done";"";"2026-06-13 00:59:46";"2026-06-13 06:12:14";""
"cian";"cian_330559679";"330559679";"https://www.cian.ru/sale/flat/330559679/";"https://krasnogorsk.cian.ru/sale/flat/330559679/?context=4.RUSecXCtcEg.xE972i-1wjhugt9wk8oFrKeRSV-eCdEbpi3UWwIexQh4nmXrHSBtimyxkbttAAUGGNwR4oJFZViONg&mlSearchSessionGuid=c3deb7ba313039c2ced1dcfc178b9d06";"студия";"https://www.cian.ru/kupit-kvartiru-studiu-moskovskaya-oblast/";"8044";"7";"18";"done";"";"2026-06-13 00:59:46";"2026-06-13 06:12:30";""
"cian";"cian_329565628";"329565628";"https://www.cian.ru/sale/flat/329565628/";"https://krasnogorsk.cian.ru/sale/flat/329565628/?context=4.RNSvPOFAsng.zFxZnCEwNeacFvezTCp3LC3csYelGZp2Y2QkaxPptMIFDl_oLTWqNzeczDtdP7Mo0qhOVjx0O6Zo0w&mlSearchSessionGuid=c3deb7ba313039c2ced1dcfc178b9d06";"студия";"https://www.cian.ru/kupit-kvartiru-studiu-moskovskaya-oblast/";"8044";"7";"19";"done";"";"2026-06-13 00:59:46";"2026-06-13 06:12:43";""
"cian";"cian_329270488";"329270488";"https://www.cian.ru/sale/flat/329270488/";"https://lyubertsy.cian.ru/sale/flat/329270488/?context=4.NINMzlobH4Y.iFr044yjC58UcllR1x4ZlfQ5zEoThOhGjOTf1LuCkz3BdvZRmTZm6nf18Hu3Y5tGdvUI65D5Xr57_w&mlSearchSessionGuid=c3deb7ba313039c2ced1dcfc178b9d06";"студия";"https://www.cian.ru/kupit-kvartiru-studiu-moskovskaya-oblast/";"8044";"7";"20";"done";"";"2026-06-13 00:59:46";"2026-06-13 06:13:00";""
"cian";"cian_330786374";"330786374";"https://www.cian.ru/sale/flat/330786374/";"https://lyubertsy.cian.ru/sale/flat/330786374/?context=4.A1KhyxbOPLU.K_f3Wo3VbArOOD4AILSiajANj9ZCCPdfRrOhZggkX_UfUpYvFI9zKdWrVZ6VuAsqKZDPcv1Gr3TOEQ&mlSearchSessionGuid=c3deb7ba313039c2ced1dcfc178b9d06";"студия";"https://www.cian.ru/kupit-kvartiru-studiu-moskovskaya-oblast/";"8044";"7";"21";"done";"";"2026-06-13 00:59:46";"2026-06-13 06:13:14";""
"cian";"cian_330557581";"330557581";"https://www.cian.ru/sale/flat/330557581/";"https://krasnogorsk.cian.ru/sale/flat/330557581/?context=4.hPH7SplAMu0.MXR14vnZ5g7GsOQs51tj2Je5l7McWiEBThG76qgrRCGhh5y2XJD5sPszf0qNTsZLCpB3xW2yps3mKA&mlSearchSessionGuid=c3deb7ba313039c2ced1dcfc178b9d06";"студия";"https://www.cian.ru/kupit-kvartiru-studiu-moskovskaya-oblast/";"8044";"7";"22";"done";"";"2026-06-13 00:59:46";"2026-06-13 06:13:30";""
"cian";"cian_325421568";"325421568";"https://www.cian.ru/sale/flat/325421568/";"https://vidnoye.cian.ru/sale/flat/325421568/?context=4.NO8cmNvh3ys.rQgw2LTFXeVLAgZd-wIx4WKs1jljg44olG5P3VYQN2g6dklXGnPc0HEUhkYS05EnNbPIMGX-lO9Lzw&mlSearchSessionGuid=c3deb7ba313039c2ced1dcfc178b9d06";"студия";"https://www.cian.ru/kupit-kvartiru-studiu-moskovskaya-oblast/";"8044";"7";"23";"done";"";"2026-06-13 00:59:46";"2026-06-13 06:13:45";""
"cian";"cian_331001975";"331001975";"https://www.cian.ru/sale/flat/331001975/";"https://mytishchi.cian.ru/sale/flat/331001975/?context=4.zlUtYyML-bg.J-NR592AOFTixBAMcGHzXEb8zo8Fn5WwFWDtvF55N-1i5BluoAc4gYpsCsO8XtN6kADM6DpcUw-kGg&mlSearchSessionGuid=c3deb7ba313039c2ced1dcfc178b9d06";"студия";"https://www.cian.ru/kupit-kvartiru-studiu-moskovskaya-oblast/";"8044";"7";"24";"done";"";"2026-06-13 00:59:46";"2026-06-13 06:13:59";""
"cian";"cian_328494047";"328494047";"https://www.cian.ru/sale/flat/328494047/";"https://khimki.cian.ru/sale/flat/328494047/?context=4.LZdU49-HtmY.3VuL1VYr7jBxYwLC38N1oHOxXwOF5uDQdOzu2umejE4RWuZVqB0KRGODGsRTl71VNiGnDb1ZFyEUSw&mlSearchSessionGuid=c3deb7ba313039c2ced1dcfc178b9d06";"студия";"https://www.cian.ru/kupit-kvartiru-studiu-moskovskaya-oblast/";"8044";"7";"25";"done";"";"2026-06-13 00:59:46";"2026-06-13 06:14:14";""
"cian";"cian_330683011";"330683011";"https://www.cian.ru/sale/flat/330683011/";"https://krasnogorsk.cian.ru/sale/flat/330683011/?context=4.Z-MvaYAsWOU.v2usiDtsy5T5DcpWVYitD2MenLTJrgyFMdMJ8YQtvGtvRkduiduVkdC9lebEgAixRYe3mu4YwGIZAw&mlSearchSessionGuid=c3deb7ba313039c2ced1dcfc178b9d06";"студия";"https://www.cian.ru/kupit-kvartiru-studiu-moskovskaya-oblast/";"8044";"7";"26";"done";"";"2026-06-13 00:59:46";"2026-06-13 06:14:30";""
"cian";"cian_329034815";"329034815";"https://www.cian.ru/sale/flat/329034815/";"https://krasnogorsk.cian.ru/sale/flat/329034815/?context=4.h78RnQO6CGI.ILw6QLl-nNtMmOcjrM2GAxW4uvL42DXhTCKjjKQWGm-y6_vpKD1EPrzZxq1KqVK2W0CBMEjc_0Qnkw&mlSearchSessionGuid=c3deb7ba313039c2ced1dcfc178b9d06";"студия";"https://www.cian.ru/kupit-kvartiru-studiu-moskovskaya-oblast/";"8044";"7";"27";"done";"";"2026-06-13 00:59:46";"2026-06-13 06:14:44";""
"cian";"cian_329008635";"329008635";"https://www.cian.ru/sale/flat/329008635/";"https://mytishchi.cian.ru/sale/flat/329008635/?context=4.ADm5K1T_Veg.F32TzWBte02-JECR-fI4Wk8pI1bJHI4bBZtcn78HPU4iyyQS6O65Qe6kX4X0zi_zl6yPIt5zoSyR3w&mlSearchSessionGuid=c3deb7ba313039c2ced1dcfc178b9d06";"студия";"https://www.cian.ru/kupit-kvartiru-studiu-moskovskaya-oblast/";"8044";"7";"28";"done";"";"2026-06-13 00:59:46";"2026-06-13 06:15:00";""
"cian";"cian_330838115";"330838115";"https://www.cian.ru/sale/flat/330838115/";"https://lyubertsy.cian.ru/sale/flat/330838115/?context=4.F3L42Dp3MU0.yQlXEQ5sRJ_zajLdHlCB5Ia97BwnsPCkKWs35TKXyYm7_z60c2sByP6oEKA4OzmOQCMB8Dl1l6r1eQ&mlSearchSessionGuid=c3deb7ba313039c2ced1dcfc178b9d06";"студия";"https://www.cian.ru/kupit-kvartiru-studiu-moskovskaya-oblast/";"8044";"8";"1";"done";"";"2026-06-13 01:00:33";"2026-06-13 06:15:17";""
"cian";"cian_330418063";"330418063";"https://www.cian.ru/sale/flat/330418063/";"https://zvenigorod.cian.ru/sale/flat/330418063/?context=4.SD0K2VIsVFA.IO07ZF28X2lu_YAskGHUOkeTUq_U0DHiEsyN8JzSJQD3-nbIfz12NZG5ngYjvEtU5qEsB95LkGVI1w&mlSearchSessionGuid=c3deb7ba313039c2ced1dcfc178b9d06";"студия";"https://www.cian.ru/kupit-kvartiru-studiu-moskovskaya-oblast/";"8044";"8";"2";"done";"";"2026-06-13 01:00:33";"2026-06-13 06:15:33";""
"cian";"cian_329447316";"329447316";"https://www.cian.ru/sale/flat/329447316/";"https://khimki.cian.ru/sale/flat/329447316/?context=4.RhdYrPCF5aU.T6pCxhFWN1N_0tesm1Rbp3jqHQIzB4R8QyXp7N95QKPqAESZV7wCjfffdFJGIltRYLaafNnTpxJk4A&mlSearchSessionGuid=c3deb7ba313039c2ced1dcfc178b9d06";"студия";"https://www.cian.ru/kupit-kvartiru-studiu-moskovskaya-oblast/";"8044";"8";"3";"done";"";"2026-06-13 01:00:33";"2026-06-13 06:15:47";""
"cian";"cian_327302430";"327302430";"https://www.cian.ru/sale/flat/327302430/";"https://solnechnogorsk.cian.ru/sale/flat/327302430/?context=4.xWafig1DOlM.pMZ--vbJSgr0FrEpgzKge_A5nnQ-_60AouNBAwUaNq7XCjmn_FQVXjBuxuWSE1HrmpFNWQHpIzDewA&mlSearchSessionGuid=c3deb7ba313039c2ced1dcfc178b9d06";"студия";"https://www.cian.ru/kupit-kvartiru-studiu-moskovskaya-oblast/";"8044";"8";"5";"done";"";"2026-06-13 01:00:33";"2026-06-13 06:16:02";""
"cian";"cian_329588368";"329588368";"https://www.cian.ru/sale/flat/329588368/";"https://vidnoye.cian.ru/sale/flat/329588368/?context=4.9woEMoSJrBc.aL8k2nUQ00JyJ6P1aXN3YljYRIGp9HAU9U8yy_xPZrhyvUeUJgJriYLymywvwuXiV_qwuu2qL_oDww&mlSearchSessionGuid=c3deb7ba313039c2ced1dcfc178b9d06";"студия";"https://www.cian.ru/kupit-kvartiru-studiu-moskovskaya-oblast/";"8044";"8";"6";"done";"";"2026-06-13 01:00:33";"2026-06-13 06:16:18";""
"cian";"cian_323320794";"323320794";"https://www.cian.ru/sale/flat/323320794/";"https://korolev.cian.ru/sale/flat/323320794/?context=4.dm16qmRF4s8.YvYrrc3IAM4-1xbNNZBzTdlkoVTrvFn7bmfW8j_ijsceeBKTh0jKM4W_tOGT1nYo0EcSpS6bEEpj0g&mlSearchSessionGuid=c3deb7ba313039c2ced1dcfc178b9d06";"студия";"https://www.cian.ru/kupit-kvartiru-studiu-moskovskaya-oblast/";"8044";"8";"8";"done";"";"2026-06-13 01:00:33";"2026-06-13 06:16:33";""
"cian";"cian_329518618";"329518618";"https://www.cian.ru/sale/flat/329518618/";"https://mytishchi.cian.ru/sale/flat/329518618/?context=4.mA-njs5HZwU.wq2BUozg_aLMr7VUtNTvkDvN-OaQSUNj2KJW9hvRlXMa5FbyGz6kjaELRJRzMcjv7kwpKTxzNFVlDA&mlSearchSessionGuid=c3deb7ba313039c2ced1dcfc178b9d06";"студия";"https://www.cian.ru/kupit-kvartiru-studiu-moskovskaya-oblast/";"8044";"8";"9";"done";"";"2026-06-13 01:00:33";"2026-06-13 06:16:50";""
"cian";"cian_327604016";"327604016";"https://www.cian.ru/sale/flat/327604016/";"https://solnechnogorsk.cian.ru/sale/flat/327604016/?context=4.o8MxfMZI2Ew.fwYJnO297vtBcDBYuHeBYrxOIAd5yIhuxY2m1JeBjcyR03U0FUD5N3N9gnK2fKKtCi_DqRqIiEeUjw&mlSearchSessionGuid=c3deb7ba313039c2ced1dcfc178b9d06";"студия";"https://www.cian.ru/kupit-kvartiru-studiu-moskovskaya-oblast/";"8044";"8";"10";"done";"";"2026-06-13 01:00:33";"2026-06-13 06:17:04";""
"cian";"cian_329910053";"329910053";"https://www.cian.ru/sale/flat/329910053/";"https://balashikha.cian.ru/sale/flat/329910053/?context=4.ExRE3d4FBsI.LGULQKZhU5g1VXHSFkwXinNQSILCQxA75pz8c6X5DAHZlFrbzAhSeZXIwOgDZx61-jfXTNpkVvoF2g&mlSearchSessionGuid=c3deb7ba313039c2ced1dcfc178b9d06";"студия";"https://www.cian.ru/kupit-kvartiru-studiu-moskovskaya-oblast/";"8044";"8";"11";"done";"";"2026-06-13 01:00:33";"2026-06-13 06:17:19";""
"cian";"cian_325483197";"325483197";"https://www.cian.ru/sale/flat/325483197/";"https://balashikha.cian.ru/sale/flat/325483197/?context=4.1tz19zqEEcE.DbJKE78oHaYHzQv2-EdzSbRlNPmtl4ESChU7be0nNhR6il_VtTvfAiQfnXsVyuEd39RftqarNRGP3g&mlSearchSessionGuid=c3deb7ba313039c2ced1dcfc178b9d06";"студия";"https://www.cian.ru/kupit-kvartiru-studiu-moskovskaya-oblast/";"8044";"8";"12";"done";"";"2026-06-13 01:00:33";"2026-06-13 06:17:33";""
"cian";"cian_330557580";"330557580";"https://www.cian.ru/sale/flat/330557580/";"https://krasnogorsk.cian.ru/sale/flat/330557580/?context=4.WX252-UOtC4.YfzYAfZOd6kmkt1tUocDloEbyLgo1xmskN-tKeMQADuamdHnPEG_V_6GsIqCWU3kQDnn7sTeom8P_A&mlSearchSessionGuid=c3deb7ba313039c2ced1dcfc178b9d06";"студия";"https://www.cian.ru/kupit-kvartiru-studiu-moskovskaya-oblast/";"8044";"8";"15";"done";"";"2026-06-13 01:00:33";"2026-06-13 06:17:52";""
"cian";"cian_330762745";"330762745";"https://www.cian.ru/sale/flat/330762745/";"https://krasnogorsk.cian.ru/sale/flat/330762745/?context=4.XsVkKuVdxHY.Fa2kHZh6lZdGodUY5UU2exxz_dIZmo81pc6RjqOhzbWJyzyoopQfOy26EDUgrAiWE25F2ijPt4878A&mlSearchSessionGuid=c3deb7ba313039c2ced1dcfc178b9d06";"студия";"https://www.cian.ru/kupit-kvartiru-studiu-moskovskaya-oblast/";"8044";"8";"17";"done";"";"2026-06-13 01:00:33";"2026-06-13 06:18:06";""
"cian";"cian_294225613";"294225613";"https://www.cian.ru/sale/flat/294225613/";"https://zvenigorod.cian.ru/sale/flat/294225613/?context=4.lGXd_IsGH3I.98Q7ktbsa4WPlbn2lh3yoDYXyZUsWOusO6-d-yMXcraoj5LZBd_TA8zT2atpxFPEORZhidpoartvpw&mlSearchSessionGuid=c3deb7ba313039c2ced1dcfc178b9d06";"студия";"https://www.cian.ru/kupit-kvartiru-studiu-moskovskaya-oblast/";"8044";"8";"18";"done";"";"2026-06-13 01:00:33";"2026-06-13 06:18:22";""
"cian";"cian_330171343";"330171343";"https://www.cian.ru/sale/flat/330171343/";"https://mytishchi.cian.ru/sale/flat/330171343/?context=4.aTq8C9KwPEI.jKjF72MiVnxitp00oxX0_6z50BeRo_H-EDWlI_u8nU81Z-3fRo3vaEe4I713rWrxrSvSLRoPcZr6Hw&mlSearchSessionGuid=c3deb7ba313039c2ced1dcfc178b9d06";"студия";"https://www.cian.ru/kupit-kvartiru-studiu-moskovskaya-oblast/";"8044";"8";"20";"done";"";"2026-06-13 01:00:33";"2026-06-13 06:18:36";""
"cian";"cian_330053491";"330053491";"https://www.cian.ru/sale/flat/330053491/";"https://krasnogorsk.cian.ru/sale/flat/330053491/?context=4.KhIoiskCc2g.nNG_BHSHg0rKFAvYmxumMOl-B4Omk7uhwzdakdMvQ-SvfsaB8TjRCMkWrpJeJRS5cVo9PLNsCad7Zw&mlSearchSessionGuid=c3deb7ba313039c2ced1dcfc178b9d06";"студия";"https://www.cian.ru/kupit-kvartiru-studiu-moskovskaya-oblast/";"8044";"8";"21";"done";"";"2026-06-13 01:00:33";"2026-06-13 06:18:50";""
"cian";"cian_327072300";"327072300";"https://www.cian.ru/sale/flat/327072300/";"https://ivanteyevka.cian.ru/sale/flat/327072300/?context=4.KiDqRdChEVI.bYe611Udog74M2SBB3ADgQkt686ZgSF4DOkWbzCAHOF-1JIjeNLgqhiJGZSw9rLGj8_DTZlLxTKVyg&mlSearchSessionGuid=c3deb7ba313039c2ced1dcfc178b9d06";"студия";"https://www.cian.ru/kupit-kvartiru-studiu-moskovskaya-oblast/";"8044";"8";"23";"done";"";"2026-06-13 01:00:33";"2026-06-13 06:19:05";""
"cian";"cian_326735465";"326735465";"https://www.cian.ru/sale/flat/326735465/";"https://krasnogorsk.cian.ru/sale/flat/326735465/?context=4.fLg0ZEQXHnM.dK3mbKihJ5HiTL5k3CHHre22MKe3sOKfL9vfbQ88CmKMP9j_jZ61U9X8V3FissOIHRfo9ZYaVjXgGw&mlSearchSessionGuid=c3deb7ba313039c2ced1dcfc178b9d06";"студия";"https://www.cian.ru/kupit-kvartiru-studiu-moskovskaya-oblast/";"8044";"8";"24";"done";"";"2026-06-13 01:00:33";"2026-06-13 06:19:20";""
"cian";"cian_329536587";"329536587";"https://www.cian.ru/sale/flat/329536587/";"https://mytishchi.cian.ru/sale/flat/329536587/?context=4.fKVKq8o0uns.4rAoFpxjCMuH4aJbsM3_12TpZuX2IyTxfnkh0OnV-S1FvUBJEIfpS4hyi3p3mAwGf2UDKaYy35TqZQ&mlSearchSessionGuid=c3deb7ba313039c2ced1dcfc178b9d06";"студия";"https://www.cian.ru/kupit-kvartiru-studiu-moskovskaya-oblast/";"8044";"8";"26";"done";"";"2026-06-13 01:00:33";"2026-06-13 06:19:34";""
"cian";"cian_329587455";"329587455";"https://www.cian.ru/sale/flat/329587455/";"https://balashikha.cian.ru/sale/flat/329587455/?context=4.hkR9lmbGc2w.OcjAOhpE6jdarPtS1ppk1koi_Vja091go4tF14NyL1u7qJjSL07U-z8A9_THauCA5hlh8quQgismRw&mlSearchSessionGuid=c3deb7ba313039c2ced1dcfc178b9d06";"студия";"https://www.cian.ru/kupit-kvartiru-studiu-moskovskaya-oblast/";"8044";"8";"27";"done";"";"2026-06-13 01:00:33";"2026-06-13 06:19:50";""
"cian";"cian_330221134";"330221134";"https://www.cian.ru/sale/flat/330221134/";"https://khimki.cian.ru/sale/flat/330221134/?context=4.zAhu0ZSVFno.PXfHmi5CNptUlN7q89zQb8gTwIjvZM2JVw-R9GitFmum5y_nd7ZlBDPyWqBhXEPu44IvB576urF2Qg&mlSearchSessionGuid=c3deb7ba313039c2ced1dcfc178b9d06";"студия";"https://www.cian.ru/kupit-kvartiru-studiu-moskovskaya-oblast/";"8044";"8";"28";"done";"";"2026-06-13 01:00:33";"2026-06-13 06:20:06";""
"cian";"cian_322718562";"322718562";"https://www.cian.ru/sale/flat/322718562/";"https://zvenigorod.cian.ru/sale/flat/322718562/?context=4.jzLohYE_Fm0.sHci9NS3azJtJKmhHG1YPZ3bOt4E4vW21FBwamcfpP8IuYdQ8inaG-e2drYxZIfkuVpSM2wLuAZjqw&mlSearchSessionGuid=c3deb7ba313039c2ced1dcfc178b9d06";"студия";"https://www.cian.ru/kupit-kvartiru-studiu-moskovskaya-oblast/";"8044";"9";"2";"done";"";"2026-06-13 01:01:19";"2026-06-13 06:20:22";""
"cian";"cian_330474882";"330474882";"https://www.cian.ru/sale/flat/330474882/";"https://mytishchi.cian.ru/sale/flat/330474882/?context=4.nLINl4HVcLE.oj6op__gvWzP3uj2vZOqCsB_OvsZO_iQNZ-uCM-ntbaWprvEAMCmRi3zmuL89WLqb9YhvyKQDI76xA&mlSearchSessionGuid=c3deb7ba313039c2ced1dcfc178b9d06";"студия";"https://www.cian.ru/kupit-kvartiru-studiu-moskovskaya-oblast/";"8044";"9";"3";"done";"";"2026-06-13 01:01:19";"2026-06-13 06:20:37";""
"cian";"cian_329597522";"329597522";"https://www.cian.ru/sale/flat/329597522/";"https://khimki.cian.ru/sale/flat/329597522/?context=4.RNq5VDEyoco.gWWC3r6i8-48KLRLcwfgm19BdalZpYb43-y9SRv2bwbcxrVSf6rO5luKTNgJs1ptClzL33kXA6UcGA&mlSearchSessionGuid=c3deb7ba313039c2ced1dcfc178b9d06";"студия";"https://www.cian.ru/kupit-kvartiru-studiu-moskovskaya-oblast/";"8044";"9";"4";"done";"";"2026-06-13 01:01:19";"2026-06-13 06:20:53";""
"cian";"cian_330883946";"330883946";"https://www.cian.ru/sale/flat/330883946/";"https://khimki.cian.ru/sale/flat/330883946/?context=4.q6BK_WqU9Ws.yV_CQs1Ycvx210NWmrIYTU_YnLLhGFMmzaIjPObwdhllj2dn2aa9Py4sfpeZCiXySSUIpueS65915g&mlSearchSessionGuid=c3deb7ba313039c2ced1dcfc178b9d06";"студия";"https://www.cian.ru/kupit-kvartiru-studiu-moskovskaya-oblast/";"8044";"9";"5";"done";"";"2026-06-13 01:01:19";"2026-06-13 06:21:08";""
"cian";"cian_330113357";"330113357";"https://www.cian.ru/sale/flat/330113357/";"https://mytishchi.cian.ru/sale/flat/330113357/?context=4.QIv_TPdeF1g.oejtUAhzloW2vbVWDpsxsZXlQn25MgHpu5QRxSiAKhi7DTE-NjmJwHvPwA8JlCnLRT8vjSR7VdZNXw&mlSearchSessionGuid=c3deb7ba313039c2ced1dcfc178b9d06";"студия";"https://www.cian.ru/kupit-kvartiru-studiu-moskovskaya-oblast/";"8044";"9";"6";"done";"";"2026-06-13 01:01:19";"2026-06-13 06:21:24";""
"cian";"cian_328788789";"328788789";"https://www.cian.ru/sale/flat/328788789/";"https://lyubertsy.cian.ru/sale/flat/328788789/?context=4.qRb_yU74AxE.jVzylxQWJ2Hxl1tZBehPOdfWEhbEe2Y7zKUol8QMl4FijP29B23Eg8JqZja1IS7YUCevCNGONtTDIw&mlSearchSessionGuid=c3deb7ba313039c2ced1dcfc178b9d06";"студия";"https://www.cian.ru/kupit-kvartiru-studiu-moskovskaya-oblast/";"8044";"9";"7";"done";"";"2026-06-13 01:01:19";"2026-06-13 06:21:41";""
"cian";"cian_330296139";"330296139";"https://www.cian.ru/sale/flat/330296139/";"https://domodedovo.cian.ru/sale/flat/330296139/?context=4.bpH4cYRCtuI.pBhp3_VbDCBMDuJp4nMEViTLXUFTNQyB7YrM3xBOMuKq3LTTFfRvj6btS56uBBRDQJag5wcbn6Hljg&mlSearchSessionGuid=c3deb7ba313039c2ced1dcfc178b9d06";"студия";"https://www.cian.ru/kupit-kvartiru-studiu-moskovskaya-oblast/";"8044";"9";"8";"done";"";"2026-06-13 01:01:19";"2026-06-13 06:21:56";""
"cian";"cian_329523765";"329523765";"https://www.cian.ru/sale/flat/329523765/";"https://mytishchi.cian.ru/sale/flat/329523765/?context=4.hoxOLhtKH00.PYkCC0Db-leQCTAC_OuiZrICLJz6j7lWHOI1tH3LlWruc9LrXnnXS0Eg4O2WUaZEC363ryHXzgZuwg&mlSearchSessionGuid=c3deb7ba313039c2ced1dcfc178b9d06";"студия";"https://www.cian.ru/kupit-kvartiru-studiu-moskovskaya-oblast/";"8044";"9";"10";"done";"";"2026-06-13 01:01:19";"2026-06-13 06:22:12";""
"cian";"cian_329525783";"329525783";"https://www.cian.ru/sale/flat/329525783/";"https://balashikha.cian.ru/sale/flat/329525783/?context=4.ahIGtc5zTUU.SAEd4STJjf8ANCRwzZmwCPFvh23SWSbbsnj6h_IejpOHVSIHFzJCqACRtu9snMRgDwZbfuGgHhBYTw&mlSearchSessionGuid=c3deb7ba313039c2ced1dcfc178b9d06";"студия";"https://www.cian.ru/kupit-kvartiru-studiu-moskovskaya-oblast/";"8044";"9";"11";"done";"";"2026-06-13 01:01:19";"2026-06-13 06:22:26";""
"cian";"cian_328986754";"328986754";"https://www.cian.ru/sale/flat/328986754/";"https://lyubertsy.cian.ru/sale/flat/328986754/?context=4.mHPqKQNPTjI.SErJ_gloEV21p44iN0fQNuutjj6TEG2v9GBRzZ6YsZzAV1PA3z3XXONpoIKrGxiOfnuWISOTm5ic3w&mlSearchSessionGuid=c3deb7ba313039c2ced1dcfc178b9d06";"студия";"https://www.cian.ru/kupit-kvartiru-studiu-moskovskaya-oblast/";"8044";"9";"12";"done";"";"2026-06-13 01:01:19";"2026-06-13 06:22:41";""
"cian";"cian_327693646";"327693646";"https://www.cian.ru/sale/flat/327693646/";"https://krasnogorsk.cian.ru/sale/flat/327693646/?context=4.Ecl5VgBcHjs.ekq4Zu60z9igSD_4ptLPtQribgFS7S8jSZVjJcz4DxF493oLwJfV4NSZhTtsEfYeUifDPRXYmMvIOg&mlSearchSessionGuid=c3deb7ba313039c2ced1dcfc178b9d06";"студия";"https://www.cian.ru/kupit-kvartiru-studiu-moskovskaya-oblast/";"8044";"9";"14";"done";"";"2026-06-13 01:01:19";"2026-06-13 06:22:54";""
"cian";"cian_330572373";"330572373";"https://www.cian.ru/sale/flat/330572373/";"https://mytishchi.cian.ru/sale/flat/330572373/?context=4.zCQQfGK9kiI.447ymrW74VRJWsHm3cVdRTmk4rNnGrPNCweJc11dnj5ZQ3T6RXC4phKFodwkZdSCtTRoJ7UmZYfcWg&mlSearchSessionGuid=c3deb7ba313039c2ced1dcfc178b9d06";"студия";"https://www.cian.ru/kupit-kvartiru-studiu-moskovskaya-oblast/";"8044";"9";"16";"done";"";"2026-06-13 01:01:19";"2026-06-13 06:23:09";""
"cian";"cian_330170595";"330170595";"https://www.cian.ru/sale/flat/330170595/";"https://krasnogorsk.cian.ru/sale/flat/330170595/?context=4.TbxKOYbtN00.ch2FiGiEwm53YiMJj67iZSCwMNtLNEEKQXj76ZIkhWjn0nvkPqQXDI9Qwxv_7xPWKt_gQDJHUUhPUQ&mlSearchSessionGuid=c3deb7ba313039c2ced1dcfc178b9d06";"студия";"https://www.cian.ru/kupit-kvartiru-studiu-moskovskaya-oblast/";"8044";"9";"17";"done";"";"2026-06-13 01:01:19";"2026-06-13 06:23:25";""
"cian";"cian_330537957";"330537957";"https://www.cian.ru/sale/flat/330537957/";"https://reutov.cian.ru/sale/flat/330537957/?context=4.BMo_szSYpfw.N0tSwjgq4dg2KMYseEtK6u4Z3PaxOjDzZDFhg5lgNWo0ktr0cUuM9L76c00dIF4i0YziQVzKlGJZpw&mlSearchSessionGuid=c3deb7ba313039c2ced1dcfc178b9d06";"студия";"https://www.cian.ru/kupit-kvartiru-studiu-moskovskaya-oblast/";"8044";"9";"19";"done";"";"2026-06-13 01:01:19";"2026-06-13 06:23:41";""
"cian";"cian_300573502";"300573502";"https://www.cian.ru/sale/flat/300573502/";"https://korolev.cian.ru/sale/flat/300573502/?context=4.apAb21-rnAc.OBVCxxNDKTsptsh2g1v3e0aj6V3wdNCq8MznTF9v_n_q_NykJRD009fUFxGHNJ1884ezKpQtmGT6sQ&mlSearchSessionGuid=c3deb7ba313039c2ced1dcfc178b9d06";"студия";"https://www.cian.ru/kupit-kvartiru-studiu-moskovskaya-oblast/";"8044";"9";"20";"done";"";"2026-06-13 01:01:19";"2026-06-13 06:23:55";""
"cian";"cian_327859078";"327859078";"https://www.cian.ru/sale/flat/327859078/";"https://odintsovo.cian.ru/sale/flat/327859078/?context=4.dr4aUEfduvw.T8KlclzDmq7bwxMQHw8ElOYbYnEJreB3386fOk6zz7uHqvLdfknFHYe6llx6TvKCMzCKAfdNSe0xlg&mlSearchSessionGuid=c3deb7ba313039c2ced1dcfc178b9d06";"студия";"https://www.cian.ru/kupit-kvartiru-studiu-moskovskaya-oblast/";"8044";"9";"21";"done";"";"2026-06-13 01:01:19";"2026-06-13 06:24:11";""
"cian";"cian_328662253";"328662253";"https://www.cian.ru/sale/flat/328662253/";"https://krasnogorsk.cian.ru/sale/flat/328662253/?context=4.vaukgOHXbdo.65Xpv3U9a2tqqjXwIKP0q_eOy4h45RwgBWGZYk2FQTYY5ha0Dju2orJQ4JbwmW_pVxwWBvUU5QMQlA&mlSearchSessionGuid=c3deb7ba313039c2ced1dcfc178b9d06";"студия";"https://www.cian.ru/kupit-kvartiru-studiu-moskovskaya-oblast/";"8044";"9";"22";"done";"";"2026-06-13 01:01:19";"2026-06-13 06:24:27";""
"cian";"cian_329678331";"329678331";"https://www.cian.ru/sale/flat/329678331/";"https://krasnogorsk.cian.ru/sale/flat/329678331/?context=4.2PSjU8PgG6Q.jT6Xa3a9YGtFpx8SRzJNlXbEGdQXFYNT6vq5OX63d8Sna6NqA7yI0fwhb-fKLKcMDxI3a2rXRKG7wg&mlSearchSessionGuid=c3deb7ba313039c2ced1dcfc178b9d06";"студия";"https://www.cian.ru/kupit-kvartiru-studiu-moskovskaya-oblast/";"8044";"9";"23";"done";"";"2026-06-13 01:01:19";"2026-06-13 06:24:41";""
"cian";"cian_330900484";"330900484";"https://www.cian.ru/sale/flat/330900484/";"https://krasnogorsk.cian.ru/sale/flat/330900484/?context=4.mZf64d_KN10.nWnj09bqYjbmLKvJ1fIc6yFl_yNIfZgSX0QX7vIBw4ke5-mae-49lTLEdjcSqwKWctowPznQK6m_-g&mlSearchSessionGuid=c3deb7ba313039c2ced1dcfc178b9d06";"студия";"https://www.cian.ru/kupit-kvartiru-studiu-moskovskaya-oblast/";"8044";"9";"25";"done";"";"2026-06-13 01:01:19";"2026-06-13 06:24:58";""
"cian";"cian_328856932";"328856932";"https://www.cian.ru/sale/flat/328856932/";"https://mytishchi.cian.ru/sale/flat/328856932/?context=4.wPFM5xidmvE.m0zsHwRHiauR1tolfn9HvehmKKpwFernpUupQ8-_8okB7FeTAGL9VDUV52IOi_5IcbI_wnyMTG3rRw&mlSearchSessionGuid=c3deb7ba313039c2ced1dcfc178b9d06";"студия";"https://www.cian.ru/kupit-kvartiru-studiu-moskovskaya-oblast/";"8044";"9";"26";"done";"";"2026-06-13 01:01:19";"2026-06-13 06:25:12";""
"cian";"cian_327141660";"327141660";"https://www.cian.ru/sale/flat/327141660/";"https://odintsovo.cian.ru/sale/flat/327141660/?context=4.7dJmsIhoF6U.cnE-j8T1xKt0qu4N6uz3e-FTdBI8P9kv1hQ2yUuCwRbfrRccFyHNNOforST5_WQNaJEQrazj9XRykw&mlSearchSessionGuid=c3deb7ba313039c2ced1dcfc178b9d06";"студия";"https://www.cian.ru/kupit-kvartiru-studiu-moskovskaya-oblast/";"8044";"9";"28";"done";"";"2026-06-13 01:01:19";"2026-06-13 06:25:29";""
"cian";"cian_329678568";"329678568";"https://www.cian.ru/sale/flat/329678568/";"https://balashikha.cian.ru/sale/flat/329678568/?context=4.AQwHaERjuLg.IbrFOCF00Xs8nS_pMzPnV-TekQbOZ3_XjR_MI2QEpqN99wxY1r3R2ie6cCbcRcXAR7oJbbfC2yUdaw&mlSearchSessionGuid=c3deb7ba313039c2ced1dcfc178b9d06";"студия";"https://www.cian.ru/kupit-kvartiru-studiu-moskovskaya-oblast/";"8044";"10";"1";"done";"";"2026-06-13 01:02:04";"2026-06-13 06:25:44";""
"cian";"cian_330448681";"330448681";"https://www.cian.ru/sale/flat/330448681/";"https://krasnogorsk.cian.ru/sale/flat/330448681/?context=4.iJcHg-Bc_fY.lWyQGAajDdvYK2c5nlIiJpI0Op75uk1m8OwJO149QaDGolmf7VK_mvgOsC2HMEG7fuOajZyhqu0edg&mlSearchSessionGuid=c3deb7ba313039c2ced1dcfc178b9d06";"студия";"https://www.cian.ru/kupit-kvartiru-studiu-moskovskaya-oblast/";"8044";"10";"3";"done";"";"2026-06-13 01:02:04";"2026-06-13 06:26:01";""
"cian";"cian_326217369";"326217369";"https://www.cian.ru/sale/flat/326217369/";"https://krasnogorsk.cian.ru/sale/flat/326217369/?context=4.RvDAixnTjpY.P--GMdY7j0xckGPT3pgKUbZqiDiEnJbsc9WQy7eISuOW_6sGHRm3NVQTS0-bQcDJUHuQf6KGwE-wAg&mlSearchSessionGuid=c3deb7ba313039c2ced1dcfc178b9d06";"студия";"https://www.cian.ru/kupit-kvartiru-studiu-moskovskaya-oblast/";"8044";"10";"4";"done";"";"2026-06-13 01:02:04";"2026-06-13 06:26:15";""
"cian";"cian_326657573";"326657573";"https://www.cian.ru/sale/flat/326657573/";"https://korolev.cian.ru/sale/flat/326657573/?context=4.go0u6cDMNd0.zRFAvAJe8DaDu5IPVQ87ZZlkfWrvJgAgFGP_RO6Jw9XCgTlnR5NC9XbsIewZuj19VxUSaDKCLHHCVw&mlSearchSessionGuid=c3deb7ba313039c2ced1dcfc178b9d06";"студия";"https://www.cian.ru/kupit-kvartiru-studiu-moskovskaya-oblast/";"8044";"10";"7";"done";"";"2026-06-13 01:02:04";"2026-06-13 06:26:28";""
"cian";"cian_330906407";"330906407";"https://www.cian.ru/sale/flat/330906407/";"https://zvenigorod.cian.ru/sale/flat/330906407/?context=4.6V-QtyVUjJg.HiUvAv7eQhoVenQXi0uhIqKIXlwszwTf2hJVaN9ZT21AI-IklV0AAtF6fUEM9-wBESko_YewG1e1zg&mlSearchSessionGuid=c3deb7ba313039c2ced1dcfc178b9d06";"студия";"https://www.cian.ru/kupit-kvartiru-studiu-moskovskaya-oblast/";"8044";"10";"9";"done";"";"2026-06-13 01:02:04";"2026-06-13 06:26:45";""
"cian";"cian_323433163";"323433163";"https://www.cian.ru/sale/flat/323433163/";"https://vidnoye.cian.ru/sale/flat/323433163/?context=4.PsNDiAw6E0E.OwwdmrXNMNwIpYb_BVOR4lJYvFyH6e0Fwr_mhG8Jixgp4T5Zs2t8Zj4bUgKKJZ-Q-7m2stHv3PLN9A&mlSearchSessionGuid=c3deb7ba313039c2ced1dcfc178b9d06";"студия";"https://www.cian.ru/kupit-kvartiru-studiu-moskovskaya-oblast/";"8044";"10";"10";"done";"";"2026-06-13 01:02:04";"2026-06-13 06:27:00";""
"cian";"cian_326373976";"326373976";"https://www.cian.ru/sale/flat/326373976/";"https://mytishchi.cian.ru/sale/flat/326373976/?context=4.tiJI7_bVFxs.F98mFm2nkC3SAwaBhBDTdCy74SxRwyAXFN5Fi6azhV3R1rCD2E3iQqgOBP5m1HZpZcjSzFwWVveuBA&mlSearchSessionGuid=c3deb7ba313039c2ced1dcfc178b9d06";"студия";"https://www.cian.ru/kupit-kvartiru-studiu-moskovskaya-oblast/";"8044";"10";"11";"done";"";"2026-06-13 01:02:04";"2026-06-13 06:27:13";""
"cian";"cian_322802668";"322802668";"https://www.cian.ru/sale/flat/322802668/";"https://kotelniki.cian.ru/sale/flat/322802668/?context=4._wY09gF6UmU.Up2WhLQtYQupY-_PNJJetPrbWod7ebblIwjlWe8_XE5TZjjhY_c4Qk893pSaXhrOzk1fVkgrNDVQsw&mlSearchSessionGuid=c3deb7ba313039c2ced1dcfc178b9d06";"студия";"https://www.cian.ru/kupit-kvartiru-studiu-moskovskaya-oblast/";"8044";"10";"12";"done";"";"2026-06-13 01:02:04";"2026-06-13 06:27:28";""
"cian";"cian_330742766";"330742766";"https://www.cian.ru/sale/flat/330742766/";"https://krasnogorsk.cian.ru/sale/flat/330742766/?context=4.63aLwolSgFA.QRNKRbqRifjDD40VnzdHrEKorCepH7kVUH4Nd-rwLaGGHyfJ-l5n9b7I0y8L9b3M4R4rSR5cyHsbrw&mlSearchSessionGuid=c3deb7ba313039c2ced1dcfc178b9d06";"студия";"https://www.cian.ru/kupit-kvartiru-studiu-moskovskaya-oblast/";"8044";"10";"13";"done";"";"2026-06-13 01:02:04";"2026-06-13 06:27:42";""
"cian";"cian_330096035";"330096035";"https://www.cian.ru/sale/flat/330096035/";"https://krasnogorsk.cian.ru/sale/flat/330096035/?context=4.AxGEMGBye9k.x587SWVce8yTIiZs0DE5SlrbB3SQkaIanx7eAqAF_RMIJniVhTsGC1RJeU_sDdIaZ-RSh-4Pq6SVBg&mlSearchSessionGuid=c3deb7ba313039c2ced1dcfc178b9d06";"студия";"https://www.cian.ru/kupit-kvartiru-studiu-moskovskaya-oblast/";"8044";"10";"14";"done";"";"2026-06-13 01:02:04";"2026-06-13 06:27:58";""
"cian";"cian_325496734";"325496734";"https://www.cian.ru/sale/flat/325496734/";"https://krasnogorsk.cian.ru/sale/flat/325496734/?context=4.6TLV_KLYhiE.vR18Bo0s1WGJMuEyC_bEa3WB6OQoxvN1Gy9UQQpdUOORH-2Y56hZvfKiTMZ28pkyaOML3EKi08wGfQ&mlSearchSessionGuid=c3deb7ba313039c2ced1dcfc178b9d06";"студия";"https://www.cian.ru/kupit-kvartiru-studiu-moskovskaya-oblast/";"8044";"10";"15";"done";"";"2026-06-13 01:02:04";"2026-06-13 06:28:13";""
"cian";"cian_320551378";"320551378";"https://www.cian.ru/sale/flat/320551378/";"https://balashikha.cian.ru/sale/flat/320551378/?context=4.StRwJR4JDv8.TNiFgcn0sRNoBxFELNUTjPq6XrEvJZ48CzEdrroTsmhcNyoMpK7ddoI5Jrt2fOcLSIxbBPK-RIQWuw&mlSearchSessionGuid=c3deb7ba313039c2ced1dcfc178b9d06";"студия";"https://www.cian.ru/kupit-kvartiru-studiu-moskovskaya-oblast/";"8044";"10";"16";"done";"";"2026-06-13 01:02:04";"2026-06-13 06:28:28";""
"cian";"cian_330310593";"330310593";"https://www.cian.ru/sale/flat/330310593/";"https://balashikha.cian.ru/sale/flat/330310593/?context=4.oEW4Cya0RN0.vEz0-FW8g207tYZ602pchqgS5F_HJSQZejoPZcIq---aqqMG8UZlOw7pYK1aqf82656QcuBWlBJBHw&mlSearchSessionGuid=c3deb7ba313039c2ced1dcfc178b9d06";"студия";"https://www.cian.ru/kupit-kvartiru-studiu-moskovskaya-oblast/";"8044";"10";"17";"done";"";"2026-06-13 01:02:04";"2026-06-13 06:28:44";""
"cian";"cian_330056166";"330056166";"https://www.cian.ru/sale/flat/330056166/";"https://khimki.cian.ru/sale/flat/330056166/?context=4.kpmzIa3LDJ0.yI7Xf2JNLqNIS7Gm69p7ybyOhlGAYjO8pElBqu3tKS9JQ8jkStD34azMWRNW9-rSlgWqgX4xuTjHMA&mlSearchSessionGuid=c3deb7ba313039c2ced1dcfc178b9d06";"студия";"https://www.cian.ru/kupit-kvartiru-studiu-moskovskaya-oblast/";"8044";"10";"18";"done";"";"2026-06-13 01:02:04";"2026-06-13 06:28:59";""
"cian";"cian_329555332";"329555332";"https://www.cian.ru/sale/flat/329555332/";"https://balashikha.cian.ru/sale/flat/329555332/?context=4.cDngr60En5A.krZWTV9l57dNJ0GYnTEKPzw7IkwEH7BbM1DtqfFeJq_qVv7OZZbDKZfirZUK2AYL_J3zl3XDfZSv-w&mlSearchSessionGuid=c3deb7ba313039c2ced1dcfc178b9d06";"студия";"https://www.cian.ru/kupit-kvartiru-studiu-moskovskaya-oblast/";"8044";"10";"19";"done";"";"2026-06-13 01:02:04";"2026-06-13 06:29:12";""
"cian";"cian_330947708";"330947708";"https://www.cian.ru/sale/flat/330947708/";"https://vidnoye.cian.ru/sale/flat/330947708/?context=4.Clhb9numcN0.yxYV0NUyPZ8Ro9yKPEebmez6zK2fsDhCUmZqxlORYhRP4fv5mfsdXO973f1JC00FShluE3ttU9OJSg&mlSearchSessionGuid=c3deb7ba313039c2ced1dcfc178b9d06";"студия";"https://www.cian.ru/kupit-kvartiru-studiu-moskovskaya-oblast/";"8044";"10";"20";"done";"";"2026-06-13 01:02:04";"2026-06-13 06:29:28";""
"cian";"cian_330789747";"330789747";"https://www.cian.ru/sale/flat/330789747/";"https://zvenigorod.cian.ru/sale/flat/330789747/?context=4.xpxr_reN4GQ.SAh21av7bWSD_V7LDaFKaeXJG7Soy0nlJmJfQjFvZ0k44j-qGuquYd-tLLmHEduvxYCyX2vd1_Gy5w&mlSearchSessionGuid=c3deb7ba313039c2ced1dcfc178b9d06";"студия";"https://www.cian.ru/kupit-kvartiru-studiu-moskovskaya-oblast/";"8044";"10";"21";"done";"";"2026-06-13 01:02:04";"2026-06-13 06:29:44";""
"cian";"cian_327425284";"327425284";"https://www.cian.ru/sale/flat/327425284/";"https://mytishchi.cian.ru/sale/flat/327425284/?context=4.hhPURlJsupQ.ANLnITfc3NOgpOn0MWkMahA4FSM6w3j2ANhaXmXyy7f0IkjaK-Z10SRaUmmsenzY14kxsa571ArC4w&mlSearchSessionGuid=c3deb7ba313039c2ced1dcfc178b9d06";"студия";"https://www.cian.ru/kupit-kvartiru-studiu-moskovskaya-oblast/";"8044";"10";"22";"done";"";"2026-06-13 01:02:04";"2026-06-13 06:29:59";""
"cian";"cian_330906191";"330906191";"https://www.cian.ru/sale/flat/330906191/";"https://noginsk.cian.ru/sale/flat/330906191/?context=4.xvQ4RUynJw4.zvAquOzFYdrUna26VVVV2RdaBU8kFNmCp1Dyb49f6YxUsp6nxDELnmv0mLCH8nwFXEUqqA3JG7nsuQ&mlSearchSessionGuid=c3deb7ba313039c2ced1dcfc178b9d06";"студия";"https://www.cian.ru/kupit-kvartiru-studiu-moskovskaya-oblast/";"8044";"10";"23";"done";"";"2026-06-13 01:02:04";"2026-06-13 06:30:16";""
"cian";"cian_328842823";"328842823";"https://www.cian.ru/sale/flat/328842823/";"https://reutov.cian.ru/sale/flat/328842823/?context=4.62XrmjXjGXQ.3n2w8o0Y1dh3n9umXDWNMm2014KrYC8heWTgjde5SUY3H7tvGM2SdUUbbxSoqsF1m5PHtB1QNUAZQg&mlSearchSessionGuid=c3deb7ba313039c2ced1dcfc178b9d06";"студия";"https://www.cian.ru/kupit-kvartiru-studiu-moskovskaya-oblast/";"8044";"10";"24";"done";"";"2026-06-13 01:02:04";"2026-06-13 06:30:32";""
"cian";"cian_330969740";"330969740";"https://www.cian.ru/sale/flat/330969740/";"https://khimki.cian.ru/sale/flat/330969740/?context=4.CIqq5_IEjAk.6GGGW6CYKo_u6kOaW9BuLya6xlV0csotKEbXja7VHgqY1NRB6P-23S5L7xRoMjiXLsNKZQMZPIwtxw&mlSearchSessionGuid=c3deb7ba313039c2ced1dcfc178b9d06";"студия";"https://www.cian.ru/kupit-kvartiru-studiu-moskovskaya-oblast/";"8044";"10";"25";"done";"";"2026-06-13 01:02:04";"2026-06-13 06:30:48";""
"cian";"cian_329410391";"329410391";"https://www.cian.ru/sale/flat/329410391/";"https://odintsovo.cian.ru/sale/flat/329410391/?context=4.nju0hao_04A.-1-DRNPw75qVY4L5au8hsIojE8Mf3OzzRzCDheQtll6vJWp7w48gT1FoKojc7ieqSuXntHZ9DLlLSw&mlSearchSessionGuid=c3deb7ba313039c2ced1dcfc178b9d06";"студия";"https://www.cian.ru/kupit-kvartiru-studiu-moskovskaya-oblast/";"8044";"10";"26";"done";"";"2026-06-13 01:02:04";"2026-06-13 06:31:03";""
"cian";"cian_330368858";"330368858";"https://www.cian.ru/sale/flat/330368858/";"https://domodedovo.cian.ru/sale/flat/330368858/?context=4.6wBcTJZTd9Y.OIz_Uo6mvylaC-a5WVi054xJaRsDwowROBrx1Ozz9eEN2_zgg6uKG-Y_1nQDpOFsSpkXIiPB98Hm6g&mlSearchSessionGuid=c3deb7ba313039c2ced1dcfc178b9d06";"студия";"https://www.cian.ru/kupit-kvartiru-studiu-moskovskaya-oblast/";"8044";"10";"27";"done";"";"2026-06-13 01:02:04";"2026-06-13 06:31:20";""
"cian";"cian_325836118";"325836118";"https://www.cian.ru/sale/flat/325836118/";"https://balashikha.cian.ru/sale/flat/325836118/?context=4.Vmk4hnQzIp4.KzRnq2WPR2gAhHTWBke9mCAIjAqxcB74Oa8kdySw82hWB_C2vjqoekahKTKE1N66yTeZPoAPTkIEeg&mlSearchSessionGuid=c3deb7ba313039c2ced1dcfc178b9d06";"студия";"https://www.cian.ru/kupit-kvartiru-studiu-moskovskaya-oblast/";"8044";"10";"28";"done";"";"2026-06-13 01:02:04";"2026-06-13 06:31:35";""
