price_rub,lat,lon,total_area_m2,rooms,floor_ratio,house_year,housing_market,property_format,source,address_exact,residential_complex
6135245.0,55.89999,37.2542,37.6,1.0,0.3333333333333333,,new_building,flat,avito,"д. юрлово, д. 5",жк «большое юрлово»
7625453.0,55.51879,37.07037,35.8,1.0,0.3333333333333333,,new_building,flat,avito,"д. мартемьяново, стр. 2",мартемьяново клаб
11917136.0,55.56632,37.68656,34.0,1.0,0.4583333333333333,,unknown,flat,avito,"ул. старо-нагорная, д. 31",жк 1-й южный
13408649.0,55.60552,37.41724,34.9,1.0,0.21428571428571427,,new_building,flat,avito,"п. сосенское, стр. 57",саларьево парк
5990000.0,55.52786,37.04111,32.4,1.0,0.4,,unknown,flat,avito,"ул. парк апрель, стр. 2",жк «апрелевка клаб»
7719750.0,55.82056,37.21042,34.3,1.0,0.9285714285714286,,new_building,flat,avito,"ул. береговая, стр. 1.1",жк «аникеевский»
11044800.0,55.56792,37.29124,39.0,1.0,0.5625,,new_building,flat,avito,"пос. филимонковское, ул. оао марьинская птицефабрика, корп. 2.1.6",середневский лес
7955037.0,55.53213,37.61686,42.2,1.0,0.11764705882352941,,unknown,flat,avito,"с/п булатниковское, рп боброво, ул. лесная, д. 22, корп. 2",восточное бутово
8200000.0,55.59435,37.20972,40.1,1.0,0.7368421052631579,,unknown,flat,avito,"дер. марушкино, стр. 2",жк «внуково парк»
17248103.0,55.80633,37.3826,34.7,1.0,0.7916666666666666,,new_building,flat,avito,"д. мякинино, стр. 3",жк «квартал строгино»
11600000.0,55.59133,37.48273,32.6,1.0,0.23529411764705882,,new_building,flat,avito,"п. сосенское, пос. газопровод, стр.",жк «форевиль»
5636400.0,56.07982,37.06055,40.3,1.0,0.17647058823529413,2027.0,new_building,flat,avito,"ул. школьная, стр. 13",жк «поварово молодежный - 2»
7923600.0,55.52237,37.61232,37.2,1.0,0.08,,new_building,flat,avito,"с/п булатниковское, д. боброво, мкр. «боброво», корп. 55",восточное бутово
6863700.0,55.60116,38.08297,41.1,1.0,0.1111111111111111,,new_building,flat,avito,"ул. гудкова, стр. 3",жк «гранд комфорт»
9794575.0,55.66275,37.86706,35.0,1.0,0.4,,new_building,flat,avito,"ул. новая, д. 1-10, корп. 5а",томилинский бульвар
13293844.0,55.59133,37.48273,32.6,1.0,0.1111111111111111,,new_building,flat,avito,"п. сосенское, пос. газопровод, стр.",жк «форевиль»
6893383.0,55.94915,37.4737,37.6,1.0,0.16666666666666666,,new_building,flat,avito,"ул. береговая, стр. 4",жк «берег»
7172872.0,55.90726,37.43297,34.8,1.0,0.1,,new_building,flat,avito,"ул. рабочая , корп. 2.1",химки парк
8498611.0,55.65533,37.87162,32.8,1.0,0.11764705882352941,,new_building,flat,avito,"яничкин пр-д, з/у 6/11",белая дача парк
9629180.0,55.76603,37.21311,38.1,1.0,0.5555555555555556,,new_building,flat,avito,"д. глухово, стр. 4.2",ильинские луга
5585001.0,55.89999,37.2542,34.7,1.0,0.18181818181818182,,new_building,flat,avito,"д. юрлово, д. 5",жк «большое юрлово»
12024168.0,55.5679,37.68829,41.6,1.0,0.2916666666666667,,unknown,flat,avito,"д. тарычево, ул. фруктовые сады, д. 1.3",жк 1-й южный
10645420.0,55.56761,37.29264,37.3,1.0,0.5,,new_building,flat,avito,"пос. филимонковское, ул. оао марьинская птицефабрика, корп. 2.1.4",середневский лес
6630653.0,55.63949,37.94882,32.9,1.0,0.2222222222222222,,new_building,flat,avito,"московская область, городской округ люберцы, поселок жилино-1, жилой комплекс егорово парк, стр. 4.1",жк «егорово парк»
7976348.0,55.71778,37.33363,33.4,1.0,0.7857142857142857,,new_building,flat,avito,"с. ромашково, ул. малевича, д. 8",жк «притяжение сити»
9811993.0,55.45458,37.27996,42.3,1.0,0.3333333333333333,,unknown,flat,avito,"ул. академика франка, стр. 2",жк «троицкий»
19149831.0,55.56065,37.49854,33.3,1.0,1.0,,unknown,flat,avito,"п. сосенское, пос. коммунарка, ул. эдварда грига, д. 7, корп. 1",жк «скандинавия»
11497824.0,55.59527,37.20066,43.2,1.0,0.8,,new_building,flat,avito,"дер. марушкино, стр. 3",жк «внуково парк»
9707883.0,55.85585,37.19683,33.8,1.0,0.375,,new_building,flat,avito,"ул. международная, корп. 15",жк «коллекция»
7642253.0,55.52786,37.71894,32.4,1.0,0.9583333333333334,,unknown,flat,avito,"ленинский городской округ, д. сапроново, д. 5",жк «1-й донской»
11339140.0,55.66275,37.86706,42.2,1.0,1.0,,new_building,flat,avito,"ул. новая, д. 1-10, корп. 5а",томилинский бульвар
9149414.0,55.90924,37.78615,38.4,1.0,0.2,,new_building,flat,avito,"ярославское ш., стр. 2.2",ярославский квартал
9007253.0,55.65204,37.11689,33.9,1.0,1.0,,unknown,flat,avito,"с/п жаворонковское, с. перхушково, д. 11а",жк «равновесие»
9666741.0,55.6789,37.24505,37.4,1.0,0.5416666666666666,,unknown,flat,avito,"ул. северная, д. 1",жилой мкр. «одинбург»
8905685.0,55.95205,37.46823,42.9,1.0,0.35294117647058826,,new_building,flat,avito,"ул. олимпийская, корп. 5",жк «квартал ивакино»
5643297.0,55.89999,37.2542,35.8,1.0,0.16666666666666666,,new_building,flat,avito,"д. юрлово, д. 5",жк «большое юрлово»
11064475.0,55.88092,37.41146,30.3,1.0,0.10714285714285714,,new_building,flat,avito,"куркинское ш., корп. 3",жк «лесная коллекция»
4200000.0,55.600023,37.358543,37.7,1.0,0.4117647058823529,2016.0,unknown,share,avito,"москва, новомосковский административный округ, поселение московский, московский, ул. москвитина, 3к2",unknown
10786176.0,55.91128,37.763,36.0,1.0,0.4166666666666667,,new_building,flat,avito,"ул. колонцова, стр. 14",яуза парк
13379002.0,55.6056,37.41639,36.5,1.0,0.625,,new_building,flat,avito,"п. сосенское, стр. 57",саларьево парк
7658683.0,55.63949,37.94882,35.6,1.0,0.1111111111111111,,new_building,flat,avito,"московская область, городской округ люберцы, поселок жилино-1, жилой комплекс егорово парк, стр. 4.1",жк «егорово парк»
2900000.0,55.873521,38.191237,30.2,1.0,0.8,1966.0,unknown,flat,avito,"московская обл., лосино-петровский, ул. гоголя, 28",unknown
17121682.0,55.83449,37.25043,40.5,1.0,1.0,,unknown,flat,avito,"мкр. опалиха, ул. новая московская, д. 49, корп. 3",миниполис «8 кленов»
10939881.0,55.94922,37.46862,43.4,1.0,0.3333333333333333,,unknown,flat,avito,"кв-л ивакино, стр.1.3",жк «1-й химкинский»
10114560.0,55.90924,37.78615,38.4,1.0,0.4,,new_building,flat,avito,"ярославское ш., стр. 2.2",ярославский квартал
5077016.0,55.63949,37.94882,22.8,1.0,0.3333333333333333,,new_building,flat,avito,"московская область, городской округ люберцы, поселок жилино-1, жилой комплекс егорово парк, стр. 4.1",жк «егорово парк»
8477400.0,55.52237,37.61232,35.5,1.0,0.08,,new_building,flat,avito,"с/п булатниковское, д. боброво, мкр. «боброво», корп. 55",восточное бутово
4800000.0,55.601142,37.170822,24.8,1.0,0.4444444444444444,2015.0,unknown,flat,avito,"москва, новомосковский административный округ, поселение кокошкино, дп. кокошкино, ул. ленина, 12",unknown
5768100.0,55.45219,37.54058,37.7,1.0,0.35294117647058826,,new_building,flat,avito,"ул. садовая, д. 14",жк «красная горка»
8949087.0,55.8074,37.31868,32.5,1.0,0.88,,new_building,flat,avito,"туп. ильинский, стр. 3",жк «ильинойс»
6950859.0,55.54744,37.65085,36.2,1.0,0.125,,new_building,flat,avito,"д. спасское, жк «живописный»",жк «живописный»
6508350.0,55.72594,36.87172,40.5,1.0,0.8333333333333334,,new_building,flat,avito,"мкр. №2, корп. 1",жк «малиново»
5134272.0,56.25583,37.97202,33.0,1.0,0.8888888888888888,,unknown,flat,avito,"ул. михеенко, д. 25, корп. 6",жк «олимп»
9392354.0,55.92405,37.4359,42.6,1.0,0.4,,new_building,flat,avito,"ул. озерная, стр. 6",жк «мишино-2»
7350000.0,55.96603,37.30737,35.7,1.0,0.3,2026.0,unknown,flat,avito,"ул. первомайская, стр. 2, секц. 2-4",жк «ласточкино»
7509688.0,55.82056,37.21042,34.3,1.0,0.5,,new_building,flat,avito,"ул. береговая, стр. 1.1",жк «аникеевский»
5876042.0,55.36575,37.50618,41.4,1.0,1.0,,new_building,flat,avito,"ул. школьная, д. 41",жк «школьный»
11808418.0,55.87155,37.38944,40.5,1.0,0.29411764705882354,,new_building,flat,avito,"деревня путилково, жилой комплекс большое путилково, 28",жк «большое путилково»
14295219.0,55.80745,37.38186,31.2,1.0,0.7916666666666666,,new_building,flat,avito,"московская область, красногорск, жилой комплекс квартал строгино, к2",жк «квартал строгино»
8000000.0,55.58222,37.15314,35.4,1.0,0.3333333333333333,,new_building,flat,avito,"москва, новомосковский административный округ, район внуково, жилой комплекс квартал западный, 9",жк «квартал западный»
9689440.0,55.65533,37.87162,36.8,1.0,0.7058823529411765,,new_building,flat,avito,"яничкин пр-д, з/у 6/11",белая дача парк
12669665.0,55.51879,37.07037,58.1,1.0,1.0,,new_building,flat,avito,"д. мартемьяново, стр. 2",мартемьяново клаб
6088800.0,55.721,36.87177,47.2,1.0,0.4375,,new_building,flat,avito,"мкр. № 2, 3, стр. 6",жк «восточный»
8829219.0,55.93821,37.84628,36.1,1.0,0.4166666666666667,,new_building,flat,avito,"московская область, королев, микрорайон юбилейный, жилой комплекс космический квартал, к1",жк «космический квартал»
10970350.0,55.88103,37.41115,30.1,1.0,0.07142857142857142,,new_building,flat,avito,"куркинское ш., корп. 1",жк «лесная коллекция»
10571600.0,55.76603,37.21311,42.8,1.0,1.0,,new_building,flat,avito,"д. глухово, стр. 4.3",ильинские луга
6088800.0,55.721,36.87177,47.2,1.0,0.75,,new_building,flat,avito,"мкр. № 2, 3, стр. 6",жк «восточный»
16240470.0,55.68201,37.41096,38.3,1.0,0.8888888888888888,,new_building,flat,avito,"п. свх заречье, ул. торговая, д. 7",жк «skolkovo one» (сколково ван)
6900000.0,55.94507,37.09488,41.6,1.0,0.25,,unknown,flat,avito,"д. бакеево, кв-л «бакеево парк», стр. 5",жк «бакеево парк»
9728000.0,55.65997,37.28946,34.4,1.0,0.16666666666666666,2025.0,new_building,flat,avito,"ул. верхне-пролетарская/сосновая, стр. 3",жк «союзный»
6843456.0,56.00717,37.87459,43.6,1.0,0.5882352941176471,,new_building,flat,avito,"ш. ярославское, д. 194",жк «серебро»
7465920.0,55.94179,37.87448,35.2,1.0,0.25,,new_building,flat,avito,"ул. солнечная, д. 2",жилой «киноквартал»
7568357.0,56.06153,37.35931,37.9,1.0,0.4,,unknown,flat,avito,"проезд 3-ий восточный, д. 2",жк «зеленый оазис-город»
6794241.0,55.95996,37.68489,34.8,1.0,0.3076923076923077,,new_building,flat,avito,"д. болтино, стр. 1.1",жк «императорские мытищи»
10063628.0,55.89797,37.24997,34.8,1.0,0.4166666666666667,,new_building,flat,avito,"деревня юрлово, жилой комплекс пятницкие луга, к2/2",жк «пятницкие луга»
10347381.0,55.82728,37.93604,44.4,1.0,1.0,,unknown,flat,avito,"мкр. гагарина, ул. проектная, д. 4",жк «идеал»
8320400.0,55.92311,37.77916,34.1,1.0,0.23809523809523808,,unknown,flat,avito,"мкр. 36, 36а, 37, стр. 5",жк «отрадный»
9232088.0,55.45458,37.27996,39.8,1.0,0.6666666666666666,,unknown,flat,avito,"ул. академика франка, стр. 2",жк «троицкий»
10214977.0,55.58222,37.15314,34.4,1.0,0.5,,new_building,flat,avito,"москва, новомосковский административный округ, район внуково, жилой комплекс квартал западный, 9",жк «квартал западный»
8840176.0,55.53345,37.87743,34.6,1.0,0.5833333333333334,,new_building,flat,avito,"московская область, ленинский городской округ, жилой комплекс богдановский лес, 10.2",жк «богдановский лес»
11973083.0,55.95205,37.46823,40.8,1.0,1.0,,new_building,flat,avito,"ул. олимпийская, корп. 5",жк «квартал ивакино»
7400000.0,55.89028168,37.41806412,30.0,1.0,0.8,1968.0,unknown,flat,avito,"московская обл., химки, ул. лавочкина, 18",unknown
6721963.0,56.00612,37.8749,48.6,1.0,0.8235294117647058,,new_building,flat,avito,"ш. ярославское, д. 194, корп. 1",жк «серебро»
8943020.0,55.94798,37.76817,35.4,1.0,0.42857142857142855,,new_building,flat,avito,"жилой комплекс мытищи парк, к6",жк «мытищи парк»
6064500.0,56.04951,37.86443,31.1,1.0,0.125,,new_building,flat,avito,"городской округ пушкинский, стр. 4",жилой квартал пушкино град
4500000.0,56.178924,37.493865,36.5,1.0,0.2,2015.0,unknown,flat,avito,"московская обл., дмитровский муниципальный округ, пгт. икша, рабочая ул., 28",unknown
8847199.0,55.8074,37.31868,32.5,1.0,0.44,,new_building,flat,avito,"туп. ильинский, стр. 3",жк «ильинойс»
11885570.0,55.83449,37.25043,40.7,1.0,0.5,,unknown,flat,avito,"мкр. опалиха, ул. новая московская, д. 49, корп. 3",миниполис «8 кленов»
13672800.0,55.66378,37.85264,36.0,1.0,0.52,,unknown,flat,avito,"микрорайон белая дача, д. 30",кузьминский лес
9477171.0,56.06263,37.35811,48.8,1.0,0.8,,unknown,flat,avito,"проезд 2-ой восточный, д. 2",жк «зеленый оазис-город»
11615760.0,55.91023,37.76251,40.8,1.0,0.4166666666666667,,new_building,flat,avito,"ул. колонцова, стр. 15",яуза парк
3150000.0,55.27544785,38.74493027,31.0,1.0,0.6,,unknown,flat,avito,"московская обл., воскресенск, мкр-н москворецкий, ул. спартака, 12",unknown
6699844.0,55.43046,37.46739,36.1,1.0,0.5,,new_building,flat,avito,"д. докукино, стр. 1.1",жк «дубровицы клаб»
7690402.0,55.84756,37.2416,37.4,1.0,0.4444444444444444,,unknown,flat,avito,"мкр. опалиха, стр. 9",жк «никольский квартал отрада»
9061000.0,55.67683,37.23661,36.4,1.0,0.9565217391304348,,new_building,flat,avito,"ул. западная, стр. 11",жк «одинград квартал семейный»
7200000.0,55.7464,38.006013,34.0,1.0,0.4444444444444444,,unknown,flat,avito,"московская обл., балашиха, мкр-н железнодорожный, ул. маяковского, 2",unknown
9827210.0,55.90726,37.43297,35.7,1.0,0.40625,,new_building,flat,avito,"ул. рабочая , корп. 2.1",химки парк
19983018.0,55.5598,37.51101,40.2,1.0,0.9285714285714286,,unknown,flat,avito,"п. сосенское, ул. поляны, з/у 50д, стр. 18.1.2",жк «скандинавия»
9666715.0,55.66275,37.86706,35.1,1.0,1.0,,new_building,flat,avito,"ул. новая, д. 1-10, корп. 5а",томилинский бульвар
7500000.0,55.59885,37.77178,35.9,1.0,0.3333333333333333,,new_building,flat,avito,"римский пр-д, д. 15",жк «римский»
6348459.0,55.41148,37.83296,38.4,1.0,0.75,,new_building,flat,avito,"ул. жуковского, стр. 1",жк «космос»
11090000.0,55.815792,37.369467,42.3,1.0,1.0,,unknown,flat,avito,"московская обл., красногорск, красногорский б-р, 13к2",unknown
15100000.0,55.59365,37.43352,34.5,1.0,0.5882352941176471,2026.0,unknown,flat,avito,"п. сосенское, дер. николо-хованское, з/у 3/3, стр. 7.1",жк «прокшино»
8265000.0,55.52428,37.61537,38.0,1.0,0.12,,new_building,flat,avito,"с/п булатниковское, д. боброво, мкр. «боброво», корп. 47",восточное бутово
11233422.0,55.5679,37.68829,34.3,1.0,0.4583333333333333,,unknown,flat,avito,"д. тарычево, ул. фруктовые сады, д. 1.3",жк 1-й южный
4823000.0,56.1002,38.11672,37.1,1.0,0.1875,,unknown,flat,avito,"ул. краснофлотская, д. 9а",жк «краснофлотская»
12150000.0,55.5497,37.31755,40.5,1.0,0.30434782608695654,,new_building,flat,avito,"пос. филимонковское, ул. харлампиева, вл. 32",жк «детали»
7988954.0,55.49886,37.73963,34.7,1.0,0.8235294117647058,,new_building,flat,avito,"московская область, городской округ домодедово, село ям, жилой комплекс прибрежный парк, стр. 11.1",жк «прибрежный парк»
18710412.0,55.6656,37.87219,49.4,1.0,0.5,,unknown,flat,avito,"ш. новорязанское, д. 6",жк «дюна»
4700000.0,54.87733841,37.22107315,37.8,1.0,0.35714285714285715,1989.0,unknown,flat,avito,"московская обл., г.о. серпухов, протвино, ул. ленина, 25",unknown
7708872.0,55.90196,37.28256,37.5,1.0,0.16666666666666666,,new_building,flat,avito,"дер. аристово, стр. 1",жк «аристов берег»
2500000.0,54.904748,37.364364,32.0,1.0,0.2,1965.0,unknown,flat,avito,"московская обл., г.о. серпухов, пос. большевик, ул. ленина, 16",unknown
6765615.0,55.94884,37.47548,36.9,1.0,0.09090909090909091,,new_building,flat,avito,"ул. береговая, стр. 8",жк «берег»
5783400.0,55.45219,37.54058,37.8,1.0,0.11764705882352941,,new_building,flat,avito,"ул. садовая, д. 14",жк «красная горка»
4300000.0,55.902409,38.11974,34.2,1.0,0.7857142857142857,2012.0,unknown,flat,avito,"московская обл., г.о. лосино-петровский, пгт. аничково, 7",unknown
9723910.0,55.65533,37.87162,37.1,1.0,1.0,,new_building,flat,avito,"яничкин пр-д, з/у 6/11",белая дача парк
9839709.0,55.76614,37.21243,38.8,1.0,0.7777777777777778,,new_building,flat,avito,"д. глухово, стр. 4.1",ильинские луга
4500000.0,55.56822421595401,37.96189071185739,38.0,1.0,0.2,1985.0,unknown,flat,avito,"московская обл., лыткарино, детский городок зил, 38",unknown
4300000.0,55.36782190620492,39.07912565653564,38.0,1.0,0.1,,unknown,flat,avito,"московская обл., егорьевск, ул. механизаторов, 55к1",unknown
5152596.0,55.63949,37.94882,22.8,1.0,0.6666666666666666,,new_building,flat,avito,"московская область, городской округ люберцы, поселок жилино-1, жилой комплекс егорово парк, стр. 4.1",жк «егорово парк»
6068700.0,55.43296,37.73279,36.8,1.0,0.7058823529411765,,new_building,flat,avito,"ул. текстильщиков, стр. 45",жк «оптима на текстильщиков»
5644000.0,56.04874,37.86375,28.2,1.0,0.3125,,new_building,flat,avito,"городской округ пушкинский, стр. 6",жилой квартал пушкино град
4750000.0,56.24167,37.98642,32.7,1.0,0.6666666666666666,,new_building,flat,avito,"ул. горжовицкая, стр. 3",жк «клевер»
10459410.0,55.82385,37.93982,38.0,1.0,0.5,,new_building,flat,avito,"московская область, балашиха, жилой комплекс квартал авиаторов, к4",жк «квартал авиаторов»
7968750.0,55.71298,37.36949,37.5,1.0,0.6470588235294118,,unknown,apartments,avito,"ул. западная, комплекс апартаментов «м1 сколково»",комплекс апартаментов «м1 сколково»
6100000.0,55.94649,37.09698,35.7,1.0,0.5,,unknown,flat,avito,"д. бакеево, кв-л «бакеево парк», корп. 1",жк «бакеево парк»
7950000.0,55.56209674365563,37.70445384818037,40.0,1.0,0.4117647058823529,,unknown,flat,avito,"московская обл., ленинский г.о., видное, б-р зеленые аллеи, 12",unknown
8116241.0,55.96622,37.30769,36.8,1.0,0.6666666666666666,,unknown,flat,avito,"ул. первомайская, стр. 2, секц. 1",жк «ласточкино»
7464578.0,55.95205,37.46823,32.0,1.0,0.11764705882352941,,new_building,flat,avito,"ул. олимпийская, корп. 5",жк «квартал ивакино»
7500000.0,55.63898,37.94646,45.0,1.0,0.4166666666666667,,unknown,flat,avito,"жк «егорово парк», корп. 3.2",жк «егорово парк»
9779681.0,55.94922,37.46862,40.9,1.0,0.4375,,unknown,flat,avito,"кв-л ивакино, стр.1.3",жк «1-й химкинский»
13354440.0,55.94336,37.33838,40.2,1.0,0.11764705882352941,,new_building,flat,avito,"мкр. подрезково, д. 3",жк «1-й шереметьевский»
7818912.0,55.52786,37.71894,34.0,1.0,0.7916666666666666,,unknown,flat,avito,"ленинский городской округ, д. сапроново, д. 5",жк «1-й донской»
4750000.0,55.62849808,37.00657272,30.0,1.0,0.8,,unknown,flat,avito,"московская обл., одинцовский г.о., пгт. большие вяземы, поселок школьный, 4",unknown
6842043.0,55.54744,37.65085,35.0,1.0,0.875,,new_building,flat,avito,"д. спасское, жк «живописный»",жк «живописный»
11900000.0,55.61234,37.38966,39.0,1.0,0.75,,unknown,flat,avito,"п. московский, жилой комплекс филатов луг, к. 6",жк «филатов луг»
4650000.0,55.555234,38.26223,38.1,1.0,1.0,1989.0,unknown,flat,avito,"московская обл., раменский г.о., раменское, строительная ул., 10",unknown
13998402.0,55.75119,37.84503,34.8,1.0,0.5217391304347826,,new_building,flat,avito,"ул. комсомольская, стр. 13-17",жк «эво»
10347380.0,55.82728,37.93604,44.5,1.0,1.0,,unknown,flat,avito,"мкр. гагарина, ул. проектная, д. 4",жк «идеал»
5800000.0,55.93579483,37.97418594,37.6,1.0,0.42857142857142855,2015.0,unknown,flat,avito,"московская обл., щелково, мкр-н финский, 7",unknown
13538700.0,55.6056,37.41639,31.5,1.0,0.625,,new_building,flat,avito,"п. сосенское, стр. 57",саларьево парк
6600000.0,55.832733,37.926314,38.0,1.0,0.10526315789473684,,new_building,flat,avito,"московская обл., балашиха, ул. дмитриева, 12",unknown
10648696.0,55.45458,37.27996,47.3,1.0,0.6666666666666666,,unknown,flat,avito,"ул. академика франка, стр. 1",жк «троицкий»
8388194.0,55.89999,37.2542,37.7,1.0,0.8333333333333334,,new_building,flat,avito,"д. юрлово, д. 5",жк «большое юрлово»
7970000.0,55.937709,37.851862,40.7,1.0,0.1111111111111111,2018.0,unknown,flat,avito,"московская обл., королев, мкр-н юбилейный, ул. м.к. тихонравова, 35к7",unknown
2550000.0,55.58116835527135,39.51835424768673,29.9,1.0,1.0,1982.0,unknown,flat,avito,"московская обл., шатура, ул. строителей, 2",unknown
9424660.0,55.90924,37.78615,32.6,1.0,0.08,,new_building,flat,avito,"ярославское ш., стр. 2.2",ярославский квартал
3250000.0,56.09944916,38.12275696,32.0,1.0,1.0,,unknown,flat,avito,"московская обл., г.о. пушкинский, красноармейск, ул. морозова, 4",unknown
5950000.0,55.750459,38.02106,32.0,1.0,0.2,1974.0,unknown,flat,avito,"московская обл., балашиха, мкр-н железнодорожный, советская ул., 26",unknown
3850000.0,55.71186223953902,38.94940900347538,39.2,1.0,0.4,,unknown,flat,avito,"московская обл., орехово-зуевский г.о., ликино-дулево, юбилейная ул., 9",unknown
3600000.0,56.07516244284038,37.55436758683646,33.0,1.0,0.6,1974.0,unknown,flat,avito,"московская обл., г.о. мытищи, с. марфино, зеленая ул., 5а",unknown
6900000.0,55.5657,37.68456,25.3,1.0,0.75,,unknown,flat,avito,"д. тарычево, ул. фруктовые сады, д. 1.2",жк 1-й южный
11144000.0,55.56746,37.29202,39.8,1.0,0.125,,new_building,flat,avito,"пос. филимонковское, ул. оао марьинская птицефабрика, корп. 2.1.5",середневский лес
6290000.0,55.641859,37.056601,37.5,1.0,0.38461538461538464,2024.0,new_building,flat,avito,"московская обл., одинцовский г.о., д. малые вяземы, жилой комплекс высокие жаворонки, к10",unknown
16889154.0,55.80745,37.38186,33.0,1.0,0.20833333333333334,,new_building,flat,avito,"московская область, красногорск, жилой комплекс квартал строгино, к2",жк «квартал строгино»
8243938.0,55.51132,37.74064,40.9,1.0,0.8461538461538461,,new_building,flat,avito,"ленинский городской округ, жилой комплекс новое видное, 18.2",жк «новое видное»
3650000.0,55.809424,38.970345,30.6,1.0,0.8,1982.0,unknown,flat,avito,"московская обл., орехово-зуевский г.о., орехово-зуево, ул. пушкина, 22",unknown
8306500.0,55.60123,38.08486,44.9,1.0,0.2777777777777778,,new_building,flat,avito,"ул. гудкова, стр. 2",жк «гранд комфорт»
5950000.0,55.91203308,37.85996628,34.3,1.0,0.5,1988.0,unknown,flat,avito,"московская обл., королев, ул. горького, 4в",unknown
11748000.0,55.65955,37.28925,35.6,1.0,0.125,2025.0,new_building,flat,avito,"ул. верхне-пролетарская/сосновая, стр. 2",жк «союзный»
8500000.0,55.74785614,37.87275696,40.0,1.0,0.7777777777777778,1977.0,unknown,flat,avito,"московская обл., реутов, носовихинское ш., 18",unknown
7993978.0,55.94798,37.76817,32.5,1.0,0.17647058823529413,,new_building,flat,avito,"жилой комплекс мытищи парк, к6",жк «мытищи парк»
3850000.0,55.37414,36.726426,30.7,1.0,0.4,1966.0,unknown,flat,avito,"московская обл., наро-фоминский г.о., наро-фоминск, мкр-н южный, ул. ленина, 31",unknown
8320400.0,55.92311,37.77916,34.1,1.0,0.6190476190476191,,unknown,flat,avito,"мкр. 36, 36а, 37, стр. 5",жк «отрадный»
3450000.0,54.858082,38.523901,33.0,1.0,0.4,1986.0,unknown,flat,avito,"московская обл., г.о. коломна, озеры, 1-й мкр-н, 26",unknown
7650000.0,55.9423027,37.49621964,32.0,1.0,0.5555555555555556,,unknown,flat,avito,"московская обл., долгопрудный, спортивная ул., 7а",unknown
14868540.0,55.77277,37.20969,47.0,1.0,0.7777777777777778,,unknown,flat,avito,"ш. новорижское, жилой дом",жк «рига хиллс»
10500000.0,55.9060173,37.40446472,45.0,1.0,0.88,2014.0,unknown,flat,avito,"московская обл., химки, ул. родионова, 5",unknown
7839710.0,55.89181,37.30058,31.5,1.0,0.8888888888888888,,unknown,flat,avito,"п. светлые горы, стр. 5",лесная отрада
3500000.0,55.36618,39.01863,34.1,1.0,0.4,1990.0,unknown,flat,avito,"московская обл., егорьевск, сосновая ул., 10",unknown
5600000.0,55.904584,37.731955,31.5,1.0,0.2,1970.0,unknown,flat,avito,"московская обл., мытищи, ул. терешковой, 3а",unknown
11188000.0,55.62799,37.20621,36.1,1.0,0.5,,new_building,flat,avito,"д. солманово, ул. лазурная, стр. 1",жк «одинцовские кварталы»
6700000.0,56.00094604,37.85388184,36.7,1.0,0.8888888888888888,1984.0,unknown,flat,avito,"московская обл., г.о. пушкинский, пушкино, ул. 50 лет комсомола, 41",unknown
4593130.0,55.89999,37.2542,22.2,1.0,0.75,,new_building,flat,avito,"д. юрлово, д. 5",жк «большое юрлово»
6201600.0,55.72594,36.87172,40.8,1.0,0.16666666666666666,,new_building,flat,avito,"мкр. №2, корп. 1",жк «малиново»
7800000.0,55.835195,37.977994,42.3,1.0,0.21428571428571427,2006.0,unknown,flat,avito,"московская обл., балашиха, ул. майкла лунна, 3",unknown
10590941.0,55.92389,37.43402,49.7,1.0,0.2,,new_building,flat,avito,"ул. озерная, стр. 7",жк «мишино-2»
5620680.0,55.9703,37.88963,36.0,1.0,0.16666666666666666,,new_building,flat,avito,"ул. заводская, стр. 3, 4",жк «новая ивантеевка»
3950000.0,56.02422890025494,37.9357742399794,30.5,1.0,0.6,1972.0,unknown,flat,avito,"московская обл., г.о. пушкинский, пушкино, ул. левковская гора, 5",unknown
6118872.0,55.89999,37.2542,35.2,1.0,0.8333333333333334,,new_building,flat,avito,"д. юрлово, д. 5",жк «большое юрлово»
6393400.0,55.8325,38.21005,45.3,1.0,0.5714285714285714,,new_building,flat,avito,"ул. генерала ковачевича, стр. 11",жк «новоград монино»
2100000.0,54.544065,38.624242,33.0,1.0,1.0,1977.0,unknown,flat,avito,"московская обл., муниципальный округ серебряные пруды, с. узуново, мкр-н северный, 3",unknown
6984334.0,55.94884,37.47548,38.1,1.0,0.18181818181818182,,new_building,flat,avito,"ул. береговая, стр. 8",жк «берег»
6500000.0,55.742884,37.982225,40.4,1.0,0.47619047619047616,2011.0,unknown,flat,avito,"московская обл., балашиха, мкр-н ольгино, граничная ул., 38",unknown
9306693.0,55.65328,37.12275,37.5,1.0,0.3333333333333333,,unknown,flat,avito,"с/п жаворонковское, с. перхушково, д. 4",жк «равновесие»
6098164.0,55.89999,37.2542,33.0,1.0,0.8333333333333334,,new_building,flat,avito,"д. юрлово, д. 5",жк «большое юрлово»
5600000.0,55.325140431466906,37.34749948016241,37.0,1.0,0.4,1983.0,unknown,flat,avito,"москва, троицкий административный округ, р-н вороново, с. кленово, ул. мичурина, 4",unknown
7892724.0,55.69378,37.98153,34.6,1.0,0.5,,unknown,flat,avito,"пос. марусино, жилые дома",жк «горки марусино»
5100000.0,55.7187767,38.22940445,40.0,1.0,0.25,1970.0,unknown,flat,avito,"московская обл., богородский г.о., электроугли, школьная ул., 55",unknown
15382875.0,55.80633,37.3826,36.6,1.0,1.0,,new_building,flat,avito,"д. мякинино, стр. 3",жк «квартал строгино»
12759391.0,55.60718,37.36196,42.9,1.0,0.045454545454545456,,new_building,flat,avito,"пос. московский, корп. 5",город-парк «первый московский»
5885957.0,55.89999,37.2542,34.6,1.0,0.8333333333333334,,new_building,flat,avito,"д. юрлово, д. 5",жк «большое юрлово»
11167260.0,55.59527,37.20066,41.7,1.0,0.47058823529411764,,new_building,flat,avito,"дер. марушкино, стр. 3",жк «внуково парк»
2800000.0,56.23909629063709,37.52257152016345,28.6,1.0,0.4,,unknown,flat,avito,"московская обл., дмитровский муниципальный округ, пгт. деденево, московское ш., 7",unknown
9825040.0,55.90924,37.78615,38.2,1.0,0.8,,new_building,flat,avito,"ярославское ш., стр. 2.2",ярославский квартал
6000000.0,55.79601364518007,37.9780006745674,33.0,1.0,0.1111111111111111,,unknown,flat,avito,"московская обл., балашиха, ул. фадеева, 17",unknown
10370500.0,55.56792,37.29124,35.0,1.0,0.1875,,new_building,flat,avito,"пос. филимонковское, ул. оао марьинская птицефабрика, корп. 2.1.6",середневский лес
5793014.0,55.89999,37.2542,34.5,1.0,0.16666666666666666,,new_building,flat,avito,"д. юрлово, д. 5",жк «большое юрлово»
5926459.0,55.89999,37.2542,34.6,1.0,0.6666666666666666,,new_building,flat,avito,"д. юрлово, д. 5",жк «большое юрлово»
7569938.0,55.63949,37.94882,35.4,1.0,0.6666666666666666,,new_building,flat,avito,"московская область, городской округ люберцы, поселок жилино-1, жилой комплекс егорово парк, стр. 4.1",жк «егорово парк»
6567485.0,55.89999,37.2542,37.8,1.0,0.8333333333333334,,new_building,flat,avito,"д. юрлово, д. 5",жк «большое юрлово»
7743121.0,55.63949,37.94882,37.1,1.0,0.6666666666666666,,new_building,flat,avito,"московская область, городской округ люберцы, поселок жилино-1, жилой комплекс егорово парк, стр. 4.1",жк «егорово парк»
3550000.0,55.28047689263787,37.88108941275436,30.4,1.0,0.2,1968.0,unknown,flat,avito,"московская обл., домодедово, мкр-н барыбино, ул. агрохимиков, 1",unknown
9262054.0,56.00657,37.86003,49.5,1.0,0.6956521739130435,,unknown,flat,avito,"ул. надсоновская, жилой дом",жк «триумф»
5329122.0,55.97289,37.87044,39.2,1.0,1.0,,unknown,flat,avito,"с. тарасовка, мкр. пушкарь, корп. 3",жк «пушкарь»
5356312.0,55.97289,37.87044,39.4,1.0,1.0,,unknown,flat,avito,"с. тарасовка, мкр. пушкарь, корп. 3",жк «пушкарь»
3800555.0,55.945136,37.848089,36.8,1.0,0.1111111111111111,,unknown,flat,avito,"московская обл., королев, мкр-н юбилейный, ул. героев курсантов, 21",unknown
7700000.0,55.638582,37.220903,35.0,1.0,0.75,2008.0,unknown,flat,avito,"московская обл., одинцовский г.о., пгт. лесной городок, ул. энергетиков, 5",unknown
6303600.0,55.45219,37.54058,41.2,1.0,0.7058823529411765,,new_building,flat,avito,"ул. садовая, д. 14",жк «красная горка»
4750000.0,55.809322,38.054297,38.8,1.0,0.7142857142857143,2017.0,unknown,flat,avito,"московская обл., балашиха, ул. мещера, 22",unknown
9782069.0,55.93821,37.84628,32.7,1.0,0.6470588235294118,,new_building,flat,avito,"московская область, королев, микрорайон юбилейный, жилой комплекс космический квартал, к1",жк «космический квартал»
3000000.0,54.83862305,37.60933304,21.0,1.0,0.8888888888888888,,unknown,flat,avito,"московская обл., г.о. серпухов, пущино, мкр-н аб, 23",unknown
14868444.0,55.58274,37.1525,42.9,1.0,0.7857142857142857,,new_building,flat,avito,"москва, новомосковский административный округ, район внуково, жилой комплекс квартал западный, 10",жк «квартал западный»
9439200.0,56.00657,37.86003,51.3,1.0,0.391304347826087,,unknown,flat,avito,"ул. надсоновская, жилой дом",жк «триумф»
4935452.0,55.97289,37.87044,37.9,1.0,0.25,,unknown,flat,avito,"с. тарасовка, мкр. пушкарь, корп. 3",жк «пушкарь»
5450000.0,55.80506134,38.1725235,32.0,1.0,0.29411764705882354,2021.0,unknown,flat,avito,"московская обл., богородский г.о., старая купавна, октябрьская ул., 14а",unknown
3550000.0,55.458353,38.445181,29.5,1.0,1.0,,unknown,flat,avito,"московская обл., г.о. воскресенск, белоозерский, молодежная ул., 7",unknown
5000000.0,55.434916,37.73491,41.8,1.0,0.8,1986.0,unknown,flat,avito,"московская обл., домодедово, ул. текстильщиков, 41/5",unknown
5098013.0,55.97289,37.87044,37.5,1.0,1.0,,unknown,flat,avito,"с. тарасовка, мкр. пушкарь, корп. 3",жк «пушкарь»
5374271.0,55.89999,37.2542,33.5,1.0,0.16666666666666666,,new_building,flat,avito,"д. юрлово, д. 5",жк «большое юрлово»
3600000.0,55.880455,38.083807,27.3,1.0,0.4,1971.0,unknown,flat,avito,"московская обл., щелково, ул. беляева, 7",unknown
10058668.0,55.94798,37.76817,32.9,1.0,0.29411764705882354,,new_building,flat,avito,"жилой комплекс мытищи парк, к6",жк «мытищи парк»
2100000.0,55.587779,38.922573,26.6,1.0,0.2222222222222222,1987.0,unknown,flat,avito,"московская обл., орехово-зуевский г.о., куровское, новинское ш., 12",unknown
5356312.0,55.97289,37.87044,39.4,1.0,1.0,,unknown,flat,avito,"с. тарасовка, мкр. пушкарь, корп. 3",жк «пушкарь»
5247987.0,55.97309,37.86723,40.3,1.0,0.25,,unknown,flat,avito,"с. тарасовка, мкр. пушкарь, корп. 1",жк «пушкарь»
3000000.0,55.10443878,38.17712402,28.8,1.0,1.0,,unknown,flat,avito,"московская обл., г.о. ступино, пгт. малино, школьная ул., 8",unknown
5051501.0,55.97307,37.86944,35.3,1.0,0.5,,unknown,flat,avito,"с. тарасовка, мкр. пушкарь, корп. 2",жк «пушкарь»
6614690.0,55.59709,37.87651,46.8,1.0,0.058823529411764705,,unknown,flat,avito,"мкр. 6, стр. 3",жк «гармония парк»
10052791.0,55.94798,37.76817,32.9,1.0,0.29411764705882354,,new_building,flat,avito,"жилой комплекс мытищи парк, к6",жк «мытищи парк»
3400000.0,55.96912106538576,37.96582596140979,21.0,1.0,0.7777777777777778,,unknown,flat,avito,"московская обл., г.о. пушкинский, ивантеевка, ул. богданова, 17",unknown
4250000.0,55.38193512,39.05851364,34.0,1.0,0.5555555555555556,1991.0,unknown,flat,avito,"московская обл., егорьевск, 6-й мкр-н, 22а",unknown
7333789.0,55.63949,37.94882,35.2,1.0,0.5555555555555556,,new_building,flat,avito,"московская область, городской округ люберцы, поселок жилино-1, жилой комплекс егорово парк, стр. 4.1",жк «егорово парк»
3106350.0,55.917943110790645,38.11407906606024,44.6,1.0,0.08333333333333333,2008.0,unknown,flat,avito,"московская обл., г.о. лосино-петровский, пгт. биокомбината, 7",unknown
6300000.0,56.082903,37.046334,40.8,1.0,0.0625,2013.0,unknown,flat,avito,"московская обл., г.о. солнечногорск, пгт. поварово, мкр-н № 1, к1",unknown
5600000.0,55.806181,38.082792,33.1,1.0,0.9411764705882353,2013.0,unknown,flat,avito,"щемилово, ул. орлова, 2",unknown
6899000.0,55.42907565529316,36.86847664539659,37.0,1.0,0.4444444444444444,1984.0,unknown,flat,avito,"москва, троицкий административный округ, р-н бекасово, рп. киевский, 16",unknown
5423566.0,55.97289,37.87044,37.9,1.0,0.75,,unknown,flat,avito,"с. тарасовка, мкр. пушкарь, корп. 3",жк «пушкарь»
6650000.0,55.42210007,37.48591614,37.9,1.0,0.6666666666666666,,unknown,flat,avito,"московская обл., подольск, ул. академика доллежаля, 7к2",unknown
10378961.0,55.93821,37.84628,35.4,1.0,0.23529411764705882,,new_building,flat,avito,"московская область, королев, микрорайон юбилейный, жилой комплекс космический квартал, к1",жк «космический квартал»
4948474.0,55.97289,37.87044,38.0,1.0,0.25,,unknown,flat,avito,"с. тарасовка, мкр. пушкарь, корп. 3",жк «пушкарь»
5250000.0,55.416499,37.53906,30.7,1.0,0.6,1961.0,unknown,flat,avito,"московская обл., подольск, народная ул., 14/20",unknown
7984821.0,55.95205,37.46823,35.2,1.0,0.35294117647058826,,new_building,flat,avito,"ул. олимпийская, корп. 5",жк «квартал ивакино»
7206016.0,55.63949,37.94882,35.2,1.0,0.5,,new_building,flat,avito,"московская область, городской округ люберцы, поселок жилино-1, жилой комплекс егорово парк, стр. 4.1",жк «егорово парк»
6200000.0,55.604147,37.981633,42.0,1.0,0.6470588235294118,,unknown,flat,avito,"московская обл., г.о. люберцы, д. островцы, мкр-н новые островцы, баулинская ул., 4",unknown
4650000.0,55.60876846,38.10604095,22.8,1.0,0.4,,unknown,flat,avito,"московская обл., жуковский, клубная ул., 10",unknown
5193175.0,55.97289,37.87044,38.2,1.0,1.0,,unknown,flat,avito,"с. тарасовка, мкр. пушкарь, корп. 3",жк «пушкарь»
5364024.0,55.63949,37.94882,22.8,1.0,0.5555555555555556,,new_building,flat,avito,"московская область, городской округ люберцы, поселок жилино-1, жилой комплекс егорово парк, стр. 4.1",жк «егорово парк»
7777500.0,55.71298,37.36949,36.6,1.0,0.23529411764705882,,unknown,apartments,avito,"ул. западная, комплекс апартаментов «м1 сколково»",комплекс апартаментов «м1 сколково»
2550000.0,55.79771959993013,39.00347682970799,25.1,1.0,0.5,,unknown,flat,avito,"московская обл., орехово-зуевский г.о., орехово-зуево, текстильная ул., 6а",unknown
7380943.0,55.90726,37.43297,30.8,1.0,0.96,,new_building,flat,avito,"ул. рабочая , корп. 2.1",химки парк
5800000.0,55.692201,37.96443,33.6,1.0,0.4,2015.0,unknown,flat,avito,"московская обл., г.о. люберцы, пгт. марусино, заречная ул., 34к5",unknown
3957199.0,55.97309,37.86723,28.4,1.0,0.25,,unknown,flat,avito,"с. тарасовка, мкр. пушкарь, корп. 1",жк «пушкарь»
4000000.0,54.93842,37.396946,33.6,1.0,0.2,,unknown,flat,avito,"московская обл., серпухов, новая ул., 10",unknown
7600000.0,55.99877,37.868589,46.0,1.0,0.4,2005.0,unknown,flat,avito,"московская обл., г.о. пушкинский, пушкино, набережная ул., 6",unknown
3600000.0,55.71617508,38.22036743,25.0,1.0,0.4,1979.0,unknown,flat,avito,"московская обл., богородский г.о., электроугли, советская ул., 11",unknown
7300000.0,55.532862527741166,37.64525123063419,40.5,1.0,0.8888888888888888,2017.0,unknown,flat,avito,"московская обл., ленинский г.о., пгт. лопатино, солнечный б-р, 9",unknown
7300000.0,55.83237457,37.92358398,43.5,1.0,0.5454545454545454,2014.0,unknown,flat,avito,"московская обл., балашиха, ул. дмитриева, 4",unknown
4896385.0,55.97289,37.87044,37.6,1.0,0.25,,unknown,flat,avito,"с. тарасовка, мкр. пушкарь, корп. 3",жк «пушкарь»
5737500.0,55.45219,37.54058,37.5,1.0,0.47058823529411764,,new_building,flat,avito,"ул. садовая, д. 14",жк «красная горка»
5150000.0,55.80857468,38.05215073,34.4,1.0,0.75,2013.0,new_building,flat,avito,"московская обл., балашиха, ул. мещера, 14",unknown
7150000.0,55.531086,37.637219,40.0,1.0,0.1111111111111111,2021.0,new_building,flat,avito,"московская обл., ленинский г.о., рп. лопатино, сухановская ул., 22",unknown
5800000.0,55.796678,37.939654,31.5,1.0,0.8,1962.0,unknown,flat,avito,"московская обл., балашиха, пр-т ленина, 12",unknown
3800000.0,55.37430191,36.73212051,30.0,1.0,0.8,1972.0,unknown,flat,avito,"московская обл., наро-фоминский г.о., наро-фоминск, латышская ул., 15",unknown
5623909.0,55.97289,37.87044,39.3,1.0,0.75,,unknown,flat,avito,"с. тарасовка, мкр. пушкарь, корп. 3",жк «пушкарь»
3600000.0,55.805063,38.172525,30.4,1.0,0.6470588235294118,2021.0,unknown,flat,avito,"московская обл., богородский г.о., старая купавна, октябрьская ул., 14а",unknown
6100000.0,55.64066,37.854764,34.3,1.0,0.5,2024.0,unknown,flat,avito,"московская обл., котельники, мкр-н новые котельники, 22",unknown
5350000.0,56.008183,37.826979,32.0,1.0,0.25,,unknown,flat,avito,"московская обл., г.о. пушкинский, пушкино, ул. маяковского, 7",unknown
4200000.0,55.517643,36.980963,20.6,1.0,0.4,,unknown,flat,avito,"московская обл., наро-фоминский г.о., пгт. селятино, 21",unknown
9500000.0,55.813875,37.321488,48.0,1.0,0.3333333333333333,,unknown,flat,avito,"московская обл., красногорск, мкр-н райцентр, ул. циолковского, 17",unknown
3750000.0,55.941042,37.971419,28.4,1.0,0.4,1969.0,unknown,flat,avito,"московская обл., щелково, пр-т 60 лет октября, 1",unknown
4750000.0,56.40862656,38.1732254,38.0,1.0,0.2222222222222222,,unknown,flat,avito,"московская обл., сергиево-посадский г.о., пересвет, ул. строителей, 13",unknown
4507713.0,55.97307,37.86944,31.5,1.0,0.75,,unknown,flat,avito,"с. тарасовка, мкр. пушкарь, корп. 2",жк «пушкарь»
5900000.0,55.388594,37.778856,32.0,1.0,0.5294117647058824,,unknown,flat,avito,"московская обл., домодедово, мкр-н востряково, донская ул., 3",unknown
6450000.0,55.98065024342096,37.12718190737915,41.0,1.0,0.5,2023.0,unknown,flat,avito,"московская обл., г.о. солнечногорск, пгт. андреевка, луговая ул., 1",unknown
5350000.0,55.391488,36.694419,39.1,1.0,0.8,2006.0,unknown,flat,avito,"московская обл., наро-фоминский г.о., наро-фоминск, брянская ул., 6",unknown
4100000.0,56.33565,37.538287,28.3,1.0,0.8888888888888888,1989.0,unknown,flat,avito,"московская обл., дмитровский муниципальный округ, дмитров, 2-я комсомольская ул., 1",unknown
8750000.0,55.61126328,37.30056763,35.0,1.0,0.6,1959.0,unknown,flat,avito,"москва, пос. внуково, спортивная ул., 3",unknown
4700000.0,55.58514404,38.21012878,31.0,1.0,0.2,,unknown,flat,avito,"московская обл., раменский муниципальный округ, раменское, ул. космонавтов, 2",unknown
7000000.0,55.93987274,37.9788475,46.1,1.0,0.35714285714285715,2010.0,unknown,flat,avito,"московская обл., щелково, мкр-н богородский, 10к2",unknown
7000000.0,55.857139,38.450356,52.2,1.0,0.5294117647058824,,unknown,flat,avito,"московская обл., богородский г.о., ногинск, ул. 3-го интернационала, 39",unknown
4900000.0,55.98134257716498,37.12056591512711,27.0,1.0,0.6,2024.0,unknown,flat,avito,"московская обл., г.о. солнечногорск, пгт. андреевка, белая ул., 32а",unknown
5250000.0,55.66684341,37.9061203,31.5,1.0,1.0,,unknown,flat,avito,"московская обл., люберцы, ул. мира, 11",unknown
4879778.0,55.97307,37.86944,34.1,1.0,0.75,,unknown,flat,avito,"с. тарасовка, мкр. пушкарь, корп. 2",жк «пушкарь»
3200000.0,55.96892548,37.96567917,20.9,1.0,0.1111111111111111,,unknown,flat,avito,"московская обл., г.о. пушкинский, ивантеевка, ул. богданова, 17",unknown
10406550.0,55.56746,37.29202,38.5,1.0,0.9375,,new_building,flat,avito,"пос. филимонковское, ул. оао марьинская птицефабрика, корп. 2.1.5",середневский лес
5662000.0,56.04874,37.86375,28.3,1.0,0.4375,,new_building,flat,avito,"городской округ пушкинский, стр. 6",жилой квартал пушкино град
6332367.0,55.63949,37.94882,22.8,1.0,0.3333333333333333,,new_building,flat,avito,"московская область, городской округ люберцы, поселок жилино-1, жилой комплекс егорово парк, стр. 4.1",жк «егорово парк»
7000000.0,55.694581,37.958294,36.1,1.0,0.9411764705882353,2020.0,unknown,flat,avito,"московская обл., люберцы, мкр-н зенино жк самолет, каштановая ул., 2",unknown
6200000.0,56.089644,37.900632,43.0,1.0,0.8571428571428571,2015.0,unknown,flat,avito,"московская обл., г.о. пушкинский, пгт. зеленоградский, ул. зеленый город, 1",unknown
7150000.0,55.95767593,37.3177948,42.1,1.0,0.8,,unknown,flat,avito,"московская обл., химки, мкр-н сходня, ленинградская ул., 1",unknown
6982950.0,56.04874,37.86375,35.8,1.0,0.625,,new_building,flat,avito,"городской округ пушкинский, стр. 6",жилой квартал пушкино град
4500000.0,56.33455655397104,37.540156218527954,31.0,1.0,0.3333333333333333,2023.0,unknown,flat,avito,"московская обл., дмитровский муниципальный округ, дмитров, 2-я комсомольская ул., 15а",unknown
5452186.0,55.97289,37.87044,38.1,1.0,0.5,,unknown,flat,avito,"с. тарасовка, мкр. пушкарь, корп. 3",жк «пушкарь»
5041040.0,55.8325,38.21005,34.7,1.0,0.5714285714285714,,new_building,flat,avito,"ул. генерала ковачевича, стр. 11",жк «новоград монино»
8500000.0,55.67102814,37.95676804,41.4,1.0,0.8235294117647058,2014.0,unknown,flat,avito,"московская обл., г.о. люберцы, рп. томилино, ул. гоголя, 54к2",unknown
7550000.0,55.94543387815715,37.77849020430996,42.5,1.0,0.47058823529411764,2012.0,unknown,flat,avito,"московская обл., мытищи, стрелковая ул., 21",unknown
4961496.0,55.97289,37.87044,38.1,1.0,0.25,,unknown,flat,avito,"с. тарасовка, мкр. пушкарь, корп. 3",жк «пушкарь»
4440451.0,55.97309,37.86723,29.0,1.0,0.75,,unknown,flat,avito,"с. тарасовка, мкр. пушкарь, корп. 1",жк «пушкарь»
3900000.0,55.32445908,38.65631104,33.0,1.0,0.4,,unknown,flat,avito,"московская обл., воскресенск, мкр-н центральный, ул. колина, 11",unknown
6650000.0,55.485678,36.919312,35.2,1.0,0.6666666666666666,2024.0,unknown,flat,avito,"москва, троицкий административный округ, р-н бекасово, ул. генерала донскова, 29к6",unknown
4075980.0,55.97307,37.86944,31.3,1.0,0.25,,unknown,flat,avito,"с. тарасовка, мкр. пушкарь, корп. 2",жк «пушкарь»
4979950.0,55.97307,37.86944,34.8,1.0,0.75,,unknown,flat,avito,"с. тарасовка, мкр. пушкарь, корп. 2",жк «пушкарь»
2050000.0,55.339411,38.728573,30.0,1.0,1.0,1962.0,unknown,flat,avito,"московская обл., воскресенск, мкр-н лопатинский, ул. андреса, 40",unknown
8250000.0,55.95254517,37.30134583,43.0,1.0,0.5882352941176471,2012.0,unknown,flat,avito,"московская обл., химки, мкр-н сходня, ул. ленина, 33",unknown
7000000.0,55.96788788,37.93837738,42.0,1.0,0.17647058823529413,,unknown,flat,avito,"московская обл., г.о. пушкинский, ивантеевка, школьная ул., 25",unknown
11990549.0,55.58222,37.15314,32.5,1.0,0.375,,new_building,flat,avito,"москва, новомосковский административный округ, район внуково, жилой комплекс квартал западный, 9",жк «квартал западный»
3600000.0,55.74021447428888,38.84696149822548,30.8,1.0,0.2,1971.0,unknown,flat,avito,"московская обл., орехово-зуевский г.о., дрезна, юбилейная ул., 14",unknown
4600000.0,55.854532,37.120391,33.4,1.0,0.2,1967.0,unknown,flat,avito,"московская обл., г.о. истра, дедовск, ул. красный октябрь, 6/2",unknown
9541800.0,56.00657,37.86003,51.3,1.0,0.6956521739130435,,unknown,flat,avito,"ул. надсоновская, жилой дом",жк «триумф»
5366325.0,55.97289,37.87044,37.5,1.0,0.75,,unknown,flat,avito,"с. тарасовка, мкр. пушкарь, корп. 3",жк «пушкарь»
5700000.0,55.641305,37.010275,33.6,1.0,0.2,,unknown,flat,avito,"московская обл., одинцовский г.о., пгт. большие вяземы, ул. городок-17, 27",unknown
5623909.0,55.97289,37.87044,39.3,1.0,0.5,,unknown,flat,avito,"с. тарасовка, мкр. пушкарь, корп. 3",жк «пушкарь»
7035750.0,56.00657,37.86003,39.8,1.0,0.9130434782608695,,unknown,flat,avito,"ул. надсоновская, жилой дом",жк «триумф»
5500000.0,55.828116,37.957207,38.1,1.0,0.4444444444444444,1986.0,unknown,flat,avito,"московская обл., балашиха, звездная ул., 12",unknown
6650000.0,55.778560532111165,37.8924417655118,31.0,1.0,0.3333333333333333,,unknown,flat,avito,"московская обл., балашиха, мкр-н дзержинского, 31",unknown
6500000.0,55.93769455,37.97218323,41.0,1.0,0.4375,,unknown,flat,avito,"московская обл., щелково, мкр-н финский, 4",unknown
6580000.0,55.605134,37.982729,39.4,1.0,0.11764705882352941,2015.0,unknown,flat,avito,"московская обл., г.о. люберцы, д. островцы, мкр-н новые островцы, баулинская ул., 5к2",unknown
11500000.0,55.5996369618368,37.356253593951,39.0,1.0,0.08,2016.0,unknown,flat,avito,"москва, новомосковский административный округ, поселение московский, московский, ул. атласова, 11",unknown
4857318.0,55.97289,37.87044,37.3,1.0,0.25,,unknown,flat,avito,"с. тарасовка, мкр. пушкарь, корп. 3",жк «пушкарь»
11610660.0,55.58222,37.15314,41.4,1.0,0.3,,new_building,flat,avito,"москва, новомосковский административный округ, район внуково, жилой комплекс квартал западный, 9",жк «квартал западный»
4950000.0,55.839878708689525,37.97454682383994,45.7,1.0,0.13636363636363635,2025.0,unknown,flat,avito,"московская обл., балашиха, чистопольская ул., 20",unknown
6150000.0,55.421956,36.86553,37.4,1.0,0.2,,unknown,flat,avito,"москва, троицкий административный округ, поселение киевский, рп. киевский, 1а",unknown
4300000.0,55.80968094,38.97800064,33.0,1.0,0.7857142857142857,1996.0,unknown,flat,avito,"московская обл., орехово-зуевский г.о., орехово-зуево, ул. 1905 года, 1",unknown
5500000.0,55.59109116,38.13609695,33.0,1.0,0.3333333333333333,1976.0,unknown,flat,avito,"московская обл., жуковский, ул. гарнаева, 17",unknown
4071000.0,55.662512,37.915966,23.0,1.0,0.25,2024.0,new_building,flat,avito,"московская обл., люберцы, октябрьский пр-т, 403к1",unknown
7150000.0,55.70500183,37.96473694,31.0,1.0,0.10526315789473684,2016.0,unknown,flat,avito,"московская обл., люберцы, мкр-н зенино жк самолет, вертолетная ул., 18",unknown
10732740.0,55.91128,37.763,33.9,1.0,0.75,,new_building,flat,avito,"ул. колонцова, стр. 14",яуза парк
5500000.0,56.256988,37.976584,34.0,1.0,0.3333333333333333,2018.0,unknown,flat,avito,"московская обл., сергиево-посадский г.о., хотьково, ул. михеенко, 25к2",unknown
14293369.0,55.8075,37.38345,31.6,1.0,0.08333333333333333,,new_building,flat,avito,"московская область, красногорск, жилой комплекс квартал строгино, к1",жк «квартал строгино»
12268902.0,55.58222,37.15314,34.6,1.0,0.25,,new_building,flat,avito,"москва, новомосковский административный округ, район внуково, жилой комплекс квартал западный, 9",жк «квартал западный»
11986990.0,55.58222,37.15314,41.4,1.0,0.9,,new_building,flat,avito,"москва, новомосковский административный округ, район внуково, жилой комплекс квартал западный, 9",жк «квартал западный»
6200000.0,55.662715,37.923107,33.2,1.0,1.0,1981.0,unknown,flat,avito,"московская обл., люберцы, 1-й панковский пр., 1к4",unknown
6990000.0,55.66241,37.301338,31.0,1.0,0.9090909090909091,2013.0,unknown,flat,avito,"московская обл., одинцовский г.о., одинцово, белорусская ул., 11",unknown
6900000.0,55.5598526,37.8172226,35.8,1.0,0.16666666666666666,2020.0,unknown,flat,avito,"московская обл., ленинский г.о., д. мисайлово, молодежный б-р, 13",unknown
8499000.0,55.945483,37.766522,34.0,1.0,0.17647058823529413,2023.0,unknown,flat,avito,"московская обл., мытищи, ул. стрельбище динамо, 10",unknown
5037190.0,55.97307,37.86944,35.2,1.0,0.75,,unknown,flat,avito,"с. тарасовка, мкр. пушкарь, корп. 2",жк «пушкарь»
13614686.0,55.58222,37.15314,44.0,1.0,0.5,,new_building,flat,avito,"москва, новомосковский административный округ, район внуково, жилой комплекс квартал западный, 9",жк «квартал западный»
9861667.0,55.95205,37.46823,34.6,1.0,0.47058823529411764,,new_building,flat,avito,"ул. олимпийская, корп. 5",жк «квартал ивакино»
1520555.0,56.346836,37.326078,21.1,1.0,0.6,1978.0,unknown,flat,avito,"московская обл., дмитровский г.о., пос. автополигон, 8",unknown
3700000.0,54.838525,38.246456,29.5,1.0,0.2,1973.0,unknown,flat,avito,"московская обл., кашира, садовая ул., 30",unknown
5179581.0,55.97289,37.87044,38.1,1.0,1.0,,unknown,flat,avito,"с. тарасовка, мкр. пушкарь, корп. 3",жк «пушкарь»
16297961.0,55.80745,37.38186,32.8,1.0,0.9583333333333334,,new_building,flat,avito,"московская область, красногорск, жилой комплекс квартал строгино, к2",жк «квартал строгино»
6969824.0,55.51132,37.74064,33.2,1.0,0.6153846153846154,,new_building,flat,avito,"ленинский городской округ, жилой комплекс новое видное, 18.2",жк «новое видное»
14701631.0,55.80633,37.3826,33.9,1.0,0.875,,new_building,flat,avito,"д. мякинино, стр. 3",жк «квартал строгино»
7854722.0,55.63949,37.94882,38.8,1.0,0.6666666666666666,,new_building,flat,avito,"московская область, городской округ люберцы, поселок жилино-1, жилой комплекс егорово парк, стр. 4.1",жк «егорово парк»
7133100.0,56.04874,37.86375,36.6,1.0,0.375,,new_building,flat,avito,"городской округ пушкинский, стр. 6",жилой квартал пушкино град
8300000.0,55.449929,37.736815,38.1,1.0,0.6470588235294118,2019.0,unknown,flat,avito,"московская обл., домодедово, мкр-н северный, ул. гагарина, 63",unknown
16267885.0,55.80745,37.38186,32.8,1.0,1.0,,new_building,flat,avito,"московская область, красногорск, жилой комплекс квартал строгино, к2",жк «квартал строгино»
5240659.0,55.63949,37.94882,22.8,1.0,0.1111111111111111,,new_building,flat,avito,"московская область, городской округ люберцы, поселок жилино-1, жилой комплекс егорово парк, стр. 4.1",жк «егорово парк»
5999999.0,55.66242540907636,37.92585759289247,29.7,1.0,0.8,1974.0,unknown,flat,avito,"московская обл., люберцы, 1-й панковский пр., 9",unknown
5400000.0,55.42374802,37.52379608,29.7,1.0,0.8,1965.0,unknown,flat,avito,"московская обл., подольск, ул. кирова, 41",unknown
5300000.0,55.513623009483055,36.978220138401376,28.3,1.0,0.6,,unknown,flat,avito,"московская обл., наро-фоминский г.о., пгт. селятино, клубная ул., 28",unknown
5480807.0,55.97289,37.87044,38.3,1.0,0.75,,unknown,flat,avito,"с. тарасовка, мкр. пушкарь, корп. 3",жк «пушкарь»
4500000.0,55.377127,36.729363,30.5,1.0,0.4,1964.0,unknown,flat,avito,"московская обл., наро-фоминский г.о., наро-фоминск, мкр-н южный, ул. мира, 8",unknown
13138654.0,55.58222,37.15314,39.3,1.0,0.75,,new_building,flat,avito,"москва, новомосковский административный округ, район внуково, жилой комплекс квартал западный, 9",жк «квартал западный»
15449942.0,55.58274,37.1525,43.6,1.0,0.7142857142857143,,new_building,flat,avito,"москва, новомосковский административный округ, район внуково, жилой комплекс квартал западный, 10",жк «квартал западный»
5609598.0,55.97309,37.86723,39.2,1.0,0.75,,unknown,flat,avito,"с. тарасовка, мкр. пушкарь, корп. 1",жк «пушкарь»
4500000.0,55.51476666679595,36.97713557201544,29.6,1.0,1.0,1968.0,unknown,flat,avito,"московская обл., наро-фоминский г.о., пгт. селятино, клубная ул., 12",unknown
8500000.0,55.65823746,37.23181915,42.2,1.0,0.47058823529411764,,unknown,flat,avito,"московская обл., одинцовский г.о., пос. внииссок, бородинская ул., 1",unknown
8700000.0,55.70297623,37.96249771,35.1,1.0,0.23529411764705882,2016.0,unknown,flat,avito,"московская обл., люберцы, мкр-н зенино жк самолет, ул. дружбы, 5к1",unknown
14525771.0,55.58222,37.15314,44.4,1.0,0.8333333333333334,,new_building,flat,avito,"москва, новомосковский административный округ, район внуково, жилой комплекс квартал западный, 9",жк «квартал западный»
7690000.0,55.697498,37.954872,32.0,1.0,0.29411764705882354,2021.0,unknown,flat,avito,"московская обл., люберцы, мкр-н зенино жк самолет, ул. камова, 5к2",unknown
18331059.0,55.80745,37.38186,41.7,1.0,0.9583333333333334,,new_building,flat,avito,"московская область, красногорск, жилой комплекс квартал строгино, к2",жк «квартал строгино»
6800000.0,55.47347,37.608266,35.1,1.0,0.6,2012.0,unknown,flat,avito,"московская обл., г.о. подольск, пос. быково, академическая ул., 8",unknown
13788081.0,55.58274,37.1525,40.9,1.0,0.7142857142857143,,new_building,flat,avito,"москва, новомосковский административный округ, район внуково, жилой комплекс квартал западный, 10",жк «квартал западный»
9644400.0,56.00657,37.86003,51.3,1.0,0.7391304347826086,,unknown,flat,avito,"ул. надсоновская, жилой дом",жк «триумф»
8690600.0,55.52428,37.61537,38.0,1.0,0.26666666666666666,,new_building,flat,avito,"с/п булатниковское, д. боброво, мкр. «боброво», корп. 47",восточное бутово
8682554.0,55.94798,37.76817,35.6,1.0,0.5555555555555556,,new_building,flat,avito,"жилой комплекс мытищи парк, к6",жк «мытищи парк»
5466496.0,55.97289,37.87044,38.2,1.0,0.75,,unknown,flat,avito,"с. тарасовка, мкр. пушкарь, корп. 3",жк «пушкарь»
13454860.0,55.58222,37.15314,44.2,1.0,0.25,,new_building,flat,avito,"москва, новомосковский административный округ, район внуково, жилой комплекс квартал западный, 9",жк «квартал западный»
3700000.0,55.099552,38.776471,30.0,1.0,1.0,1916.0,unknown,flat,avito,"московская обл., коломна, ул. льва толстого, 22",unknown
14680459.0,55.80633,37.3826,33.9,1.0,0.8333333333333334,,new_building,flat,avito,"д. мякинино, стр. 3",жк «квартал строгино»
15593087.0,55.80633,37.3826,37.5,1.0,0.9583333333333334,,new_building,flat,avito,"д. мякинино, стр. 3",жк «квартал строгино»
15440540.0,55.80745,37.38186,32.8,1.0,0.8333333333333334,,new_building,flat,avito,"московская область, красногорск, жилой комплекс квартал строгино, к2",жк «квартал строгино»
15222576.0,55.80633,37.3826,34.7,1.0,0.9166666666666666,,new_building,flat,avito,"д. мякинино, стр. 3",жк «квартал строгино»
15340116.0,55.80745,37.38186,33.0,1.0,0.9583333333333334,,new_building,flat,avito,"московская область, красногорск, жилой комплекс квартал строгино, к2",жк «квартал строгино»
14824785.0,55.80745,37.38186,32.8,1.0,1.0,,new_building,flat,avito,"московская область, красногорск, жилой комплекс квартал строгино, к2",жк «квартал строгино»
15030276.0,55.80633,37.3826,34.7,1.0,0.8333333333333334,,new_building,flat,avito,"д. мякинино, стр. 3",жк «квартал строгино»
7100000.0,55.72308388996026,36.8728026820298,37.2,1.0,0.3333333333333333,2023.0,unknown,flat,avito,"московская обл., одинцовский г.о., звенигород, район восточный, 3-й мкр-н, 9",unknown
5423566.0,55.97289,37.87044,37.9,1.0,0.5,,unknown,flat,avito,"с. тарасовка, мкр. пушкарь, корп. 3",жк «пушкарь»
16617414.0,55.80633,37.3826,33.9,1.0,0.8333333333333334,,new_building,flat,avito,"д. мякинино, стр. 3",жк «квартал строгино»
16481062.0,55.80745,37.38186,37.9,1.0,0.375,,new_building,flat,avito,"московская область, красногорск, жилой комплекс квартал строгино, к2",жк «квартал строгино»
5452186.0,55.97289,37.87044,38.1,1.0,0.75,,unknown,flat,avito,"с. тарасовка, мкр. пушкарь, корп. 3",жк «пушкарь»
5400000.0,55.52398909169368,37.79723036239622,30.0,1.0,0.3333333333333333,2017.0,unknown,flat,avito,"московская обл., ленинский г.о., пос. мещерино, ул. 4-й квартал, 1",unknown
16678759.0,55.80633,37.3826,33.9,1.0,0.9583333333333334,,new_building,flat,avito,"д. мякинино, стр. 3",жк «квартал строгино»
8100000.0,55.96603,37.30737,40.0,1.0,0.5,,unknown,flat,avito,"ул. первомайская, стр. 2, секц. 2-4",жк «ласточкино»
7000000.0,55.42729,37.519908,35.0,1.0,0.25,1973.0,unknown,flat,avito,"московская обл., подольск, парковая ул., 45",unknown
4700000.0,55.414465,37.843184,30.8,1.0,0.4,,unknown,flat,avito,"московская обл., домодедово, мкр-н авиационный, ул. ильюшина, 11к3",unknown
6700000.0,54.94361223696063,37.397726827535,42.0,1.0,0.5,,unknown,flat,avito,"московская обл., серпухов, б-р 65 лет победы, 6к2",unknown
6200000.0,55.422263,37.496138,38.4,1.0,0.7647058823529411,2010.0,unknown,flat,avito,"московская обл., подольск, юбилейная ул., 7а",unknown
13192439.0,55.58222,37.15314,39.3,1.0,1.0,,new_building,flat,avito,"москва, новомосковский административный округ, район внуково, жилой комплекс квартал западный, 9",жк «квартал западный»
6200000.0,55.66569,37.961286,33.2,1.0,0.6666666666666666,1982.0,unknown,flat,avito,"московская обл., г.о. люберцы, пгт. томилино, ул. гаршина, 9ак12",unknown
4532322.0,55.97309,37.86723,29.6,1.0,0.75,,unknown,flat,avito,"с. тарасовка, мкр. пушкарь, корп. 1",жк «пушкарь»
14496353.0,55.58222,37.15314,44.4,1.0,0.75,,new_building,flat,avito,"москва, новомосковский административный округ, район внуково, жилой комплекс квартал западный, 9",жк «квартал западный»
7433370.0,55.54744,37.65085,38.4,1.0,1.0,,new_building,flat,avito,"д. спасское, жк «живописный»",жк «живописный»
4300000.0,55.31846184253447,37.524050321612506,30.0,1.0,0.8,1975.0,unknown,flat,avito,"московская обл., подольск, мкр-н львовский, красная ул., 56",unknown
6350000.0,55.73846,36.855693,41.1,1.0,0.3125,2015.0,unknown,flat,avito,"московская обл., одинцовский г.о., звенигород, спортивная ул., 12/1",unknown
2200000.0,54.842906,38.190787,21.3,1.0,1.0,1982.0,unknown,flat,avito,"московская обл., кашира, ул. ленина, 11к3",unknown
3900000.0,55.324458,38.656312,31.4,1.0,0.4,1966.0,unknown,flat,avito,"московская обл., воскресенск, мкр-н центральный, ул. колина, 11",unknown
10800000.0,55.6583519,37.87229156,35.0,1.0,0.4,2024.0,unknown,flat,avito,"московская обл., котельники, мкр-н парковый, 2к1",unknown
4630000.0,55.81987381,37.05945969,46.8,1.0,1.0,2022.0,unknown,flat,avito,"московская обл., муниципальный округ истра, с. павловская слобода, озерная ул., 2",unknown
5018100.0,55.721,36.87177,38.9,1.0,0.25,,new_building,flat,avito,"мкр. № 2, 3, стр. 6",жк «восточный»
2600000.0,55.951824,37.833968,30.4,1.0,0.3333333333333333,1935.0,unknown,flat,avito,"московская обл., королев, мкр-н текстильщик, советская ул., 14",unknown
19887651.0,55.80745,37.38186,37.9,1.0,0.9583333333333334,,new_building,flat,avito,"московская область, красногорск, жилой комплекс квартал строгино, к2",жк «квартал строгино»
21820534.0,55.80745,37.38186,41.8,1.0,0.9166666666666666,,new_building,flat,avito,"московская область, красногорск, жилой комплекс квартал строгино, к2",жк «квартал строгино»
19539790.0,55.80745,37.38186,41.7,1.0,0.9583333333333334,,new_building,flat,avito,"московская область, красногорск, жилой комплекс квартал строгино, к2",жк «квартал строгино»
8600000.0,55.908929,37.706092,35.5,1.0,0.29411764705882354,2007.0,unknown,flat,avito,"московская обл., мытищи, ул. борисовка, 4а",unknown
7700000.0,55.63411674091575,37.84901246080781,50.0,1.0,0.2727272727272727,2002.0,unknown,flat,avito,"московская обл., г.о. люберцы, дзержинский, ул. шама, 9",unknown
6699246.0,55.51132,37.74064,32.9,1.0,0.5384615384615384,,new_building,flat,avito,"ленинский городской округ, жилой комплекс новое видное, 18.2",жк «новое видное»
6300000.0,55.937694,37.972182,40.4,1.0,0.35714285714285715,,unknown,flat,avito,"московская обл., щелково, мкр-н финский, 4",unknown
5900000.0,55.743122,38.022802,31.0,1.0,1.0,,unknown,flat,avito,"московская обл., балашиха, мкр-н железнодорожный, пионерская ул., 10",unknown
2798000.0,54.838011,37.608715,33.0,1.0,0.4444444444444444,1981.0,unknown,flat,avito,"московская обл., г.о. серпухов, пущино, мкр-н аб, 22",unknown
12184523.0,55.93821,37.84628,41.4,1.0,0.35294117647058826,,new_building,flat,avito,"московская область, королев, микрорайон юбилейный, жилой комплекс космический квартал, к1",жк «космический квартал»
7000000.0,55.45410229461224,37.7559280528559,47.7,1.0,1.0,2006.0,unknown,flat,avito,"московская обл., домодедово, мкр-н северный, овражная ул., 1к2",unknown
5337666.0,55.63949,37.94882,22.8,1.0,0.4444444444444444,,new_building,flat,avito,"московская область, городской округ люберцы, поселок жилино-1, жилой комплекс егорово парк, стр. 4.1",жк «егорово парк»
5117764.0,55.97289,37.87044,39.3,1.0,0.25,,unknown,flat,avito,"с. тарасовка, мкр. пушкарь, корп. 3",жк «пушкарь»
9300000.0,55.91468,37.802949,46.6,1.0,0.6,2014.0,new_building,flat,avito,"московская обл., королев, пионерская ул., 15к1",unknown
3390000.0,55.55888028095862,37.48526137301629,37.1,1.0,1.0,2013.0,unknown,flat,avito,"москва, новомосковский административный округ, р-н коммунарка, пос. коммунарка, снт березка-коммунарка-1, 41",unknown
9541800.0,56.00657,37.86003,51.3,1.0,0.6521739130434783,,unknown,flat,avito,"ул. надсоновская, жилой дом",жк «триумф»
8995000.0,55.808594,37.319673,38.0,1.0,0.25,2024.0,unknown,flat,avito,"московская обл., красногорск, александровская ул., 4",unknown
3400000.0,55.970131,37.931255,41.3,1.0,1.0,2007.0,unknown,apartments,avito,"московская обл., г.о. пушкинский, ивантеевка, трудовая ул., 7",unknown
5070000.0,56.1002,38.11672,39.0,1.0,0.125,,unknown,flat,avito,"ул. краснофлотская, д. 9а",жк «краснофлотская»
18870707.0,55.80745,37.38186,41.7,1.0,0.9166666666666666,,new_building,flat,avito,"московская область, красногорск, жилой комплекс квартал строгино, к2",жк «квартал строгино»
5170000.0,55.862681,38.04394,39.1,1.0,1.0,,unknown,flat,avito,"московская обл., г.о. щелково, д. большие жеребцы, мкр-н восточный, 1к3",unknown
4500000.0,56.367363,37.540578,36.6,1.0,0.1111111111111111,,unknown,flat,avito,"московская обл., дмитровский г.о., дмитров, мкр-н дзфс, 19",unknown
6971360.0,55.60777,37.97569,39.2,1.0,0.6875,,unknown,flat,avito,"ул. новая, д. 5а",жк октябрьский
5500000.0,56.29795837,38.12502289,35.0,1.0,0.6,,unknown,flat,avito,"московская обл., сергиево-посадский г.о., сергиев посад, клементьевская ул., 29",unknown
5500000.0,55.74290466,38.0287323,30.3,1.0,0.6,1967.0,unknown,flat,avito,"московская обл., балашиха, мкр-н железнодорожный, пионерская ул., 20",unknown
8288655.0,55.52428,37.61537,38.1,1.0,0.9333333333333333,,new_building,flat,avito,"с/п булатниковское, д. боброво, мкр. «боброво», корп. 47",восточное бутово
4950000.0,55.803555,37.979836,34.8,1.0,0.75,1960.0,unknown,flat,avito,"московская обл., балашиха, комсомольская ул., 4",unknown
8247296.0,55.97289,37.87044,60.6,1.0,0.5,,unknown,flat,avito,"с. тарасовка, мкр. пушкарь, корп. 3",жк «пушкарь»
9036289.0,55.94798,37.76817,35.8,1.0,0.625,,new_building,flat,avito,"жилой комплекс мытищи парк, к6",жк «мытищи парк»
5860035.0,55.97289,37.87044,45.0,1.0,0.25,,unknown,flat,avito,"с. тарасовка, мкр. пушкарь, корп. 3",жк «пушкарь»
12000000.0,55.600699,37.366493,38.5,1.0,0.5294117647058824,2017.0,unknown,flat,avito,"москва, новомосковский административный округ, филимонковский р-н, московский, ул. лаптева, 4",unknown
10540000.0,55.570512,37.283004,31.6,1.0,0.7142857142857143,2023.0,new_building,flat,avito,"москва, ул. усадебный парк, 7",unknown
8499000.0,55.7041893,37.96563339,34.0,1.0,0.23529411764705882,2016.0,unknown,flat,avito,"московская обл., люберцы, мкр-н зенино жк самолет, вертолетная ул., 20",unknown
3350000.0,56.36965556811733,38.1461154393961,33.5,1.0,0.4444444444444444,1972.0,unknown,flat,avito,"московская обл., сергиево-посадский г.о., пгт. скоропусковский, 3",unknown
3150000.0,55.5771159369033,39.53795996450795,27.1,1.0,1.0,2012.0,unknown,flat,avito,"московская обл., шатура, ул. клары цеткин, 15а",unknown
3500000.0,56.07376694200953,37.86422647112066,31.9,1.0,1.0,1960.0,unknown,flat,avito,"московская обл., г.о. пушкинский, пгт. правдинский, лесная ул., 62",unknown
7750000.0,55.573052,38.200516,43.2,1.0,0.6363636363636364,2014.0,unknown,flat,avito,"московская обл., раменский г.о., раменское, высоковольтная ул., 21",unknown
3100000.0,55.57853214006101,38.91592918297498,33.2,1.0,0.4,,unknown,flat,avito,"московская обл., орехово-зуевский г.о., куровское, советская ул., 84",unknown
8563320.0,55.52428,37.61537,32.4,1.0,0.5294117647058824,,new_building,flat,avito,"с/п булатниковское, д. боброво, мкр. «боброво», корп. 47",восточное бутово
8000000.0,55.533389,37.722684,39.7,1.0,0.9411764705882353,2016.0,unknown,flat,avito,"московская обл., ленинский г.о., д. сапроново, мкр-н купелинка, квартал северный, 20",unknown
3300000.0,56.41740799,38.17546082,32.0,1.0,0.6666666666666666,,unknown,flat,avito,"московская обл., сергиево-посадский г.о., пересвет, советская ул., 5",unknown
10000000.0,55.70628357,37.32526779,44.7,1.0,0.8947368421052632,2011.0,unknown,flat,avito,"московская обл., одинцовский г.о., одинцово, мкр-н новая трехгорка, кутузовская ул., 25",unknown
6800000.0,56.089031,37.900407,40.3,1.0,0.7857142857142857,2019.0,unknown,flat,avito,"московская обл., г.о. пушкинский, пгт. зеленоградский, ул. зеленый город, 2",unknown
5625634.0,55.97289,37.87044,43.2,1.0,0.25,,unknown,flat,avito,"с. тарасовка, мкр. пушкарь, корп. 3",жк «пушкарь»
7628025.0,56.00657,37.86003,39.8,1.0,0.5652173913043478,,unknown,flat,avito,"ул. надсоновская, жилой дом",жк «триумф»
10000422.0,55.66275,37.86706,36.1,1.0,0.32,,new_building,flat,avito,"ул. новая, д. 1-10, корп. 5а",томилинский бульвар
2700000.0,56.43954849,36.55533981,29.1,1.0,0.75,2018.0,unknown,flat,avito,"московская обл., г.о. клин, пгт. решетниково, лесная ул., 14а",unknown
6088800.0,55.721,36.87177,47.2,1.0,0.375,,new_building,flat,avito,"мкр. № 2, 3, стр. 6",жк «восточный»
4479093.0,55.97307,37.86944,31.3,1.0,0.5,,unknown,flat,avito,"с. тарасовка, мкр. пушкарь, корп. 2",жк «пушкарь»
7035750.0,56.00657,37.86003,39.8,1.0,0.8695652173913043,,unknown,flat,avito,"ул. надсоновская, жилой дом",жк «триумф»
3500000.0,55.810445,38.181714,32.4,1.0,1.0,1960.0,unknown,flat,avito,"московская обл., богородский г.о., старая купавна, ул. фрунзе, 13",unknown
7209312.0,55.52428,37.61537,32.5,1.0,0.8823529411764706,,new_building,flat,avito,"с/п булатниковское, д. боброво, мкр. «боброво», корп. 48",восточное бутово
4662829.0,55.89999,37.2542,22.2,1.0,0.8333333333333334,,new_building,flat,avito,"д. юрлово, д. 5",жк «большое юрлово»
5020880.0,55.8325,38.21005,34.5,1.0,0.42857142857142855,,new_building,flat,avito,"ул. генерала ковачевича, стр. 11",жк «новоград монино»
2550000.0,55.65800861970053,39.87376326319882,31.1,1.0,0.6666666666666666,2019.0,unknown,flat,avito,"московская обл., муниципальный округ шатура, рошаль, ул. фридриха энгельса, 21а",unknown
7301700.0,56.04874,37.86375,38.4,1.0,0.125,,new_building,flat,avito,"городской округ пушкинский, стр. 6",жилой квартал пушкино град
3390000.0,54.932353,37.382663,23.0,1.0,0.7142857142857143,2009.0,unknown,flat,avito,"московская обл., серпухов, ул. химиков, 8",unknown
8000000.0,55.746644,37.962202,37.9,1.0,0.8823529411764706,2010.0,unknown,flat,avito,"московская обл., балашиха, мкр-н кучино, речная ул., 7",unknown
6000000.0,55.927841,37.201805,38.2,1.0,0.5882352941176471,2012.0,unknown,flat,avito,"московская обл., г.о. химки, д. брехово, мкр-н школьный, к8",unknown
8990000.0,55.869566,37.392185,39.8,1.0,0.92,2022.0,unknown,flat,avito,"московская обл., г.о. красногорск, д. путилково, просторная ул., 15",unknown
9400000.0,55.874541,37.394664,44.4,1.0,0.7272727272727273,2017.0,unknown,flat,avito,"московская обл., г.о. красногорск, д. путилково, спасо-тушинский б-р, 8",unknown
8200000.0,55.94626617,37.30497742,40.7,1.0,0.35294117647058826,2012.0,unknown,flat,avito,"московская обл., химки, мкр-н сходня, 2-й мичуринский тупик, 7к1",unknown
4200000.0,56.336359,37.547665,33.0,1.0,0.3333333333333333,1976.0,unknown,flat,avito,"московская обл., дмитровский муниципальный округ, дмитров, ул. космонавтов, 36",unknown
5840000.0,56.04874,37.86375,29.2,1.0,0.25,,new_building,flat,avito,"городской округ пушкинский, стр. 6",жилой квартал пушкино град
15725234.0,55.80745,37.38186,32.7,1.0,0.125,,new_building,flat,avito,"московская область, красногорск, жилой комплекс квартал строгино, к2",жк «квартал строгино»
15527671.0,55.8075,37.38345,35.6,1.0,0.625,,new_building,flat,avito,"московская область, красногорск, жилой комплекс квартал строгино, к1",жк «квартал строгино»
1300000.0,54.513866,38.41719,32.1,1.0,0.4,1985.0,unknown,flat,avito,"московская обл., муниципальный округ серебряные пруды, д. кузьминка, 1",unknown
5000563.0,55.97289,37.87044,38.4,1.0,0.25,,unknown,flat,avito,"с. тарасовка, мкр. пушкарь, корп. 3",жк «пушкарь»
5768100.0,55.45219,37.54058,37.7,1.0,0.4117647058823529,,new_building,flat,avito,"ул. садовая, д. 14",жк «красная горка»
7800000.0,55.94548798,37.77848816,44.6,1.0,0.9411764705882353,2012.0,resale,flat,avito,"московская обл., мытищи, стрелковая ул., 21",unknown
5630331.0,55.89999,37.2542,35.8,1.0,0.18181818181818182,,new_building,flat,avito,"д. юрлово, д. 5",жк «большое юрлово»
6790000.0,56.01815796,37.43206024,44.7,1.0,0.1111111111111111,2010.0,unknown,flat,avito,"московская обл., лобня, текстильная ул., 18",unknown
3950000.0,55.27248764,38.75315857,33.8,1.0,0.8888888888888888,1986.0,unknown,flat,avito,"московская обл., воскресенск, рабочая ул., 114",unknown
5400000.0,55.903353,38.142575,38.3,1.0,0.14285714285714285,2018.0,unknown,flat,avito,"московская обл., г.о. лосино-петровский, рп. свердловский, ул. алексея короткова, 1",unknown
11620119.0,55.58325,37.15198,41.5,1.0,0.75,,new_building,flat,avito,"москва, новомосковский административный округ, район внуково, жилой комплекс квартал западный, 6",жк «квартал западный»
7590975.0,55.52428,37.61537,35.0,1.0,0.8823529411764706,,new_building,flat,avito,"с/п булатниковское, д. боброво, мкр. «боброво», корп. 48",восточное бутово
5337705.0,55.97307,37.86944,37.3,1.0,0.5,,unknown,flat,avito,"с. тарасовка, мкр. пушкарь, корп. 2",жк «пушкарь»
6500000.0,55.83471298,38.40300369,40.7,1.0,0.23529411764705882,2012.0,unknown,flat,avito,"московская обл., богородский г.о., ногинск, юбилейная ул., 2",unknown
10256630.0,55.66275,37.86706,35.9,1.0,0.48,,new_building,flat,avito,"ул. новая, д. 1-10, корп. 5а",томилинский бульвар
5644000.0,56.04874,37.86375,28.2,1.0,0.125,,new_building,flat,avito,"городской округ пушкинский, стр. 6",жилой квартал пушкино град
4785334.0,55.97307,37.86944,35.2,1.0,1.0,,unknown,flat,avito,"с. тарасовка, мкр. пушкарь, корп. 2",жк «пушкарь»
9500000.0,55.470207,37.296093,36.8,1.0,0.5,1985.0,unknown,flat,avito,"москва, троицкий административный округ, поселение троицк, троицк, сиреневый б-р, 11",unknown
5644000.0,56.04874,37.86375,28.2,1.0,0.125,,new_building,flat,avito,"городской округ пушкинский, стр. 6",жилой квартал пушкино град
7450000.0,55.72292328,36.87243652,37.2,1.0,0.6666666666666666,2026.0,unknown,flat,avito,"московская обл., одинцовский г.о., звенигород, район восточный, 3-й мкр-н, 9",unknown
5200000.0,55.90193939,38.15310287,36.5,1.0,0.625,2017.0,unknown,flat,avito,"московская обл., г.о. лосино-петровский, рп. свердловский, молодежная ул., 4",unknown
8300000.0,55.85304642,37.18939209,38.4,1.0,0.7142857142857143,2016.0,unknown,flat,avito,"московская обл., г.о. красногорск, рп. нахабино, ул. королева, 11",unknown
9800000.0,55.9067955,37.39365005,41.8,1.0,0.8,2008.0,unknown,flat,avito,"московская обл., химки, молодежная ул., 68",unknown
6350000.0,55.834987,37.956974,34.1,1.0,0.72,2020.0,unknown,flat,avito,"московская обл., балашиха, ул. яганова, 9",unknown
3400000.0,55.76663208,38.4463501,32.9,1.0,1.0,1969.0,unknown,flat,avito,"московская обл., электросталь, южный пр-т, 17к3",unknown
3000000.0,56.36509154345782,37.32497211946236,33.0,1.0,0.8,,unknown,flat,avito,"московская обл., дмитровский муниципальный округ, пос. новосиньково, мкр-н дуброво, 6",unknown
5480807.0,55.97309,37.86723,38.3,1.0,0.5,,unknown,flat,avito,"с. тарасовка, мкр. пушкарь, корп. 1",жк «пушкарь»
8200000.0,55.957015,37.292176,49.0,1.0,0.4444444444444444,2011.0,unknown,flat,avito,"московская обл., химки, мкр-н сходня, ул. папанина, 38к1",unknown
6750000.0,55.47518539,37.70520401,40.6,1.0,0.11764705882352941,2018.0,unknown,flat,avito,"московская обл., г.о. домодедово, с. домодедово, высотная ул., 1",unknown
7600000.0,55.750388,37.954512,37.9,1.0,0.8235294117647058,1995.0,unknown,flat,avito,"московская обл., балашиха, мкр-н кучино, центральная ул., 35",unknown
5859900.0,55.45219,37.54058,38.3,1.0,0.47058823529411764,,new_building,flat,avito,"ул. садовая, д. 14",жк «красная горка»
5850000.0,55.587987,37.892619,33.0,1.0,0.8888888888888888,1976.0,new_building,flat,avito,"московская обл., лыткарино, 5-й мкр-н, 1-й квартал, 12",unknown
6818309.0,55.97289,37.87044,50.1,1.0,0.75,,unknown,flat,avito,"с. тарасовка, мкр. пушкарь, корп. 3",жк «пушкарь»
9896000.0,55.951945,37.497135,44.8,1.0,0.125,2008.0,unknown,flat,avito,"московская обл., долгопрудный, парковая ул., 34",unknown
7050750.0,55.5887,37.75152,39.5,1.0,0.11764705882352941,2024.0,unknown,flat,avito,"московская обл., ленинский г.о., пос. развилка, 33б",unknown
5560295.0,55.63949,37.94882,23.1,1.0,0.4444444444444444,,new_building,flat,avito,"московская область, городской округ люберцы, поселок жилино-1, жилой комплекс егорово парк, стр. 4.1",жк «егорово парк»
9866524.0,55.65533,37.87162,40.1,1.0,1.0,,new_building,flat,avito,"яничкин пр-д, з/у 6/11",белая дача парк
8921817.0,55.65533,37.87162,34.6,1.0,0.56,,new_building,flat,avito,"яничкин пр-д, з/у 6/11",белая дача парк
8300000.0,55.957792,37.29205,42.0,1.0,0.5,,unknown,flat,avito,"московская обл., химки, мкр-н сходня, ул. папанина, 38к2",unknown
5990000.0,55.662491,37.990427,29.8,1.0,0.8,,unknown,flat,avito,"московская обл., г.о. люберцы, пгт. красково, ул. карла маркса, 117/14",unknown
3050000.0,54.754776,38.886146,31.0,1.0,0.2,1963.0,unknown,flat,avito,"московская обл., зарайск, октябрьская ул., 10",unknown
3900000.0,55.947464,38.061933,33.0,1.0,1.0,1985.0,unknown,flat,avito,"московская обл., фрязино, полевая ул., 15",unknown
10134420.0,55.76603,37.21311,40.2,1.0,1.0,,new_building,flat,avito,"д. глухово, стр. 4.3",ильинские луга
7350000.0,55.921622,37.766055,32.5,1.0,0.2222222222222222,1971.0,unknown,flat,avito,"московская обл., мытищи, 1-я пролетарская ул., 3",unknown
3500000.0,54.85332,38.525104,38.5,1.0,0.8,2015.0,resale,flat,avito,"московская обл., г.о. коломна, озеры, мкр-н 1а, 6",unknown
5005200.0,55.721,36.87177,38.8,1.0,0.1875,,new_building,flat,avito,"мкр. № 2, 3, стр. 6",жк «восточный»
7800000.0,55.83172226,37.96534729,44.0,1.0,0.23529411764705882,2011.0,unknown,flat,avito,"московская обл., балашиха, заречная ул., 40",unknown
7572029.0,55.63949,37.94882,35.4,1.0,0.4444444444444444,,new_building,flat,avito,"московская область, городской округ люберцы, поселок жилино-1, жилой комплекс егорово парк, стр. 4.1",жк «егорово парк»
7450000.0,55.622573,37.94402,36.7,1.0,0.11764705882352941,2020.0,unknown,flat,avito,"московская обл., г.о. люберцы, пгт. мирный, ул. академика северина, 7/1",unknown
4190000.0,56.36388124693882,37.57379626201804,42.4,1.0,1.0,,unknown,flat,avito,"московская обл., дмитровский муниципальный округ, дмитров, мкр-н внуковский, 40",unknown
6700000.0,55.66404343,37.95137787,31.0,1.0,1.0,,unknown,flat,avito,"московская обл., г.о. люберцы, пгт. томилино, ул. гоголя, 17",unknown
6999999.0,55.8013382,37.92837143,37.9,1.0,0.7777777777777778,1992.0,unknown,flat,avito,"московская обл., балашиха, ул. победы, 18а",unknown
7000000.0,55.57534495795683,37.912877776860746,40.1,1.0,0.10526315789473684,2010.0,unknown,flat,avito,"московская обл., лыткарино, парковая ул., 9",unknown
6482521.0,55.97289,37.87044,45.3,1.0,0.5,,unknown,flat,avito,"с. тарасовка, мкр. пушкарь, корп. 3",жк «пушкарь»
7857335.0,55.52786,37.71894,37.1,1.0,0.9583333333333334,,unknown,flat,avito,"ленинский городской округ, д. сапроново, д. 5",жк «1-й донской»
9300000.0,55.680879,37.916172,33.8,1.0,0.32,2022.0,unknown,flat,avito,"московская обл., люберцы, рождественская ул., 6",unknown
5466496.0,55.97289,37.87044,38.2,1.0,0.75,,unknown,flat,avito,"с. тарасовка, мкр. пушкарь, корп. 3",жк «пушкарь»
4326300.0,55.839987,37.97503,45.5,1.0,0.7272727272727273,2025.0,unknown,flat,avito,"московская обл., балашиха, чистопольская ул., 20",unknown
5233960.0,55.97289,37.87044,38.5,1.0,1.0,,unknown,flat,avito,"с. тарасовка, мкр. пушкарь, корп. 3",жк «пушкарь»
8950000.0,55.93672384882219,37.507971080529785,38.0,1.0,1.0,2019.0,unknown,flat,avito,"московская обл., долгопрудный, новый б-р, 5к1",unknown
8566652.0,55.96603,37.30737,38.8,1.0,0.5555555555555556,,unknown,flat,avito,"ул. первомайская, стр. 2, секц. 2-4",жк «ласточкино»
3850000.0,56.25225067,37.9708252,31.9,1.0,0.6,1967.0,unknown,flat,avito,"московская обл., сергиево-посадский г.о., хотьково, ул. калинина, 13",unknown
2600000.0,55.243061895577,37.280119800273056,28.0,1.0,0.4,,unknown,flat,avito,"московская обл., муниципальный округ чехов, д. алексеевка, территория чехов-7, ул. победы, 2",unknown
8250000.0,55.94922,37.46862,34.2,1.0,1.0,,unknown,flat,avito,"кв-л ивакино, стр.1.3",жк «1-й химкинский»
4961496.0,55.97289,37.87044,38.1,1.0,0.25,,unknown,flat,avito,"с. тарасовка, мкр. пушкарь, корп. 3",жк «пушкарь»
7480000.0,55.68253326,37.25315094,34.0,1.0,0.8,1964.0,unknown,flat,avito,"московская обл., одинцовский г.о., одинцово, северная ул., 42",unknown
7750000.0,55.835392,37.95277023,32.0,1.0,0.43478260869565216,,unknown,flat,avito,"московская обл., балашиха, ул. яганова, 1",unknown
5950000.0,55.41755360119456,37.4968108276386,38.3,1.0,0.9444444444444444,,unknown,flat,avito,"московская обл., подольск, ул. 43-й армии, 23",unknown
8235200.0,55.67782,37.90226,40.5,1.0,0.7142857142857143,,new_building,apartments,avito,"ул. волковская , д. 67",волковская 67
5800000.0,55.801561,37.937813,30.5,1.0,0.6,1961.0,unknown,flat,avito,"московская обл., балашиха, парковая ул., 13",unknown
7800000.0,55.391396,37.56088,42.8,1.0,0.6086956521739131,2016.0,unknown,flat,avito,"московская обл., г.о. подольск, пос. сосновый бор, ул. объездная дорога, 1",unknown
8191303.0,55.94922,37.46862,33.2,1.0,0.8333333333333334,,unknown,flat,avito,"кв-л ивакино, стр.1.3",жк «1-й химкинский»
5500000.0,55.27721024,37.83517838,40.0,1.0,0.6666666666666666,2016.0,unknown,flat,avito,"московская обл., домодедово, мкр-н белые столбы, ул. мечты, 4к1",unknown
5104742.0,55.97289,37.87044,39.2,1.0,0.25,,unknown,flat,avito,"с. тарасовка, мкр. пушкарь, корп. 3",жк «пушкарь»
8400000.0,55.65891647,37.23501587,41.5,1.0,0.8235294117647058,2014.0,new_building,flat,avito,"московская обл., одинцовский г.о., одинцово, триумфальная ул., 5",unknown
7100000.0,55.88059235,37.26944733,35.0,1.0,0.14285714285714285,2019.0,unknown,flat,avito,"московская обл., г.о. красногорск, д. сабурово, парковая ул., 20",unknown
3999000.0,55.964655,37.908267,32.0,1.0,0.2,1967.0,unknown,flat,avito,"московская обл., г.о. пушкинский, ивантеевка, советский пр-т, 28",unknown
4900000.0,55.821001,38.990539,39.0,1.0,1.0,1994.0,unknown,flat,avito,"московская обл., орехово-зуевский г.о., орехово-зуево, северная ул., 14в",unknown
4257900.0,55.839987,37.97503,44.7,1.0,0.09090909090909091,2025.0,unknown,flat,avito,"московская обл., балашиха, чистопольская ул., 20",unknown
9542750.0,55.66275,37.86706,35.0,1.0,0.72,,new_building,flat,avito,"ул. новая, д. 1-10, корп. 5а",томилинский бульвар
7500000.0,55.72330475,37.97857666,38.0,1.0,0.22727272727272727,2019.0,unknown,flat,avito,"московская обл., балашиха, мкр-н новое павлино, ул. бояринова, 13",unknown
7200000.0,56.02757645,37.86021805,33.0,1.0,0.9333333333333333,2020.0,unknown,flat,avito,"московская обл., г.о. пушкинский, пушкино, ул. просвещения, 12к2",unknown
5300000.0,56.192723868225336,36.96792558584471,37.0,1.0,0.8888888888888888,1991.0,unknown,flat,avito,"московская обл., солнечногорск, красная ул., 119",unknown
9200000.0,55.665675,37.870421,41.5,1.0,0.4117647058823529,2021.0,unknown,flat,avito,"московская обл., котельники, кузьминская ул., 5",unknown
9500000.0,55.88935512266028,37.47089020297757,34.0,1.0,0.3333333333333333,1977.0,unknown,flat,avito,"московская обл., химки, ул. нахимова, 12",unknown
5700000.0,55.513543063404185,37.75887868335735,31.0,1.0,0.25,2017.0,unknown,flat,avito,"московская обл., ленинский г.о., д. горки, туровская ул., 7",unknown
5400000.0,56.013467,37.867565,29.3,1.0,0.7777777777777778,1981.0,unknown,flat,avito,"московская обл., г.о. пушкинский, пушкино, мкр-н дзержинец, 30",unknown
11800000.0,55.66469955,37.85549927,49.5,1.0,0.4166666666666667,2006.0,unknown,flat,avito,"московская обл., котельники, мкр-н белая дача, 24",unknown
6980000.0,55.83408356,37.97343826,44.5,1.0,0.125,2009.0,unknown,flat,avito,"московская обл., балашиха, ул. свердлова, 52/2",unknown
11335464.0,55.5679,37.68829,37.8,1.0,0.4166666666666667,,unknown,flat,avito,"д. тарычево, ул. фруктовые сады, д. 1.3",жк 1-й южный
5859900.0,55.45219,37.54058,38.3,1.0,0.17647058823529413,,new_building,flat,avito,"ул. садовая, д. 14",жк «красная горка»
9644400.0,56.00657,37.86003,51.3,1.0,0.8260869565217391,,unknown,flat,avito,"ул. надсоновская, жилой дом",жк «триумф»
2500000.0,55.46894455,36.00953293,38.4,1.0,0.8,1995.0,unknown,flat,avito,"московская обл., можайский муниципальный округ, пос. колычево, первомайская ул., 19",unknown
7500000.0,55.55368805,37.70927048,35.2,1.0,0.4166666666666667,,unknown,flat,avito,"московская обл., ленинский г.о., видное, советский пр., 7",unknown
5900000.0,55.822033,37.968526,30.6,1.0,0.2222222222222222,1988.0,unknown,flat,avito,"московская обл., балашиха, ул. свердлова, 15/3",unknown
9828640.0,55.65533,37.87162,37.6,1.0,0.4117647058823529,,new_building,flat,avito,"яничкин пр-д, з/у 6/11",белая дача парк
4700000.0,55.948553,38.063981,31.8,1.0,0.7142857142857143,1988.0,unknown,flat,avito,"московская обл., фрязино, ул. 60 лет ссср, 7",unknown
11988060.0,55.5679,37.68829,42.0,1.0,0.76,,unknown,flat,avito,"д. тарычево, ул. фруктовые сады, д. 1.3",жк 1-й южный
2090000.0,54.838011,37.608715,21.2,1.0,0.2222222222222222,1981.0,unknown,flat,avito,"московская обл., г.о. серпухов, пущино, мкр-н аб, 22",unknown
5200000.0,55.575633,37.910513,29.0,1.0,1.0,1967.0,unknown,flat,avito,"московская обл., лыткарино, октябрьская ул., 19",unknown
2200000.0,55.458322,38.442828,17.4,1.0,0.8,,unknown,flat,avito,"московская обл., г.о. воскресенск, белоозерский, молодежная ул., 8/1",unknown
7133100.0,56.04874,37.86375,36.6,1.0,0.625,,new_building,flat,avito,"городской округ пушкинский, стр. 6",жилой квартал пушкино град
5859900.0,55.45219,37.54058,38.3,1.0,0.5882352941176471,,new_building,flat,avito,"ул. садовая, д. 14",жк «красная горка»
3800000.0,55.81004715,38.99765396,36.4,1.0,0.6666666666666666,1988.0,unknown,flat,avito,"московская обл., орехово-зуевский г.о., орехово-зуево, ул. степана терентьева, 7",unknown
5558795.0,55.63949,37.94882,23.1,1.0,0.6666666666666666,,new_building,flat,avito,"московская область, городской округ люберцы, поселок жилино-1, жилой комплекс егорово парк, стр. 4.1",жк «егорово парк»
4100000.0,55.569606,36.988958,30.7,1.0,1.0,1985.0,unknown,flat,avito,"московская обл., наро-фоминский г.о., рп. калининец, 25",unknown
7500000.0,56.00841904,37.8425827,38.7,1.0,0.75,,unknown,flat,avito,"московская обл., г.о. пушкинский, пушкино, писаревская ул., 5",unknown
4025700.0,55.315683,38.648344,39.2,1.0,0.25,2007.0,unknown,flat,avito,"московская обл., воскресенск, ул. зелинского, 4",unknown
9300000.0,55.910261,37.829431,43.9,1.0,0.058823529411764705,2015.0,unknown,flat,avito,"московская обл., королев, пионерская ул., 30к10",unknown
8700000.0,55.521226,37.597594,39.0,1.0,1.0,2015.0,new_building,flat,avito,"московская обл., ленинский г.о., пгт. дрожжино, южная ул., 23",unknown
6400000.0,55.82527924,37.95981216,32.0,1.0,0.8888888888888888,1978.0,unknown,flat,avito,"московская обл., балашиха, московский б-р, 3",unknown
9068491.0,56.00657,37.86003,49.5,1.0,0.30434782608695654,,unknown,flat,avito,"ул. надсоновская, жилой дом",жк «триумф»
6131210.0,55.97289,37.87044,45.1,1.0,1.0,,unknown,flat,avito,"с. тарасовка, мкр. пушкарь, корп. 3",жк «пушкарь»
8657037.0,56.00657,37.86003,44.9,1.0,0.9130434782608695,,unknown,flat,avito,"ул. надсоновская, жилой дом",жк «триумф»
5662000.0,56.04874,37.86375,28.3,1.0,0.125,,new_building,flat,avito,"городской округ пушкинский, стр. 6",жилой квартал пушкино град
9915606.0,55.66275,37.86706,36.7,1.0,0.96,,new_building,flat,avito,"ул. новая, д. 1-10, корп. 5а",томилинский бульвар
5700000.0,56.125269,37.513341,33.1,1.0,0.47058823529411764,,new_building,flat,avito,"московская обл., дмитровский муниципальный округ, пгт. некрасовский, мкр-н трудовая, 42",unknown
5320000.0,55.79875183,37.93006134,30.0,1.0,0.2,1975.0,unknown,flat,avito,"московская обл., балашиха, ул. карла маркса, 4",unknown
9200000.0,55.88842392,37.42788315,32.0,1.0,0.7777777777777778,,unknown,flat,avito,"московская обл., химки, юбилейный пр-т, 6",unknown
6500000.0,55.873253,37.255237,30.8,1.0,0.375,,unknown,flat,avito,"московская обл., г.о. красногорск, д. сабурово, рождественская ул., 3",unknown
4950000.0,55.08156586,38.77471161,33.4,1.0,0.1,,unknown,flat,avito,"московская обл., коломна, ул. дзержинского, 78",unknown
11500000.0,55.814472,37.324874,43.6,1.0,0.28,2019.0,unknown,flat,avito,"московская обл., красногорск, ул. жуковского, 19",unknown
5790000.0,55.801779,38.183098,35.0,1.0,0.17647058823529413,2017.0,unknown,flat,avito,"московская обл., богородский г.о., старая купавна, ул. кирова, 21",unknown
8183994.0,55.97289,37.87044,63.3,1.0,1.0,,unknown,flat,avito,"с. тарасовка, мкр. пушкарь, корп. 3",жк «пушкарь»
5800000.0,55.905467,37.729296,31.5,1.0,1.0,,unknown,flat,avito,"московская обл., мытищи, новомытищинский пр-т, 31к1",unknown
6088800.0,55.721,36.87177,47.2,1.0,0.375,,new_building,flat,avito,"мкр. № 2, 3, стр. 6",жк «восточный»
5400000.0,55.696702,38.004001,32.6,1.0,1.0,2015.0,unknown,flat,avito,"московская обл., г.о. люберцы, д. мотяково, 65к5",unknown
4900000.0,55.74369812,36.866642,45.5,1.0,0.8,2014.0,unknown,flat,avito,"московская обл., одинцовский г.о., звенигород, квартал маяковского, 19а",unknown
6800000.0,55.45117569,37.54487991,37.8,1.0,0.5714285714285714,,unknown,flat,avito,"московская обл., подольск, мкр-н красная горка, садовая ул., 5",unknown
5840000.0,56.04874,37.86375,29.2,1.0,0.125,,new_building,flat,avito,"городской округ пушкинский, стр. 6",жилой квартал пушкино град
5170000.0,56.111946,37.03965,39.0,1.0,0.4444444444444444,2016.0,unknown,flat,avito,"московская обл., г.о. солнечногорск, пос. жуково, 16",unknown
3800000.0,55.428327,38.244866,32.7,1.0,0.4,1978.0,unknown,flat,avito,"московская обл., бронницы, садовый пр., 6",unknown
3150000.0,55.85915375,38.45916748,32.0,1.0,0.8,,unknown,flat,avito,"московская обл., богородский г.о., ногинск, 1-я ул. ревсобраний, 2",unknown
4750000.0,55.844905,38.408296,38.8,1.0,0.14285714285714285,1994.0,unknown,flat,avito,"московская обл., богородский г.о., ногинск, ул. 3-го интернационала, 224",unknown
4200000.0,55.60388184,36.49460602,27.5,1.0,0.8,2020.0,unknown,flat,avito,"московская обл., рузский г.о., рп. тучково, мкр-н дружный, 11",unknown
6500000.0,55.629155,38.04367,43.1,1.0,0.2857142857142857,2007.0,unknown,flat,avito,"московская обл., раменский муниципальный округ, пгт. удельная, ул. шахова, 8",unknown
8917560.0,55.52428,37.61537,35.9,1.0,0.6470588235294118,,new_building,flat,avito,"с/п булатниковское, д. боброво, мкр. «боброво», корп. 47",восточное бутово
7800000.0,55.53852463,37.71892166,41.5,1.0,1.0,2017.0,unknown,flat,avito,"московская обл., ленинский г.о., видное, ермолинская ул., 5",unknown
8803200.0,55.65533,37.87162,32.0,1.0,0.64,,new_building,flat,avito,"яничкин пр-д, з/у 6/11",белая дача парк
7450000.0,55.40427017,37.5608902,41.1,1.0,0.2857142857142857,,unknown,flat,avito,"московская обл., подольск, ул. давыдова, 5",unknown
6303600.0,55.45219,37.54058,41.2,1.0,0.7647058823529411,,new_building,flat,avito,"ул. садовая, д. 14",жк «красная горка»
6628367.0,55.54744,37.65085,34.5,1.0,0.125,,new_building,flat,avito,"д. спасское, жк «живописный»",жк «живописный»
7300000.0,55.820076,37.879737,37.2,1.0,0.4117647058823529,,unknown,flat,avito,"московская обл., балашиха, мкр-н янтарный, кольцевая ул., 14",unknown
6050000.0,55.69231460331472,37.971234682957856,34.5,1.0,1.0,2016.0,new_building,flat,avito,"московская обл., г.о. люберцы, пгт. марусино, заречная ул., 37к3",unknown
5194603.0,55.97307,37.86944,36.3,1.0,0.75,,unknown,flat,avito,"с. тарасовка, мкр. пушкарь, корп. 2",жк «пушкарь»
9168023.0,56.00657,37.86003,49.5,1.0,0.43478260869565216,,unknown,flat,avito,"ул. надсоновская, жилой дом",жк «триумф»
9831360.0,55.76603,37.21311,39.2,1.0,0.5555555555555556,,new_building,flat,avito,"д. глухово, стр. 4.3",ильинские луга
9850000.0,55.835442185772166,37.29270760960346,40.3,1.0,0.29411764705882354,2007.0,unknown,flat,avito,"московская обл., красногорск, успенская ул., 32",unknown
2650000.0,56.328659,36.550419,30.1,1.0,1.0,2012.0,unknown,flat,avito,"московская обл., г.о. клин, высоковск, текстильная ул., 23",unknown
10100000.0,55.52161407,37.34576035,36.5,1.0,0.47058823529411764,2020.0,unknown,flat,avito,"москва, троицкий административный округ, р-н троицк, 3-я нововатутинская ул., 8",unknown
6500000.0,55.609838,37.983582,46.0,1.0,1.0,2010.0,unknown,flat,avito,"московская обл., г.о. люберцы, рп. октябрьский, ул. калинина, 1а",unknown
8224290.0,56.0511,37.54492,40.9,1.0,0.25,2026.0,unknown,flat,avito,"дер. шолохово, д. 7к1",жк «шолохово»
10900000.0,55.70216,37.909121,30.8,1.0,1.0,2018.0,unknown,flat,avito,"московская обл., люберцы, ул. юности, 7",unknown
2500000.0,56.00972366,37.4657402,15.3,1.0,1.0,,unknown,flat,avito,"московская обл., лобня, ул. ленина, 35",unknown
11800000.0,55.474163,37.530642,37.5,1.0,0.3333333333333333,2025.0,unknown,flat,avito,"москва, новомосковский административный округ, р-н щербинка, алхимовская ул., 1к5",unknown
9070325.0,56.00657,37.86003,49.5,1.0,0.30434782608695654,,unknown,flat,avito,"ул. надсоновская, жилой дом",жк «триумф»
10440000.0,55.66275,37.86706,34.8,1.0,0.92,,new_building,flat,avito,"ул. новая, д. 1-10, корп. 5а",томилинский бульвар
8752397.0,55.52428,37.61537,38.5,1.0,0.7333333333333333,,new_building,flat,avito,"с/п булатниковское, д. боброво, мкр. «боброво», корп. 48",восточное бутово
10316370.0,55.66275,37.86706,36.7,1.0,0.44,,new_building,flat,avito,"ул. новая, д. 1-10, корп. 5а",томилинский бульвар
7162750.0,56.05053,37.54556,40.9,1.0,0.25,2026.0,unknown,flat,avito,"дер. шолохово, д. 7",жк «шолохово»
7607710.0,55.52428,37.61537,34.1,1.0,0.2,,new_building,flat,avito,"с/п булатниковское, д. боброво, мкр. «боброво», корп. 48",восточное бутово
8324832.0,56.0511,37.54492,40.9,1.0,0.75,2026.0,unknown,flat,avito,"дер. шолохово, д. 7к1",жк «шолохово»
7000000.0,55.53494263,37.64864349,32.0,1.0,1.0,2023.0,unknown,flat,avito,"московская обл., ленинский г.о., видное, ул. галины вишневской, 6к2",unknown
5193175.0,55.97289,37.87044,38.2,1.0,1.0,,unknown,flat,avito,"с. тарасовка, мкр. пушкарь, корп. 3",жк «пушкарь»
11167260.0,55.59527,37.20066,41.7,1.0,0.7058823529411765,,new_building,flat,avito,"дер. марушкино, стр. 3",жк «внуково парк»
6500000.0,55.550448,37.708931,33.0,1.0,0.6,1965.0,unknown,flat,avito,"московская обл., ленинский г.о., видное, советская ул., 12",unknown
9100000.0,55.836044,37.280785,33.9,1.0,0.36,2017.0,new_building,flat,avito,"московская обл., красногорск, б-р космонавтов, 11",unknown
7250000.0,55.931537,37.882755,36.4,1.0,0.25,2020.0,new_building,flat,avito,"московская обл., королев, мкр-н болшево, бурковский пр., 52к1",unknown
6018077.0,55.89999,37.2542,34.5,1.0,1.0,,new_building,flat,avito,"д. юрлово, д. 5",жк «большое юрлово»
6911850.0,55.43296,37.73279,41.9,1.0,0.29411764705882354,,new_building,flat,avito,"ул. текстильщиков, стр. 45",жк «оптима на текстильщиков»
8570420.0,55.52335,37.61515,34.6,1.0,0.5833333333333334,,new_building,flat,avito,"с/п булатниковское, д. боброво, мкр. «боброво», корп. 43.1",восточное бутово
10686000.0,55.71298,37.36949,52.0,1.0,0.29411764705882354,,unknown,apartments,avito,"ул. западная, комплекс апартаментов «м1 сколково»",комплекс апартаментов «м1 сколково»
11500000.0,55.47082073967172,37.542718351917614,48.2,1.0,1.0,2006.0,unknown,flat,avito,"москва, новомосковский административный округ, р-н щербинка, пос. знамя октября, мкр-н родники, 4",unknown
7600000.0,55.935632,37.975946,42.8,1.0,0.8823529411764706,2022.0,unknown,flat,avito,"московская обл., щелково, мкр-н финский, 1",unknown
3025000.0,56.14452551794172,37.93921993610687,30.7,1.0,0.8,1965.0,unknown,flat,avito,"московская обл., г.о. пушкинский, рп. софрино, сетевая ул., 4",unknown
8550000.0,55.70786285,37.95963287,33.6,1.0,0.65,2017.0,unknown,flat,avito,"московская обл., люберцы, мкр-н зенино жк самолет, вертолетная ул., 4к1",unknown
5098013.0,55.97307,37.86944,37.5,1.0,1.0,,unknown,flat,avito,"с. тарасовка, мкр. пушкарь, корп. 2",жк «пушкарь»
7000000.0,56.735521,37.165522,33.1,1.0,0.6666666666666666,1985.0,unknown,flat,avito,"московская обл., дубна, ул. понтекорво, 20",unknown
5000000.0,55.380662,36.733127,30.4,1.0,0.4,,unknown,flat,avito,"московская обл., наро-фоминский г.о., наро-фоминск, мкр-н южный, рижская ул., 3",unknown
8000000.0,54.880655,37.223715,45.7,1.0,0.6666666666666666,2013.0,unknown,flat,avito,"московская обл., г.о. серпухов, протвино, ул. ленина, 37",unknown
8836798.0,55.93821,37.84628,35.7,1.0,0.4166666666666667,,new_building,flat,avito,"московская область, королев, микрорайон юбилейный, жилой комплекс космический квартал, к1",жк «космический квартал»
10529250.0,55.59527,37.20066,41.7,1.0,0.7647058823529411,,new_building,flat,avito,"дер. марушкино, стр. 3",жк «внуково парк»
7207163.0,55.94915,37.4737,38.5,1.0,0.4166666666666667,,new_building,flat,avito,"ул. береговая, стр. 4",жк «берег»
8000000.0,55.706893,37.955707,36.8,1.0,0.8235294117647058,2015.0,unknown,flat,avito,"московская обл., люберцы, мкр-н зенино жк самолет, ул. барыкина, 2",unknown
10384074.0,55.59527,37.20066,41.1,1.0,0.2777777777777778,,new_building,flat,avito,"дер. марушкино, стр. 3",жк «внуково парк»
9300000.0,55.766775,37.238663,33.2,1.0,0.25,2022.0,unknown,flat,avito,"московская обл., г.о. красногорск, д. глухово, романовская ул., 11",unknown
8772752.0,56.05053,37.54556,40.9,1.0,0.25,2026.0,unknown,flat,avito,"дер. шолохово, д. 7",жк «шолохово»
7504916.0,55.90726,37.43297,34.7,1.0,0.8,,new_building,flat,avito,"ул. рабочая , корп. 2.1",химки парк
4300000.0,55.078294234801234,38.75770646839094,32.4,1.0,0.4,1967.0,unknown,flat,avito,"московская обл., коломна, пр-т кирова, 58б",unknown
2600000.0,55.272282,38.747527,32.0,1.0,0.2,1968.0,unknown,flat,avito,"московская обл., воскресенск, ул. ломоносова, 98",unknown
7200000.0,55.919574,37.869523,37.0,1.0,0.5714285714285714,1995.0,unknown,flat,avito,"московская обл., королев, пр-т космонавтов, 9",unknown
6070000.0,55.83498764,37.95697403,32.2,1.0,0.23529411764705882,2020.0,new_building,flat,avito,"московская обл., балашиха, ул. яганова, 9",unknown
14500000.0,55.589066,37.447404,42.0,1.0,0.5555555555555556,,unknown,flat,avito,"москва, новомосковский административный округ, поселение сосенское, севильский б-р, 1",unknown
5018100.0,55.721,36.87177,38.9,1.0,0.625,,new_building,flat,avito,"мкр. № 2, 3, стр. 6",жк «восточный»
4282331.0,55.97307,37.86944,31.5,1.0,1.0,,unknown,flat,avito,"с. тарасовка, мкр. пушкарь, корп. 2",жк «пушкарь»
8400000.0,56.731314,37.151517,36.9,1.0,0.7777777777777778,1982.0,unknown,flat,avito,"московская обл., дубна, ул. попова, 14",unknown
6583800.0,55.83126,38.20667,46.7,1.0,0.5714285714285714,,new_building,flat,avito,"ул. генерала ковачевича, стр. 13",жк «новоград монино»
7200000.0,55.734993,38.007639,37.9,1.0,0.5294117647058824,2019.0,unknown,flat,avito,"московская обл., балашиха, мкр-н железнодорожный, ул. корнилаева, 30",unknown
9068491.0,56.00657,37.86003,49.5,1.0,0.34782608695652173,,unknown,flat,avito,"ул. надсоновская, жилой дом",жк «триумф»
2800000.0,55.03427124,38.10406494,28.6,1.0,1.0,,new_building,flat,avito,"московская обл., г.о. ступино, с. верзилово, мкр-н новое ступино, преображенский пр-т, 27",unknown
8658480.0,55.52428,37.61537,34.4,1.0,0.47058823529411764,,new_building,flat,avito,"с/п булатниковское, д. боброво, мкр. «боброво», корп. 47",восточное бутово
5550000.0,55.94459152,37.84630203,28.1,1.0,0.6,1968.0,unknown,flat,avito,"московская обл., королев, мкр-н юбилейный, ул. героев курсантов, 20",unknown
7376295.0,55.97289,37.87044,54.2,1.0,0.75,,unknown,flat,avito,"с. тарасовка, мкр. пушкарь, корп. 3",жк «пушкарь»
5475820.0,55.83126,38.20667,38.2,1.0,0.7142857142857143,,new_building,flat,avito,"ул. генерала ковачевича, стр. 13",жк «новоград монино»
8884080.0,55.65533,37.87162,32.4,1.0,0.29411764705882354,,new_building,flat,avito,"яничкин пр-д, з/у 6/11",белая дача парк
9490500.0,56.00657,37.86003,51.3,1.0,0.6086956521739131,,unknown,flat,avito,"ул. надсоновская, жилой дом",жк «триумф»
6200000.0,55.575872,37.907045,43.0,1.0,0.4117647058823529,2023.0,unknown,flat,avito,"московская обл., лыткарино, октябрьская ул., 18а",unknown
6966716.0,55.94915,37.4737,38.0,1.0,0.16666666666666666,,new_building,flat,avito,"ул. береговая, стр. 4",жк «берег»
2750000.0,55.658462674903184,39.85114008803342,30.1,1.0,0.6,1979.0,unknown,flat,avito,"московская обл., муниципальный округ шатура, рошаль, ул. карла либкнехта, 1",unknown
7250000.0,56.34190369,37.53583527,40.0,1.0,0.13333333333333333,2010.0,unknown,flat,avito,"московская обл., дмитровский г.о., дмитров, пионерская ул., 2",unknown
5900000.0,55.976075,37.097699,40.1,1.0,0.44,2023.0,new_building,flat,avito,"московская обл., г.о. солнечногорск, пгт. голубое, парковый б-р, 5а",unknown
8450000.0,55.805037,37.842951,40.6,1.0,0.45454545454545453,2009.0,unknown,flat,avito,"московская обл., балашиха, мкр-н 1 мая, 26",unknown
6088800.0,55.721,36.87177,47.2,1.0,0.5,,new_building,flat,avito,"мкр. № 2, 3, стр. 6",жк «восточный»
6206148.0,55.91986,37.42938,38.7,1.0,0.25,,new_building,apartments,avito,"вашутинское ш. , клубный дом «новое вашутино»",клубный дом «новое вашутино»
4500000.0,55.70610809,36.19799042,33.0,1.0,0.8,2000.0,unknown,flat,avito,"московская обл., рузский муниципальный округ, руза, федеративная ул., 10",unknown
5500000.0,55.72130180611002,36.87269506810666,38.0,1.0,0.42857142857142855,2015.0,unknown,flat,avito,"московская обл., одинцовский г.о., звенигород, район восточный, 3-й мкр-н, 23",unknown
8990000.0,55.90540314,37.86641312,42.5,1.0,0.8823529411764706,2015.0,unknown,flat,avito,"московская обл., королев, ул. академика легостаева, 8",unknown
4150000.0,55.720631,38.226028,33.6,1.0,0.6,,unknown,flat,avito,"московская обл., богородский г.о., электроугли, ул. маяковского, 40",unknown
4300000.0,55.909307,38.059373,31.0,1.0,0.2222222222222222,,unknown,flat,avito,"московская обл., щелково, мкр-н щелково-3, ул. стефановского, 4",unknown
6088800.0,55.721,36.87177,47.2,1.0,0.25,,new_building,flat,avito,"мкр. № 2, 3, стр. 6",жк «восточный»
9403100.0,56.00657,37.86003,49.5,1.0,0.9565217391304348,,unknown,flat,avito,"ул. надсоновская, жилой дом",жк «триумф»
5007920.0,55.83044,38.20761,34.4,1.0,0.7142857142857143,,new_building,flat,avito,"ул. генерала ковачевича, стр. 14",жк «новоград монино»
6905200.0,55.65212,37.9301,33.8,1.0,0.11764705882352941,,unknown,flat,avito,"мкр. птицефабрика, стр. 7",жк «новотомилино»
8350000.0,55.750525,37.998332,39.0,1.0,0.5714285714285714,,unknown,flat,avito,"московская обл., балашиха, мкр-н железнодорожный, октябрьская ул., 29",unknown
6500000.0,55.921703,37.785845,30.1,1.0,0.2222222222222222,,unknown,flat,avito,"московская обл., мытищи, 2-й щелковский пр., 5к2",unknown
10304840.0,55.66275,37.86706,36.4,1.0,0.76,,new_building,flat,avito,"ул. новая, д. 1-10, корп. 5а",томилинский бульвар
10695932.0,55.59527,37.20066,39.9,1.0,0.29411764705882354,,new_building,flat,avito,"дер. марушкино, стр. 3",жк «внуково парк»
5300000.0,55.8552475,38.45178223,33.0,1.0,0.8888888888888888,,unknown,flat,avito,"московская обл., богородский г.о., ногинск, комсомольская ул., 12",unknown
9338400.0,55.65533,37.87162,37.5,1.0,0.5555555555555556,,new_building,flat,avito,"яничкин пр-д, з/у 6/11",белая дача парк
7100000.0,55.910735,37.717303,31.3,1.0,0.5555555555555556,1980.0,unknown,flat,avito,"московская обл., мытищи, летная ул., 24к3",unknown
1990000.0,55.389565,39.025268,21.0,1.0,0.7777777777777778,1981.0,unknown,flat,avito,"московская обл., егорьевск, советская ул., 10",unknown
6200000.0,55.39236069,39.01982498,38.0,1.0,0.75,2007.0,unknown,flat,avito,"московская обл., егорьевск, советская ул., 4б",unknown
5550000.0,56.011192,37.864388,30.0,1.0,0.6666666666666666,,unknown,flat,avito,"московская обл., г.о. пушкинский, пушкино, мкр-н дзержинец, 10",unknown
4785334.0,55.97307,37.86944,35.2,1.0,1.0,,unknown,flat,avito,"с. тарасовка, мкр. пушкарь, корп. 2",жк «пушкарь»
9985296.0,55.95205,37.46823,34.6,1.0,0.9411764705882353,,new_building,flat,avito,"ул. олимпийская, корп. 5",жк «квартал ивакино»
3550000.0,55.378253,39.053305,33.6,1.0,0.6,1978.0,unknown,flat,avito,"московская обл., егорьевск, 5-й мкр-н, 17",unknown
5800000.0,55.67043304,37.91687393,29.5,1.0,0.5,,unknown,flat,avito,"московская обл., люберцы, хлебозаводской пр., 7а",unknown
4200000.0,55.93341396455635,37.17781895924597,29.2,1.0,0.75,2023.0,unknown,flat,avito,"московская обл., г.о. химки, д. брехово, мкр-н митино дальнее, 15",unknown
7500000.0,55.885251,37.267041,35.0,1.0,0.5,2015.0,unknown,flat,avito,"московская обл., г.о. красногорск, пгт. сабурово, парковая ул., 3",unknown
7127250.0,56.04874,37.86375,36.6,1.0,0.125,,new_building,flat,avito,"городской округ пушкинский, стр. 6",жилой квартал пушкино град
8500000.0,55.69202805,37.21190262,32.4,1.0,0.6666666666666666,,unknown,flat,avito,"московская обл., одинцовский г.о., с. лайково, жилой комплекс город-событие лайково, квартал лайково мелоди, 21",unknown
2830000.0,54.950728,39.024388,30.0,1.0,0.6,1970.0,unknown,flat,avito,"московская обл., луховицы, ул. воробьева, 3",unknown
9990000.0,55.815059,37.325773,35.3,1.0,0.9411764705882353,2021.0,unknown,flat,avito,"московская обл., красногорск, ул. жуковского, 11",unknown
10900000.0,55.56784058,37.28885269,35.7,1.0,0.5555555555555556,,new_building,flat,avito,"москва, новомосковский административный округ, филимонковский р-н, ул. братьев бромлей, 5к1",unknown
9578660.0,55.66275,37.86706,36.4,1.0,0.08,,new_building,flat,avito,"ул. новая, д. 1-10, корп. 5а",томилинский бульвар
2600000.0,55.458404,38.444013,23.8,1.0,0.8,1967.0,unknown,flat,avito,"московская обл., г.о. воскресенск, белоозерский, молодежная ул., 8",unknown
9350000.0,55.54546356,37.08245468,43.5,1.0,1.0,2010.0,new_building,flat,avito,"московская обл., наро-фоминский г.о., апрелевка, цветочный пер., 21",unknown
10206000.0,55.66275,37.86706,35.0,1.0,0.96,,new_building,flat,avito,"ул. новая, д. 1-10, корп. 5а",томилинский бульвар
5840000.0,56.04874,37.86375,29.2,1.0,0.5625,,new_building,flat,avito,"городской округ пушкинский, стр. 6",жилой квартал пушкино град
7800000.0,55.42597687394007,37.75783482561535,39.4,1.0,1.0,,unknown,flat,avito,"московская обл., домодедово, мкр-н западный, лунная ул., 9к2",unknown
6598118.0,55.41148,37.83296,38.4,1.0,1.0,,new_building,flat,avito,"ул. жуковского, стр. 1",жк «космос»
3500000.0,55.767473,38.663993,30.3,1.0,0.4,,unknown,flat,avito,"московская обл., павлово-посадский г.о., павловский посад, южная ул., 37",unknown
7954242.0,55.49886,37.73963,35.0,1.0,0.7058823529411765,,new_building,flat,avito,"московская область, городской округ домодедово, село ям, жилой комплекс прибрежный парк, стр. 11.1",жк «прибрежный парк»
7100000.0,55.52571,37.82601,34.6,1.0,0.8823529411764706,,new_building,flat,avito,"московская область, ленинский городской округ, деревня коробово, жилой комплекс горки парк, 8.2",жк «горки парк»
5500000.0,55.91785812,37.80709839,29.6,1.0,0.8,1969.0,unknown,flat,avito,"московская обл., королев, ул. ленина, 19",unknown
7290000.0,55.929868,37.982881,45.0,1.0,0.9285714285714286,2010.0,unknown,flat,avito,"московская обл., щелково, талсинская ул., 26",unknown
4150000.0,55.32015,38.66826,33.0,1.0,0.7777777777777778,1985.0,unknown,flat,avito,"московская обл., воскресенск, мкр-н центральный, ул. лермонтова, 1",unknown
8224290.0,56.05053,37.54556,40.9,1.0,0.25,2026.0,unknown,flat,avito,"дер. шолохово, д. 7",жк «шолохово»
5580978.0,55.97289,37.87044,39.0,1.0,0.5,,unknown,flat,avito,"с. тарасовка, мкр. пушкарь, корп. 3",жк «пушкарь»
5600000.0,55.960377,37.303503,26.3,1.0,0.4,1984.0,unknown,flat,avito,"московская обл., химки, мкр-н сходня, ул. микояна, 5",unknown
7622900.0,55.67782,37.90226,37.4,1.0,0.3333333333333333,,new_building,apartments,avito,"ул. волковская , д. 67",волковская 67
6950000.0,55.744237,38.046239,34.3,1.0,0.14285714285714285,2014.0,unknown,flat,avito,"московская обл., г.о. балашиха, д. черное, ул. агрогородок, 7",unknown
8600000.0,55.809064,37.322431,35.0,1.0,0.1875,1988.0,unknown,flat,avito,"московская обл., красногорск, ул. королева, 2",unknown
5300000.0,55.976514,37.910854,32.6,1.0,0.4,1984.0,unknown,flat,avito,"московская обл., г.о. пушкинский, ивантеевка, первомайская ул., 25",unknown
6800000.0,56.32334137,38.13935089,33.1,1.0,0.7142857142857143,,unknown,flat,avito,"московская обл., сергиево-посадский г.о., сергиев посад, инженерная ул., 21",unknown
9990675.0,56.00657,37.86003,51.3,1.0,0.9130434782608695,,unknown,flat,avito,"ул. надсоновская, жилой дом",жк «триумф»
5007920.0,55.83096,38.21137,34.4,1.0,0.7142857142857143,,new_building,flat,avito,"ул. генерала ковачевича, стр. 18",жк «новоград монино»
7400000.0,55.710398,37.95294,32.0,1.0,0.7058823529411765,2023.0,unknown,apartments,avito,"московская обл., люберцы, мкр-н зенино жк самолет, некрасовский пр., 11",unknown
8562475.0,56.05053,37.54556,40.9,1.0,0.25,2026.0,unknown,flat,avito,"дер. шолохово, д. 7",жк «шолохово»
8500000.0,55.789494,37.881794,42.2,1.0,0.3888888888888889,2011.0,unknown,flat,avito,"московская обл., балашиха, ул. ситникова, 6",unknown
3349000.0,55.866516,38.198064,30.8,1.0,0.2,1977.0,unknown,flat,avito,"московская обл., лосино-петровский, ул. гоголя, 4",unknown
4250000.0,55.96340585404971,37.26875523843406,30.5,1.0,0.5,1952.0,unknown,flat,avito,"московская обл., химки, мкр-н фирсановка, речная ул., 14",unknown
2900000.0,55.79987717,38.96064377,32.1,1.0,0.2,,unknown,flat,avito,"московская обл., орехово-зуевский г.о., орехово-зуево, ул. гагарина, 25а",unknown
2399000.0,55.29294205,38.45766068,31.0,1.0,0.25,1986.0,unknown,flat,avito,"московская обл., раменский муниципальный округ, с. никитское, 15",unknown
6800000.0,55.979938,37.740255,43.7,1.0,0.5882352941176471,2008.0,unknown,flat,avito,"московская обл., мытищи, мкр-н поселок пироговский, фабричная ул., 13",unknown
3500000.0,55.791623,38.445514,33.1,1.0,0.6,1960.0,unknown,flat,avito,"московская обл., электросталь, советская ул., 24",unknown
8500000.0,55.76457214,37.96433258,45.0,1.0,0.4375,2016.0,unknown,flat,avito,"московская обл., балашиха, мкр-н кучино, ул. соловьева, 1",unknown
8000000.0,55.804354,36.996495,39.0,1.0,0.3333333333333333,2017.0,unknown,flat,avito,"московская обл., муниципальный округ истра, д. красный поселок, жк сампо, ул. фадеева, 18",unknown
6676200.0,55.67782,37.90226,31.9,1.0,0.7619047619047619,,new_building,apartments,avito,"ул. волковская , д. 67",волковская 67
7350000.0,55.563106,37.853272,41.2,1.0,0.8888888888888888,,new_building,flat,avito,"московская обл., ленинский г.о., с. молоково, ново-молоковский б-р, 10",unknown
3700000.0,55.30934,37.524166,30.2,1.0,1.0,,unknown,flat,avito,"московская обл., подольск, мкр-н львовский, садовый пр., 5",unknown
8000000.0,55.83691788,37.31656647,33.0,1.0,0.6666666666666666,1968.0,unknown,flat,avito,"московская обл., красногорск, ул. кирова, 3",unknown
5800000.0,56.00595856,37.84378433,34.4,1.0,0.5555555555555556,1975.0,unknown,flat,avito,"московская обл., г.о. пушкинский, пушкино, писаревская ул., 13",unknown
9009468.0,55.90929,37.78694,32.4,1.0,0.84,,new_building,flat,avito,"ярославское ш., стр. 2.4",ярославский квартал
9000000.0,55.830766,37.965885,50.0,1.0,0.5294117647058824,2008.0,unknown,flat,avito,"московская обл., балашиха, заречная ул., 32",unknown
6101958.0,55.9012,37.25493,22.3,1.0,0.8888888888888888,,new_building,flat,avito,"д. юрлово, д. 6",жк «большое юрлово»
4900000.0,56.18612012851716,36.98477815193512,31.0,1.0,0.2,,unknown,flat,avito,"московская обл., солнечногорск, ул. дзержинского, 21/19",unknown
11200000.0,55.923172,37.72941971,38.0,1.0,0.4444444444444444,2018.0,unknown,flat,avito,"московская обл., мытищи, ул. разведчика абеля, 1",unknown
2600000.0,54.864378,38.542002,29.9,1.0,0.6,1964.0,resale,flat,avito,"московская обл., г.о. коломна, озеры, квартал текстильщики, 43",unknown
6500000.0,55.70311762384754,36.86338338227078,45.0,1.0,0.5625,2010.0,unknown,flat,avito,"московская обл., одинцовский г.о., звенигород, мкр-н южный, радужная ул., 18",unknown
9800000.0,55.88099,37.41634,38.8,1.0,0.058823529411764705,,new_building,flat,avito,"ул. молодежная, корп. 1",жк «планерный квартал»
9421980.0,55.76603,37.21311,37.3,1.0,0.5555555555555556,,new_building,flat,avito,"д. глухово, стр. 4.3",ильинские луга
7905014.0,55.49886,37.73963,32.9,1.0,1.0,,new_building,flat,avito,"московская область, городской округ домодедово, село ям, жилой комплекс прибрежный парк, стр. 11.1",жк «прибрежный парк»
6800000.0,55.873056,37.256962,32.0,1.0,0.5,,unknown,flat,avito,"московская обл., г.о. красногорск, пгт. сабурово, рождественская ул., 5",unknown
6200000.0,55.796587,37.973691,32.7,1.0,0.1111111111111111,1975.0,unknown,flat,avito,"московская обл., балашиха, ш. энтузиастов, 68",unknown
5150000.0,55.57686234,39.51871109,35.6,1.0,0.3333333333333333,2001.0,unknown,flat,avito,"московская обл., шатура, академическая ул., 4",unknown
3700000.0,55.812408,38.191982,36.6,1.0,0.4,1988.0,unknown,flat,avito,"московская обл., богородский г.о., старая купавна, больничный пр., 37",unknown
5299000.0,56.32675552,38.15669632,35.0,1.0,0.9411764705882353,,unknown,flat,avito,"московская обл., сергиево-посадский г.о., сергиев посад, ул. осипенко, 8",unknown
8527348.0,56.0511,37.54492,41.1,1.0,0.5,2026.0,unknown,flat,avito,"дер. шолохово, д. 7к1",жк «шолохово»
7300000.0,55.891209,37.423384,29.3,1.0,0.2,1971.0,unknown,flat,avito,"московская обл., химки, ул. лавочкина, 9",unknown
3800000.0,55.904407,37.947281,32.5,1.0,0.3333333333333333,1972.0,unknown,flat,avito,"московская обл., г.о. щелково, пгт. загорянский, валентиновская ул., 34",unknown
9650000.0,55.9131012,37.71525574,38.0,1.0,0.09090909090909091,,new_building,flat,avito,"московская обл., мытищи, юбилейная ул., 10",unknown
7629867.0,55.95205,37.46823,33.4,1.0,0.11764705882352941,,new_building,flat,avito,"ул. олимпийская, корп. 5",жк «квартал ивакино»
6750000.0,56.087379,37.512128,36.7,1.0,0.75,2022.0,unknown,flat,avito,"московская обл., г.о. мытищи, д. сухарево, ул. егорова, 8",unknown
1950000.0,55.5885231001927,38.92257216199198,25.6,1.0,0.4444444444444444,1987.0,unknown,flat,avito,"московская обл., орехово-зуевский г.о., куровское, новинское ш., 12",unknown
10700000.0,55.87152481,37.39224625,42.0,1.0,0.21739130434782608,2014.0,unknown,flat,avito,"московская обл., г.о. красногорск, д. путилково, сходненская ул., 31",unknown
4500000.0,55.95935822,37.72994232,32.7,1.0,1.0,1962.0,unknown,flat,avito,"московская обл., г.о. мытищи, пос. здравница, ул. дубки, 2",unknown
5500000.0,55.590811,38.213578,34.0,1.0,0.6666666666666666,1974.0,unknown,flat,avito,"московская обл., раменский муниципальный округ, раменское, коммунистическая ул., 27",unknown
5644000.0,56.04874,37.86375,28.2,1.0,0.125,,new_building,flat,avito,"городской округ пушкинский, стр. 6",жилой квартал пушкино град
6300000.0,55.619462,36.984619,38.0,1.0,1.0,1996.0,unknown,flat,avito,"московская обл., одинцовский г.о., голицыно, советская ул., 60",unknown
5433220.0,55.83096,38.21137,37.9,1.0,0.7142857142857143,,new_building,flat,avito,"ул. генерала ковачевича, стр. 18",жк «новоград монино»
14750000.0,55.68817902,37.86597443,43.1,1.0,0.17391304347826086,2015.0,unknown,flat,avito,"московская обл., люберцы, ул. кирова, 12к3",unknown
11476184.0,55.87155,37.38944,37.4,1.0,0.17647058823529413,,new_building,flat,avito,"деревня путилково, жилой комплекс большое путилково, 28",жк «большое путилково»
4450000.0,55.36606057672197,37.78933131185764,42.0,1.0,0.23529411764705882,2025.0,unknown,flat,avito,"московская обл., домодедово, мкр-н востряково, ледовская ул., 33",unknown
9083250.0,56.04951,37.86443,40.4,1.0,0.5625,,new_building,flat,avito,"городской округ пушкинский, стр. 4",жилой квартал пушкино град
8000000.0,55.54314041,37.72097778,40.4,1.0,0.6666666666666666,2007.0,new_building,flat,avito,"московская обл., ленинский г.о., видное, березовая ул., 5",unknown
9783750.0,55.65533,37.87162,37.5,1.0,0.5882352941176471,,new_building,flat,avito,"яничкин пр-д, з/у 6/11",белая дача парк
9350000.0,55.702784,37.323563,39.6,1.0,0.20833333333333334,2008.0,unknown,flat,avito,"московская обл., одинцовский г.о., одинцово, мкр-н новая трехгорка, кутузовская ул., 7",unknown
5134640.0,55.83096,38.21137,35.3,1.0,1.0,,new_building,flat,avito,"ул. генерала ковачевича, стр. 18",жк «новоград монино»
7744791.0,55.95205,37.46823,33.4,1.0,0.5294117647058824,,new_building,flat,avito,"ул. олимпийская, корп. 5",жк «квартал ивакино»
5329122.0,55.97289,37.87044,39.2,1.0,1.0,,unknown,flat,avito,"с. тарасовка, мкр. пушкарь, корп. 3",жк «пушкарь»
5200000.0,56.005435,37.846562,30.3,1.0,0.4,1975.0,unknown,flat,avito,"московская обл., г.о. пушкинский, пушкино, ул. чехова, 16",unknown
6981000.0,56.04874,37.86375,35.8,1.0,0.4375,,new_building,flat,avito,"городской округ пушкинский, стр. 6",жилой квартал пушкино град
8180220.0,56.06263,37.35811,41.1,1.0,0.8,,unknown,flat,avito,"проезд 2-ой восточный, д. 2",жк «зеленый оазис-город»
5100000.0,55.83987920668661,37.97453861532699,45.5,1.0,0.7619047619047619,2020.0,new_building,flat,avito,"московская обл., балашиха, чистопольская ул., 20",unknown
7300000.0,55.74034119,38.03096771,36.4,1.0,0.5,,unknown,flat,avito,"московская обл., балашиха, мкр-н саввино, ул. калинина, 14",unknown
2950000.0,55.889583,38.452368,30.6,1.0,0.8,,unknown,flat,avito,"московская обл., богородский г.о., ногинск, ул. советской конституции, 38",unknown
9215038.0,56.00657,37.86003,49.5,1.0,0.6521739130434783,,unknown,flat,avito,"ул. надсоновская, жилой дом",жк «триумф»
10627110.0,55.59527,37.20066,38.1,1.0,0.10526315789473684,,new_building,flat,avito,"дер. марушкино, стр. 3",жк «внуково парк»
3300000.0,55.246569,37.278997,30.7,1.0,0.2,,unknown,flat,avito,"московская обл., г.о. чехов, городок чехов-7, ул. победы, 14",unknown
5692320.0,55.7259,36.87283,35.4,1.0,0.5,,new_building,flat,avito,"мкр. №2, корп. 2",жк «малиново»
3200000.0,55.63870930220745,37.01453928954426,28.6,1.0,0.5,1967.0,unknown,flat,avito,"московская обл., одинцовский г.о., пгт. большие вяземы, ул. городок-17, 1",unknown
8012137.0,56.0511,37.54492,41.1,1.0,0.25,2026.0,unknown,flat,avito,"дер. шолохово, д. 7к1",жк «шолохово»
7250000.0,55.938324,37.970502,44.0,1.0,0.5882352941176471,,unknown,flat,avito,"московская обл., щелково, мкр-н финский, 9к1",unknown
9700000.0,55.544861,37.457951,32.7,1.0,0.1,2025.0,unknown,flat,avito,"москва, новомосковский административный округ, р-н коммунарка, пр-т куприна, 40к9",unknown
7300000.0,55.92543,37.842987,35.5,1.0,0.4375,2020.0,unknown,flat,avito,"московская обл., королев, ул. сакко и ванцетти, 24б",unknown
7703550.0,56.00657,37.86003,39.8,1.0,0.9130434782608695,,unknown,flat,avito,"ул. надсоновская, жилой дом",жк «триумф»
5833990.0,55.97289,37.87044,44.8,1.0,0.25,,unknown,flat,avito,"с. тарасовка, мкр. пушкарь, корп. 3",жк «пушкарь»
9337770.0,55.65533,37.87162,34.7,1.0,0.6470588235294118,,new_building,flat,avito,"яничкин пр-д, з/у 6/11",белая дача парк
4318200.0,55.839987,37.97503,45.4,1.0,0.8181818181818182,2025.0,unknown,flat,avito,"московская обл., балашиха, чистопольская ул., 20",unknown
7350000.0,55.55722,37.311283,29.7,1.0,0.42857142857142855,2021.0,unknown,flat,avito,"москва, новомосковский административный округ, филимонковский р-н, золотошвейная ул., 9",unknown
6800000.0,55.62291718,38.00135803,36.8,1.0,0.21428571428571427,2010.0,unknown,flat,avito,"московская обл., г.о. люберцы, пгт. малаховка, быковское ш., 62",unknown
7478625.0,55.40986,37.83349,38.5,1.0,1.0,,new_building,flat,avito,"ул. жуковского, стр. 1",жк «космос»
9018240.0,55.65533,37.87162,33.6,1.0,0.16,,new_building,flat,avito,"яничкин пр-д, з/у 6/11",белая дача парк
2850000.0,54.838011,37.608715,33.2,1.0,0.5555555555555556,1981.0,unknown,flat,avito,"московская обл., г.о. серпухов, пущино, мкр-н аб, 22",unknown
6500000.0,55.604437,37.983456,39.3,1.0,0.4117647058823529,,unknown,flat,avito,"московская обл., раменский г.о., д. островцы, мкр-н новые островцы, баулинская ул., 11",unknown
8000000.0,55.580976,38.220629,38.0,1.0,0.391304347826087,2019.0,unknown,flat,avito,"московская обл., раменский г.о., раменское, северное ш., 32",unknown
9262054.0,56.00657,37.86003,49.5,1.0,0.7391304347826086,,unknown,flat,avito,"ул. надсоновская, жилой дом",жк «триумф»
5783400.0,55.45219,37.54058,37.8,1.0,0.7647058823529411,,new_building,flat,avito,"ул. садовая, д. 14",жк «красная горка»
12614000.0,55.90982,37.75822,34.0,1.0,0.76,,new_building,flat,avito,"ул. колонцова, стр. 11",яуза парк
10500000.0,55.70278549,37.32356262,42.0,1.0,0.75,2008.0,unknown,flat,avito,"московская обл., одинцовский г.о., одинцово, мкр-н новая трехгорка, кутузовская ул., 7",unknown
6350000.0,55.98462677,37.9079361,34.6,1.0,0.6666666666666666,2020.0,unknown,flat,avito,"московская обл., г.о. пушкинский, ивантеевка, ул. прокудина, 5",unknown
9900000.0,55.87034978510256,37.4013099224281,40.1,1.0,0.45454545454545453,2016.0,unknown,flat,avito,"московская обл., г.о. красногорск, пгт. путилково, новотушинская ул., 4",unknown
3900000.0,56.365912,38.137445,38.5,1.0,1.0,1982.0,unknown,flat,avito,"московская обл., сергиево-посадский г.о., рп. скоропусковский, 25",unknown
3100000.0,56.47836320614932,36.87199686242674,33.1,1.0,1.0,1991.0,unknown,flat,avito,"московская обл., г.о. клин, д. слобода, центральная ул., 17",unknown
6006000.0,56.04874,37.86375,30.0,1.0,0.125,,new_building,flat,avito,"городской округ пушкинский, стр. 6",жилой квартал пушкино град
7665787.0,56.00657,37.86003,39.8,1.0,0.7391304347826086,,unknown,flat,avito,"ул. надсоновская, жилой дом",жк «триумф»
7900000.0,55.981987,37.1280098,37.1,1.0,0.9166666666666666,,unknown,flat,avito,"московская обл., г.о. солнечногорск, рп. андреевка, жилинская ул., 27к4",unknown
4450000.0,55.92635724937485,37.87659509290484,30.7,1.0,0.6,,unknown,flat,avito,"московская обл., королев, мкр-н болшево, гражданская ул., 43",unknown
5183600.0,55.83126,38.20667,35.7,1.0,0.2857142857142857,,new_building,flat,avito,"ул. генерала ковачевича, стр. 13",жк «новоград монино»
6889350.0,56.04893,37.86542,35.3,1.0,0.125,,new_building,flat,avito,"городской округ пушкинский, стр. 5",жилой квартал пушкино град
5700000.0,56.00545883,37.87255096,33.2,1.0,0.6666666666666666,,unknown,flat,avito,"московская обл., г.о. пушкинский, пушкино, мкр-н серебрянка, 58",unknown
5644000.0,56.04874,37.86375,28.2,1.0,0.5,,new_building,flat,avito,"городской округ пушкинский, стр. 6",жилой квартал пушкино град
6748040.0,55.51132,37.74064,32.9,1.0,0.5384615384615384,,new_building,flat,avito,"ленинский городской округ, жилой комплекс новое видное, 18.2",жк «новое видное»
3900000.0,55.943643,36.711603,37.9,1.0,0.4444444444444444,,unknown,flat,avito,"московская обл., муниципальный округ истра, пос. глебовский, ул. микрорайон, 101",unknown
10276000.0,55.66275,37.86706,36.7,1.0,0.28,,new_building,flat,avito,"ул. новая, д. 1-10, корп. 5а",томилинский бульвар
9068491.0,56.00657,37.86003,49.5,1.0,0.2608695652173913,,unknown,flat,avito,"ул. надсоновская, жилой дом",жк «триумф»
6722100.0,55.43296,37.73279,40.7,1.0,0.9411764705882353,,new_building,flat,avito,"ул. текстильщиков, стр. 45",жк «оптима на текстильщиков»
5000000.0,55.373127,37.488044,31.4,1.0,1.0,1978.0,unknown,flat,avito,"московская обл., подольск, мкр-н климовск, школьная ул., 50к6",unknown
3390000.0,55.774583,38.456491,30.0,1.0,0.8,1964.0,unknown,flat,avito,"московская обл., электросталь, красная ул., 82",unknown
5737500.0,55.45219,37.54058,37.5,1.0,0.7647058823529411,,new_building,flat,avito,"ул. садовая, д. 14",жк «красная горка»
6700000.0,55.92093139238013,37.84576767435868,35.0,1.0,0.625,,unknown,flat,avito,"московская обл., королев, ул. 50-летия влксм, 6/18",unknown
3950000.0,55.60233307,36.49261093,28.0,1.0,0.25,2015.0,unknown,flat,avito,"московская обл., рузский муниципальный округ, пгт. тучково, мкр-н дружный, 6",unknown
5005200.0,55.721,36.87177,38.8,1.0,1.0,,new_building,flat,avito,"мкр. № 2, 3, стр. 6",жк «восточный»
5900000.0,55.427683,36.865934,30.0,1.0,0.2,1975.0,unknown,flat,avito,"москва, троицкий административный округ, р-н бекасово, рп. киевский, 3",unknown
6700000.0,55.607102,37.966469,37.5,1.0,0.23529411764705882,2012.0,unknown,flat,avito,"московская обл., г.о. люберцы, рп. октябрьский, ул. 60 лет победы, 8",unknown
7919960.0,55.52428,37.61537,32.3,1.0,0.3333333333333333,,new_building,flat,avito,"с/п булатниковское, д. боброво, мкр. «боброво», корп. 47",восточное бутово
9779840.0,55.52428,37.61537,41.3,1.0,1.0,,new_building,flat,avito,"с/п булатниковское, д. боброво, мкр. «боброво», корп. 47",восточное бутово
6975150.0,56.04874,37.86375,35.8,1.0,0.125,,new_building,flat,avito,"городской округ пушкинский, стр. 6",жилой квартал пушкино град
7522934.0,55.90726,37.43297,33.8,1.0,0.8,,new_building,flat,avito,"ул. рабочая , корп. 2.1",химки парк
5609598.0,55.97289,37.87044,39.2,1.0,0.5,,unknown,flat,avito,"с. тарасовка, мкр. пушкарь, корп. 3",жк «пушкарь»
6000000.0,55.79698563,37.9771843,34.0,1.0,0.5555555555555556,1980.0,unknown,flat,avito,"московская обл., балашиха, ш. энтузиастов, 72",unknown
4300000.0,55.41561127,36.7268219,30.8,1.0,0.2,1973.0,unknown,flat,avito,"московская обл., наро-фоминский г.о., наро-фоминск, ул. шибанкова, 73",unknown
10000000.0,55.870971,37.401689,40.1,1.0,0.9545454545454546,2016.0,unknown,flat,avito,"московская обл., г.о. красногорск, пгт. путилково, новотушинская ул., 4",unknown
12599277.0,55.56632,37.68656,38.2,1.0,0.9166666666666666,,unknown,flat,avito,"ул. старо-нагорная, д. 31",жк 1-й южный
7478625.0,55.40986,37.83349,38.5,1.0,1.0,,new_building,flat,avito,"ул. жуковского, стр. 1",жк «космос»
6500000.0,55.91825104,37.83510971,32.7,1.0,0.2222222222222222,,unknown,flat,avito,"московская обл., королев, пр-т королева, 2а",unknown
9233670.0,55.65533,37.87162,34.7,1.0,0.35294117647058826,,new_building,flat,avito,"яничкин пр-д, з/у 6/11",белая дача парк
8320400.0,55.92311,37.77916,34.1,1.0,0.5238095238095238,,unknown,flat,avito,"мкр. 36, 36а, 37, стр. 5",жк «отрадный»
6480000.0,56.01300049,37.45081711,35.0,1.0,0.23529411764705882,2019.0,unknown,flat,avito,"московская обл., лобня, ул. колычева, 4",unknown
2750000.0,55.70756149,38.95443726,31.0,1.0,0.8,,unknown,flat,avito,"московская обл., орехово-зуевский г.о., ликино-дулево, ул. ленина, 6в",unknown
7200000.0,56.354602,37.531954,39.6,1.0,0.7647058823529411,2021.0,unknown,flat,avito,"московская обл., дмитровский г.о., дмитров, оборонная ул., 32",unknown
5743580.0,55.83044,38.20761,40.4,1.0,0.7142857142857143,,new_building,flat,avito,"ул. генерала ковачевича, стр. 14",жк «новоград монино»
7665787.0,56.00657,37.86003,39.8,1.0,0.7391304347826086,,unknown,flat,avito,"ул. надсоновская, жилой дом",жк «триумф»
8600000.0,55.42568563700792,37.53718607582482,40.2,1.0,0.3,2002.0,unknown,flat,avito,"московская обл., подольск, ул. 50 лет влксм, 16",unknown
7490000.0,55.583556,38.199276,39.0,1.0,0.5714285714285714,,unknown,flat,avito,"московская обл., раменский муниципальный округ, раменское, ул. чугунова, 40",unknown
5900000.0,55.80759958085954,38.09919929068846,46.6,1.0,0.9166666666666666,2009.0,unknown,flat,avito,"московская обл., богородский г.о., пос. зеленый, школьная ул., 9",unknown
7800000.0,55.6991272,37.96231842,34.0,1.0,0.29411764705882354,2017.0,unknown,flat,avito,"московская обл., люберцы, мкр-н зенино жк самолет, озерная ул., 1",unknown
7188335.0,55.94884,37.47548,37.6,1.0,0.9090909090909091,,new_building,flat,avito,"ул. береговая, стр. 8",жк «берег»
4190000.0,56.07173,37.139175,37.3,1.0,0.2222222222222222,2025.0,unknown,flat,avito,"московская обл., г.о. солнечногорск, пгт. радумля, мкр-н ммс-2, 2к1",unknown
9234050.0,55.76603,37.21311,37.7,1.0,0.2222222222222222,,new_building,flat,avito,"д. глухово, стр. 4.2",ильинские луга
5750000.0,56.046303,37.860917,32.3,1.0,0.875,,unknown,flat,avito,"московская обл., г.о. пушкинский, пушкино, мкр-н заветы ильича, ул. степана разина, 2к2",unknown
4500000.0,56.331324,38.142701,36.5,1.0,0.1111111111111111,,unknown,flat,avito,"московская обл., сергиево-посадский г.о., сергиев посад, ул. дружбы, 13",unknown
11553036.0,55.58325,37.15198,41.5,1.0,0.21428571428571427,,new_building,flat,avito,"москва, новомосковский административный округ, район внуково, жилой комплекс квартал западный, 6",жк «квартал западный»
10173700.0,55.53382,37.71707,35.2,1.0,0.84,,unknown,flat,avito,"с. ермолино, ул. западный квартал , д. 7, корп. 2",жк «видный берег 2»
7700000.0,55.743907,36.880657,40.0,1.0,0.7058823529411765,2015.0,unknown,flat,avito,"московская обл., одинцовский г.о., звенигород, мкр-н супонево, к7",unknown
5800000.0,56.080502,37.062539,42.9,1.0,1.0,2014.0,unknown,flat,avito,"московская обл., г.о. солнечногорск, дп. поварово, школьная ул., 11",unknown
7900000.0,55.66363907,37.99777603,40.5,1.0,0.25,2017.0,new_building,flat,avito,"московская обл., г.о. люберцы, дп. красково, егорьевское ш., 1к1",unknown
8500000.0,55.764546,37.851332,29.6,1.0,0.7777777777777778,1972.0,unknown,flat,avito,"московская обл., реутов, ул. победы, 19б",unknown
4000000.0,56.11834348662289,38.14467638961989,33.0,1.0,0.8,,unknown,flat,avito,"московская обл., г.о. пушкинский, красноармейск, мкр-н северный, 21",unknown
7200000.0,55.4056875759291,37.76652110796823,35.0,1.0,0.9,,unknown,flat,avito,"московская обл., домодедово, мкр-н южный, ул. курыжова, 1к3",unknown
6800000.0,55.429277,37.557322,44.1,1.0,0.8,1980.0,unknown,flat,avito,"московская обл., подольск, ул. дружбы, 15",unknown
5018100.0,55.721,36.87177,38.9,1.0,0.1875,,new_building,flat,avito,"мкр. № 2, 3, стр. 6",жк «восточный»
3000000.0,55.618242,38.380916,35.9,1.0,0.8,1996.0,unknown,flat,avito,"московская обл., раменский г.о., с. гжель, центральная ул., 1а",unknown
8500000.0,55.53049,37.062935,45.7,1.0,0.1111111111111111,,unknown,flat,avito,"московская обл., наро-фоминский г.о., апрелевка, жасминовая ул., 5",unknown
7900000.0,55.76457214,37.96433258,42.5,1.0,0.16666666666666666,2014.0,unknown,flat,avito,"московская обл., балашиха, мкр-н кучино, ул. соловьева, 1",unknown
5650000.0,55.71997083851953,36.83315512818443,38.3,1.0,0.5,,unknown,flat,avito,"московская обл., одинцовский г.о., звенигород, ул. чайковского, 34",unknown
8833500.0,55.65533,37.87162,30.2,1.0,0.48,,new_building,flat,avito,"яничкин пр-д, з/у 6/11",белая дача парк
4700000.0,55.921919,37.977536,30.2,1.0,0.75,,unknown,flat,avito,"московская обл., щелково, ул. пушкина, 13",unknown
5433220.0,55.83096,38.21137,37.9,1.0,0.42857142857142855,,new_building,flat,avito,"ул. генерала ковачевича, стр. 18",жк «новоград монино»
11369654.0,55.65753,37.87212,44.2,1.0,0.6,,unknown,flat,avito,"яничкин пр-д, жилой комплекс белая дача парк, корп. 8.2",белая дача парк
4350000.0,55.77334213,38.43532562,30.0,1.0,0.4,,unknown,flat,avito,"московская обл., электросталь, ул. победы, 1к5",unknown
4700000.0,55.46896744,37.75709152,35.7,1.0,0.4,1992.0,unknown,flat,avito,"московская обл., г.о. домодедово, с. ям, ул. связистов, 14",unknown
8300000.0,55.914408,37.86566,38.5,1.0,0.42857142857142855,1987.0,unknown,flat,avito,"московская обл., королев, пр-т космонавтов, 20/35",unknown
7890000.0,55.88442636697246,37.26112658938668,38.5,1.0,0.25,2017.0,unknown,flat,avito,"московская обл., г.о. красногорск, пгт. сабурово, луговая ул., 1",unknown
8300000.0,55.39138236203988,37.56158403094983,37.0,1.0,0.7391304347826086,2016.0,unknown,flat,avito,"московская обл., г.о. подольск, пос. сосновый бор, ул. объездная дорога, 1",unknown
6990000.0,55.8029747,38.45561981,37.5,1.0,0.6470588235294118,,unknown,flat,avito,"московская обл., электросталь, ул. захарченко, 12",unknown
7100000.0,55.43297577,37.75312042,39.8,1.0,0.8823529411764706,2023.0,unknown,flat,avito,"московская обл., домодедово, мкр-н центральный, ул. кирова, 17к1",unknown
7172872.0,55.90726,37.43297,34.8,1.0,0.1,,new_building,flat,avito,"ул. рабочая , корп. 2.1",химки парк
6100000.0,55.388594,37.778856,32.0,1.0,0.7058823529411765,2019.0,unknown,flat,avito,"московская обл., домодедово, мкр-н востряково, донская ул., 3",unknown
7100000.0,55.82360652305337,37.93167918707603,45.5,1.0,0.24,2012.0,unknown,flat,avito,"московская обл., балашиха, балашихинское ш., 12",unknown
10084850.0,55.59527,37.20066,39.9,1.0,1.0,,new_building,flat,avito,"дер. марушкино, стр. 3",жк «внуково парк»
8400000.0,55.79833984,37.96150208,44.0,1.0,0.6470588235294118,2014.0,unknown,flat,avito,"московская обл., балашиха, пр-т ленина, 32а",unknown
5300000.0,55.37691116,36.69628525,34.8,1.0,1.0,,unknown,flat,avito,"московская обл., наро-фоминский г.о., наро-фоминск, ул. в/городок 3, 9",unknown
5500000.0,55.93871689,38.03474808,34.5,1.0,0.16666666666666666,2015.0,unknown,flat,avito,"московская обл., щелково, фряновское ш., 64к2",unknown
8853771.0,55.63949,37.94882,34.1,1.0,0.6111111111111112,,new_building,flat,avito,"московская область, городской округ люберцы, поселок жилино-1, жилой комплекс егорово парк, стр. 4.1",жк «егорово парк»
5700000.0,55.931426,37.989349,43.0,1.0,0.1,2004.0,unknown,flat,avito,"московская обл., щелково, сиреневая ул., 5б",unknown
8818530.0,55.52428,37.61537,34.3,1.0,0.11764705882352941,,new_building,flat,avito,"с/п булатниковское, д. боброво, мкр. «боброво», корп. 47",восточное бутово
7500000.0,55.43283,37.75326,44.2,1.0,0.5882352941176471,2022.0,unknown,flat,avito,"московская обл., домодедово, мкр-н центральный, ул. кирова, 17к1",unknown
5005200.0,55.721,36.87177,38.8,1.0,0.875,,new_building,flat,avito,"мкр. № 2, 3, стр. 6",жк «восточный»
7852320.0,55.52428,37.61537,34.2,1.0,0.4,,new_building,flat,avito,"с/п булатниковское, д. боброво, мкр. «боброво», корп. 47",восточное бутово
5752800.0,55.45219,37.54058,37.6,1.0,0.11764705882352941,,new_building,flat,avito,"ул. садовая, д. 14",жк «красная горка»
7300000.0,55.39199829,37.56305313,43.0,1.0,1.0,2015.0,new_building,flat,avito,"московская обл., г.о. подольск, пос. сосновый бор, ул. объездная дорога, 2",unknown
5005200.0,55.721,36.87177,38.8,1.0,0.5,,new_building,flat,avito,"мкр. № 2, 3, стр. 6",жк «восточный»
1300000.0,54.859922,38.666526,33.7,1.0,0.3333333333333333,,unknown,flat,avito,"московская обл., г.о. коломна, с. полурядинки, 6",unknown
9389892.0,55.93821,37.84628,32.2,1.0,0.11764705882352941,,new_building,flat,avito,"московская область, королев, микрорайон юбилейный, жилой комплекс космический квартал, к1",жк «космический квартал»
11500000.0,55.75803757,37.85870743,32.0,1.0,0.6666666666666666,,unknown,flat,avito,"московская обл., реутов, новая ул., 14к3",unknown
12700000.0,55.947994,37.492491,61.0,1.0,0.16666666666666666,,unknown,flat,avito,"московская обл., долгопрудный, лихачевское ш., 14к1",unknown
10786100.0,55.53382,37.71707,37.3,1.0,0.68,,unknown,flat,avito,"с. ермолино, ул. западный квартал , д. 7, корп. 2",жк «видный берег 2»
4400000.0,55.9629097,38.03931427,31.0,1.0,0.4,,unknown,flat,avito,"московская обл., фрязино, вокзальная ул., 25",unknown
8200000.0,56.01308441,37.8535347,36.4,1.0,0.9090909090909091,2020.0,unknown,flat,avito,"московская обл., г.о. пушкинский, пушкино, 1-й некрасовский пр., 13",unknown
5768100.0,55.45219,37.54058,37.7,1.0,0.7647058823529411,,new_building,flat,avito,"ул. садовая, д. 14",жк «красная горка»
7887230.0,55.52428,37.61537,35.9,1.0,0.36,,new_building,flat,avito,"с/п булатниковское, д. боброво, мкр. «боброво», корп. 48",восточное бутово
8929335.0,56.00657,37.86003,49.5,1.0,0.13043478260869565,,unknown,flat,avito,"ул. надсоновская, жилой дом",жк «триумф»
7000000.0,56.08290482,37.04633331,40.0,1.0,0.47058823529411764,2014.0,unknown,flat,avito,"московская обл., г.о. солнечногорск, дп. поварово, 1-й мкр-н, к1",unknown
4853870.0,55.83044,38.20761,34.1,1.0,0.14285714285714285,,new_building,flat,avito,"ул. генерала ковачевича, стр. 14",жк «новоград монино»
8500000.0,55.98202515,37.13046265,39.0,1.0,0.75,,unknown,flat,avito,"московская обл., г.о. солнечногорск, пгт. андреевка, жилинская ул., 27к6",unknown
8800000.0,55.86924362304144,37.39063772865615,32.6,1.0,0.09090909090909091,2022.0,unknown,flat,avito,"московская обл., г.о. красногорск, пгт. путилково, просторная ул., 14",unknown
4650000.0,55.586598,38.202708,30.2,1.0,0.4,1965.0,unknown,flat,avito,"московская обл., раменский г.о., раменское, ул. космонавтов, 5",unknown
7500000.0,55.57016754,38.27067566,40.0,1.0,0.6666666666666666,2024.0,unknown,flat,avito,"московская обл., раменский г.о., раменское, ул. березовая роща, 6",unknown
6400000.0,55.829729,37.245239,33.8,1.0,0.8,1988.0,unknown,flat,avito,"московская обл., красногорск, мкр-н опалиха, пр. островского, 7",unknown
6750000.0,55.71479797,36.83098221,36.6,1.0,0.4444444444444444,2015.0,unknown,flat,avito,"московская обл., одинцовский г.о., звенигород, пр. ветеранов, 10к2",unknown
7600000.0,55.6389,37.94504,32.4,1.0,0.5833333333333334,,unknown,flat,avito,"пгт жилино-1, кв-л 3, д. 1",жк «егорово парк»
4150000.0,55.94283295,37.97355652,27.2,1.0,0.8,1973.0,unknown,flat,avito,"московская обл., щелково, ул. неделина, 2",unknown
4800000.0,55.866160761888416,38.195523809861626,38.8,1.0,0.7777777777777778,,unknown,flat,avito,"московская обл., лосино-петровский, ул. пушкина, 2",unknown
6264258.0,55.91986,37.42938,38.7,1.0,0.75,,new_building,apartments,avito,"вашутинское ш. , клубный дом «новое вашутино»",клубный дом «новое вашутино»
6160000.0,55.710459,37.951305,27.7,1.0,0.6470588235294118,2024.0,unknown,apartments,avito,"московская обл., люберцы, мкр-н зенино жк самолет, некрасовский пр., 7",unknown
4650000.0,55.77709579,38.45004272,37.1,1.0,0.8,,unknown,flat,avito,"московская обл., электросталь, пионерская ул., 18",unknown
7150000.0,55.56258538541215,37.85063361427749,36.0,1.0,0.2222222222222222,2015.0,unknown,flat,avito,"московская обл., ленинский г.о., пгт. молоково, ново-молоковский б-р, 8",unknown
5638000.0,56.04874,37.86375,28.2,1.0,0.125,,new_building,flat,avito,"городской округ пушкинский, стр. 6",жилой квартал пушкино град
6783284.0,55.63949,37.94882,32.9,2.0,0.6666666666666666,,new_building,flat,avito,"московская область, городской округ люберцы, поселок жилино-1, жилой комплекс егорово парк, стр. 4.1",жк «егорово парк»
16082440.0,55.88099,37.41134,52.0,2.0,0.14285714285714285,,new_building,flat,avito,"куркинское ш., корп. 2",жк «лесная коллекция»
11867712.0,55.65533,37.87162,56.5,2.0,0.23529411764705882,,new_building,flat,avito,"яничкин пр-д, з/у 6/11",белая дача парк
10844719.0,55.90726,37.43297,52.1,2.0,0.8,,new_building,flat,avito,"ул. рабочая , корп. 2.1",химки парк
14176320.0,55.45458,37.27996,65.2,2.0,0.5,,unknown,flat,avito,"ул. академика франка, стр. 1",жк «троицкий»
14153316.0,55.91001,37.78409,58.9,2.0,0.9583333333333334,,unknown,flat,avito,"ш. ярославское, д. 120б, корп. 3",ярославский квартал
16391029.0,55.61143,37.41538,52.3,2.0,0.9565217391304348,,new_building,flat,avito,"ул. трехполье, з/у 7",саларьево парк
13166049.0,55.76603,37.21311,57.1,2.0,0.6666666666666666,,new_building,flat,avito,"д. глухово, стр. 4.2",ильинские луга
6221930.0,56.07982,37.06055,43.5,2.0,0.35294117647058826,,unknown,flat,avito,"ул. школьная, стр. 13",жк «поварово молодежный - 2»
12700000.0,55.56498,37.68643,59.6,2.0,0.7083333333333334,,new_building,flat,avito,"ул. старо-нагорная, д. 29",жк 1-й южный
7700000.0,55.87155,37.38944,35.4,2.0,0.08,,unknown,flat,avito,"деревня путилково, жилой комплекс большое путилково, 28",жк «большое путилково»
15500000.0,55.80121,37.37417,50.9,2.0,0.9666666666666667,2027.0,new_building,apartments,avito,"московская область, красногорск, жилой комплекс спутник, 21",скай спутник
14273800.0,55.56792,37.29124,58.0,2.0,0.125,,new_building,flat,avito,"пос. филимонковское, ул. оао марьинская птицефабрика, корп. 2.1.6",середневский лес
10980594.0,55.52428,37.61537,58.2,2.0,0.4,,new_building,flat,avito,"с/п булатниковское, д. боброво, мкр. «боброво», корп. 47",восточное бутово
12233000.0,55.62799,37.20621,52.4,2.0,0.5,,new_building,flat,avito,"д. солманово, ул. лазурная, стр. 1",жк «одинцовские кварталы»
9584267.0,55.8074,37.31868,35.5,2.0,0.6,,new_building,flat,avito,"туп. ильинский, стр. 3",жк «ильинойс»
14097312.0,55.59527,37.20066,63.2,2.0,0.7058823529411765,,new_building,flat,avito,"дер. марушкино, стр. 3",жк «внуково парк»
9965976.0,55.56022,37.81064,51.8,2.0,0.11764705882352941,,new_building,flat,avito,"деревня мисайлово, молодежный бульвар, 3",жк «пригород лесное»
13494485.0,55.92405,37.4359,66.3,2.0,0.2,,new_building,flat,avito,"ул. озерная, стр. 6",жк «мишино-2»
10454808.0,55.71778,37.33363,51.1,2.0,0.21428571428571427,,new_building,flat,avito,"с. ромашково, ул. малевича, д. 8",жк «притяжение сити»
10904649.0,55.95205,37.46823,47.8,2.0,0.35294117647058826,,new_building,flat,avito,"ул. олимпийская, корп. 5",жк «квартал ивакино»
15848352.0,55.94798,37.76817,53.1,2.0,0.47058823529411764,,new_building,flat,avito,"жилой комплекс мытищи парк, к6",жк «мытищи парк»
6900000.0,55.933933,37.853066,42.6,2.0,0.8,1965.0,unknown,flat,avito,"московская обл., королев, мкр-н юбилейный, ул. м.м. глинкина, 6",unknown
13716000.0,55.65997,37.28946,54.0,2.0,0.20833333333333334,2025.0,new_building,flat,avito,"ул. верхне-пролетарская/сосновая, стр. 3",жк «союзный»
13602556.0,55.91128,37.763,45.9,2.0,0.75,,new_building,flat,avito,"ул. колонцова, стр. 14",яуза парк
7978459.0,55.63949,37.94882,40.9,2.0,0.4444444444444444,,new_building,flat,avito,"московская область, городской округ люберцы, поселок жилино-1, жилой комплекс егорово парк, стр. 4.1",жк «егорово парк»
9717889.0,55.83498,37.92209,57.8,2.0,0.11764705882352941,,unknown,flat,avito,"ул. дмитриева, д. 3",жк «новая алексеевская роща»
7812356.0,55.9012,37.25493,51.3,2.0,0.2222222222222222,,new_building,flat,avito,"д. юрлово, д. 6",жк «большое юрлово»
16659404.0,55.59133,37.48273,49.5,2.0,0.7222222222222222,,new_building,flat,avito,"п. сосенское, пос. газопровод, стр.",жк «форевиль»
10450000.0,55.59866,37.76996,59.1,2.0,0.125,2024.0,new_building,flat,avito,"римский пр-д, д. 7",жк «римский»
18333673.0,55.596,37.36946,61.3,2.0,0.5263157894736842,,new_building,flat,avito,"г. московский, корп. 3",город-парк «первый московский»
9984920.0,55.52237,37.61232,48.4,2.0,0.64,,new_building,flat,avito,"с/п булатниковское, д. боброво, мкр. «боброво», корп. 55",восточное бутово
19014440.0,55.60552,37.41724,50.8,2.0,0.6363636363636364,,new_building,flat,avito,"п. сосенское, стр. 57",саларьево парк
11304452.0,55.49886,37.73963,52.4,2.0,1.0,,new_building,flat,avito,"московская область, городской округ домодедово, село ям, жилой комплекс прибрежный парк, стр. 11.1",жк «прибрежный парк»
8500000.0,55.836716,37.302668,56.0,2.0,0.5555555555555556,1978.0,unknown,flat,avito,"московская обл., красногорск, ул. ленина, 47к3",unknown
15260290.0,55.88086,37.41151,50.4,2.0,0.8928571428571429,,new_building,flat,avito,"куркинское ш., корп. 4-5",жк «лесная коллекция»
9912000.0,55.52428,37.61537,48.0,2.0,0.56,,new_building,flat,avito,"с/п булатниковское, д. боброво, мкр. «боброво», корп. 48",восточное бутово
13589563.0,55.45458,37.27996,62.5,2.0,0.4166666666666667,,unknown,flat,avito,"ул. академика франка, стр. 1",жк «троицкий»
8554000.0,55.73471,38.00349,36.4,2.0,0.72,,new_building,flat,avito,"мкр. железнодорожный, пр-т героев, ул. автозаводская, стр. 611с1",жк «героев»
10000000.0,55.96603,37.30737,50.5,2.0,0.3,,unknown,flat,avito,"ул. первомайская, стр. 2, секц. 2-4",жк «ласточкино»
10799100.0,55.60116,38.08297,63.9,2.0,0.1111111111111111,,new_building,flat,avito,"ул. гудкова, стр. 3",жк «гранд комфорт»
12124242.0,56.73612,37.15059,61.6,2.0,0.5,2027.0,new_building,flat,avito,"ул. станционная/правды, стр. 1",жк «элемент»
22942523.0,55.56005,37.51111,49.9,2.0,0.75,,unknown,flat,avito,"п. сосенское, ул. поляны, з/у 50д, стр. 18.2.5",жк «скандинавия»
14923762.0,55.85617,37.19678,60.7,2.0,0.25,,new_building,flat,avito,"ул. международная, корп. 9",жк «коллекция»
14200000.0,55.60611,37.47661,46.9,2.0,0.5555555555555556,2026.0,new_building,flat,avito,"квартал 24, земельный участок 1а",жк «1-й ясеневский»
12746500.0,55.66275,37.86706,48.1,2.0,0.76,,new_building,flat,avito,"ул. новая, д. 1-10, корп. 5а",томилинский бульвар
14625774.0,55.48134,37.5944,58.8,2.0,0.875,,unknown,flat,avito,"д. борисовка, ул. рахманинова, д. 20",жк «новая щербинка»
10161600.0,56.75368,37.16891,69.6,2.0,0.4444444444444444,2025.0,unknown,flat,avito,"ул. программистов, д. 11",дома по ул. макаренко
14820049.0,55.58325,37.15198,52.7,2.0,0.875,,new_building,flat,avito,"москва, новомосковский административный округ, район внуково, жилой комплекс квартал западный, 6",жк «квартал западный»
11666800.0,55.65212,37.9301,61.7,2.0,0.17647058823529413,,unknown,flat,avito,"мкр. птицефабрика, стр. 7",жк «новотомилино»
10721307.0,55.71778,37.33363,51.5,2.0,0.5,,new_building,flat,avito,"с. ромашково, ул. малевича, д. 8",жк «притяжение сити»
30625120.0,55.68141,37.39326,70.0,2.0,0.6666666666666666,,new_building,flat,avito,"б-р мещерский, стр. 6.1",жк «резиденции сколково»
15846768.0,55.6593,37.87593,59.7,2.0,0.8,,unknown,flat,avito,"мкр. парковый, д. 1, корп. 4",белая дача парк
13114475.0,55.85617,37.19678,50.0,2.0,0.75,,new_building,flat,avito,"ул. международная, корп. 9",жк «коллекция»
17280852.0,55.86501,37.33001,62.8,2.0,0.7333333333333333,,new_building,flat,avito,"пос. отрадное, ул. знаменская, стр. 26/3",жк «левел лесной»
7877226.0,56.00612,37.8749,59.1,2.0,0.29411764705882354,,new_building,flat,avito,"ш. ярославское, д. 194, корп. 1",жк «серебро»
12621360.0,55.90924,37.78615,51.6,2.0,0.76,,new_building,flat,avito,"ярославское ш., стр. 2.2",ярославский квартал
10934550.0,55.94813,37.47395,51.7,2.0,0.5,,unknown,flat,avito,"кв-л ивакино, стр. 2.6.1",жк «1-й химкинский»
10056550.0,55.71298,37.36949,48.7,2.0,0.47058823529411764,,unknown,apartments,avito,"ул. западная, комплекс апартаментов «м1 сколково»",комплекс апартаментов «м1 сколково»
16426956.0,55.56526,37.6827,61.4,2.0,0.76,,unknown,flat,avito,"б-р садовый, д. 4",жк 1-й южный
11499720.0,56.04951,37.86443,62.8,2.0,0.125,,new_building,flat,avito,"городской округ пушкинский, стр. 4",жилой квартал пушкино град
19432350.0,55.77311,37.21194,76.9,2.0,0.4444444444444444,,unknown,flat,avito,"ш. новорижское, жилой дом",жк «рига хиллс»
12871740.0,55.94179,37.87448,60.3,2.0,0.375,,new_building,flat,avito,"ул. солнечная, д. 2",жилой «киноквартал»
8054243.0,56.00612,37.8749,59.1,2.0,0.29411764705882354,,new_building,flat,avito,"ш. ярославское, д. 194, корп. 1",жк «серебро»
15208420.0,55.48268,37.38251,56.6,2.0,0.25,,unknown,flat,avito,"д. яковлево, ул. лесная, д. 111 корп. 12",жк «яковлево»
9537482.0,55.53353,37.87626,52.0,2.0,0.9166666666666666,,new_building,flat,avito,"московская область, ленинский городской округ, жилой комплекс богдановский лес, 10.1",жк «богдановский лес»
10063700.0,55.65212,37.9301,50.8,2.0,0.17647058823529413,,unknown,flat,avito,"мкр. птицефабрика, стр. 7",жк «новотомилино»
14899700.0,55.53382,37.71707,49.9,2.0,0.92,,unknown,flat,avito,"с. ермолино, ул. западный квартал , д. 7, корп. 2",жк «видный берег 2»
7603622.0,55.82056,37.21042,34.3,2.0,0.7142857142857143,,new_building,flat,avito,"ул. береговая, стр. 1.1",жк «аникеевский»
20283890.0,55.80745,37.38186,51.3,2.0,0.125,,new_building,flat,avito,"московская область, красногорск, жилой комплекс квартал строгино, к2",жк «квартал строгино»
6757413.0,55.81504,37.20912,34.7,2.0,0.5,,new_building,flat,avito,"ул. полковника глазунова, стр. 9",жк «аникеевский»
18569367.0,55.83449,37.25043,63.7,2.0,0.3333333333333333,,unknown,flat,avito,"мкр. опалиха, ул. новая московская, д. 49, корп. 3",миниполис «8 кленов»
11208379.0,55.52786,37.04111,58.3,2.0,0.6,,unknown,flat,avito,"ул. парк апрель, стр. 1",жк «апрелевка клаб»
11593520.0,55.52428,37.61537,62.6,2.0,0.76,,new_building,flat,avito,"с/п булатниковское, д. боброво, мкр. «боброво», корп. 48",восточное бутово
15220100.0,55.56795,37.29234,59.5,2.0,0.1875,,new_building,flat,avito,"пос. филимонковское, ул. оао марьинская птицефабрика, корп. 2.1.1",середневский лес
8229438.0,55.36629,37.78909,59.0,2.0,0.11764705882352941,,unknown,flat,avito,"ул. ледовская , д. 33",жк «оптима»
3950000.0,54.905674,37.364283,44.5,2.0,0.4,1965.0,unknown,flat,avito,"московская обл., г.о. серпухов, пос. большевик, ул. ленина, 20",unknown
9691015.0,55.54744,37.65085,51.7,2.0,0.875,,new_building,flat,avito,"д. спасское, жк «живописный»",жк «живописный»
15505800.0,55.90991,37.75902,51.6,2.0,0.12,,new_building,flat,avito,"ул. колонцова, стр. 9",яуза парк
7526755.0,55.39255,37.56489,57.9,2.0,0.08695652173913043,,new_building,flat,avito,"п. сосновый бор, ул. объездная дорога, стр. 3",жк «новый весенний»
6629980.0,55.60343,37.99066,35.5,2.0,0.6470588235294118,,new_building,flat,avito,"ул. баулинская, стр. 15",жк «новые островцы»
10500000.0,55.59866,37.76996,60.2,2.0,0.6363636363636364,,new_building,flat,avito,"римский пр-д, д. 7",жк «римский»
14715328.0,55.92389,37.43402,72.3,2.0,0.2,,new_building,flat,avito,"ул. озерная, стр. 7",жк «мишино-2»
13092940.0,55.76603,37.21311,57.4,2.0,0.2222222222222222,,new_building,flat,avito,"д. глухово, стр. 4.3",ильинские луга
15781357.0,55.82728,37.93604,63.9,2.0,0.8235294117647058,,unknown,flat,avito,"мкр. гагарина, ул. проектная, д. 4",жк «идеал»
11960000.0,55.92311,37.77916,52.0,2.0,0.18181818181818182,,unknown,flat,avito,"мкр. 36, 36а, 37, стр. 5",жк «отрадный»
6400000.0,55.536553,37.067058,43.5,2.0,0.4,,unknown,flat,avito,"московская обл., наро-фоминский г.о., апрелевка, апрелевская ул., 76/1",unknown
11590375.0,55.95205,37.46823,51.5,2.0,0.5294117647058824,,new_building,flat,avito,"ул. олимпийская, корп. 5",жк «квартал ивакино»
8370480.0,55.8325,38.21005,62.6,2.0,0.8571428571428571,,new_building,flat,avito,"ул. генерала ковачевича, стр. 11",жк «новоград монино»
27202964.0,55.68142,37.41191,57.6,2.0,1.0,,unknown,flat,avito,"п. свх заречье, ул. торговая, д. 5",жк «skolkovo one» (сколково ван)
16050060.0,55.59527,37.20066,72.2,2.0,0.7894736842105263,,new_building,flat,avito,"дер. марушкино, стр. 3",жк «внуково парк»
9341850.0,55.41179,37.83526,61.3,2.0,0.4166666666666667,,new_building,flat,avito,"ул. жуковского, стр. 1",жк «космос»
18302700.0,55.61184,37.41669,50.7,2.0,0.6666666666666666,,new_building,flat,avito,"п. московский, кв-л 75, з/у 6",саларьево парк
19742580.0,55.77311,37.21194,76.9,2.0,0.6666666666666666,,unknown,flat,avito,"ш. новорижское, жилой дом",жк «рига хиллс»
5300000.0,55.314546,38.641975,49.8,2.0,0.8888888888888888,1981.0,unknown,flat,avito,"московская обл., воскресенск, мкр-н новлянский, ул. энгельса, 17",unknown
17252900.0,55.66378,37.85264,49.0,2.0,0.76,,unknown,flat,avito,"микрорайон белая дача, д. 30",кузьминский лес
7756570.0,55.89999,37.2542,47.7,2.0,0.16666666666666666,,new_building,flat,avito,"д. юрлово, д. 5",жк «большое юрлово»
11712466.0,55.8074,37.31868,39.4,2.0,0.92,,new_building,flat,avito,"туп. ильинский, стр. 3",жк «ильинойс»
14356230.0,55.96603,37.30737,57.5,2.0,1.0,,unknown,flat,avito,"ул. первомайская, стр. 2, секц. 2-4",жк «ласточкино»
15114594.0,55.94311,37.34188,57.3,2.0,0.47058823529411764,,new_building,flat,avito,"мкр. подрезково, стр. 5",жк «1-й шереметьевский»
7980000.0,55.45219,37.54058,52.5,2.0,0.7058823529411765,,new_building,flat,avito,"ул. садовая, д. 14",жк «красная горка»
5700000.0,56.365089,37.538242,44.4,2.0,1.0,1972.0,unknown,flat,avito,"московская обл., дмитровский муниципальный округ, дмитров, мкр-н дзфс, 8",unknown
8537455.0,55.36599,37.50576,60.7,2.0,0.29411764705882354,,new_building,flat,avito,"ул. школьная, д. 43",жк «школьный»
7505325.0,55.39255,37.56489,55.3,2.0,0.391304347826087,,new_building,flat,avito,"п. сосновый бор, ул. объездная дорога, стр. 3",жк «новый весенний»
9647911.0,55.54744,37.65085,51.5,2.0,1.0,,new_building,flat,avito,"д. спасское, жк «живописный»",жк «живописный»
14546268.0,55.45458,37.27996,66.9,2.0,0.4166666666666667,,unknown,flat,avito,"ул. академика франка, стр. 2",жк «троицкий»
10995580.0,55.52335,37.61515,50.3,2.0,1.0,,new_building,flat,avito,"с/п булатниковское, д. боброво, мкр. «боброво», корп. 43.1",восточное бутово
14900292.0,55.56498,37.68643,59.1,2.0,1.0,,unknown,flat,avito,"ул. старо-нагорная, д. 29",жк 1-й южный
26000000.0,55.56112,37.50378,52.2,2.0,0.23529411764705882,,unknown,flat,avito,"п. сосенское, стр. 25.3",жк «скандинавия»
4750000.0,56.17735672,36.99813843,38.0,2.0,0.2,,unknown,flat,avito,"московская обл., солнечногорск, мкр-н рекинцо, 12",unknown
10994430.0,55.90196,37.28256,55.4,2.0,0.25,,new_building,flat,avito,"дер. аристово, стр. 1",жк «аристов берег»
15453900.0,55.94336,37.33838,49.5,2.0,0.7647058823529411,,new_building,flat,avito,"мкр. подрезково, д. 3",жк «1-й шереметьевский»
9833678.0,55.52428,37.61537,50.2,2.0,0.8,,new_building,flat,avito,"с/п булатниковское, д. боброво, мкр. «боброво», корп. 47",восточное бутово
11300000.0,55.666035,37.868319,64.3,2.0,0.29411764705882354,2009.0,unknown,flat,avito,"московская обл., котельники, кузьминская ул., 7",unknown
9000000.0,55.814634,37.344934,48.3,2.0,0.07142857142857142,1977.0,unknown,flat,avito,"московская обл., красногорск, вокзальная ул., 25",unknown
12815100.0,55.76603,37.21311,52.2,2.0,0.8888888888888888,,new_building,flat,avito,"д. глухово, стр. 4.3",ильинские луга
11484000.0,55.92311,37.77916,52.2,2.0,0.19047619047619047,,unknown,flat,avito,"мкр. 36, 36а, 37, стр. 5",жк «отрадный»
16104900.0,55.82728,37.93604,64.1,2.0,0.6470588235294118,,unknown,flat,avito,"мкр. гагарина, ул. проектная, д. 4",жк «идеал»
8259780.0,55.36599,37.50576,60.6,2.0,0.17647058823529413,,new_building,flat,avito,"ул. школьная, д. 43",жк «школьный»
14128290.0,55.65533,37.87162,63.9,2.0,0.6111111111111112,,new_building,flat,avito,"яничкин пр-д, з/у 6/11",белая дача парк
4650000.0,55.717193,38.223414,41.0,2.0,0.75,1964.0,unknown,flat,avito,"московская обл., богородский г.о., электроугли, школьная ул., 28",unknown
12722450.0,55.66275,37.86706,48.1,2.0,0.68,,new_building,flat,avito,"ул. новая, д. 1-10, корп. 5а",томилинский бульвар
6099000.0,56.010548,37.861483,42.5,2.0,0.2222222222222222,,unknown,flat,avito,"московская обл., г.о. пушкинский, пушкино, мкр-н дзержинец, 8",unknown
8629017.0,55.52786,37.04111,44.9,2.0,0.4,,new_building,flat,avito,"ул. парк апрель, стр. 1",жк «апрелевка клаб»
4800000.0,55.700942,36.158314,75.0,2.0,0.8333333333333334,2015.0,unknown,flat,avito,"московская обл., рузский муниципальный округ, д. сытьково, 50",unknown
13357000.0,55.60123,38.08486,70.3,2.0,0.16666666666666666,,new_building,flat,avito,"ул. гудкова, стр. 2",жк «гранд комфорт»
12639330.0,55.65533,37.87162,56.1,2.0,0.3888888888888889,,new_building,flat,avito,"яничкин пр-д, з/у 6/11",белая дача парк
4800000.0,55.77845001,38.43476105,43.7,2.0,0.8,,unknown,flat,avito,"московская обл., электросталь, ул. 8 марта, 58",unknown
16174627.0,55.88099,37.41134,47.1,2.0,0.42857142857142855,,new_building,flat,avito,"куркинское ш., корп. 2",жк «лесная коллекция»
17500184.0,55.86521,37.33057,61.8,2.0,0.2,,new_building,flat,avito,"пос. отрадное, ул. знаменская, стр. 26/4",жк «левел лесной»
8665580.0,56.04951,37.86443,46.3,2.0,0.125,,new_building,flat,avito,"городской округ пушкинский, стр. 4",жилой квартал пушкино град
16587646.0,55.59089,37.48334,49.5,2.0,0.6111111111111112,,new_building,flat,avito,"п. сосенское, пос. газопровод, стр. 2",жк «форевиль»
8500000.0,55.710367,37.35733,32.4,2.0,0.5,2015.0,unknown,flat,avito,"московская обл., одинцовский г.о., с. немчиновка, рублевский пр., 21",unknown
11532586.0,55.61698,38.09379,52.1,2.0,0.6,,unknown,flat,avito,"ул. театральная, д. 6а",жк «театральный»
8435250.0,55.82056,37.21042,37.5,2.0,1.0,,new_building,flat,avito,"ул. береговая, стр. 1.1",жк «аникеевский»
6500000.0,55.798885,37.975389,44.5,2.0,0.6,,unknown,flat,avito,"московская обл., балашиха, ш. энтузиастов, 57",unknown
8595750.0,55.73471,38.00349,36.5,2.0,0.36,,new_building,flat,avito,"мкр. железнодорожный, пр-т героев, ул. автозаводская, стр. 611с1",жк «героев»
13190000.0,55.51865,37.07027,61.4,2.0,0.6666666666666666,,unknown,flat,avito,"д. мартемьяново, стр. 1",мартемьяново клаб
5700000.0,55.766835,38.447813,47.7,2.0,0.8888888888888888,,unknown,flat,avito,"московская обл., электросталь, южный пр-т, 17к1",unknown
4900000.0,55.626365,38.008591,41.6,2.0,0.2,,unknown,flat,avito,"московская обл., г.о. люберцы, рп. малаховка, быковское ш., 2",unknown
18881769.0,55.60718,37.36196,76.5,2.0,0.13636363636363635,,new_building,flat,avito,"пос. московский, корп. 5",город-парк «первый московский»
10147000.0,56.75368,37.16891,69.5,2.0,1.0,2025.0,unknown,flat,avito,"ул. программистов, д. 11",дома по ул. макаренко
9979200.0,56.75368,37.16891,69.3,2.0,0.2222222222222222,2025.0,unknown,flat,avito,"ул. программистов, д. 11",дома по ул. макаренко
5500000.0,56.07132,37.14289,34.2,2.0,0.4,,unknown,flat,avito,"д. радумля, мкр. ммс-2, д. 3, корп. 1",жк «‎радость»
5200000.0,56.01173772457973,37.86991612868875,43.8,2.0,0.1111111111111111,,unknown,flat,avito,"московская обл., г.о. пушкинский, пушкино, мкр-н дзержинец, 15",unknown
10200000.0,55.532233,37.635116,55.0,2.0,0.8888888888888888,,unknown,flat,avito,"московская обл., ленинский г.о., рп. лопатино, сухановская ул., 20",unknown
7900000.0,55.60347,36.49735,57.5,2.0,1.0,,unknown,flat,avito,"мкр. дружный, д. 14",жк «дружный»
4150000.0,55.8648774461567,38.456358349977,44.8,2.0,0.8,,unknown,flat,avito,"московская обл., богородский г.о., ногинск, ул. климова, 44б",unknown
14663800.0,55.90924,37.78615,62.8,2.0,0.76,,new_building,flat,avito,"ярославское ш., стр. 2.2",ярославский квартал
4100000.0,56.248301,37.989717,43.8,2.0,0.2,1971.0,unknown,flat,avito,"московская обл., сергиево-посадский г.о., хотьково, 2-я рабочая ул., 47",unknown
5350000.0,55.081555,38.781142,41.0,2.0,0.4,1980.0,unknown,flat,avito,"московская обл., коломна, ул. фрунзе, 40",unknown
6200000.0,55.628078,38.042637,62.9,2.0,0.3333333333333333,1953.0,unknown,flat,avito,"московская обл., раменский муниципальный округ, пгт. удельная, мкр-н зеленый городок, 9",unknown
12495000.0,56.00439443905034,37.87538778374909,62.7,2.0,0.4117647058823529,2022.0,unknown,flat,avito,"московская обл., г.о. пушкинский, пушкино, ярославское ш., 192",unknown
9000000.0,55.685051,37.913558,43.2,2.0,0.8,1970.0,unknown,flat,avito,"московская обл., люберцы, инициативная ул., 73",unknown
11397033.0,55.63949,37.94882,57.4,2.0,0.2222222222222222,,new_building,flat,avito,"московская область, городской округ люберцы, поселок жилино-1, жилой комплекс егорово парк, стр. 4.1",жк «егорово парк»
3550000.0,55.069056,38.855711,39.1,2.0,1.0,1959.0,unknown,flat,avito,"московская обл., коломна, ул. известковый поселок, 12",unknown
4000000.0,55.87307739,38.19279861,42.2,2.0,0.4,1969.0,unknown,flat,avito,"московская обл., лосино-петровский, ул. гоголя, 18",unknown
11960000.0,55.92311,37.77916,52.0,2.0,0.45454545454545453,,unknown,flat,avito,"мкр. 36, 36а, 37, стр. 5",жк «отрадный»
10000000.0,55.419974,37.542365,56.0,2.0,0.5,,unknown,flat,avito,"московская обл., подольск, литейная ул., 10",unknown
6500000.0,55.431182,36.870426,43.8,2.0,0.4,1979.0,unknown,flat,avito,"москва, троицкий административный округ, поселение киевский, рп. киевский, 8",unknown
7831565.0,55.63949,37.94882,40.9,2.0,0.1111111111111111,,new_building,flat,avito,"московская область, городской округ люберцы, поселок жилино-1, жилой комплекс егорово парк, стр. 4.1",жк «егорово парк»
6000000.0,55.732099,37.966819,49.1,2.0,0.4444444444444444,1974.0,unknown,flat,avito,"московская обл., балашиха, мкр-н павлино, 2",unknown
8600000.0,55.474031,37.70346,61.4,2.0,0.5882352941176471,2015.0,unknown,flat,avito,"московская обл., г.о. домодедово, с. домодедово, высотная ул., 3",unknown
17131440.0,55.66378,37.85264,49.2,2.0,0.88,,unknown,flat,avito,"микрорайон белая дача, д. 30",кузьминский лес
7200000.0,55.955393,38.065275,53.6,2.0,0.058823529411764705,1998.0,unknown,flat,avito,"московская обл., фрязино, пр-т мира, 24к2",unknown
18096309.0,55.58222,37.15314,53.4,2.0,0.375,,new_building,flat,avito,"москва, новомосковский административный округ, район внуково, жилой комплекс квартал западный, 9",жк «квартал западный»
5300000.0,55.881591,38.082154,42.0,2.0,0.8,1973.0,unknown,flat,avito,"московская обл., щелково, ул. беляева, 15",unknown
24334128.0,55.8075,37.38345,50.8,2.0,0.125,,new_building,flat,avito,"московская область, красногорск, жилой комплекс квартал строгино, к1",жк «квартал строгино»
5772600.0,55.840065482304965,37.9756093571472,65.6,2.0,0.5454545454545454,2025.0,unknown,flat,avito,"московская обл., балашиха, чистопольская ул., 20",unknown
11087600.0,55.94813,37.47395,52.3,2.0,0.8333333333333334,,unknown,flat,avito,"кв-л ивакино, стр. 2.6.1",жк «1-й химкинский»
3000000.0,55.55302351362733,36.36349403039956,37.5,2.0,1.0,1975.0,unknown,flat,avito,"московская обл., рузский муниципальный округ, пос. дорохово, 2-я пролетарская ул., 1",unknown
4100000.0,55.88251,38.436513,64.8,2.0,0.5,,unknown,flat,avito,"московская обл., богородский г.о., ногинск, ул. текстилей, 40",unknown
11076960.0,55.7259,36.87283,75.2,2.0,1.0,,new_building,flat,avito,"мкр. №2, корп. 2",жк «малиново»
3900000.0,55.279913,37.630679,45.0,2.0,0.4,,unknown,flat,avito,"московская обл., г.о. чехов, пос. мещерское, 4",unknown
14040000.0,55.67781,37.23721,41.4,2.0,0.7916666666666666,,new_building,flat,avito,"мкр. клубничное поле, д. 10",жк «одинград квартал семейный»
7500000.0,55.8428964600236,38.406344497569165,52.0,2.0,0.4444444444444444,1974.0,unknown,flat,avito,"московская обл., богородский г.о., ногинск, ул. 3-го интернационала, 171",unknown
5990000.0,55.155098,37.466359,40.5,2.0,1.0,1961.0,unknown,flat,avito,"московская обл., чехов, ул. полиграфистов, 4",unknown
8187593.0,55.36629,37.78909,58.7,2.0,0.17647058823529413,,new_building,flat,avito,"ул. ледовская , д. 33",жк «оптима»
7400000.0,56.008133,38.377215,46.7,2.0,0.3333333333333333,1969.0,unknown,flat,avito,"московская обл., черноголовка, институтский пр-т, 6",unknown
6200000.0,56.0741272,37.55406189,42.5,2.0,0.6,1965.0,unknown,flat,avito,"московская обл., г.о. мытищи, с. марфино, зеленая ул., 6",unknown
11798600.0,55.94121,37.8744,65.2,2.0,0.25,,new_building,flat,avito,"ул. солнечная, д. 2",жилой «киноквартал»
12700000.0,55.5559082,37.81893158,60.0,2.0,0.5882352941176471,2022.0,new_building,flat,avito,"московская обл., ленинский г.о., д. мисайлово, пригородное ш., 30",unknown
8500000.0,55.660506,37.23542,60.6,2.0,1.0,2010.0,unknown,flat,avito,"московская обл., одинцовский г.о., с. акулово, центральная ул., 59/1",unknown
7444000.0,55.79788589,37.94250107,45.0,2.0,0.8,,unknown,flat,avito,"московская обл., балашиха, пр-т ленина, 35",unknown
2450000.0,55.65954208,39.87586594,44.8,2.0,0.8,1965.0,unknown,flat,avito,"московская обл., г.о. шатура, рошаль, ул. октябрьской революции, 15",unknown
5500000.0,55.59877777,38.09376144,46.1,2.0,0.4,1965.0,unknown,flat,avito,"московская обл., жуковский, ул. мясищева, 26",unknown
6629980.0,55.60343,37.99066,35.5,2.0,0.7058823529411765,,new_building,flat,avito,"ул. баулинская, стр. 15",жк «новые островцы»
5800000.0,55.93097462565507,37.99835016497892,43.3,2.0,0.8,1970.0,unknown,flat,avito,"московская обл., щелково, космодемьянская ул., 17к2",unknown
8400000.0,55.71325201698109,37.369910712982914,50.8,2.0,0.8235294117647058,2023.0,unknown,apartments,avito,"московская обл., одинцовский г.о., пгт. новоивановское, западная ул., 85",unknown
3500000.0,55.836268589537305,38.26301201147841,41.5,2.0,0.4,,unknown,flat,avito,"московская обл., богородский г.о., пгт. обухово, ул. карьер, 2",unknown
12049401.0,56.73612,37.15059,61.2,2.0,0.5,2027.0,new_building,flat,avito,"ул. станционная/правды, стр. 1",жк «элемент»
5600000.0,55.971088,37.963451,43.1,2.0,0.2222222222222222,1979.0,unknown,flat,avito,"московская обл., г.о. пушкинский, ивантеевка, ул. победы, 4",unknown
9348000.0,55.45219,37.54058,61.5,2.0,0.5882352941176471,,new_building,flat,avito,"ул. садовая, д. 14",жк «красная горка»
3200000.0,56.50925,38.312087,49.5,2.0,0.5,1988.0,unknown,flat,avito,"московская обл., сергиево-посадский г.о., с. муханово, советская ул., 15",unknown
3350000.0,55.552617,38.125103,34.0,2.0,0.6,2021.0,unknown,apartments,avito,"московская обл., жуковский, ул. наркомвод, 31",unknown
4800000.0,55.941813,37.97406,47.4,2.0,0.6,,unknown,flat,avito,"московская обл., щелково, пр-т 60 лет октября, 4",unknown
2650000.0,54.864425,38.560399,44.8,2.0,1.0,1966.0,unknown,flat,avito,"московская обл., г.о. коломна, озеры, ул. свердлова, 46",unknown
13446000.0,55.65997,37.28946,54.1,2.0,0.625,2025.0,new_building,flat,avito,"ул. верхне-пролетарская/сосновая, стр. 3",жк «союзный»
2940000.0,55.66896,37.917484,43.0,2.0,0.8,1961.0,unknown,flat,avito,"московская обл., люберцы, ул. электрификации, 11",unknown
8200000.0,55.646746,37.860719,50.0,2.0,0.23529411764705882,,unknown,flat,avito,"московская обл., котельники, мкр-н южный, 8",unknown
9200000.0,55.435539,37.735943,58.6,2.0,0.11764705882352941,2013.0,unknown,flat,avito,"московская обл., домодедово, ул. текстильщиков, 31",unknown
8300000.0,55.440764,37.564608,50.0,2.0,1.0,1976.0,unknown,flat,avito,"московская обл., подольск, мраморная ул., 4",unknown
8900000.0,55.668589,37.28109,46.2,2.0,0.5833333333333334,1985.0,unknown,flat,avito,"московская обл., одинцовский г.о., одинцово, ул. маковского, 10",unknown
12121760.0,55.65533,37.87162,54.8,2.0,0.25,,new_building,flat,avito,"яничкин пр-д, з/у 6/11",белая дача парк
9584267.0,55.8074,37.31868,35.5,2.0,0.44,,new_building,flat,avito,"туп. ильинский, стр. 3",жк «ильинойс»
13000000.0,55.58795166,37.46737289,47.8,2.0,0.5,2012.0,unknown,flat,avito,"москва, новомосковский административный округ, поселение сосенское, пос. газопровод, 4-я ул. лесные поляны, 1",unknown
8200000.0,55.928708,37.81919,45.9,2.0,0.8,,unknown,flat,avito,"московская обл., королев, комсомольская ул., 7а",unknown
4300000.0,56.286937,37.487335,38.4,2.0,0.4,1981.0,unknown,flat,avito,"московская обл., дмитровский муниципальный округ, яхрома, мкр-н левобережье, 4",unknown
6000000.0,55.43314362,37.76953888,48.0,2.0,0.6,1976.0,unknown,flat,avito,"московская обл., домодедово, мкр-н центральный, ул. коломийца, 7",unknown
3200000.0,55.24875,38.758442,46.9,2.0,0.6,1969.0,unknown,flat,avito,"московская обл., воскресенск, мкр-н цемгигант, коломенская ул., 5",unknown
6800000.0,55.588333,38.213012,50.6,2.0,0.5555555555555556,,unknown,flat,avito,"московская обл., раменский г.о., раменское, коммунистическая ул., 19",unknown
9700000.0,55.95833588,37.31639481,61.5,2.0,0.8,2013.0,unknown,flat,avito,"московская обл., химки, мкр-н сходня, ленинградская ул., 3к1",unknown
7615427.0,55.63949,37.94882,35.9,2.0,0.5555555555555556,,new_building,flat,avito,"московская область, городской округ люберцы, поселок жилино-1, жилой комплекс егорово парк, стр. 4.1",жк «егорово парк»
7700000.0,55.67811444095318,37.88978844929866,40.8,2.0,0.6,,unknown,flat,avito,"московская обл., люберцы, ул. кирова, 63а",unknown
4300000.0,55.597251,36.692909,44.2,2.0,0.6666666666666666,,unknown,flat,avito,"московская обл., одинцовский г.о., пгт. старый городок, заводская ул., 11",unknown
3400000.0,55.72486115,38.33685303,44.5,2.0,1.0,,unknown,flat,avito,"московская обл., богородский г.о., рп. имени воровского, новая ул., 3а",unknown
8150000.0,55.797665,37.943966,45.7,2.0,0.4,1966.0,unknown,flat,avito,"московская обл., балашиха, пр-т ленина, 39",unknown
4600000.0,56.058634,37.859534,49.2,2.0,0.8,1972.0,unknown,flat,avito,"московская обл., г.о. пушкинский, пгт. правдинский, ул. лермонтова, 12",unknown
2200000.0,55.311866,38.625868,43.6,2.0,0.6,1968.0,unknown,flat,avito,"московская обл., г.о. воскресенск, с. федино, 11",unknown
5900000.0,55.66288376,37.90825653,41.2,2.0,1.0,,unknown,flat,avito,"московская обл., люберцы, ул. строителей, 2к2",unknown
8500000.0,55.878389,37.270347,47.6,2.0,0.5,2021.0,unknown,flat,avito,"московская обл., г.о. красногорск, пгт. сабурово, парковая ул., 25",unknown
3700000.0,56.271845,37.985486,43.1,2.0,0.6,1971.0,unknown,flat,avito,"московская обл., сергиево-посадский г.о., хотьково, ткацкий пер., 1",unknown
6999999.0,55.763812,37.86045,47.0,2.0,1.0,1962.0,unknown,flat,avito,"московская обл., реутов, ул. гагарина, 6",unknown
8300000.0,55.939005,37.980375,59.1,2.0,0.625,2014.0,unknown,flat,avito,"московская обл., щелково, мкр-н богородский, 16",unknown
9950000.0,55.498928,37.525369,32.8,2.0,0.2,2024.0,unknown,flat,avito,"москва, новомосковский административный округ, р-н щербинка, любучанская ул., 2к2",unknown
3450000.0,55.09241867,38.16302872,46.9,2.0,0.4,1987.0,unknown,flat,avito,"московская обл., г.о. ступино, пгт. малино, территория малино-1, 202",unknown
6500000.0,56.24502945,37.49868011,56.0,2.0,0.6,2017.0,unknown,flat,avito,"московская обл., дмитровский муниципальный округ, д. целеево, ул. пятиречье, 4б",unknown
4200000.0,56.00451421749862,37.80045142829923,44.4,2.0,0.6,1971.0,unknown,flat,avito,"московская обл., г.о. пушкинский, пушкино, мкр-н мамонтовка, акуловский пр., 3",unknown
7930000.0,55.824096,37.946347,58.8,2.0,0.9545454545454546,2012.0,new_building,flat,avito,"московская обл., балашиха, мкр-н авиаторов, летная ул., 8/7",unknown
6900000.0,55.56359482,37.67323303,45.4,2.0,0.3333333333333333,2012.0,unknown,flat,avito,"московская обл., ленинский г.о., с. булатниково, школьная ул., 27г",unknown
6500000.0,55.67407608,38.00192642,45.0,2.0,1.0,,unknown,flat,avito,"московская обл., г.о. люберцы, пгт. красково, ул. некрасова, 8",unknown
11000000.0,55.921304,37.727957,52.0,2.0,0.7,1997.0,unknown,flat,avito,"московская обл., мытищи, ул. колпакова, 32к2",unknown
9450000.0,55.94947052,37.51005173,37.0,2.0,0.5,1972.0,unknown,flat,avito,"московская обл., долгопрудный, пр-т пацаева, 1",unknown
10990000.0,55.82225586693736,37.93842351892906,53.7,2.0,0.47058823529411764,2025.0,unknown,flat,avito,"московская обл., балашиха, мкр-н авиаторов, ул. колдунова, 1",unknown
5300000.0,55.638572,37.018118,42.0,2.0,0.8,1980.0,unknown,flat,avito,"московская обл., одинцовский г.о., рп. большие вяземы, ул. городок-17, 18",unknown
5950000.0,56.004318,37.800083,45.9,2.0,1.0,1971.0,unknown,flat,avito,"московская обл., г.о. пушкинский, пушкино, мкр-н мамонтовка, акуловский пр., 3",unknown
10016129.0,55.63949,37.94882,52.4,2.0,0.4444444444444444,,new_building,flat,avito,"московская область, городской округ люберцы, поселок жилино-1, жилой комплекс егорово парк, стр. 4.1",жк «егорово парк»
12312810.0,55.52335,37.61515,56.3,2.0,0.3333333333333333,,new_building,flat,avito,"с/п булатниковское, д. боброво, мкр. «боброво», корп. 43.1",восточное бутово
10170000.0,55.53118896,37.62046432,52.4,2.0,0.47058823529411764,2018.0,unknown,flat,avito,"московская обл., ленинский г.о., рп. боброво, лесная ул., 24",unknown
10900000.0,55.89182766681718,37.44041174505331,41.9,2.0,0.8,1964.0,unknown,flat,avito,"московская обл., химки, пролетарская ул., 11",unknown
9799000.0,56.023349,37.859057,58.5,2.0,0.14285714285714285,2017.0,unknown,flat,avito,"московская обл., г.о. пушкинский, пушкино, ул. просвещения, 6к1",unknown
7586644.0,55.63949,37.94882,33.5,2.0,0.6111111111111112,,new_building,flat,avito,"московская область, городской округ люберцы, поселок жилино-1, жилой комплекс егорово парк, стр. 4.1",жк «егорово парк»
7950000.0,55.696407,37.923503,54.3,2.0,0.6666666666666666,2021.0,unknown,flat,avito,"московская обл., люберцы, территория снт зеленая зона, 73",unknown
8500000.0,55.551018,37.713225,47.0,2.0,0.7777777777777778,,unknown,flat,avito,"московская обл., ленинский г.о., видное, советская ул., 19а",unknown
7300000.0,55.73334885,36.8506279,52.3,2.0,0.25,1984.0,unknown,flat,avito,"московская обл., одинцовский г.о., звенигород, ул. чехова, 11",unknown
5300000.0,56.324216,38.144955,44.0,2.0,1.0,1965.0,unknown,flat,avito,"московская обл., сергиево-посадский г.о., сергиев посад, пр-т красной армии, 205г",unknown
7990000.0,55.899941,38.148638,58.0,2.0,0.7142857142857143,2014.0,new_building,flat,avito,"московская обл., г.о. лосино-петровский, рп. свердловский, заречная ул., 7",unknown
6425280.0,55.97307,37.86944,44.9,2.0,0.5,,unknown,flat,avito,"с. тарасовка, мкр. пушкарь, корп. 2",жк «пушкарь»
7900000.0,55.909706,38.050902,55.7,2.0,0.4117647058823529,,unknown,flat,avito,"московская обл., щелково, мкр-н потаповский, 1к1",unknown
6500000.0,55.907269,37.848844,41.0,2.0,0.25,1959.0,unknown,flat,avito,"московская обл., королев, ул. мичурина, 2",unknown
8495000.0,55.723303,37.978578,35.7,2.0,0.7727272727272727,2019.0,unknown,flat,avito,"московская обл., балашиха, мкр-н новое павлино, ул. бояринова, 13",unknown
15500000.0,55.833931,37.245221,57.0,2.0,0.8333333333333334,,unknown,flat,avito,"московская обл., красногорск, мкр-н опалиха, золотая аллея, 4",unknown
2800000.0,55.71255493,38.95728302,40.1,2.0,0.75,,unknown,flat,avito,"московская обл., орехово-зуевский г.о., ликино-дулево, октябрьская ул., 60",unknown
9490000.0,55.529609,37.722558,58.0,2.0,0.47058823529411764,2021.0,unknown,flat,avito,"московская обл., ленинский г.о., д. сапроново, мкр-н купелинка, квартал центральный, 3",unknown
11500000.0,55.58697,37.470312,39.7,2.0,0.5,,unknown,flat,avito,"москва, новомосковский административный округ, р-н коммунарка, пос. газопровод, 1-я ул. лесные поляны, 10а",unknown
5020152.0,55.646533,37.85709,40.6,2.0,1.0,1966.0,unknown,flat,avito,"московская обл., котельники, мкр-н силикат, 24",unknown
8000000.0,55.53732225814326,37.18573906878662,60.8,2.0,0.5555555555555556,2024.0,unknown,flat,avito,"москва, новомосковский административный округ, филимонковский р-н, квартал № 27, 95",unknown
4990000.0,55.76842,38.225229,45.0,2.0,0.6,1974.0,unknown,flat,avito,"московская обл., богородский г.о., с. кудиново, центральная ул., 7",unknown
7800000.0,55.917586,37.729233,44.2,2.0,0.3333333333333333,1988.0,unknown,flat,avito,"московская обл., мытищи, ул. колпакова, 23к1",unknown
6800000.0,55.74380112,38.02944183,44.0,2.0,0.8,,unknown,flat,avito,"московская обл., балашиха, мкр-н железнодорожный, пионерская ул., 17",unknown
5370000.0,55.81900406,37.06038284,57.4,2.0,1.0,,unknown,flat,avito,"московская обл., муниципальный округ истра, с. павловская слобода, озерная ул., 7",unknown
3350000.0,56.37459993970548,37.330947556804375,36.0,2.0,0.6,1973.0,unknown,flat,avito,"московская обл., дмитровский муниципальный округ, пос. новосиньково, 42",unknown
6000000.0,55.52934265,37.06335831,69.0,2.0,0.5714285714285714,,unknown,flat,avito,"московская обл., наро-фоминский г.о., апрелевка, жасминовая ул., 7",unknown
9000000.0,55.41841888,37.49962234,53.5,2.0,0.5833333333333334,,unknown,flat,avito,"московская обл., подольск, юбилейная ул., 1к1",unknown
7607848.0,55.60343,37.99066,47.8,2.0,0.23529411764705882,,new_building,flat,avito,"ул. баулинская, стр. 15",жк «новые островцы»
5950000.0,55.904205,38.056777,63.4,2.0,0.25,1956.0,unknown,flat,avito,"московская обл., щелково, мкр-н щелково-3, ул. ленина, 12",unknown
6500000.0,55.6613884,37.99829483,43.8,2.0,0.6,1965.0,unknown,flat,avito,"московская обл., г.о. люберцы, дп. красково, ул. ксз, 24",unknown
4800000.0,55.97418213,37.86940765,47.0,2.0,0.8,1975.0,unknown,flat,avito,"московская обл., г.о. пушкинский, пушкино, ул. русакова, 4",unknown
6500000.0,55.817668,37.964663,43.5,2.0,0.3333333333333333,1981.0,unknown,flat,avito,"московская обл., балашиха, спортивная ул., 17",unknown
10900000.0,55.59762,37.19718,39.5,2.0,0.6666666666666666,2024.0,unknown,flat,avito,"москва, новомосковский административный округ, р-н внуково, д. марушкино, северная ул., 21к2",unknown
7000000.0,55.64857483,38.05303955,41.8,2.0,1.0,1970.0,unknown,flat,avito,"московская обл., раменский муниципальный округ, пгт. родники, большая учительская ул., 11",unknown
4900000.0,55.95155716,38.04934692,44.0,2.0,0.1111111111111111,1971.0,unknown,flat,avito,"московская обл., фрязино, пр-т мира, 7",unknown
6800000.0,55.976075,37.097699,46.5,2.0,0.44,2023.0,new_building,flat,avito,"московская обл., г.о. солнечногорск, пгт. голубое, парковый б-р, 5а",unknown
6100000.0,55.899406,37.981758,55.0,2.0,0.2,,unknown,flat,avito,"московская обл., щелково, московская ул., 70",unknown
6490000.0,55.70523071,37.02285004,43.0,2.0,0.4444444444444444,1977.0,unknown,flat,avito,"московская обл., одинцовский г.о., пос. горки-10, 29",unknown
6300000.0,56.337082,37.547683,45.6,2.0,0.6,,unknown,flat,avito,"московская обл., дмитровский муниципальный округ, дмитров, ул. космонавтов, 22",unknown
6740104.0,55.97307,37.86944,47.1,2.0,0.5,,unknown,flat,avito,"с. тарасовка, мкр. пушкарь, корп. 2",жк «пушкарь»
14885905.0,55.49748,37.73655,52.6,2.0,1.0,,new_building,flat,avito,"московская область, городской округ домодедово, село ям, улица мезенцева, д. 24",жк «прибрежный парк»
5400000.0,55.416524,37.839699,44.0,2.0,0.25,1962.0,unknown,flat,avito,"московская обл., домодедово, мкр-н авиационный, ул. чкалова, 8",unknown
4950000.0,55.862727,37.031511,44.0,2.0,0.6666666666666666,1962.0,unknown,flat,avito,"московская обл., муниципальный округ истра, с. рождествено, центральная ул., 6",unknown
7100000.0,55.67009559281147,37.903621961122354,44.4,2.0,0.4,,unknown,flat,avito,"московская обл., люберцы, ул. мира, 5",unknown
9600000.0,55.66067505,37.29964066,46.5,2.0,0.1,2014.0,unknown,flat,avito,"московская обл., одинцовский г.о., одинцово, белорусская ул., 10",unknown
3800000.0,55.88038215875445,38.47641505026243,65.1,2.0,0.2,1972.0,unknown,flat,avito,"московская обл., богородский г.о., ногинск, ремесленная ул., 15",unknown
2000000.0,56.1378212,38.43150711,23.6,2.0,0.6,,unknown,flat,avito,"московская обл., г.о. щелково, пгт. фряново, ул. лепешкина, 2ак2",unknown
9849000.0,55.946698,37.290945,40.2,2.0,0.6842105263157895,,unknown,flat,avito,"московская обл., химки, мкр-н сходня, 2-й чапаевский пер., 10",unknown
3400000.0,55.24393348705901,37.279405024178736,48.0,2.0,0.4,1967.0,unknown,flat,avito,"московская обл., муниципальный округ чехов, д. алексеевка, территория чехов-7, ул. победы, 4",unknown
8650000.0,55.529884,37.065189,51.3,2.0,0.1111111111111111,2014.0,unknown,flat,avito,"московская обл., наро-фоминский г.о., апрелевка, ясная ул., 7",unknown
11990000.0,55.536645,37.64251,41.3,2.0,1.0,,unknown,flat,avito,"московская обл., ленинский г.о., видное, ул. галины вишневской, 5",unknown
3800000.0,56.325484,36.731726,39.1,2.0,0.25,1961.0,unknown,flat,avito,"московская обл., клин, бородинский пр., 21",unknown
10350000.0,55.917586,37.729233,53.6,2.0,0.3333333333333333,1988.0,unknown,flat,avito,"московская обл., мытищи, ул. колпакова, 23к1",unknown
7850000.0,55.67932129,37.25731277,44.0,2.0,0.2,,unknown,flat,avito,"московская обл., одинцовский г.о., одинцово, б-р любы новоселовой, 12",unknown
10190780.0,55.52428,37.61537,50.3,2.0,0.96,,new_building,flat,avito,"с/п булатниковское, д. боброво, мкр. «боброво», корп. 48",восточное бутово
6750090.0,55.63949,37.94882,32.9,2.0,0.5555555555555556,,new_building,flat,avito,"московская область, городской округ люберцы, поселок жилино-1, жилой комплекс егорово парк, стр. 4.1",жк «егорово парк»
5900000.0,55.588791,37.891945,44.0,2.0,0.2222222222222222,1988.0,unknown,flat,avito,"московская обл., лыткарино, 5-й мкр-н, 1-й квартал, 19б",unknown
10300000.0,55.747586,37.984148,55.2,2.0,0.7647058823529411,2004.0,unknown,flat,avito,"московская обл., балашиха, мкр-н ольгино, граничная ул., 14",unknown
9407869.0,55.53345,37.87743,52.0,2.0,0.25,,new_building,flat,avito,"московская область, ленинский городской округ, жилой комплекс богдановский лес, 10.2",жк «богдановский лес»
7172154.0,55.97307,37.86944,52.7,2.0,0.5,,unknown,flat,avito,"с. тарасовка, мкр. пушкарь, корп. 2",жк «пушкарь»
15000000.0,55.51812391869728,37.351784965606655,54.0,2.0,0.7647058823529411,2012.0,new_building,flat,avito,"москва, троицкий административный округ, р-н троицк, 2-я нововатутинская ул., 5",unknown
6200000.0,55.97597504,37.47429276,43.7,2.0,0.2,1971.0,unknown,flat,avito,"московская обл., долгопрудный, мкр-н павельцево, ул. нефтяников, 12",unknown
3500000.0,54.83842087,38.24803543,45.0,2.0,1.0,1969.0,unknown,flat,avito,"московская обл., кашира, ул. вахрушева, 12",unknown
11174400.0,55.60123,38.08486,59.2,2.0,0.8888888888888888,,new_building,flat,avito,"ул. гудкова, стр. 2",жк «гранд комфорт»
21129088.0,55.80745,37.38186,54.7,2.0,0.4583333333333333,,new_building,flat,avito,"московская область, красногорск, жилой комплекс квартал строгино, к2",жк «квартал строгино»
5300000.0,55.415227,37.841513,43.0,2.0,0.25,1965.0,unknown,flat,avito,"московская обл., домодедово, мкр-н авиационный, ул. ильюшина, 9к1",unknown
6550000.0,55.08122,38.769787,45.3,2.0,0.4,1976.0,unknown,flat,avito,"московская обл., коломна, ул. дзержинского, 83",unknown
9500000.0,55.810324,37.843023,54.0,2.0,0.5,1997.0,unknown,flat,avito,"московская обл., балашиха, мкр-н 1 мая, 10",unknown
4500000.0,56.32595540737637,36.552069864100446,55.6,2.0,0.2,,unknown,flat,avito,"московская обл., г.о. клин, высоковск, текстильная ул., 6",unknown
4000000.0,54.83362155155527,37.624802030426345,47.0,2.0,1.0,1969.0,unknown,flat,avito,"московская обл., г.о. серпухов, пущино, мкр-н г, 12",unknown
11000000.0,55.79084778,37.88893509,65.6,2.0,0.56,2015.0,unknown,flat,avito,"московская обл., балашиха, ул. строителей, 1",unknown
11400000.0,55.836463,37.939484,53.0,2.0,1.0,2020.0,unknown,flat,avito,"московская обл., балашиха, ул. лукино, 53а",unknown
23136321.0,55.80745,37.38186,55.7,2.0,0.8333333333333334,,new_building,flat,avito,"московская область, красногорск, жилой комплекс квартал строгино, к2",жк «квартал строгино»
12153700.0,55.65212,37.9301,61.5,2.0,0.7058823529411765,,unknown,flat,avito,"мкр. птицефабрика, стр. 7",жк «новотомилино»
1750000.0,55.128439,39.55054,43.0,2.0,1.0,,unknown,flat,avito,"московская обл., муниципальный округ егорьевск, пос. рязановский, ул. чехова, 9",unknown
9200000.0,56.01345825,37.2232666,60.3,2.0,0.23529411764705882,2009.0,unknown,flat,avito,"московская обл., г.о. солнечногорск, пгт. ржавки, 19",unknown
5400000.0,55.375675,36.736002,40.0,2.0,0.4,1970.0,unknown,flat,avito,"московская обл., наро-фоминский г.о., наро-фоминск, профсоюзная ул., 22",unknown
2800000.0,55.65557705406401,36.14882873349039,41.9,2.0,0.5,,unknown,flat,avito,"московская обл., рузский муниципальный округ, д. ватулино, 2",unknown
9300000.0,55.54438019,37.72095108,59.2,2.0,0.35294117647058826,,unknown,flat,avito,"московская обл., ленинский г.о., видное, березовая ул., 3",unknown
9600000.0,55.870501,37.256468,34.7,2.0,1.0,2020.0,unknown,flat,avito,"московская обл., г.о. красногорск, пгт. сабурово, заречная ул., 5",unknown
9550000.0,55.919771,37.847343,58.3,2.0,0.23529411764705882,1993.0,unknown,flat,avito,"московская обл., королев, ул. суворова, 19",unknown
11000000.0,55.586242,37.754754,59.1,2.0,0.9411764705882353,2023.0,unknown,flat,avito,"московская обл., ленинский г.о., пос. развилка, 31а",unknown
5500000.0,55.71116256713867,36.88764953613281,42.6,2.0,0.4,1974.0,unknown,flat,avito,"московская обл., одинцовский г.о., пос. горбольницы № 45, 3",unknown
8850000.0,55.70563126,37.36412048,35.0,2.0,0.4,1968.0,unknown,flat,avito,"московская обл., одинцовский г.о., рп. новоивановское, ул. мичурина, 9",unknown
9549120.0,56.00717,37.87459,81.2,2.0,0.7647058823529411,,new_building,flat,avito,"ш. ярославское, д. 194",жк «серебро»
5764000.0,55.83998022436874,37.97555302409823,65.4,2.0,0.8181818181818182,2025.0,unknown,flat,avito,"московская обл., балашиха, чистопольская ул., 20",unknown
7537500.0,55.82056,37.21042,33.5,2.0,1.0,,new_building,flat,avito,"ул. береговая, стр. 1.1",жк «аникеевский»
12600000.0,55.830766,37.965885,76.6,2.0,0.5882352941176471,,unknown,flat,avito,"московская обл., балашиха, заречная ул., 32",unknown
4549000.0,55.162093,37.436176,44.7,2.0,0.6,,unknown,flat,avito,"московская обл., чехов, ул. маркова, 5",unknown
8900000.0,55.822842,37.946517,55.2,2.0,0.4117647058823529,2012.0,unknown,flat,avito,"московская обл., балашиха, мкр-н авиаторов, летная ул., 6/8",unknown
10614910.0,55.52335,37.61515,46.7,2.0,0.20833333333333334,,new_building,flat,avito,"с/п булатниковское, д. боброво, мкр. «боброво», корп. 43.1",восточное бутово
7650000.0,55.976357,37.938055,59.1,2.0,0.11764705882352941,2011.0,unknown,flat,avito,"московская обл., г.о. пушкинский, ивантеевка, ул. бережок, 14",unknown
27462468.0,55.80745,37.38186,58.9,2.0,0.4583333333333333,,new_building,flat,avito,"московская область, красногорск, жилой комплекс квартал строгино, к2",жк «квартал строгино»
7434949.0,55.82056,37.21042,33.5,2.0,0.6428571428571429,,new_building,flat,avito,"ул. береговая, стр. 1.1",жк «аникеевский»
8499000.0,55.96476,37.860396,61.0,2.0,1.0,2015.0,unknown,flat,avito,"московская обл., г.о. пушкинский, с. тарасовка, солнечная ул., 26к1а",unknown
5500000.0,56.30020523,38.18150711,41.0,2.0,0.2,1968.0,unknown,flat,avito,"московская обл., сергиево-посадский г.о., сергиев посад, ул. мира, 6",unknown
21896432.0,55.80745,37.38186,58.8,2.0,0.20833333333333334,,new_building,flat,avito,"московская область, красногорск, жилой комплекс квартал строгино, к2",жк «квартал строгино»
15000000.0,55.532487,37.377408,58.0,2.0,0.9166666666666666,2021.0,unknown,flat,avito,"москва, новомосковский административный округ, поселение десеновское, мостовая ул., 5к2",unknown
21483564.0,55.80745,37.38186,54.7,2.0,0.6666666666666666,,new_building,flat,avito,"московская область, красногорск, жилой комплекс квартал строгино, к2",жк «квартал строгино»
3500000.0,54.75707245,38.89254379,43.0,2.0,0.75,,unknown,flat,avito,"московская обл., зарайск, 1-й мкр-н, 6",unknown
13499999.0,55.750651,37.993859,77.9,2.0,0.9411764705882353,,unknown,flat,avito,"московская обл., балашиха, мкр-н ольгино, главная ул., 1",unknown
3190000.0,56.259723,38.213515,42.9,2.0,1.0,2025.0,unknown,flat,avito,"московская обл., сергиево-посадский г.о., пос. лоза, 1",unknown
21445435.0,55.80745,37.38186,55.0,2.0,0.7083333333333334,,new_building,flat,avito,"московская область, красногорск, жилой комплекс квартал строгино, к2",жк «квартал строгино»
23431202.0,55.80745,37.38186,58.9,2.0,0.4583333333333333,,new_building,flat,avito,"московская область, красногорск, жилой комплекс квартал строгино, к2",жк «квартал строгино»
23503905.0,55.80745,37.38186,51.0,2.0,0.3333333333333333,,new_building,flat,avito,"московская область, красногорск, жилой комплекс квартал строгино, к2",жк «квартал строгино»
20940578.0,55.80745,37.38186,54.7,2.0,0.16666666666666666,,new_building,flat,avito,"московская область, красногорск, жилой комплекс квартал строгино, к2",жк «квартал строгино»
21179422.0,55.8075,37.38345,51.0,2.0,0.5,,new_building,flat,avito,"московская область, красногорск, жилой комплекс квартал строгино, к1",жк «квартал строгино»
21601690.0,55.80745,37.38186,55.0,2.0,0.9166666666666666,,new_building,flat,avito,"московская область, красногорск, жилой комплекс квартал строгино, к2",жк «квартал строгино»
9933000.0,55.65324,37.92783,39.7,2.0,0.7647058823529411,,unknown,flat,avito,"мкр. птицефабрика, стр. 5",жк «новотомилино»
15034800.0,55.65324,37.92783,57.9,2.0,0.5294117647058824,,unknown,flat,avito,"мкр. птицефабрика, стр. 6",жк «новотомилино»
6350000.0,55.96279,37.267957,44.1,2.0,0.4,1968.0,unknown,flat,avito,"московская обл., химки, мкр-н фирсановка, речная ул., 10",unknown
8350000.0,55.724733,37.973144,46.7,2.0,0.9545454545454546,2019.0,new_building,flat,avito,"московская обл., балашиха, мкр-н новое павлино, косинское ш., 4",unknown
17000000.0,55.553422,37.464293,51.8,2.0,0.2,2019.0,unknown,flat,avito,"москва, новомосковский административный округ, поселение сосенское, ул. василия ощепкова, 2",unknown
7300000.0,55.65939713,37.90359497,48.9,2.0,1.0,,unknown,flat,avito,"московская обл., люберцы, ул. космонавтов, 24",unknown
4700000.0,55.59904099,36.68954086,44.0,2.0,0.2,,unknown,flat,avito,"московская обл., одинцовский г.о., пгт. старый городок, школьная ул., 13",unknown
4950000.0,55.85561371,37.11838913,45.2,2.0,1.0,,unknown,flat,avito,"московская обл., муниципальный округ истра, дедовск, ул. красный октябрь, 10",unknown
14493800.0,55.65324,37.92783,57.7,2.0,0.7647058823529411,,unknown,flat,avito,"мкр. птицефабрика, стр. 6",жк «новотомилино»
3000000.0,54.959599,37.454995,44.4,2.0,0.5,,unknown,flat,avito,"московская обл., г.о. серпухов, пос. дома отдыха авангард, 2",unknown
7500000.0,55.75246,37.958016,41.4,2.0,0.6,1963.0,unknown,flat,avito,"московская обл., балашиха, мкр-н кучино, пр-т жуковского, 3",unknown
6300000.0,55.6068573,38.0953598,43.7,2.0,0.4444444444444444,1971.0,unknown,flat,avito,"московская обл., жуковский, ул. гагарина, 51",unknown
8400000.0,55.423867,37.779593,50.0,2.0,0.3333333333333333,1995.0,unknown,flat,avito,"московская обл., домодедово, ул. корнеева, 44",unknown
8500000.0,55.53677285495204,37.183291711639406,59.3,2.0,0.5555555555555556,2024.0,unknown,flat,avito,"москва, новомосковский административный округ, филимонковский р-н, жилой комплекс эдельвейс, 93",unknown
26510355.0,55.80745,37.38186,58.9,2.0,0.625,,new_building,flat,avito,"московская область, красногорск, жилой комплекс квартал строгино, к2",жк «квартал строгино»
4700000.0,55.78821903611886,38.44256400796707,50.7,2.0,1.0,1959.0,unknown,flat,avito,"московская обл., электросталь, пр-т ленина, 38/7",unknown
2750000.0,55.57709122,38.8931694,42.3,2.0,1.0,,unknown,flat,avito,"московская обл., орехово-зуевский г.о., куровское, ул. пролетарка, 10",unknown
24267877.0,55.80745,37.38186,58.8,2.0,0.625,,new_building,flat,avito,"московская область, красногорск, жилой комплекс квартал строгино, к2",жк «квартал строгино»
26209025.0,55.80745,37.38186,51.3,2.0,0.7916666666666666,,new_building,flat,avito,"московская область, красногорск, жилой комплекс квартал строгино, к2",жк «квартал строгино»
12900000.0,55.918151,37.713962,58.5,2.0,0.44,2016.0,unknown,flat,avito,"московская обл., мытищи, ул. борисовка, 24а",unknown
8695296.0,56.00612,37.8749,59.2,2.0,0.17647058823529413,,new_building,flat,avito,"ш. ярославское, д. 194, корп. 1",жк «серебро»
3000000.0,55.171725,37.242113,50.0,2.0,1.0,,unknown,flat,avito,"московская обл., муниципальный округ чехов, с. шарапово, территория чехов-8, южная ул., 6",unknown
5550000.0,55.7043663210416,36.19352535156759,40.0,2.0,0.5555555555555556,1986.0,unknown,flat,avito,"московская обл., рузский муниципальный округ, руза, ул. солнцева, 24",unknown
9279543.0,55.53345,37.87743,51.9,2.0,0.25,,new_building,flat,avito,"московская область, ленинский городской округ, жилой комплекс богдановский лес, 10.2",жк «богдановский лес»
6450000.0,55.325078,37.34444,40.7,2.0,0.2,,unknown,flat,avito,"москва, троицкий административный округ, р-н вороново, с. кленово, октябрьская ул., 4",unknown
9990000.0,55.96976852,37.5389328,54.5,2.0,0.16666666666666666,,unknown,apartments,avito,"московская обл., г.о. мытищи, д. грибки, адмиральская ул., 6с1",unknown
6592855.0,55.63949,37.94882,32.9,2.0,0.1111111111111111,,new_building,flat,avito,"московская область, городской округ люберцы, поселок жилино-1, жилой комплекс егорово парк, стр. 4.1",жк «егорово парк»
7800000.0,55.914877,37.823439,44.8,2.0,0.6,1959.0,unknown,flat,avito,"московская обл., королев, ул. чайковского, 4",unknown
9700000.0,55.88393402,37.42744446,55.5,2.0,0.38461538461538464,,unknown,flat,avito,"московская обл., химки, ул. панфилова, 4",unknown
8900000.0,55.91480255,37.8015213,40.0,2.0,0.16,2021.0,unknown,flat,avito,"московская обл., королев, пионерская ул., 13к5",unknown
1600000.0,54.41952515,38.82704544,53.3,2.0,0.3333333333333333,,unknown,flat,avito,"московская обл., муниципальный округ серебряные пруды, пос. дмитриевский, 3",unknown
4650000.0,55.077417,38.763212,44.2,2.0,0.4,1973.0,unknown,flat,avito,"московская обл., коломна, пр-т кирова, 41",unknown
7801484.0,56.00612,37.8749,59.1,2.0,0.23529411764705882,,new_building,flat,avito,"ш. ярославское, д. 194, корп. 1",жк «серебро»
9306000.0,55.50883484,37.34156418,50.9,2.0,0.23529411764705882,,unknown,flat,avito,"москва, новомосковский административный округ, поселение десеновское, ул. яворки, 1к5",unknown
4800000.0,55.80558395,37.98046494,42.6,2.0,1.0,1954.0,unknown,flat,avito,"московская обл., балашиха, октябрьская ул., 7",unknown
4200000.0,56.32106781,38.2269249,44.6,2.0,0.4,,unknown,flat,avito,"московская обл., сергиево-посадский г.о., пос. ниирп, 4",unknown
8350000.0,55.415303,37.480993,57.2,2.0,0.17647058823529413,2011.0,unknown,flat,avito,"московская обл., подольск, ул. академика доллежаля, 35",unknown
9990000.0,55.42316568832547,37.49242550103018,55.0,2.0,0.7058823529411765,,unknown,flat,avito,"московская обл., подольск, ул. 43-й армии, 15",unknown
6500000.0,55.726928,37.970224,52.8,2.0,0.5555555555555556,1985.0,unknown,flat,avito,"московская обл., балашиха, мкр-н павлино, 21",unknown
8800000.0,56.35308075,37.52724838,53.6,2.0,0.14285714285714285,2003.0,unknown,flat,avito,"московская обл., дмитровский г.о., дмитров, мкр-н имени к.а. аверьянова, 6",unknown
8990000.0,55.899053,37.449525,44.4,2.0,0.6,1963.0,unknown,flat,avito,"московская обл., химки, пр-т мира, 5а",unknown
17770000.0,55.601554,37.357097,60.3,2.0,0.5294117647058824,2014.0,unknown,flat,avito,"москва, новомосковский административный округ, филимонковский р-н, московский, ул. атласова, 7к1",unknown
10650000.0,55.764572,37.96434,73.0,2.0,0.16666666666666666,2015.0,unknown,flat,avito,"московская обл., балашиха, мкр-н кучино, ул. соловьева, 1",unknown
7700000.0,55.58108492629079,38.204896096057446,49.7,2.0,1.0,,unknown,flat,avito,"московская обл., раменский муниципальный округ, раменское, ул. чугунова, 28",unknown
6950000.0,55.54239349033259,37.78818197592256,46.1,2.0,0.6,,resale,flat,avito,"московская обл., ленинский г.о., пос. петровское, 68",unknown
5300000.0,55.76706314,38.67146683,46.0,2.0,0.8,1980.0,unknown,flat,avito,"московская обл., павлово-посадский г.о., павловский посад, ул. кузьмина, 30",unknown
8000000.0,55.85638809,37.12493515,43.8,2.0,0.4,1965.0,unknown,flat,avito,"московская обл., муниципальный округ истра, дедовск, ул. войкова, 6",unknown
11500000.0,55.790848,37.888935,67.1,2.0,0.68,2015.0,unknown,flat,avito,"московская обл., балашиха, ул. строителей, 1",unknown
4950000.0,55.60683823,38.12810135,40.7,2.0,0.2,,unknown,flat,avito,"московская обл., раменский муниципальный округ, пгт. кратово, ул. мичурина, 6",unknown
7300000.0,55.8229599,37.97465134,41.1,2.0,1.0,,unknown,flat,avito,"московская обл., балашиха, ул. 40 лет победы, 13",unknown
4200000.0,55.802032,38.44078,43.2,2.0,0.4,,unknown,flat,avito,"московская обл., электросталь, первомайская ул., 10",unknown
3500000.0,55.768633,38.671844,40.9,2.0,0.4,1966.0,unknown,flat,avito,"московская обл., павлово-посадский г.о., павловский посад, ул. тимирязева, 2/2",unknown
10500000.0,55.456112,37.286983,68.5,2.0,0.5,2024.0,unknown,flat,avito,"москва, троицкий административный округ, р-н троицк, троицк, ул. академика дыхне, 4",unknown
7164338.0,55.63949,37.94882,35.6,2.0,0.8888888888888888,,new_building,flat,avito,"московская область, городской округ люберцы, поселок жилино-1, жилой комплекс егорово парк, стр. 4.1",жк «егорово парк»
11001180.0,55.52237,37.61232,54.3,2.0,0.16,,new_building,flat,avito,"с/п булатниковское, д. боброво, мкр. «боброво», корп. 55",восточное бутово
10300000.0,55.619117,37.944757,51.0,2.0,0.7647058823529411,2023.0,unknown,flat,avito,"московская обл., г.о. люберцы, пгт. мирный, ул. академика северина, 13",unknown
8000000.0,55.976906,37.143019,44.8,2.0,0.2222222222222222,1982.0,unknown,flat,avito,"московская обл., г.о. солнечногорск, пгт. андреевка, 21",unknown
3700000.0,56.369157,38.141362,43.5,2.0,0.6,,unknown,flat,avito,"московская обл., сергиево-посадский г.о., пгт. скоропусковский, 10",unknown
5900000.0,55.814077,37.949895,44.0,2.0,0.4,1962.0,unknown,flat,avito,"московская обл., балашиха, ул. орджоникидзе, 17",unknown
11250000.0,55.63998032,37.84985733,56.5,2.0,0.38461538461538464,,unknown,flat,avito,"московская обл., котельники, мкр-н новые котельники, 6",unknown
4000000.0,54.833754,37.611464,47.2,2.0,1.0,1970.0,unknown,flat,avito,"московская обл., г.о. серпухов, пущино, мкр-н аб, 1",unknown
9600000.0,55.90772247,37.73225021,45.0,2.0,0.6,,unknown,flat,avito,"московская обл., мытищи, новомытищинский пр-т, 25",unknown
5999999.0,55.44100571,37.72679901,42.4,2.0,1.0,,unknown,flat,avito,"московская обл., домодедово, ул. текстильщиков, 1",unknown
8064403.0,56.00612,37.8749,59.0,2.0,0.8235294117647058,,new_building,flat,avito,"ш. ярославское, д. 194, корп. 1",жк «серебро»
9400000.0,55.452635,37.746202,54.0,2.0,1.0,2008.0,unknown,flat,avito,"московская обл., домодедово, мкр-н северный, 1-я коммунистическая ул., 31",unknown
8924400.0,56.04874,37.86375,48.2,2.0,0.125,,new_building,flat,avito,"городской округ пушкинский, стр. 6",жилой квартал пушкино град
3950000.0,55.384175,39.033641,38.0,2.0,1.0,1917.0,unknown,flat,avito,"московская обл., егорьевск, советская ул., 74",unknown
4999000.0,55.42123,38.290545,45.7,2.0,0.6,1971.0,unknown,flat,avito,"московская обл., бронницы, строительная ул., 15",unknown
9150000.0,56.01888657,37.42503738,62.9,2.0,0.8823529411764706,2018.0,unknown,flat,avito,"московская обл., лобня, молодежная ул., 12",unknown
2750000.0,56.238457,38.009956,43.6,2.0,0.5,,unknown,flat,avito,"московская обл., сергиево-посадский г.о., хотьково, мкр-н север, 10",unknown
5800000.0,55.16178513,37.43451309,44.3,2.0,0.8,1976.0,unknown,flat,avito,"московская обл., чехов, ул. гагарина, 72",unknown
10990000.0,55.918111,37.410457,44.9,2.0,0.5,2019.0,unknown,flat,avito,"московская обл., химки, ул. германа титова, 8",unknown
6700000.0,55.417628,37.536733,45.0,2.0,1.0,1962.0,unknown,flat,avito,"московская обл., подольск, индустриальная ул., 23а",unknown
4900000.0,56.089347,37.105883,47.1,2.0,0.6,1975.0,unknown,flat,avito,"московская обл., г.о. солнечногорск, д. ложки, мкр-н военный городок, 70",unknown
12665818.0,55.63949,37.94882,50.9,2.0,0.3333333333333333,,new_building,flat,avito,"московская область, городской округ люберцы, поселок жилино-1, жилой комплекс егорово парк, стр. 4.1",жк «егорово парк»
8173640.0,55.83126,38.20667,61.1,2.0,0.7142857142857143,,new_building,flat,avito,"ул. генерала ковачевича, стр. 13",жк «новоград монино»
7110036.0,55.63949,37.94882,35.4,2.0,0.4444444444444444,,new_building,flat,avito,"московская область, городской округ люберцы, поселок жилино-1, жилой комплекс егорово парк, стр. 4.1",жк «егорово парк»
7600000.0,56.00831985,37.83536148,57.0,2.0,0.8888888888888888,1999.0,unknown,flat,avito,"московская обл., г.о. пушкинский, пушкино, боголюбская ул., 6",unknown
2600000.0,55.48807786641767,36.51314687136602,39.2,2.0,0.5,,unknown,flat,avito,"московская обл., наро-фоминский г.о., д. головково, 4",unknown
9600000.0,55.60804749,38.09490967,48.0,2.0,0.6,,unknown,flat,avito,"московская обл., жуковский, ул. гагарина, 54",unknown
8400000.0,55.554685,37.710108,38.3,2.0,0.75,,unknown,flat,avito,"московская обл., ленинский г.о., видное, советский пр., 3",unknown
8891100.0,56.04874,37.86375,48.1,2.0,0.4375,,new_building,flat,avito,"городской округ пушкинский, стр. 6",жилой квартал пушкино град
10286430.0,55.52428,37.61537,51.1,2.0,1.0,,new_building,flat,avito,"с/п булатниковское, д. боброво, мкр. «боброво», корп. 47",восточное бутово
5900000.0,55.90008688869246,38.14902532458256,38.6,2.0,0.6428571428571429,2013.0,unknown,flat,avito,"московская обл., г.о. лосино-петровский, пгт. свердловский, заречная ул., 7",unknown
8124812.0,55.97307,37.86944,59.7,2.0,0.5,,unknown,flat,avito,"с. тарасовка, мкр. пушкарь, корп. 2",жк «пушкарь»
5999000.0,55.59998703,36.48965836,53.8,2.0,1.0,1994.0,unknown,flat,avito,"московская обл., рузский муниципальный округ, пгт. тучково, мкр-н восточный, 17",unknown
4990000.0,55.308372,38.653384,50.3,2.0,0.1111111111111111,1987.0,unknown,flat,avito,"московская обл., воскресенск, мкр-н новлянский, ул. цесиса, 18",unknown
12791200.0,55.52335,37.61515,59.0,2.0,0.4583333333333333,,new_building,flat,avito,"с/п булатниковское, д. боброво, мкр. «боброво», корп. 43.1",восточное бутово
1491240.0,55.330245,38.808199,44.5,2.0,0.5,1974.0,unknown,flat,avito,"московская обл., г.о. воскресенск, пгт. хорлово, интернатская ул., 11",unknown
4150000.0,54.90510941,37.36578369,41.0,2.0,0.4,,unknown,flat,avito,"московская обл., г.о. серпухов, пос. большевик, ул. ленина, 24",unknown
5199999.0,55.12324524,37.44872665,78.0,2.0,0.6666666666666666,2014.0,unknown,flat,avito,"московская обл., чехов, русская ул., 32",unknown
4000000.0,56.25205612,37.97092438,46.8,2.0,0.4,1967.0,unknown,flat,avito,"московская обл., сергиево-посадский г.о., хотьково, ул. калинина, 13",unknown
10500000.0,55.729412,37.961358,64.3,2.0,0.3888888888888889,2012.0,unknown,flat,avito,"московская обл., г.о. балашиха, д. павлино, 69",unknown
5950000.0,55.35131836,39.06786728,58.3,2.0,0.6666666666666666,,unknown,flat,avito,"московская обл., егорьевск, мкр-н заречье, 14а",unknown
5200000.0,56.30071872452864,38.17947852539635,42.0,2.0,0.6,1983.0,unknown,flat,avito,"московская обл., сергиево-посадский г.о., сергиев посад, ул. победы, 2",unknown
9500000.0,55.44992828,37.73681641,58.0,2.0,0.8823529411764706,2019.0,unknown,flat,avito,"московская обл., домодедово, мкр-н северный, ул. гагарина, 63",unknown
3400000.0,55.88266754,38.44494629,45.0,2.0,0.8,,unknown,flat,avito,"московская обл., богородский г.о., ногинск, ул. текстилей, 15б",unknown
5700000.0,54.92142868,37.40899277,49.0,2.0,0.4,1974.0,unknown,flat,avito,"московская обл., серпухов, ул. володарского, 33",unknown
8500000.0,56.33314,38.155969,51.0,2.0,0.5882352941176471,,unknown,flat,avito,"московская обл., сергиево-посадский г.о., сергиев посад, пр-т красной армии, 251а",unknown
10350000.0,55.536075464134,37.6197890297432,58.1,2.0,0.625,2023.0,unknown,flat,avito,"московская обл., ленинский г.о., пгт. боброво, лесная ул., 16к1",unknown
3500000.0,55.880404356635786,38.45240131120794,45.0,2.0,0.6,1968.0,unknown,flat,avito,"московская обл., богородский г.о., ногинск, ул. советской конституции, 17в",unknown
13800000.0,55.753367,37.87617,60.5,2.0,0.56,2024.0,unknown,flat,avito,"московская обл., реутов, юбилейный пр-т, 45",unknown
7950000.0,55.7296257,38.0308876,41.1,2.0,0.47058823529411764,2014.0,unknown,flat,avito,"московская обл., балашиха, мкр-н саввино, саввинская ул., 3",unknown
9092200.0,55.60116,38.08297,53.8,2.0,0.1111111111111111,,new_building,flat,avito,"ул. гудкова, стр. 3",жк «гранд комфорт»
8431500.0,56.1002,38.11672,51.1,2.0,0.5625,,unknown,flat,avito,"ул. краснофлотская, д. 9а",жк «краснофлотская»
4400000.0,55.111521,38.743269,41.1,2.0,0.6,1969.0,unknown,flat,avito,"московская обл., коломна, заставная ул., 2",unknown
3700000.0,56.56494146355799,37.42377519749468,44.2,2.0,0.2,1973.0,unknown,flat,avito,"московская обл., талдомский г.о., пгт. запрудня, ул. карла маркса, 10к1",unknown
9090000.0,55.869566,37.392185,40.5,2.0,0.68,2025.0,unknown,flat,avito,"московская обл., г.о. красногорск, пгт. путилково, просторная ул., 15",unknown
5000000.0,55.80726538531916,38.03829940646793,37.8,2.0,0.5,1965.0,unknown,flat,avito,"московская обл., балашиха, новая ул., 4",unknown
9100000.0,56.006245,37.450522,51.2,2.0,0.47058823529411764,2011.0,unknown,flat,avito,"московская обл., лобня, физкультурная ул., 6",unknown
12395790.0,55.52428,37.61537,62.7,2.0,0.96,,new_building,flat,avito,"с/п булатниковское, д. боброво, мкр. «боброво», корп. 47",восточное бутово
6200000.0,55.47973633,37.56611633,47.0,2.0,0.2,1980.0,unknown,flat,avito,"московская обл., подольск, почтовая ул., 25",unknown
5600000.0,55.416432,37.521884,44.6,2.0,0.2,1965.0,unknown,flat,avito,"московская обл., подольск, высотная ул., 11",unknown
5500000.0,56.319225,36.723291,45.0,2.0,0.6,1970.0,unknown,flat,avito,"московская обл., клин, ул. карла маркса, 78",unknown
9200000.0,55.422196,37.503558,54.2,2.0,0.07142857142857142,2006.0,unknown,flat,avito,"московская обл., подольск, октябрьский пр-т, 7а",unknown
6770161.0,55.97289,37.87044,49.8,2.0,1.0,,unknown,flat,avito,"с. тарасовка, мкр. пушкарь, корп. 3",жк «пушкарь»
10530000.0,55.508111,37.567707,36.9,2.0,0.3333333333333333,1972.0,unknown,flat,avito,"москва, новомосковский административный округ, р-н щербинка, щербинка, высотная ул., 7",unknown
4650000.0,54.943215,39.034485,49.7,2.0,0.7777777777777778,1986.0,unknown,flat,avito,"московская обл., луховицы, ул. жуковского, 38",unknown
10500000.0,56.025085,37.858581,53.8,2.0,0.625,2019.0,unknown,flat,avito,"московская обл., г.о. пушкинский, пушкино, ул. просвещения, 8к2",unknown
16800000.0,55.59926,37.365748,55.7,2.0,0.6666666666666666,2017.0,unknown,flat,avito,"москва, новомосковский административный округ, филимонковский р-н, московский, ул. лаптева, 8к1",unknown
8000000.0,55.96843338,37.28171158,43.0,2.0,1.0,,unknown,flat,avito,"московская обл., химки, мкр-н фирсановка, ул. санаторий имени артема, 1",unknown
9455635.0,55.52428,37.61537,48.2,2.0,0.08,,new_building,flat,avito,"с/п булатниковское, д. боброво, мкр. «боброво», корп. 47",восточное бутово
6650609.0,55.63949,37.94882,32.9,2.0,0.2222222222222222,,new_building,flat,avito,"московская область, городской округ люберцы, поселок жилино-1, жилой комплекс егорово парк, стр. 4.1",жк «егорово парк»
6199000.0,55.895197,38.482183,54.3,2.0,0.23529411764705882,2017.0,unknown,flat,avito,"московская обл., богородский г.о., ногинск, поселок ильича, ул. академика фортова, 1",unknown
2745548.0,56.547011,37.917098,56.9,2.0,0.8,1985.0,resale,flat,avito,"московская обл., сергиево-посадский г.о., д. шабурново, 16",unknown
3100000.0,55.263388,38.766706,42.4,2.0,1.0,1962.0,unknown,flat,avito,"московская обл., воскресенск, мкр-н цемгигант, монтажная ул., 8",unknown
15650000.0,55.613759020273214,37.385848524754685,44.0,2.0,0.5833333333333334,2021.0,new_building,flat,avito,"москва, новомосковский административный округ, р-н коммунарка, жилой комплекс филатов луг, ул. картмазовские пруды, 2к3",unknown
8200000.0,55.980402,37.110491,62.7,2.0,0.5,,unknown,flat,avito,"московская обл., г.о. солнечногорск, пгт. голубое, жк мелодия леса, 8",unknown
3950000.0,55.875051,36.843431,49.1,2.0,1.0,,unknown,flat,avito,"московская обл., истра, мкр-н истра-1, 25",unknown
7364727.0,55.81534,37.20937,40.3,2.0,0.16666666666666666,,new_building,flat,avito,"ул. полковника глазунова, стр. 7",жк «аникеевский»
6800000.0,56.003079,37.861483,43.2,2.0,0.8,1976.0,unknown,flat,avito,"московская обл., г.о. пушкинский, пушкино, 2-й фабричный пр., 4а",unknown
4300000.0,55.805579,38.439737,45.8,2.0,0.8,1964.0,unknown,flat,avito,"московская обл., электросталь, первомайская ул., 04",unknown
13500000.0,55.90780258,37.39573288,52.8,2.0,0.8,2019.0,unknown,flat,avito,"московская обл., химки, пр-т мельникова, 33",unknown
9959875.0,56.00717,37.87459,73.1,2.0,0.5882352941176471,,new_building,flat,avito,"ш. ярославское, д. 194",жк «серебро»
8500000.0,55.78017807,38.61392212,60.0,2.0,0.6470588235294118,2016.0,unknown,flat,avito,"московская обл., павлово-посадский г.о., павловский посад, мкр-н филимоново, квартал первомайский, 2",unknown
7200000.0,55.874521,38.436692,54.0,2.0,0.6666666666666666,1987.0,unknown,flat,avito,"московская обл., богородский г.о., ногинск, ул. жарова, 1",unknown
9271433.0,55.54744,37.65085,51.5,2.0,0.25,,new_building,flat,avito,"д. спасское, жк «живописный»",жк «живописный»
5800000.0,56.00546,37.87255,44.6,2.0,0.4444444444444444,1970.0,unknown,flat,avito,"московская обл., г.о. пушкинский, пушкино, мкр-н серебрянка, 58",unknown
6900000.0,55.61989847776856,36.98405703848769,44.3,2.0,0.4444444444444444,,unknown,flat,avito,"московская обл., одинцовский г.о., голицыно, советская ул., 54/2",unknown
6300000.0,55.80506134,38.1725235,51.3,2.0,0.9411764705882353,,unknown,flat,avito,"московская обл., богородский г.о., старая купавна, октябрьская ул., 14а",unknown
10300000.0,56.027655,37.862273,59.0,2.0,0.7333333333333333,2022.0,new_building,flat,avito,"московская обл., г.о. пушкинский, пушкино, ул. александра меня, 1",unknown
9750000.0,55.859595,37.392616,55.4,2.0,0.6,1995.0,unknown,flat,avito,"московская обл., г.о. красногорск, пгт. путилково, 14",unknown
3800000.0,56.380642,37.330929,45.4,2.0,0.2,1962.0,unknown,flat,avito,"московская обл., дмитровский муниципальный округ, пос. новосиньково, 30",unknown
7750000.0,55.589834,38.212733,43.5,2.0,1.0,1973.0,unknown,flat,avito,"московская обл., раменский г.о., раменское, коммунистическая ул., 23",unknown
2999000.0,55.11769867,37.95028305,44.1,2.0,1.0,1966.0,unknown,flat,avito,"московская обл., г.о. ступино, пгт. михнево, библиотечная ул., 18",unknown
8700000.0,55.56242683950669,37.847367084702505,50.0,2.0,0.3333333333333333,2017.0,unknown,flat,avito,"московская обл., ленинский г.о., пгт. молоково, ново-молоковский б-р, 4",unknown
5999999.0,55.41704178,37.5323143,43.8,2.0,0.25,1963.0,unknown,flat,avito,"московская обл., подольск, ул. свердлова, 45",unknown
9200000.0,55.58955765,38.14147949,50.0,2.0,0.6666666666666666,1986.0,unknown,flat,avito,"московская обл., жуковский, нижегородская ул., 6",unknown
3750000.0,56.105369758502,37.57221136607458,44.0,2.0,0.8,,unknown,flat,avito,"московская обл., г.о. мытищи, пос. менжинец, дружная ул., 1ак3",unknown
10575929.0,56.05053,37.54556,59.6,2.0,0.25,2026.0,unknown,flat,avito,"дер. шолохово, д. 7",жк «шолохово»
6200000.0,55.95825662153926,36.5681648625323,50.6,2.0,1.0,,unknown,flat,avito,"московская обл., муниципальный округ истра, пос. курсаково, 22",unknown
4300000.0,55.030421,38.61826,54.8,2.0,0.6666666666666666,1958.0,unknown,flat,avito,"московская обл., г.о. коломна, пос. лесной, первомайская ул., 13",unknown
10842362.0,56.05053,37.54556,61.7,2.0,1.0,2026.0,unknown,flat,avito,"дер. шолохово, д. 7",жк «шолохово»
14000000.0,55.506954,37.567689,50.0,2.0,0.5555555555555556,,unknown,flat,avito,"москва, новомосковский административный округ, р-н щербинка, щербинка, юбилейная ул., 8",unknown
8189600.0,55.83044,38.20761,61.2,2.0,0.7142857142857143,,new_building,flat,avito,"ул. генерала ковачевича, стр. 14",жк «новоград монино»
13306667.0,55.91933,37.73686,40.0,2.0,0.12,,new_building,flat,avito,"ул. комарова/институтская , стр. 1",жк «страна.парковая»
7321794.0,55.97982,37.89803,40.0,2.0,0.6875,,new_building,flat,avito,"ул. первомайская, стр. 1",жк «западная ивантеевка»
4500000.0,55.550529,37.083865,41.1,2.0,0.6,1973.0,unknown,flat,avito,"московская обл., наро-фоминский г.о., апрелевка, февральская ул., 49",unknown
6800000.0,55.9495697,38.0633812,53.0,2.0,0.3333333333333333,,unknown,flat,avito,"московская обл., фрязино, ул. 60 лет ссср, 5",unknown
14950000.0,55.67841339,37.23624802,50.5,2.0,0.9166666666666666,2023.0,unknown,flat,avito,"московская обл., одинцовский г.о., одинцово, мкр-н клубничное поле, 8",unknown
10500000.0,55.4954567,36.91749573,52.2,2.0,0.6666666666666666,2017.0,unknown,flat,avito,"москва, троицкий административный округ, р-н бекасово, десятинная ул., 5",unknown
4050000.0,56.293482,38.115877,42.0,2.0,0.2,,unknown,flat,avito,"московская обл., сергиево-посадский г.о., сергиев посад, ул. маяковского, 17",unknown
2500000.0,55.71169804659475,38.957047668824615,44.1,2.0,0.2,,unknown,flat,avito,"московская обл., орехово-зуевский г.о., ликино-дулево, ул. кирова, 61а",unknown
5500000.0,54.85320225843388,38.564769543663,52.2,2.0,0.2222222222222222,1987.0,unknown,flat,avito,"московская обл., г.о. коломна, озеры, ул. ленина, 8к1",unknown
3700000.0,55.767453,38.669005,46.0,2.0,0.6,1968.0,unknown,flat,avito,"московская обл., павлово-посадский г.о., павловский посад, ул. ленская-тимирязева, 12",unknown
7300000.0,55.69356155,37.88861084,43.8,2.0,0.1111111111111111,1988.0,unknown,flat,avito,"московская обл., люберцы, ул. митрофанова, 21",unknown
12476160.0,55.65533,37.87162,57.0,2.0,0.17647058823529413,,new_building,flat,avito,"яничкин пр-д, з/у 6/11",белая дача парк
7800000.0,55.93477631,37.17620468,46.0,2.0,1.0,,unknown,flat,avito,"московская обл., г.о. химки, д. брехово, мкр-н митино дальнее, 11",unknown
2850000.0,55.77322736956333,39.15373037695018,50.0,2.0,0.5,1980.0,unknown,flat,avito,"московская обл., орехово-зуевский г.о., пос. новый снопок, садовая ул., 27",unknown
5500000.0,55.752536,38.112481,43.1,2.0,0.75,1964.0,unknown,flat,avito,"московская обл., балашиха, мкр-н купавна, морская ул., 2",unknown
5390000.0,55.870501,37.120732,59.0,2.0,0.3333333333333333,1959.0,unknown,flat,avito,"московская обл., муниципальный округ истра, дедовск, керамическая ул., 2",unknown
6350000.0,55.6068573,38.0953598,43.7,2.0,0.4444444444444444,,unknown,flat,avito,"московская обл., жуковский, ул. гагарина, 51",unknown
13490000.0,55.66258621,37.85336304,53.5,2.0,0.5384615384615384,2022.0,unknown,flat,avito,"московская обл., котельники, мкр-н белая дача, 25к1",unknown
6350000.0,55.590175,38.20587,43.2,2.0,0.6,1969.0,unknown,flat,avito,"московская обл., раменский г.о., раменское, коммунистическая ул., 16",unknown
5400000.0,55.316984,38.657327,45.3,2.0,0.5555555555555556,1974.0,unknown,flat,avito,"московская обл., воскресенск, мкр-н новлянский, новлянская ул., 12а",unknown
4700000.0,55.59578705,36.69138336,45.9,2.0,1.0,,unknown,flat,avito,"московская обл., одинцовский г.о., пгт. старый городок, заводская ул., 19",unknown
11600000.0,55.90360641,37.70446777,55.9,2.0,0.75,2003.0,unknown,flat,avito,"московская обл., мытищи, юбилейная ул., 40к1",unknown
10511700.0,56.04874,37.86375,56.8,2.0,0.125,,new_building,flat,avito,"городской округ пушкинский, стр. 6",жилой квартал пушкино град
6200000.0,55.600369,36.456724,48.0,2.0,0.8888888888888888,1992.0,new_building,flat,avito,"московская обл., рузский муниципальный округ, пгт. тучково, ул. лебеденко, 27а",unknown
7000000.0,55.884964,37.031053,49.0,2.0,0.2,1984.0,unknown,flat,avito,"московская обл., муниципальный округ истра, пгт. снегири, октябрьская ул., 2",unknown
12988800.0,55.65212,37.9301,58.6,2.0,0.17647058823529413,,unknown,flat,avito,"мкр. птицефабрика, стр. 7",жк «новотомилино»
5800000.0,55.611373,36.964776,45.5,2.0,0.4,,unknown,flat,avito,"московская обл., одинцовский г.о., голицыно, западный пр-т, 1",unknown
10500000.0,55.815696,37.314526,48.5,2.0,0.16666666666666666,1982.0,unknown,flat,avito,"московская обл., красногорск, мкр-н райцентр, комсомольская ул., 35",unknown
9271433.0,55.54744,37.65085,51.5,2.0,0.25,,new_building,flat,avito,"д. спасское, жк «живописный»",жк «живописный»
2700000.0,56.08883643024668,37.05881187418228,25.0,2.0,1.0,,unknown,flat,avito,"московская обл., г.о. солнечногорск, пгт. поварово, мкр-н лесхоза, 41",unknown
13317860.0,56.00657,37.86003,69.4,2.0,0.6956521739130435,,unknown,flat,avito,"ул. надсоновская, жилой дом",жк «триумф»
5199000.0,55.611866,36.96847534,40.9,2.0,0.2,1975.0,unknown,flat,avito,"московская обл., одинцовский г.о., голицыно, пр-т керамиков, 88",unknown
4890000.0,55.91581726,38.10887146,52.6,2.0,0.6,,unknown,flat,avito,"московская обл., г.о. лосино-петровский, пгт. биокомбината, 27",unknown
7500000.0,55.955287,37.305695,41.9,2.0,0.75,1965.0,unknown,flat,avito,"московская обл., химки, мкр-н сходня, первомайская ул., 28/1",unknown
12700000.0,55.439237,37.752562,62.8,2.0,0.5,2012.0,new_building,flat,avito,"московская обл., домодедово, мкр-н центральный, ул. кирова, 7к4",unknown
9690000.0,55.728794,38.031273,54.3,2.0,0.8823529411764706,2018.0,unknown,flat,avito,"московская обл., балашиха, мкр-н саввино, ул. ленина, 1/5",unknown
15903342.0,55.59527,37.20066,71.5,2.0,0.8823529411764706,,new_building,flat,avito,"дер. марушкино, стр. 3",жк «внуково парк»
7500000.0,55.420198,37.544845,51.0,2.0,1.0,,unknown,flat,avito,"московская обл., подольск, большая серпуховская ул., 30а",unknown
10000000.0,55.88947678,37.479599,42.3,2.0,0.4444444444444444,,unknown,flat,avito,"московская обл., химки, зеленая ул., 7",unknown
8193590.0,55.8325,38.21005,61.2,2.0,0.42857142857142855,,new_building,flat,avito,"ул. генерала ковачевича, стр. 11",жк «новоград монино»
5600000.0,56.005274,37.860647,42.8,2.0,0.2,1966.0,unknown,flat,avito,"московская обл., г.о. пушкинский, пушкино, надсоновская ул., 3",unknown
4500000.0,55.626714836955664,36.86860605676757,45.0,2.0,0.6666666666666666,1961.0,unknown,flat,avito,"московская обл., одинцовский г.о., пос. часцы, поселок часцы-1, 66",unknown
6950000.0,55.40092672726689,37.76382236018645,38.5,2.0,0.6470588235294118,2017.0,unknown,flat,avito,"московская обл., домодедово, мкр-н южный, южнодомодедовская ул., 14",unknown
7222185.0,55.97604281986675,37.09658353436276,46.4,2.0,0.84,2021.0,unknown,flat,avito,"московская обл., г.о. солнечногорск, пгт. голубое, парковый б-р, 5б",unknown
4440000.0,55.91750348737021,38.11062366339866,42.8,2.0,0.75,1969.0,unknown,flat,avito,"московская обл., г.о. лосино-петровский, пгт. биокомбината, 36",unknown
8060030.0,55.39255,37.56489,57.8,2.0,0.34782608695652173,,new_building,flat,avito,"п. сосновый бор, ул. объездная дорога, стр. 3",жк «новый весенний»
11000000.0,55.659927,37.975389,52.3,2.0,0.5882352941176471,2021.0,unknown,flat,avito,"московская обл., г.о. люберцы, пгт. красково, ул. карла маркса, 1/1",unknown
7000000.0,56.09161758,37.90439606,62.0,2.0,0.3333333333333333,2010.0,unknown,apartments,avito,"московская обл., г.о. пушкинский, пгт. зеленоградский, шоссейная ул., 1к1",unknown
12100000.0,55.534464,37.448896,58.5,2.0,0.2,,unknown,flat,avito,"москва, новомосковский административный округ, р-н коммунарка, пос. подсобного хозяйства воскресенское, 41к1",unknown
3990000.0,55.80577064576485,38.46060097035419,42.4,2.0,0.3333333333333333,,unknown,flat,avito,"московская обл., электросталь, ул. карла маркса, 53",unknown
9900000.0,55.559287,37.810674,52.7,2.0,0.35294117647058826,2017.0,new_building,flat,avito,"московская обл., ленинский г.о., пгт. мисайлово, мкр-н пригород лесное, молодежный б-р, 2",unknown
11138905.0,56.0511,37.54492,63.9,2.0,1.0,2026.0,unknown,flat,avito,"дер. шолохово, д. 7к1",жк «шолохово»
5999999.0,55.915079,37.779979,44.0,2.0,1.0,,unknown,flat,avito,"московская обл., мытищи, первомайская ул., 19а",unknown
7200000.0,55.4249415175503,37.50664798455424,52.1,2.0,0.2222222222222222,,unknown,flat,avito,"московская обл., подольск, октябрьский пр-т, 2в",unknown
8165640.0,55.97307,37.86944,60.0,2.0,0.75,,unknown,flat,avito,"с. тарасовка, мкр. пушкарь, корп. 2",жк «пушкарь»
10500000.0,55.6637332690931,37.87064032293692,54.0,2.0,0.25,2004.0,unknown,flat,avito,"московская обл., котельники, новая ул., 17б",unknown
6800000.0,54.872103,37.219718,53.6,2.0,0.7272727272727273,1984.0,unknown,flat,avito,"московская обл., г.о. серпухов, протвино, ул. ленина, 20",unknown
12767600.0,55.52335,37.61515,59.0,2.0,0.7916666666666666,,new_building,flat,avito,"с/п булатниковское, д. боброво, мкр. «боброво», корп. 43.1",восточное бутово
14190000.0,55.564155,37.294853,58.0,2.0,0.7142857142857143,2025.0,unknown,flat,avito,"москва, новомосковский административный округ, филимонковский р-н, новосередневский пр-т, 21к5",unknown
12853840.0,55.65533,37.87162,58.4,2.0,0.75,,new_building,flat,avito,"яничкин пр-д, з/у 6/11",белая дача парк
12900000.0,55.588379,37.762578,58.8,2.0,0.8888888888888888,2010.0,new_building,flat,avito,"московская обл., ленинский г.о., пос. развилка, 48",unknown
15000000.0,55.54027176,37.45378113,40.0,2.0,0.4166666666666667,2021.0,unknown,flat,avito,"москва, новомосковский административный округ, поселение сосенское, пр-т куприна, 40к1",unknown
12449510.0,55.76603,37.21311,52.1,2.0,0.4444444444444444,,new_building,flat,avito,"д. глухово, стр. 4.2",ильинские луга
9500000.0,55.72673035,38.02121353,58.1,2.0,1.0,1982.0,unknown,flat,avito,"московская обл., балашиха, мкр-н саввино, ул. 1 мая, 2",unknown
6550000.0,55.719658,38.228014,54.0,2.0,0.4,,unknown,flat,avito,"московская обл., богородский г.о., электроугли, пионерская ул., 6",unknown
6300000.0,55.421348,37.545734,64.6,2.0,0.5,1954.0,unknown,flat,avito,"московская обл., подольск, ул. чистова, 3",unknown
11374971.0,56.05053,37.54556,59.6,2.0,0.25,2026.0,unknown,flat,avito,"дер. шолохово, д. 7",жк «шолохово»
7894913.0,55.82056,37.21042,36.1,2.0,0.21428571428571427,,new_building,flat,avito,"ул. береговая, стр. 1.1",жк «аникеевский»
9500000.0,55.74390793,36.8806572,57.0,2.0,0.23529411764705882,,unknown,flat,avito,"московская обл., одинцовский г.о., звенигород, мкр-н супонево, к7",unknown
17344080.0,55.59527,37.20066,78.5,2.0,0.8823529411764706,,new_building,flat,avito,"дер. марушкино, стр. 3",жк «внуково парк»
6400000.0,55.428945,37.51962,44.0,2.0,1.0,1962.0,unknown,flat,avito,"московская обл., подольск, парковая ул.",unknown
11252852.0,56.05053,37.54556,63.2,2.0,0.75,2026.0,unknown,flat,avito,"дер. шолохово, д. 7",жк «шолохово»
10275390.0,55.52428,37.61537,51.3,2.0,0.92,,new_building,flat,avito,"с/п булатниковское, д. боброво, мкр. «боброво», корп. 48",восточное бутово
11100000.0,55.394873,37.561023,61.1,2.0,1.0,2019.0,unknown,flat,avito,"московская обл., подольск, бородинский б-р, 17",unknown
7000000.0,55.419417,38.288713,42.3,2.0,0.2,1971.0,unknown,flat,avito,"московская обл., бронницы, строительная ул., 9",unknown
7300000.0,55.60936674177402,37.9682426287222,54.0,2.0,0.11764705882352941,1992.0,unknown,flat,avito,"московская обл., г.о. люберцы, пгт. октябрьский, мкр-н западный, 2",unknown
12400000.0,55.9118,37.706389,55.1,2.0,0.23529411764705882,2009.0,unknown,flat,avito,"московская обл., мытищи, ул. борисовка, 8",unknown
11559342.0,56.00122,37.88741,64.3,2.0,0.4,2026.0,unknown,flat,avito,"ул. зеленая роща, стр. 5",жк «публицист»
11601200.0,55.60095,38.08564,59.8,2.0,0.2777777777777778,2026.0,new_building,flat,avito,"ул. гудкова, стр. 1",жк «гранд комфорт»
22900000.0,55.55245780230911,37.47816271115815,63.8,2.0,0.7777777777777778,2025.0,unknown,flat,avito,"москва, новомосковский административный округ, р-н коммунарка, квартал № 160, 1вк2",unknown
2500000.0,55.595776,36.559671,31.0,2.0,1.0,1957.0,unknown,flat,avito,"московская обл., рузский муниципальный округ, пос. пансионата полушкино, ул. госпиталь, 2",unknown
9151950.0,56.04874,37.86375,49.5,2.0,0.5,,new_building,flat,avito,"городской округ пушкинский, стр. 6",жилой квартал пушкино град
5050000.0,55.324279,38.660103,45.3,2.0,1.0,1965.0,unknown,flat,avito,"московская обл., воскресенск, мкр-н центральный, ул. менделеева, 15",unknown
14300000.0,55.485724,37.308175,67.7,2.0,0.35294117647058826,2004.0,unknown,flat,avito,"москва, троицкий административный округ, р-н троицк, троицк, академическая пл., 4",unknown
7200000.0,55.750317,37.974545,44.3,2.0,0.8,1962.0,unknown,flat,avito,"московская обл., балашиха, мкр-н керамик, носовихинское ш., 4",unknown
11645766.0,55.90924,37.78615,51.3,2.0,0.08,,new_building,flat,avito,"ярославское ш., стр. 2.2",ярославский квартал
9990000.0,55.52933543825376,37.72432733862303,61.2,2.0,0.7058823529411765,2025.0,new_building,flat,avito,"московская обл., ленинский г.о., д. сапроново, мкр-н купелинка, квартал центральный, 9",unknown
9900000.0,56.177757,37.000888,60.5,2.0,0.5882352941176471,2010.0,unknown,flat,avito,"московская обл., солнечногорск, мкр-н рекинцо-2, молодежная ул., 1",unknown
6850000.0,55.473587,37.568938,43.5,2.0,1.0,1967.0,unknown,flat,avito,"московская обл., подольск, быковская ул., 13",unknown
9572800.0,55.43296,37.73279,61.8,2.0,0.17647058823529413,,new_building,flat,avito,"ул. текстильщиков, стр. 45",жк «оптима на текстильщиков»
5960000.0,55.604941,36.462995,66.8,2.0,1.0,2018.0,unknown,flat,avito,"московская обл., рузский муниципальный округ, пгт. тучково, комсомольская ул., 14с2",unknown
3950000.0,56.742467,37.538404,43.9,2.0,0.8,1967.0,unknown,flat,avito,"московская обл., талдомский г.о., талдом, мкр-н юбилейный, 4",unknown
5999000.0,55.810724,38.967031,44.9,2.0,0.6666666666666666,,unknown,flat,avito,"московская обл., орехово-зуевский г.о., орехово-зуево, ул. урицкого, 49",unknown
3900000.0,56.431052,37.528244,44.1,2.0,0.5,,unknown,flat,avito,"московская обл., дмитровский муниципальный округ, с. орудьево, фабричная ул., 19",unknown
6500000.0,56.17856979,36.99362183,46.1,2.0,0.6666666666666666,1971.0,unknown,flat,avito,"московская обл., солнечногорск, мкр-н рекинцо, 2",unknown
5950000.0,55.81277847,38.18911743,49.0,2.0,1.0,,unknown,flat,avito,"московская обл., богородский г.о., старая купавна, территория микрорайон, 10",unknown
7980000.0,55.45219,37.54058,52.5,2.0,0.8823529411764706,,new_building,flat,avito,"ул. садовая, д. 14",жк «красная горка»
4600000.0,55.818493,39.017363,45.4,2.0,0.75,1942.0,unknown,flat,avito,"московская обл., орехово-зуевский г.о., орехово-зуево, ул. кирова, 44б",unknown
5100000.0,55.691279886072735,36.68899631626404,48.4,2.0,0.2,1996.0,unknown,flat,avito,"московская обл., одинцовский г.о., д. гигирево, 2",unknown
6549999.0,55.322967,38.683046,58.3,2.0,0.8,1939.0,unknown,flat,avito,"московская обл., воскресенск, мкр-н центральный, октябрьская ул., 19",unknown
5200000.0,55.899189,38.15205383,42.0,2.0,1.0,2021.0,unknown,flat,avito,"московская обл., г.о. лосино-петровский, рп. свердловский, заречная ул., 12",unknown
8950000.0,55.43260193,37.5517807,62.9,2.0,1.0,1956.0,unknown,flat,avito,"московская обл., подольск, революционный пр-т, 52/39",unknown
7599999.0,55.74711024189121,38.02714733820328,43.7,2.0,0.8888888888888888,1974.0,unknown,flat,avito,"московская обл., балашиха, мкр-н железнодорожный, ул. пушкина, 4",unknown
3900000.0,56.07518184614667,37.122630624850565,43.0,2.0,0.2,,unknown,flat,avito,"московская обл., г.о. солнечногорск, пгт. радумля, мкр-н механического завода № 1, 7",unknown
11850000.0,55.65337298407423,37.26533789564854,49.7,2.0,0.12,2019.0,unknown,flat,avito,"московская обл., одинцовский г.о., одинцово, каштановая ул., 2",unknown
13550000.0,55.74952698,37.99723816,65.3,2.0,0.058823529411764705,2009.0,unknown,flat,avito,"московская обл., балашиха, мкр-н железнодорожный, ул. некрасова, 4",unknown
4950000.0,56.14704560060864,37.057540060089664,45.0,2.0,0.5,1964.0,unknown,flat,avito,"московская обл., г.о. солнечногорск, пос. санатория министерства обороны, 76",unknown
10673613.0,56.05053,37.54556,61.7,2.0,0.25,2026.0,unknown,flat,avito,"дер. шолохово, д. 7",жк «шолохово»
5300000.0,55.635523,37.97865,40.5,2.0,0.8,,unknown,flat,avito,"московская обл., г.о. люберцы, рп. малаховка, ул. калинина, 29/5",unknown
7930895.0,55.83096,38.21137,60.4,2.0,0.14285714285714285,,new_building,flat,avito,"ул. генерала ковачевича, стр. 18",жк «новоград монино»
4999000.0,56.24561691,37.50026321,114.1,2.0,1.0,2014.0,unknown,apartments,avito,"московская обл., дмитровский г.о., д. целеево, ул. пятиречье, 4а",unknown
3900000.0,55.78266321736977,38.43558394840036,45.7,2.0,1.0,1956.0,unknown,flat,avito,"московская обл., электросталь, ул. расковой, 34",unknown
6590000.0,55.970363,37.96637,54.0,2.0,0.4,1977.0,unknown,flat,avito,"московская обл., г.о. пушкинский, ивантеевка, ул. богданова, 21",unknown
7055600.0,55.83096,38.21137,50.0,2.0,0.5714285714285714,,new_building,flat,avito,"ул. генерала ковачевича, стр. 18",жк «новоград монино»
5300000.0,54.75774300331685,38.888088496611175,42.3,2.0,0.2,,unknown,flat,avito,"московская обл., зарайск, 1-й мкр-н, 15",unknown
6099000.0,55.83722305,38.40529633,52.0,2.0,0.2222222222222222,,unknown,flat,avito,"московская обл., богородский г.о., ногинск, юбилейная ул., 14",unknown
6742971.0,55.97289,37.87044,49.6,2.0,1.0,,unknown,flat,avito,"с. тарасовка, мкр. пушкарь, корп. 3",жк «пушкарь»
11000000.0,55.73963547,38.03168488,64.6,2.0,0.4117647058823529,2017.0,unknown,flat,avito,"московская обл., балашиха, мкр-н саввино, ул. калинина, 16",unknown
11133422.0,56.0511,37.54492,64.7,2.0,1.0,2026.0,unknown,flat,avito,"дер. шолохово, д. 7к1",жк «шолохово»
4100000.0,55.24357150114865,37.63221145715032,41.4,2.0,1.0,,unknown,flat,avito,"московская обл., муниципальный округ чехов, с. троицкое, 41",unknown
7171071.0,55.82087,37.21002,34.0,2.0,0.21428571428571427,,new_building,flat,avito,"ул. береговая, стр. 1.2",жк «аникеевский»
8400000.0,55.64037,37.854728,57.1,2.0,0.7272727272727273,2024.0,unknown,flat,avito,"московская обл., котельники, мкр-н новые котельники, 22",unknown
12571150.0,55.90924,37.78615,51.5,2.0,0.32,,new_building,flat,avito,"ярославское ш., стр. 2.2",ярославский квартал
16410168.0,55.59527,37.20066,78.5,2.0,0.7058823529411765,,new_building,flat,avito,"дер. марушкино, стр. 3",жк «внуково парк»
9468300.0,56.04893,37.86542,51.2,2.0,0.125,,new_building,flat,avito,"городской округ пушкинский, стр. 5",жилой квартал пушкино град
11000000.0,55.589285,37.761177,60.0,2.0,0.5294117647058824,,unknown,flat,avito,"московская обл., ленинский г.о., пос. развилка, 43",unknown
10750000.0,55.95628357,37.68392181,54.0,2.0,0.5,2017.0,unknown,flat,avito,"московская обл., мытищи, тенистый б-р, 10",unknown
5900000.0,55.79873775718122,37.958135509934266,45.0,2.0,0.8,1965.0,unknown,flat,avito,"московская обл., балашиха, пр-т ленина, 61",unknown
4500000.0,55.55754089,36.69254303,44.0,2.0,0.6666666666666666,,unknown,flat,avito,"московская обл., одинцовский г.о., кубинка, армейская ул., 3",unknown
13869900.0,55.53376,37.7175,47.2,2.0,0.782608695652174,,unknown,flat,avito,"с. ермолино, корп. 1.6",жк «видный берег 2»
14017740.0,55.65533,37.87162,63.4,2.0,0.1111111111111111,,new_building,flat,avito,"яничкин пр-д, з/у 6/11",белая дача парк
6498128.0,55.97289,37.87044,49.9,2.0,0.25,,unknown,flat,avito,"с. тарасовка, мкр. пушкарь, корп. 3",жк «пушкарь»
7300000.0,55.747317,37.967888,47.0,2.0,0.6666666666666666,1970.0,unknown,flat,avito,"московская обл., балашиха, мкр-н керамик, ул. свободы, 1",unknown
3550000.0,55.371147,39.054814,43.6,2.0,0.2222222222222222,,unknown,flat,avito,"московская обл., егорьевск, 2-й мкр-н, 50",unknown
7650000.0,56.000829,37.485574,51.8,2.0,0.7142857142857143,1995.0,unknown,flat,avito,"московская обл., лобня, ул. калинина, 21",unknown
8900000.0,55.90685654,37.71931458,45.6,2.0,0.1111111111111111,,unknown,flat,avito,"московская обл., мытищи, летная ул., 25",unknown
6000000.0,56.048741,37.85577,64.0,2.0,0.6666666666666666,1960.0,unknown,flat,avito,"г.о. пушкинский, пушкино, мкр-н заветы ильича, ул. горького, 3",unknown
16700000.0,55.81971359,37.37391281,50.3,2.0,1.0,2011.0,unknown,flat,avito,"московская обл., красногорск, красногорский б-р, 17",unknown
5000000.0,55.419289,37.541108,44.0,2.0,0.5,,unknown,flat,avito,"московская обл., подольск, индустриальная ул., 12а",unknown
7300000.0,55.796587,37.973691,53.4,2.0,0.6666666666666666,1975.0,unknown,flat,avito,"московская обл., балашиха, ш. энтузиастов, 68",unknown
13821200.0,55.53376,37.7175,47.2,2.0,0.7391304347826086,,unknown,flat,avito,"с. ермолино, корп. 1.6",жк «видный берег 2»
5300000.0,56.292323,38.125848,43.6,2.0,0.75,1962.0,unknown,flat,avito,"московская обл., сергиево-посадский г.о., сергиев посад, ул. толстого, 1б",unknown
12587612.0,56.05053,37.54556,62.2,2.0,0.5,2026.0,unknown,flat,avito,"дер. шолохово, д. 7",жк «шолохово»
9490000.0,55.538759,37.73103,56.8,2.0,0.8823529411764706,2014.0,unknown,flat,avito,"московская обл., ленинский г.о., видное, завидная ул., 19",unknown
10500000.0,55.62987518,38.05088425,58.9,2.0,1.0,1949.0,unknown,flat,avito,"московская обл., раменский муниципальный округ, пгт. удельная, солнечная ул., 30",unknown
8850000.0,54.92761993,37.44742966,54.5,2.0,1.0,1972.0,unknown,flat,avito,"московская обл., серпухов, ул. ворошилова, 153",unknown
5700000.0,55.573897,38.21108,44.9,2.0,0.5,1917.0,unknown,flat,avito,"московская обл., раменский г.о., раменское, ул. солнцева, 8",unknown
4500000.0,55.815979,38.972394,60.0,2.0,0.6,,unknown,flat,avito,"московская обл., орехово-зуевский г.о., орехово-зуево, красноармейская ул., 15",unknown
7250000.0,55.969894,37.964358,52.9,2.0,0.2,1978.0,unknown,flat,avito,"московская обл., г.о. пушкинский, ивантеевка, ул. победы, 21",unknown
9933000.0,55.65324,37.92783,39.7,2.0,0.8235294117647058,,unknown,flat,avito,"мкр. птицефабрика, стр. 5",жк «новотомилино»
17199227.0,55.60552,37.41724,57.5,2.0,0.2857142857142857,,new_building,flat,avito,"п. сосенское, стр. 57",саларьево парк
13300000.0,55.61346817,37.29075623,40.3,2.0,0.6,,unknown,flat,avito,"москва, пос. внуково, большая внуковская ул., 5",unknown
10900000.0,55.86953314949589,37.39682151441593,35.0,2.0,0.11764705882352941,2022.0,unknown,flat,avito,"московская обл., г.о. красногорск, пгт. путилково, вольная ул., 7",unknown
4799999.0,55.805063,38.172525,44.3,2.0,0.17647058823529413,2020.0,unknown,flat,avito,"московская обл., богородский г.о., старая купавна, октябрьская ул., 14а",unknown
14200000.0,55.917258,37.770421,65.0,2.0,0.84,,unknown,flat,avito,"московская обл., мытищи, олимпийский пр-т, 12",unknown
5600000.0,54.88669968,38.0859642,43.0,2.0,0.2222222222222222,1972.0,unknown,flat,avito,"московская обл., ступино, ул. андропова, 26/28",unknown
14999000.0,55.65447235,37.26460648,54.7,2.0,0.25,2019.0,unknown,flat,avito,"московская обл., одинцовский г.о., одинцово, рябиновая ул., 1",unknown
20500000.0,55.84256,37.346605,58.0,2.0,0.8484848484848485,,unknown,flat,avito,"московская обл., красногорск, видная ул., 2",unknown
9848700.0,55.43296,37.73279,63.5,2.0,0.8823529411764706,,new_building,flat,avito,"ул. текстильщиков, стр. 45",жк «оптима на текстильщиков»
9850000.0,55.86094666,37.39281464,44.8,2.0,0.8235294117647058,2010.0,unknown,flat,avito,"московская обл., г.о. красногорск, д. путилково, садовая ул., 20",unknown
4650000.0,54.84261703,38.24448776,43.0,2.0,0.2,,unknown,flat,avito,"московская обл., кашира, центральная ул., 13",unknown
7999999.0,55.675824,37.888181,37.6,2.0,0.25,1970.0,unknown,flat,avito,"московская обл., люберцы, ул. калараш, 5а",unknown
9636650.0,56.04951,37.86443,52.1,2.0,0.125,,new_building,flat,avito,"городской округ пушкинский, стр. 4",жилой квартал пушкино град
7055600.0,55.83096,38.21137,50.0,2.0,0.2857142857142857,,new_building,flat,avito,"ул. генерала ковачевича, стр. 18",жк «новоград монино»
10200000.0,55.835099,37.953973,51.5,2.0,0.84,,unknown,flat,avito,"московская обл., балашиха, ул. яганова, 3",unknown
6490000.0,55.1455307,37.47980499,50.9,2.0,0.3333333333333333,1983.0,unknown,flat,avito,"московская обл., чехов, ул. чехова, 12",unknown
8500000.0,55.80784988,37.84127045,57.4,2.0,0.6666666666666666,2017.0,new_building,apartments,avito,"московская обл., балашиха, мкр-н 1 мая, 4к1",unknown
11600000.0,55.901445,37.414787,53.9,2.0,0.5,1978.0,unknown,flat,avito,"московская обл., химки, ул. 9 мая, 9",unknown
2600000.0,55.71094513,39.87566757,41.0,2.0,0.25,,unknown,flat,avito,"московская обл., муниципальный округ шатура, пос. бакшеево, ул. 1 мая, 22",unknown
14899000.0,55.50345956230636,37.53985799455164,53.0,2.0,0.8947368421052632,2015.0,unknown,flat,avito,"москва, новомосковский административный округ, р-н щербинка, щербинка, ул. барышевская роща, 12",unknown
4100000.0,56.52329,37.598842,52.0,2.0,0.2,1986.0,unknown,flat,avito,"московская обл., талдомский г.о., пгт. вербилки, заводская ул., 4",unknown
9050000.0,55.45261,37.743795,58.1,2.0,0.7647058823529411,,unknown,flat,avito,"московская обл., домодедово, мкр-н северный, северная ул., 4",unknown
4150000.0,55.246066,38.765323,53.0,2.0,0.2,1973.0,unknown,flat,avito,"московская обл., воскресенск, ул. мичурина, 11",unknown
7500000.0,56.007504,37.853623,45.9,2.0,0.4,1965.0,unknown,flat,avito,"московская обл., г.о. пушкинский, пушкино, московский пр-т, 28",unknown
7784480.0,55.83096,38.21137,57.7,2.0,0.2857142857142857,,new_building,flat,avito,"ул. генерала ковачевича, стр. 18",жк «новоград монино»
5600000.0,55.160391,37.42306,47.0,2.0,0.4,,unknown,flat,avito,"московская обл., чехов, мкр-н венюково, комсомольская ул., 12",unknown
8193590.0,55.8325,38.21005,61.2,2.0,0.8571428571428571,,new_building,flat,avito,"ул. генерала ковачевича, стр. 11",жк «новоград монино»
6900000.0,55.62256707683373,37.84430534280344,43.5,2.0,1.0,1960.0,unknown,flat,avito,"московская обл., г.о. люберцы, дзержинский, дзержинская ул., 12",unknown
7950640.0,55.83096,38.21137,59.0,2.0,0.42857142857142855,,new_building,flat,avito,"ул. генерала ковачевича, стр. 18",жк «новоград монино»
15500000.0,55.59753,37.76891,58.0,2.0,0.3333333333333333,,unknown,flat,avito,"московская обл., ленинский г.о., пос. развилка, жилой комплекс римский",unknown
6500000.0,55.422702,37.544171,52.0,2.0,1.0,1927.0,unknown,flat,avito,"московская обл., подольск, большая серпуховская ул., 22а",unknown
8238400.0,55.45219,37.54058,54.2,2.0,0.5294117647058824,,new_building,flat,avito,"ул. садовая, д. 14",жк «красная горка»
12970000.0,56.334208,38.147138,54.5,2.0,0.5555555555555556,2019.0,unknown,flat,avito,"московская обл., сергиево-посадский г.о., сергиев посад, владимирская ул., 65",unknown
12350000.0,55.68990326,37.91639709,60.2,2.0,0.1875,2009.0,unknown,flat,avito,"московская обл., люберцы, мкр-н красная горка, пр-т гагарина, 22к2",unknown
7100000.0,55.9126358,37.72476959,40.1,2.0,1.0,1967.0,unknown,flat,avito,"московская обл., мытищи, летная ул., 18к2",unknown
9242600.0,56.04874,37.86375,50.0,2.0,0.125,,new_building,flat,avito,"городской округ пушкинский, стр. 6",жилой квартал пушкино град
5490000.0,55.94977188,38.05457687,45.4,2.0,0.2,1972.0,unknown,flat,avito,"московская обл., фрязино, полевая ул., 8",unknown
2700000.0,55.65948105,39.85256195,41.2,2.0,0.4,1979.0,unknown,flat,avito,"московская обл., муниципальный округ шатура, рошаль, ул. свердлова, 12",unknown
7450000.0,55.6267178826259,37.847783565242864,44.0,2.0,1.0,1965.0,unknown,flat,avito,"московская обл., г.о. люберцы, дзержинский, спортивная ул., 2",unknown
11747700.0,55.65533,37.87162,51.3,2.0,0.11764705882352941,,new_building,flat,avito,"яничкин пр-д, з/у 6/11",белая дача парк
3850000.0,56.30341708389547,38.15962405949179,40.5,2.0,0.5,,unknown,flat,avito,"московская обл., сергиево-посадский г.о., сергиев посад, вифанская ул., 125",unknown
8700000.0,55.551869,37.708859,46.2,2.0,0.2,1968.0,unknown,flat,avito,"московская обл., ленинский г.о., видное, советская ул., 3",unknown
10400000.0,55.916133,37.413233,45.0,2.0,0.3333333333333333,2015.0,unknown,flat,avito,"московская обл., химки, ул. германа титова, 2к2",unknown
4000000.0,56.24936676,37.98831558,45.0,2.0,1.0,,unknown,flat,avito,"московская обл., сергиево-посадский г.о., хотьково, 2-я рабочая ул., 1/1а",unknown
7055600.0,55.83044,38.20761,50.0,2.0,0.2857142857142857,,new_building,flat,avito,"ул. генерала ковачевича, стр. 14",жк «новоград монино»
5950000.0,55.627544,38.093266,42.7,2.0,0.75,1970.0,unknown,flat,avito,"московская обл., раменский муниципальный округ, пгт. ильинский, рабочая ул., 22/5",unknown
8500000.0,56.333704,38.148953,45.0,2.0,0.5,2025.0,unknown,flat,avito,"московская обл., сергиево-посадский г.о., сергиев посад, владимирская ул., 69",unknown
3199000.0,55.330087,38.807032,47.0,2.0,1.0,1971.0,unknown,flat,avito,"московская обл., г.о. воскресенск, пгт. хорлово, интернатская ул., 9",unknown
2100000.0,55.65810202528969,39.86354835288665,44.3,2.0,0.2,1974.0,unknown,flat,avito,"московская обл., муниципальный округ шатура, рошаль, ул. фридриха энгельса, 1а",unknown
12300000.0,55.433721,37.534038,73.0,2.0,0.7777777777777778,2002.0,unknown,flat,avito,"московская обл., подольск, ул. веллинга, 22",unknown
12059412.0,56.05053,37.54556,59.6,2.0,0.5,2026.0,unknown,flat,avito,"дер. шолохово, д. 7",жк «шолохово»
11300000.0,55.95892622020231,37.67767408254045,51.0,2.0,1.0,2022.0,unknown,flat,avito,"московская обл., мытищи, тенистый б-р, 9",unknown
7291480.0,55.8325,38.21005,53.8,2.0,0.14285714285714285,,new_building,flat,avito,"ул. генерала ковачевича, стр. 11",жк «новоград монино»
7793911.0,55.81504,37.20912,39.2,2.0,0.6666666666666666,,new_building,flat,avito,"ул. полковника глазунова, стр. 9",жк «аникеевский»
4100000.0,55.77314377,38.26433182,44.4,2.0,0.5,,unknown,flat,avito,"московская обл., богородский г.о., д. тимохово, совхозная ул., 21",unknown
9572800.0,55.43296,37.73279,61.8,2.0,0.17647058823529413,,new_building,flat,avito,"ул. текстильщиков, стр. 45",жк «оптима на текстильщиков»
9300000.0,55.863697,37.049577,65.0,2.0,0.5555555555555556,2016.0,unknown,flat,avito,"московская обл., муниципальный округ истра, с. рождествено, сиреневый б-р, 22",unknown
9950000.0,55.787801,37.975919,64.9,2.0,0.5555555555555556,2010.0,unknown,flat,avito,"московская обл., балашиха, ул. карбышева, 8к5",unknown
12650000.0,55.51102066,37.35034943,59.1,2.0,0.06666666666666667,,unknown,flat,avito,"москва, троицкий административный округ, р-н троицк, чароитовая ул., 1к4",unknown
7513088.0,55.60343,37.99066,46.4,2.0,0.9411764705882353,,new_building,flat,avito,"ул. баулинская, стр. 15",жк «новые островцы»
4500000.0,55.24013901,37.97254944,48.2,2.0,1.0,1983.0,unknown,flat,avito,"московская обл., г.о. домодедово, с. ильинское, 125",unknown
8850000.0,55.946174,37.978569,63.0,2.0,1.0,2010.0,unknown,flat,avito,"московская обл., щелково, ул. неделина, 24",unknown
5000000.0,56.18843777948945,36.98872923341041,42.7,2.0,1.0,,unknown,flat,avito,"московская обл., солнечногорск, ул. баранова, 33",unknown
4700000.0,56.01206207,37.9525528,54.2,2.0,0.75,,unknown,flat,avito,"московская обл., г.о. пушкинский, с. левково, 29",unknown
5600000.0,56.339801,37.541512,42.6,2.0,1.0,1966.0,unknown,flat,avito,"московская обл., дмитровский муниципальный округ, дмитров, ул. космонавтов, 1а",unknown
7726860.0,55.83126,38.20667,57.3,2.0,0.7142857142857143,,new_building,flat,avito,"ул. генерала ковачевича, стр. 13",жк «новоград монино»
10800000.0,55.428603,37.49568,61.3,2.0,0.25,2008.0,unknown,flat,avito,"московская обл., подольск, юбилейная ул., 23а",unknown
8500000.0,55.80462265,37.84179306,47.3,2.0,0.8947368421052632,,unknown,apartments,avito,"московская обл., балашиха, мкр-н 1 мая, 27",unknown
11837420.0,55.65533,37.87162,51.4,2.0,0.3333333333333333,,new_building,flat,avito,"яничкин пр-д, з/у 6/11",белая дача парк
5700000.0,55.61384729511117,36.96668707150782,44.4,2.0,1.0,1956.0,unknown,flat,avito,"московская обл., одинцовский г.о., голицыно, заводской пр-т, 29",unknown
12200000.0,55.8553,38.452772,59.6,2.0,0.7647058823529411,2015.0,unknown,flat,avito,"московская обл., богородский г.о., ногинск, комсомольская ул., 10",unknown
6960000.0,55.919766,38.016577,56.0,2.0,0.35294117647058826,2025.0,unknown,flat,avito,"московская обл., щелково, мкр-н соболевка, жилой комплекс соболевка, 12",unknown
8700000.0,55.894702,37.41334,43.2,2.0,0.1111111111111111,1970.0,unknown,flat,avito,"московская обл., химки, парковая ул., 5",unknown
9900000.0,55.63442,37.872406,64.8,2.0,0.5882352941176471,2025.0,unknown,flat,avito,"московская обл., г.о. люберцы, дзержинский, ул. доркина, 8",unknown
11700000.0,55.73517609,38.00410843,64.0,2.0,0.7058823529411765,2019.0,unknown,flat,avito,"московская обл., балашиха, мкр-н железнодорожный, ул. корнилаева, 26",unknown
4800000.0,55.797475801669336,38.952934156579786,45.4,2.0,0.6,,unknown,flat,avito,"московская обл., орехово-зуевский г.о., орехово-зуево, ул. гагарина, 26",unknown
3500000.0,56.726568,37.512263,44.1,2.0,0.6,1950.0,unknown,flat,avito,"московская обл., талдомский г.о., талдом, ул. мичурина, 1",unknown
3800000.0,55.90084839,37.94644547,36.1,2.0,0.2,,unknown,flat,avito,"московская обл., г.о. щелково, пгт. загорянский, ул. димитрова, 57",unknown
10800000.0,55.60836792,37.97610855,64.0,2.0,1.0,2016.0,unknown,flat,avito,"московская обл., г.о. люберцы, рп. октябрьский, ул. ленина, 25",unknown
14700000.0,55.5569458,37.69236755,73.6,2.0,0.8235294117647058,2015.0,unknown,flat,avito,"московская обл., ленинский г.о., видное, б-р зеленые аллеи, 1",unknown
6500000.0,55.471087,37.571192,45.0,2.0,0.75,,unknown,flat,avito,"московская обл., подольск, художественный пр., 14",unknown
7581632.0,55.82087,37.21002,37.2,2.0,0.14285714285714285,,new_building,flat,avito,"ул. береговая, стр. 1.2",жк «аникеевский»
14313661.0,55.76614,37.21243,56.1,2.0,0.2222222222222222,,new_building,flat,avito,"д. глухово, стр. 4.1",ильинские луга
11750000.0,55.942096,37.488251,53.3,2.0,0.2222222222222222,2000.0,unknown,flat,avito,"московская обл., долгопрудный, молодежная ул., 14",unknown
13950000.0,56.028798,37.465613,84.3,2.0,0.058823529411764705,2011.0,unknown,flat,avito,"московская обл., лобня, ул. чайковского, 25",unknown
14400000.0,55.682173,37.248113,57.1,2.0,0.44,2021.0,unknown,flat,avito,"московская обл., одинцовский г.о., одинцово, северная ул., 11",unknown
13200000.0,55.816399,37.207267,60.0,2.0,0.75,,unknown,flat,avito,"московская обл., г.о. красногорск, с. николо-урюпино, ул. полковника глазунова, 12",unknown
11200000.0,55.997663,37.865211,58.1,2.0,0.11764705882352941,2014.0,new_building,flat,avito,"московская обл., г.о. пушкинский, пушкино, набережная ул., 2а",unknown
4000000.0,56.28410339,37.48677826,36.0,2.0,0.8,,unknown,flat,avito,"московская обл., дмитровский муниципальный округ, яхрома, ул. ленина, 30а",unknown
5500000.0,55.15304947,37.4641304,45.0,2.0,0.6,,unknown,flat,avito,"московская обл., чехов, московская ул., 91",unknown
5600000.0,55.852981,38.439621,45.0,2.0,1.0,,unknown,flat,avito,"московская обл., богородский г.о., ногинск, трудовая ул., 6",unknown
10500000.0,55.709728,37.355444,45.0,2.0,0.4,2015.0,unknown,flat,avito,"московская обл., одинцовский г.о., с. немчиновка, рублевский пр., 20а",unknown
12039292.0,56.05053,37.54556,63.9,2.0,0.25,2026.0,unknown,flat,avito,"дер. шолохово, д. 7",жк «шолохово»
9600000.0,55.954667,38.039763,59.8,2.0,0.1,2006.0,unknown,flat,avito,"московская обл., фрязино, лесная ул., 3",unknown
10500000.0,55.695129,37.972488,51.0,2.0,0.6666666666666666,2017.0,unknown,flat,avito,"московская обл., г.о. люберцы, пгт. марусино, заречная ул., 31к6",unknown
5650000.0,55.082318,38.802774,43.3,2.0,0.2,1965.0,unknown,flat,avito,"московская обл., коломна, окский пр-т, 3",unknown
12988100.0,55.60775,37.97552,55.4,2.0,0.5625,,unknown,flat,avito,"ул. новая, д. 5а",жк октябрьский
5000000.0,56.316,36.762924,44.3,2.0,0.6666666666666666,1980.0,unknown,flat,avito,"московская обл., клин, клинская ул., 4к1",unknown
8500000.0,55.2770600953131,37.8362344128014,56.1,2.0,0.6666666666666666,2017.0,unknown,flat,avito,"московская обл., домодедово, мкр-н белые столбы, ул. мечты, 6к2",unknown
12829000.0,55.62799,37.20621,54.0,2.0,0.6428571428571429,,new_building,flat,avito,"д. солманово, ул. лазурная, стр. 1",жк «одинцовские кварталы»
13150000.0,55.68689346,37.39601898,47.5,2.0,0.1111111111111111,1976.0,unknown,flat,avito,"московская обл., одинцовский г.о., пгт. заречье, заречная ул., 6",unknown
9500000.0,55.67961,37.892637,45.3,2.0,0.4,1966.0,unknown,flat,avito,"московская обл., люберцы, октябрьский пр-т, 151/9",unknown
3790000.0,55.727261,38.202717,44.0,2.0,1.0,,unknown,apartments,avito,"московская обл., богородский г.о., электроугли, пер. горки, 4",unknown
1600000.0,55.35089329809664,35.36983379041825,64.0,2.0,1.0,,unknown,flat,avito,"московская обл., можайский муниципальный округ, с. семеновское, ул. победы, 26",unknown
6500000.0,55.32743172697432,38.6595960817551,44.0,2.0,0.7777777777777778,,unknown,flat,avito,"московская обл., воскресенск, мкр-н центральный, ул. победы, 35/1",unknown
3400000.0,55.77013990400718,38.65639854232782,52.5,2.0,1.0,,unknown,flat,avito,"московская обл., павлово-посадский г.о., павловский посад, ул. фрунзе, 18",unknown
6600000.0,55.95701,38.052941,51.4,2.0,0.4,,unknown,flat,avito,"московская обл., фрязино, московская ул., 2",unknown
18396000.0,55.61143,37.41538,56.0,2.0,0.4782608695652174,,new_building,flat,avito,"ул. трехполье, з/у 7",саларьево парк
3999999.0,55.02991486,38.09881592,45.2,2.0,1.0,,unknown,flat,avito,"московская обл., г.о. ступино, с. верзилово, мкр-н новое ступино, мещерская ул., 7",unknown
10100000.0,55.821593,37.889196,50.8,2.0,0.29411764705882354,2013.0,unknown,flat,avito,"московская обл., балашиха, квартал изумрудный, 10",unknown
8500000.0,55.9049263,37.84576416,70.0,2.0,0.35294117647058826,2004.0,unknown,flat,avito,"московская обл., королев, ул. мичурина, 27к1",unknown
4950000.0,56.24527,37.987364,45.0,2.0,0.6,1971.0,unknown,flat,avito,"московская обл., сергиево-посадский г.о., хотьково, ул. седина, 34",unknown
11150000.0,55.746578,37.846867,51.0,2.0,0.058823529411764705,1991.0,resale,flat,avito,"московская обл., реутов, молодежная ул., 2",unknown
10299000.0,55.72160339,37.97481537,65.5,2.0,0.7142857142857143,2018.0,unknown,flat,avito,"московская обл., балашиха, мкр-н новое павлино, косинское ш., 5/7",unknown
3500000.0,55.773145,38.26497,49.0,2.0,0.2,,unknown,flat,avito,"московская обл., богородский г.о., д. тимохово, совхозная ул., 22",unknown
9000000.0,55.472878,37.706703,57.9,2.0,0.5882352941176471,2015.0,unknown,flat,avito,"московская обл., г.о. домодедово, с. домодедово, б-р строителей, 2",unknown
3090000.0,55.069752,38.858864,45.7,2.0,0.6,1967.0,unknown,flat,avito,"московская обл., коломна, дачная ул., 30",unknown
13945400.0,55.53376,37.7175,49.9,2.0,0.8260869565217391,,unknown,flat,avito,"с. ермолино, корп. 1.6",жк «видный берег 2»
9428540.0,55.60775,37.97552,53.0,2.0,0.75,,unknown,flat,avito,"ул. новая, д. 5а",жк октябрьский
11800000.0,55.915094,37.709506,51.0,2.0,0.48,2015.0,unknown,flat,avito,"московская обл., мытищи, ул. борисовка, 14",unknown
10500000.0,55.93645477,37.51558685,42.3,2.0,0.6,1962.0,unknown,flat,avito,"московская обл., долгопрудный, комсомольская ул., 11",unknown
5900000.0,55.321287,36.750842,50.3,2.0,0.8,1983.0,unknown,flat,avito,"московская обл., наро-фоминский г.о., с. атепцево, речная ул., 8",unknown
6700000.0,55.929248,37.852266,41.0,2.0,0.4,1966.0,unknown,flat,avito,"московская обл., королев, мкр-н юбилейный, ул. а.и. тихомировой, 1/21",unknown
5000000.0,56.10900862002655,37.81953738322515,54.8,2.0,0.25,,unknown,flat,avito,"московская обл., г.о. пушкинский, с. ельдигино, мкр-н ельдигино, 23",unknown
11200000.0,55.68058014,37.25961304,52.3,2.0,0.44,2024.0,unknown,flat,avito,"московская обл., одинцовский г.о., одинцово, ул. маршала жукова, 23ак1",unknown
2200000.0,54.87144,38.414935,45.9,2.0,0.6666666666666666,1964.0,new_building,flat,avito,"московская обл., г.о. коломна, поселок санаторий озеры, 1",unknown
4500000.0,54.944435,39.034269,45.0,2.0,0.8,1977.0,unknown,flat,avito,"московская обл., луховицы, ул. жуковского, 31",unknown
6550000.0,55.366584,37.789555,61.8,2.0,0.7058823529411765,2025.0,new_building,flat,avito,"московская обл., домодедово, мкр-н востряково, ледовская ул., 30",unknown
9583000.0,55.60116,38.08297,53.6,2.0,0.5555555555555556,,new_building,flat,avito,"ул. гудкова, стр. 3",жк «гранд комфорт»
5650000.0,55.35574722,37.7178421,41.7,2.0,0.75,1963.0,unknown,flat,avito,"московская обл., г.о. домодедово, д. одинцово, территория бор, 1",unknown
9200000.0,56.177757,37.000888,60.5,2.0,0.8235294117647058,2009.0,unknown,flat,avito,"московская обл., солнечногорск, мкр-н рекинцо-2, молодежная ул., 1",unknown
5500000.0,55.80818558,38.17796707,43.6,2.0,1.0,,unknown,flat,avito,"московская обл., богородский г.о., старая купавна, ул. кирова, 5а",unknown
12500000.0,55.92405319,37.74671555,62.0,2.0,0.7647058823529411,2014.0,unknown,flat,avito,"московская обл., мытищи, 1-й рупасовский пер., 11б",unknown
8100000.0,55.430329,37.558517,53.2,2.0,0.2,1986.0,unknown,flat,avito,"московская обл., подольск, ул. дружбы, 4",unknown
10700000.0,55.558814,37.815938,55.4,2.0,0.35294117647058826,2019.0,unknown,flat,avito,"московская обл., ленинский г.о., д. мисайлово, молодежный б-р, 6",unknown
12050000.0,55.691237,37.920475,62.0,2.0,0.56,2010.0,unknown,flat,avito,"московская обл., люберцы, мкр-н красная горка, наташинская ул., 8",unknown
6250000.0,55.892336031970366,38.45123797855987,44.7,2.0,0.2,1968.0,unknown,flat,avito,"московская обл., богородский г.о., ногинск, ул. советской конституции, 44в",unknown
8040515.0,55.8325,38.21005,61.2,2.0,0.2857142857142857,,new_building,flat,avito,"ул. генерала ковачевича, стр. 11",жк «новоград монино»
6700000.0,55.66193248447067,38.00002356971376,44.5,2.0,1.0,1963.0,unknown,flat,avito,"московская обл., г.о. люберцы, пгт. красково, ул. ксз, 23",unknown
12335344.0,55.49868,37.73865,51.7,2.0,1.0,,new_building,flat,avito,"московская область, городской округ домодедово, село ям, жилой комплекс прибрежный парк, стр. 11.2",жк «прибрежный парк»
8349800.0,55.83096,38.21137,63.6,2.0,0.14285714285714285,,new_building,flat,avito,"ул. генерала ковачевича, стр. 18",жк «новоград монино»
13638800.0,55.53382,37.71707,45.7,2.0,0.84,,unknown,flat,avito,"с. ермолино, ул. западный квартал , д. 7, корп. 2",жк «видный берег 2»
3949999.0,55.343722,38.722824,46.2,2.0,0.8,1967.0,unknown,flat,avito,"московская обл., воскресенск, мкр-н лопатинский, комсомольская ул., 3а",unknown
6995000.0,55.74324989562526,38.04569482767172,45.0,2.0,0.4,,unknown,flat,avito,"московская обл., г.о. балашиха, д. черное, ул. агрогородок, 4",unknown
9200000.0,55.551651,36.97076797,70.0,2.0,0.3333333333333333,2001.0,unknown,flat,avito,"московская обл., наро-фоминский г.о., пгт. калининец, 264",unknown
7800000.0,55.99777985,37.86638641,53.2,2.0,0.7777777777777778,1990.0,unknown,flat,avito,"московская обл., г.о. пушкинский, пушкино, набережная ул., 2",unknown
9137250.0,55.43296,37.73279,59.0,2.0,0.7647058823529411,,new_building,flat,avito,"ул. текстильщиков, стр. 45",жк «оптима на текстильщиков»
7332397.0,55.82056,37.21042,33.5,2.0,0.35714285714285715,,new_building,flat,avito,"ул. береговая, стр. 1.1",жк «аникеевский»
4600000.0,56.326383,36.731321,42.5,2.0,0.2,1961.0,unknown,flat,avito,"московская обл., клин, ул. мира, 16",unknown
12900000.0,55.573459,37.476258,44.8,2.0,0.2,1953.0,unknown,flat,avito,"москва, новомосковский административный округ, р-н коммунарка, пос. коммунарка, 3",unknown
13448000.0,55.667102,37.861968,73.8,2.0,0.7647058823529411,2008.0,unknown,flat,avito,"московская обл., котельники, кузьминская ул., 15",unknown
9848700.0,55.43296,37.73279,63.5,2.0,0.8235294117647058,,new_building,flat,avito,"ул. текстильщиков, стр. 45",жк «оптима на текстильщиков»
4500000.0,55.68179469603284,36.69815209940454,50.6,2.0,0.6,,unknown,flat,avito,"московская обл., одинцовский г.о., пос. базы отдыха солнечная поляна, 3",unknown
9572800.0,55.43296,37.73279,61.8,2.0,0.5294117647058824,,new_building,flat,avito,"ул. текстильщиков, стр. 45",жк «оптима на текстильщиков»
15217997.0,55.58222,37.15314,52.7,2.0,0.7,,new_building,flat,avito,"москва, новомосковский административный округ, район внуково, жилой комплекс квартал западный, 9",жк «квартал западный»
9572800.0,55.43296,37.73279,61.8,2.0,0.7647058823529411,,new_building,flat,avito,"ул. текстильщиков, стр. 45",жк «оптима на текстильщиков»
1700000.0,55.9131012,37.99060822,44.5,2.0,0.6,1970.0,unknown,share,avito,"московская обл., щелково, ул. комарова, 17к3",unknown
7950000.0,55.91564834241753,37.863715783081055,42.5,2.0,0.6,1965.0,unknown,flat,avito,"московская обл., королев, пр. макаренко, 14/16",unknown
7900000.0,56.13084412,37.50635147,54.6,2.0,0.6666666666666666,2024.0,new_building,flat,avito,"московская обл., дмитровский муниципальный округ, пгт. некрасовский, мкр-н строителей, 45",unknown
9075000.0,55.73608,38.00844,36.3,2.0,0.4117647058823529,,new_building,flat,avito,"мкр. железнодорожный, пр-т героев, ул. автозаводская, корп. 410",жк «героев»
11300000.0,55.745681,37.999123,53.6,2.0,0.5555555555555556,2014.0,unknown,flat,avito,"московская обл., балашиха, мкр-н железнодорожный, ул. маяковского, 26",unknown
7860400.0,55.90664,37.70046,45.7,2.0,0.25,,new_building,apartments,avito,"ул. троицкая, стр. 3г",инвест-отель адрес
3100000.0,55.115896066428384,38.16293907254018,46.5,2.0,0.8,,unknown,flat,avito,"московская обл., г.о. ступино, пгт. малино, полевая ул., 13а",unknown
7140000.0,56.1958847,36.96192932,53.0,2.0,0.6666666666666666,1993.0,unknown,flat,avito,"московская обл., солнечногорск, ленинградская ул., 18",unknown
5490000.0,55.76596451,38.44454193,46.0,2.0,1.0,,unknown,flat,avito,"московская обл., электросталь, южный пр-т, 11к3",unknown
4500000.0,55.50315094,37.95037079,45.0,2.0,1.0,1970.0,unknown,flat,avito,"московская обл., ленинский г.о., пос. володарского, зеленая ул., 32",unknown
6400000.0,55.8177948,37.9630661,42.6,2.0,0.1111111111111111,1984.0,unknown,flat,avito,"московская обл., балашиха, заречная ул., 8",unknown
5050000.0,55.63113967040101,37.020964702969664,43.4,2.0,1.0,,unknown,flat,avito,"московская обл., одинцовский г.о., пгт. большие вяземы, ул. городок-17, 5",unknown
10807898.0,56.00633,37.80961,72.5,2.0,0.7647058823529411,,unknown,flat,avito,"мкр. мамонтовка, ул. школьная, д. 28а, корп. 1",жк «южное пушкино»
5400000.0,55.95014572,38.04587936,44.9,2.0,0.4,,unknown,flat,avito,"московская обл., фрязино, луговая ул., 27",unknown
7533000.0,55.82056,37.21042,33.5,2.0,1.0,,new_building,flat,avito,"ул. береговая, стр. 1.1",жк «аникеевский»
9700000.0,55.64789946524768,37.86235394680096,53.0,2.0,1.0,2007.0,unknown,flat,avito,"московская обл., котельники, мкр-н южный, 7б",unknown
10239480.0,55.52428,37.61537,51.3,2.0,0.2,,new_building,flat,avito,"с/п булатниковское, д. боброво, мкр. «боброво», корп. 48",восточное бутово
12100000.0,55.9438,37.302632,68.5,2.0,0.5882352941176471,2010.0,unknown,flat,avito,"московская обл., химки, мкр-н сходня, больничный пр., 1",unknown
7700000.0,55.374795,36.732974,44.3,2.0,0.4,1972.0,unknown,flat,avito,"московская обл., наро-фоминский г.о., наро-фоминск, латышская ул., 17",unknown
3350000.0,55.66578293,39.84906769,50.7,2.0,0.5555555555555556,1992.0,unknown,flat,avito,"московская обл., г.о. шатура, рошаль, ул. химиков, 5",unknown
6900000.0,54.88452911,38.07845306,60.3,2.0,1.0,1956.0,unknown,flat,avito,"московская обл., ступино, пр-т победы, 14",unknown
4850000.0,56.323033,38.14138,42.5,2.0,0.8,1965.0,unknown,flat,avito,"московская обл., сергиево-посадский г.о., сергиев посад, инженерная ул., 7",unknown
8320484.0,55.82056,37.21042,37.5,2.0,0.5714285714285714,,new_building,flat,avito,"ул. береговая, стр. 1.1",жк «аникеевский»
10650000.0,55.75622559,37.85356903,43.7,2.0,0.5,1960.0,unknown,flat,avito,"московская обл., реутов, новогиреевская ул., 10",unknown
7700000.0,55.5578947804142,36.68808697881314,50.9,2.0,1.0,,unknown,flat,avito,"московская обл., одинцовский г.о., кубинка, армейская ул., 13",unknown
3550000.0,55.374304,39.06775,44.4,2.0,0.2,1967.0,unknown,flat,avito,"московская обл., егорьевск, 1-й мкр-н, 42",unknown
9030000.0,55.73433,38.00458,35.0,2.0,0.17391304347826086,,new_building,flat,avito,"мкр. железнодорожный, пр-т героев, ул. автозаводская, стр. 610с2",жк «героев»
8481600.0,55.45219,37.54058,55.8,2.0,1.0,,new_building,flat,avito,"ул. садовая, д. 14",жк «красная горка»
10700000.0,56.004942,37.48658,69.5,2.0,0.29411764705882354,2017.0,unknown,flat,avito,"московская обл., лобня, кольцевая ул., 14",unknown
11450000.0,55.641427,37.853515,59.0,2.0,0.6,,unknown,flat,avito,"московская обл., котельники, мкр-н новые котельники, 18",unknown
4900000.0,54.88759,38.080744,45.1,2.0,1.0,1963.0,unknown,flat,avito,"московская обл., ступино, центральный пер., 9",unknown
8400000.0,55.681295,37.882782,43.7,2.0,1.0,1966.0,unknown,flat,avito,"московская обл., люберцы, ул. кирова, 45к2",unknown
5700000.0,55.925526,37.957549,40.6,2.0,0.75,1960.0,unknown,flat,avito,"московская обл., щелково, первомайская ул., 52",unknown
4500000.0,55.719678,38.221007,46.3,2.0,1.0,,unknown,flat,avito,"московская обл., богородский г.о., электроугли, ул. маяковского, 32",unknown
14300000.0,55.52936893934411,37.03240081534911,50.0,2.0,0.25,2021.0,unknown,flat,avito,"московская обл., наро-фоминский г.о., апрелевка, ул. парк апрель, 36",unknown
3650000.0,54.85183334,38.56814194,50.2,2.0,0.2,1990.0,unknown,flat,avito,"московская обл., г.о. коломна, озеры, болотный пер., 10",unknown
3150000.0,55.24341965,37.63343811,44.0,2.0,0.25,1963.0,unknown,flat,avito,"московская обл., г.о. чехов, с. троицкое, 39",unknown
6900000.0,56.069756,37.846616,58.0,2.0,0.5,1981.0,unknown,flat,avito,"московская обл., г.о. пушкинский, пгт. правдинский, 1-я проектная ул., 68",unknown
4500000.0,56.188761,36.988795,42.8,2.0,0.4,1970.0,unknown,flat,avito,"московская обл., солнечногорск, ул. баранова, 33",unknown
10403610.0,55.52335,37.61515,46.3,2.0,0.4166666666666667,,new_building,flat,avito,"с/п булатниковское, д. боброво, мкр. «боброво», корп. 43.1",восточное бутово
7805000.0,55.82889938,37.34320831,40.0,2.0,0.6666666666666666,2020.0,unknown,apartments,avito,"московская обл., красногорск, оптический пр., 1",unknown
2800000.0,54.854434,38.557336,57.6,2.0,0.6666666666666666,1956.0,unknown,flat,avito,"московская обл., г.о. коломна, озеры, советский пер., 5",unknown
7945720.0,55.81534,37.20937,43.5,2.0,0.16666666666666666,,new_building,flat,avito,"ул. полковника глазунова, стр. 7",жк «аникеевский»
9799999.0,55.443389,37.75002,63.0,2.0,0.08333333333333333,,unknown,flat,avito,"московская обл., домодедово, мкр-н северный, советская ул., 50",unknown
9900000.0,55.86233126500845,37.04249405223014,61.9,2.0,0.9230769230769231,2015.0,unknown,flat,avito,"московская обл., муниципальный округ истра, с. рождествено, сиреневый б-р, 5",unknown
8800000.0,55.941234,37.258668,37.5,2.0,0.6,2017.0,unknown,flat,avito,"московская обл., г.о. химки, д. подолино, мкр-н велтон парк новая сходня, беговая ул., 14",unknown
6490000.0,55.432776,37.717025,42.6,2.0,0.8,,unknown,flat,avito,"московская обл., г.о. домодедово, пос. государственного племенного завода константиново, домодедовское ш., 7",unknown
9572800.0,55.43296,37.73279,61.8,2.0,0.11764705882352941,,new_building,flat,avito,"ул. текстильщиков, стр. 45",жк «оптима на текстильщиков»
6400000.0,55.913167,37.990724,44.8,2.0,0.4,1970.0,unknown,flat,avito,"московская обл., щелково, ул. комарова, 17к3",unknown
11800000.0,55.55935912463855,37.81046217114377,53.2,2.0,0.9411764705882353,2017.0,unknown,flat,avito,"московская обл., ленинский г.о., пгт. мисайлово, молодежный б-р, 2",unknown
7688400.0,55.90664,37.70046,44.7,2.0,0.25,,new_building,apartments,avito,"ул. троицкая, стр. 3г",инвест-отель адрес
15655500.0,55.82728,37.93604,66.4,2.0,0.7058823529411765,,unknown,flat,avito,"мкр. гагарина, ул. проектная, д. 4",жк «идеал»
1500000.0,55.13186264,39.79446793,52.3,2.0,0.5,,unknown,flat,avito,"московская обл., муниципальный округ шатура, пос. радовицкий, ул. мира, 30",unknown
12851000.0,55.62799,37.20621,51.6,2.0,1.0,,new_building,flat,avito,"д. солманово, ул. лазурная, стр. 1",жк «одинцовские кварталы»
10713350.0,56.04874,37.86375,57.9,2.0,0.5,,new_building,flat,avito,"городской округ пушкинский, стр. 6",жилой квартал пушкино град
10453960.0,55.52237,37.61232,50.6,2.0,0.88,,new_building,flat,avito,"с/п булатниковское, д. боброво, мкр. «боброво», корп. 55",восточное бутово
7784480.0,55.83096,38.21137,57.7,2.0,0.5714285714285714,,new_building,flat,avito,"ул. генерала ковачевича, стр. 18",жк «новоград монино»
6700000.0,56.18935013,36.97366714,54.0,2.0,0.5555555555555556,,unknown,flat,avito,"московская обл., солнечногорск, красная ул., 103/2",unknown
3544000.0,55.88460250236847,38.43414068140978,42.5,2.0,0.2,,unknown,flat,avito,"московская обл., богородский г.о., ногинск, молодежная ул., 6",unknown
8647884.0,55.36629,37.78909,62.0,2.0,0.5882352941176471,,new_building,flat,avito,"ул. ледовская , д. 33",жк «оптима»
6200000.0,55.94475555,36.70832443,56.0,2.0,0.5555555555555556,2009.0,unknown,flat,avito,"московская обл., муниципальный округ истра, пос. глебовский, ул. микрорайон, 96",unknown
8150000.0,55.92618561,37.81599045,37.0,2.0,0.6666666666666666,1965.0,unknown,flat,avito,"московская обл., королев, ул. грабина, 10",unknown
12618990.0,55.65533,37.87162,57.7,2.0,0.9411764705882353,,new_building,flat,avito,"яничкин пр-д, з/у 6/11",белая дача парк
10316379.0,55.90726,37.43297,50.6,2.0,0.5,,new_building,flat,avito,"ул. рабочая , корп. 2.1",химки парк
13067250.0,55.66275,37.86706,52.4,2.0,0.16,,new_building,flat,avito,"ул. новая, д. 1-10, корп. 5а",томилинский бульвар
7400000.0,56.07035313114793,37.05872005120366,54.0,2.0,0.5555555555555556,2025.0,unknown,flat,avito,"московская обл., г.о. солнечногорск, пгт. поварово, мкр-н локомотивный, 13",unknown
11500000.0,55.906057,37.70452,52.3,2.0,0.5714285714285714,1999.0,unknown,flat,avito,"московская обл., мытищи, юбилейная ул., 36к2",unknown
13500000.0,55.096028,38.743188,68.0,2.0,1.0,2021.0,unknown,flat,avito,"московская обл., коломна, ул. ленина, 102",unknown
6450000.0,56.326982,38.131669,48.8,2.0,0.1111111111111111,1989.0,unknown,flat,avito,"московская обл., сергиево-посадский г.о., сергиев посад, новоугличское ш., 57",unknown
13700000.0,55.516486,37.355156,45.0,2.0,0.8333333333333334,2018.0,unknown,flat,avito,"москва, троицкий административный округ, р-н троицк, 1-я нововатутинская ул., 3",unknown
12000000.0,55.809581458318846,37.94610980736112,61.9,2.0,0.5882352941176471,2006.0,unknown,flat,avito,"московская обл., балашиха, зеленая ул., 31",unknown
4150000.0,55.45780611338098,38.44202487873544,43.9,2.0,0.2,,unknown,flat,avito,"московская обл., г.о. воскресенск, белоозерский, молодежная ул., 11",unknown
22040170.0,55.61627,37.41894,60.7,2.0,0.2222222222222222,,new_building,flat,avito,"коммунарка, ул. саларьевская, з/у 17",саларьево парк
10673613.0,56.0511,37.54492,61.7,2.0,0.25,2026.0,unknown,flat,avito,"дер. шолохово, д. 7к1",жк «шолохово»
14000000.0,55.813835,37.359307,43.9,2.0,0.8863636363636364,2014.0,unknown,flat,avito,"московская обл., красногорск, авангардная ул., 4",unknown
13900000.0,55.92365265,37.98709488,72.5,2.0,0.3076923076923077,2009.0,unknown,flat,avito,"московская обл., щелково, ул. шмидта, 6",unknown
18440400.0,55.61153,37.41519,50.8,2.0,0.42857142857142855,,new_building,flat,avito,"ул. трехполье, з/у 7",саларьево парк
7726860.0,55.83126,38.20667,57.3,2.0,0.42857142857142855,,new_building,flat,avito,"ул. генерала ковачевича, стр. 13",жк «новоград монино»
7960714.0,55.82087,37.21002,37.2,2.0,0.35714285714285715,,new_building,flat,avito,"ул. береговая, стр. 1.2",жк «аникеевский»
9000000.0,55.597058,37.985154,60.8,2.0,0.7647058823529411,2011.0,unknown,flat,avito,"московская обл., г.о. люберцы, д. островцы, подмосковная ул., 32",unknown
10400000.0,55.95740509,37.44170761,46.1,2.0,0.8571428571428571,,unknown,flat,avito,"московская обл., химки, мкр-н клязьма-старбеево, квартал клязьма, набережный пр., 10",unknown
4580000.0,55.550845,38.308952,40.0,2.0,1.0,1972.0,unknown,flat,avito,"московская обл., раменский муниципальный округ, пос. санатория раменское, 1",unknown
11750717.0,55.63949,37.94882,72.4,3.0,0.6111111111111112,,new_building,flat,avito,"московская область, городской округ люберцы, поселок жилино-1, жилой комплекс егорово парк, стр. 4.1",жк «егорово парк»
15570000.0,55.76603,37.21311,69.2,3.0,0.5555555555555556,,new_building,flat,avito,"д. глухово, стр. 4.3",ильинские луга
13581058.0,55.56022,37.81064,75.9,3.0,0.11764705882352941,,new_building,flat,avito,"деревня мисайлово, молодежный бульвар, 3",жк «пригород лесное»
10495591.0,55.82056,37.21042,50.4,3.0,1.0,,new_building,flat,avito,"ул. береговая, стр. 1.1",жк «аникеевский»
13330129.0,55.51137,37.73988,78.0,3.0,0.5384615384615384,,new_building,flat,avito,"ленинский городской округ, жилой комплекс новое видное, 18.1",жк «новое видное»
10164014.0,55.89999,37.2542,78.6,3.0,0.8333333333333334,,new_building,flat,avito,"д. юрлово, д. 5",жк «большое юрлово»
13498720.0,55.52237,37.61232,70.6,3.0,0.64,,new_building,flat,avito,"с/п булатниковское, д. боброво, мкр. «боброво», корп. 55",восточное бутово
14355309.0,55.95205,37.46823,76.7,3.0,0.11764705882352941,,new_building,flat,avito,"ул. олимпийская, корп. 5",жк «квартал ивакино»
9825775.0,56.07982,37.06055,67.3,3.0,0.5882352941176471,,unknown,flat,avito,"ул. школьная, стр. 13",жк «поварово молодежный - 2»
10533288.0,55.89999,37.2542,77.7,3.0,0.8333333333333334,,new_building,flat,avito,"д. юрлово, д. 5",жк «большое юрлово»
19000000.0,55.56005,37.51111,56.2,3.0,0.5333333333333333,2026.0,new_building,flat,avito,"п. сосенское, ул. поляны, з/у 50д, стр. 18.2.4",жк «скандинавия»
5999999.0,55.763857,37.935046,92.5,3.0,0.5,,new_building,flat,avito,"московская область, балашиха, микрорайон салтыковка, улица черняховского",жк «салтыковка престиж»
15382345.0,55.94798,37.76817,70.0,3.0,0.13333333333333333,,new_building,flat,avito,"жилой комплекс мытищи парк, к6",жк «мытищи парк»
23859180.0,55.6056,37.41639,74.7,3.0,0.625,,new_building,flat,avito,"п. сосенское, стр. 57",саларьево парк
15680385.0,55.90726,37.43297,81.0,3.0,0.08,,new_building,flat,avito,"ул. рабочая , корп. 2.1",химки парк
10124999.0,55.82087,37.21002,52.5,3.0,0.5,,new_building,flat,avito,"ул. береговая, стр. 1.2",жк «аникеевский»
14521920.0,55.65533,37.87162,67.2,3.0,0.08,,new_building,flat,avito,"яничкин пр-д, з/у 6/11",белая дача парк
16964400.0,55.76603,37.21311,80.4,3.0,0.8888888888888888,,new_building,flat,avito,"д. глухово, стр. 4.2",ильинские луга
16891123.0,55.91213,37.70863,78.4,3.0,0.2,,new_building,flat,avito,"ул. юбилейная, стр. 15",ярославский
20299600.0,55.66389,37.85364,80.7,3.0,0.8,,unknown,flat,avito,"микрорайон белая дача, д. 26",кузьминский лес
10835154.0,55.90196,37.28256,62.6,3.0,0.4166666666666667,,new_building,flat,avito,"дер. аристово, стр. 1",жк «аристов берег»
13249500.0,55.92219,37.99425,80.3,3.0,0.45,,unknown,flat,avito,"ул. советская, д. 60",жк «river house» (ривер хаус)
21484701.0,55.59133,37.48273,71.9,3.0,0.1111111111111111,,new_building,flat,avito,"п. сосенское, пос. газопровод, стр.",жк «форевиль»
13753392.0,55.8074,37.31868,58.8,3.0,0.28,,new_building,flat,avito,"туп. ильинский, стр. 3",жк «ильинойс»
13274186.0,55.9012,37.25493,70.6,3.0,0.2222222222222222,,new_building,flat,avito,"д. юрлово, д. 6",жк «большое юрлово»
12969442.0,55.83258,37.9525,69.6,3.0,0.3333333333333333,,new_building,flat,avito,"ул. трубецкая, стр. 8.1",жк «пехра»
11957568.0,56.00717,37.87459,86.8,3.0,0.7647058823529411,,new_building,flat,avito,"ш. ярославское, д. 194",жк «серебро»
17181479.0,55.92404,37.43732,85.3,3.0,0.4,,new_building,flat,avito,"ул. озерная, стр. 5",жк «мишино-2»
19555149.0,55.81797,37.34205,81.1,3.0,0.14285714285714285,,new_building,flat,avito,"ул. большая воскресенская, д. 5, корп. 1",квартал «тетрис»
16206018.0,55.85617,37.19678,64.1,3.0,0.25,,new_building,flat,avito,"ул. международная, корп. 9",жк «коллекция»
16209072.0,55.90726,37.43297,81.0,3.0,0.48,,new_building,flat,avito,"ул. рабочая , корп. 2.1",химки парк
10308080.0,55.8325,38.21005,79.5,3.0,0.8571428571428571,,new_building,flat,avito,"ул. генерала ковачевича, стр. 11",жк «новоград монино»
18893790.0,55.56792,37.29124,78.3,3.0,0.25,,new_building,flat,avito,"пос. филимонковское, ул. оао марьинская птицефабрика, корп. 2.1.6",середневский лес
12448091.0,55.53221,37.87522,78.4,3.0,0.5833333333333334,,new_building,flat,avito,"московская область, ленинский городской округ, жилой комплекс богдановский лес, 7.1",жк «богдановский лес»
11264160.0,55.45219,37.54058,74.4,3.0,0.35294117647058826,,new_building,flat,avito,"ул. садовая, д. 14",жк «красная горка»
13457780.0,55.52428,37.61537,67.9,3.0,0.56,,new_building,flat,avito,"с/п булатниковское, д. боброво, мкр. «боброво», корп. 47",восточное бутово
17169372.0,55.5679,37.68829,76.4,3.0,0.84,,unknown,flat,avito,"д. тарычево, ул. фруктовые сады, д. 1.3",жк 1-й южный
27903750.0,55.60552,37.41724,87.5,3.0,0.4666666666666667,,new_building,flat,avito,"п. сосенское, стр. 57",саларьево парк
21658381.0,55.88086,37.41151,76.9,3.0,0.10714285714285714,,new_building,flat,avito,"куркинское ш., корп. 4-5",жк «лесная коллекция»
16931160.0,55.65562,37.872,73.2,3.0,0.10526315789473684,,new_building,flat,avito,"яничкин пр-д, жилой комплекс белая дача парк, корп. 16.1",белая дача парк
15143397.0,55.95205,37.46823,76.4,3.0,0.11764705882352941,,new_building,flat,avito,"ул. олимпийская, корп. 5",жк «квартал ивакино»
18828410.0,55.59133,37.48273,65.6,3.0,0.4444444444444444,,new_building,flat,avito,"п. сосенское, пос. газопровод, стр.",жк «форевиль»
17738784.0,55.91128,37.763,83.8,3.0,0.5416666666666666,,new_building,flat,avito,"ул. колонцова, стр. 14",яуза парк
9469436.0,55.9012,37.25493,70.6,3.0,0.6666666666666666,,new_building,flat,avito,"д. юрлово, д. 6",жк «большое юрлово»
20421592.0,55.86744,37.32191,78.0,3.0,0.8,,new_building,flat,avito,"пос. отрадное, ул. знаменская, стр. 26/2",жк «левел лесной»
10738400.0,56.75368,37.16891,86.6,3.0,0.2222222222222222,2025.0,unknown,flat,avito,"ул. программистов, д. 11",дома по ул. макаренко
12508000.0,55.73608,38.00844,53.0,3.0,0.22727272727272727,,new_building,flat,avito,"мкр. железнодорожный, пр-т героев, ул. автозаводская, корп. 410",жк «героев»
10816871.0,55.36629,37.78909,84.6,3.0,1.0,,new_building,flat,avito,"ул. ледовская , д. 33",жк «оптима»
12354191.0,55.6487,38.04713,91.6,3.0,0.3157894736842105,,new_building,flat,avito,"ул. трудовая, стр. 1",жк «малаховский»
6345000.0,56.367791,38.144183,63.1,3.0,0.6666666666666666,1973.0,unknown,flat,avito,"московская обл., сергиево-посадский г.о., пгт. скоропусковский, 1",unknown
39549270.0,55.56062,37.50264,97.4,3.0,0.9411764705882353,,unknown,flat,avito,"п. сосенское, стр. 25.7",жк «скандинавия»
4700000.0,55.36404037,39.06757736,60.9,3.0,1.0,,unknown,flat,avito,"московская обл., егорьевск, 4-й мкр-н, 20",unknown
11436489.0,55.82056,37.21042,54.9,3.0,0.35714285714285715,,new_building,flat,avito,"ул. береговая, стр. 1.1",жк «аникеевский»
11476750.0,55.43296,37.73279,79.2,3.0,0.8235294117647058,,new_building,flat,avito,"ул. текстильщиков, стр. 45",жк «оптима на текстильщиков»
10499400.0,55.90664,37.70046,61.4,3.0,0.9375,,new_building,apartments,avito,"ул. троицкая, стр. 3г",инвест-отель адрес
7500000.0,55.533654,37.064614,61.5,3.0,0.6666666666666666,2022.0,unknown,flat,avito,"московская обл., наро-фоминский г.о., апрелевка, ясная ул., 1",unknown
25125640.0,55.68664,37.41269,83.3,3.0,0.4444444444444444,,new_building,flat,avito,"жилой комплекс заречье парк, к. 4",жк «заречье парк»
10100400.0,56.04893,37.86542,53.2,3.0,0.1875,,new_building,flat,avito,"городской округ пушкинский, стр. 5",жилой квартал пушкино град
15357810.0,55.65533,37.87162,68.9,3.0,0.08,,new_building,flat,avito,"яничкин пр-д, з/у 6/11",белая дача парк
16210390.0,55.94179,37.87448,74.5,3.0,0.375,,new_building,flat,avito,"ул. солнечная, д. 2",жилой «киноквартал»
14869522.0,55.52786,37.71894,76.7,3.0,0.08333333333333333,,unknown,flat,avito,"ленинский городской округ, д. сапроново, д. 5",жк «1-й донской»
13900000.0,55.54454,37.083919,113.4,3.0,0.25,,unknown,flat,avito,"московская обл., наро-фоминский г.о., апрелевка, цветочный пер., 11",unknown
10812800.0,56.75368,37.16891,87.2,3.0,0.3333333333333333,2025.0,unknown,flat,avito,"ул. программистов, д. 11",дома по ул. макаренко
11000000.0,55.555209,37.639527,65.0,3.0,0.8,,unknown,flat,avito,"московская обл., ленинский г.о., жк живописный, 4к1",unknown
18379934.0,55.62477,37.94272,78.5,3.0,0.11764705882352941,,new_building,flat,avito,"московская область, городской округ люберцы, поселок мирный, жилой комплекс томилино парк, к6.4",жк «томилино парк»
18228420.0,55.45458,37.27996,85.1,3.0,0.5,,new_building,flat,avito,"ул. академика франка, стр. 6",жк «троицкий»
19574000.0,55.65911,37.28865,76.3,3.0,0.14285714285714285,2025.0,new_building,flat,avito,"ул. верхне-пролетарская/сосновая, стр. 1",жк «союзный»
12261200.0,55.43296,37.73279,84.6,3.0,0.17647058823529413,,new_building,flat,avito,"ул. текстильщиков, стр. 45",жк «оптима на текстильщиков»
30607697.0,55.68417,37.39127,91.7,3.0,0.5555555555555556,,new_building,flat,avito,"б-р мещерский, стр. 2.2",жк «резиденции сколково»
10725428.0,55.82056,37.21042,54.2,3.0,0.42857142857142855,,new_building,flat,avito,"ул. береговая, стр. 1.1",жк «аникеевский»
17203752.0,55.5679,37.68829,76.4,3.0,1.0,,unknown,flat,avito,"д. тарычево, ул. фруктовые сады, д. 1.3",жк 1-й южный
8398000.0,56.1002,38.11672,64.6,3.0,1.0,,unknown,flat,avito,"ул. краснофлотская, д. 9а",жк «краснофлотская»
14202615.0,55.63949,37.94882,78.3,3.0,0.2222222222222222,,new_building,flat,avito,"московская область, городской округ люберцы, поселок жилино-1, жилой комплекс егорово парк, стр. 4.1",жк «егорово парк»
17940470.0,55.76603,37.21311,79.7,3.0,0.5555555555555556,,new_building,flat,avito,"д. глухово, стр. 4.3",ильинские луга
12557124.0,55.53353,37.87626,71.1,3.0,0.5833333333333334,,new_building,flat,avito,"московская область, ленинский городской округ, жилой комплекс богдановский лес, 10.1",жк «богдановский лес»
12485925.0,55.52786,37.04111,63.3,3.0,0.8,,unknown,flat,avito,"ул. парк апрель, стр. 1",жк «апрелевка клаб»
7700000.0,55.42799,37.499516,62.0,3.0,0.4,,unknown,flat,avito,"московская обл., подольск, юбилейная ул., 24",unknown
11170499.0,55.43046,37.46739,61.2,3.0,1.0,,unknown,flat,avito,"д. докукино, стр. 1.1",жк «дубровицы клаб»
15410330.0,55.52428,37.61537,88.4,3.0,0.29411764705882354,,new_building,flat,avito,"с/п булатниковское, д. боброво, мкр. «боброво», корп. 48",восточное бутово
11662400.0,55.39255,37.56489,89.5,3.0,0.08695652173913043,,new_building,flat,avito,"п. сосновый бор, ул. объездная дорога, стр. 3",жк «новый весенний»
9343468.0,55.9012,37.25493,70.6,3.0,0.2222222222222222,,new_building,flat,avito,"д. юрлово, д. 6",жк «большое юрлово»
12200000.0,55.536762,37.156413,88.0,3.0,0.3333333333333333,2011.0,unknown,flat,avito,"москва, троицкий административный округ, поселение первомайское, пос. первомайское, центральная ул., 18",unknown
9255406.0,55.81534,37.20937,50.8,3.0,0.6666666666666666,,new_building,flat,avito,"ул. полковника глазунова, стр. 7",жк «аникеевский»
11197200.0,56.75368,37.16891,86.8,3.0,0.7142857142857143,2025.0,unknown,flat,avito,"ул. программистов, д. 11",дома по ул. макаренко
17384115.0,55.91213,37.70863,76.2,3.0,0.36,,new_building,flat,avito,"ул. юбилейная, стр. 15",ярославский
24829226.0,55.51879,37.07037,126.7,3.0,1.0,,new_building,flat,avito,"д. мартемьяново, стр. 2",мартемьяново клаб
31221200.0,55.55501,37.49703,87.7,3.0,1.0,,unknown,flat,avito,"ул. эдварда грига, з/у 14б, д. 37.2",жк «скандинавия»
19849200.0,55.52992,37.0383,71.4,3.0,0.75,,new_building,flat,avito,"ул. парк апрель, д. 45",жк «парк апрель»
7000000.0,55.929661,37.994505,54.1,3.0,0.3333333333333333,1975.0,unknown,flat,avito,"московская обл., щелково, комсомольская ул., 7к3",unknown
17935000.0,55.65955,37.28925,62.8,3.0,0.75,2025.0,new_building,flat,avito,"ул. верхне-пролетарская/сосновая, стр. 2",жк «союзный»
17365550.0,55.6415,37.85564,85.0,3.0,0.6,,new_building,flat,avito,"микрорайон новые котельники, к15",жк «‎русич котельники парк»
16834500.0,55.92311,37.77916,78.3,3.0,0.6818181818181818,,unknown,flat,avito,"мкр. 36, 36а, 37, стр. 5",жк «отрадный»
3500000.0,55.66561508,39.85197067,51.6,3.0,0.6,1977.0,unknown,flat,avito,"московская обл., муниципальный округ шатура, рошаль, ул. свердлова, 26",unknown
19091474.0,55.59527,37.20066,86.7,3.0,0.375,,new_building,flat,avito,"дер. марушкино, стр. 3",жк «внуково парк»
7800000.0,56.011193,37.864393,54.6,3.0,0.4444444444444444,1990.0,unknown,flat,avito,"московская обл., г.о. пушкинский, пушкино, мкр-н дзержинец, 10",unknown
16161395.0,55.85617,37.19678,62.7,3.0,0.375,,new_building,flat,avito,"ул. международная, корп. 9",жк «коллекция»
15956028.0,55.94311,37.34188,60.5,3.0,0.11764705882352941,,new_building,flat,avito,"мкр. подрезково, стр. 5",жк «1-й шереметьевский»
8500000.0,55.932374,38.00242,64.6,3.0,0.6666666666666666,1982.0,unknown,flat,avito,"московская обл., щелково, пролетарский пр-т, 25",unknown
18579600.0,55.60116,38.08297,83.6,3.0,0.1111111111111111,,new_building,flat,avito,"ул. гудкова, стр. 3",жк «гранд комфорт»
23868090.0,55.77311,37.21194,104.3,3.0,0.4444444444444444,,unknown,flat,avito,"ш. новорижское, жилой дом",жк «рига хиллс»
6000000.0,55.62692020543447,36.87000537175258,76.3,3.0,0.6666666666666666,1961.0,unknown,flat,avito,"московская обл., одинцовский г.о., пос. часцы, поселок часцы-1, 64",unknown
11264160.0,55.45219,37.54058,74.4,3.0,0.7058823529411765,,new_building,flat,avito,"ул. садовая, д. 14",жк «красная горка»
10276276.0,55.89999,37.2542,80.4,3.0,0.3333333333333333,,new_building,flat,avito,"д. юрлово, д. 5",жк «большое юрлово»
17571413.0,55.90726,37.43297,84.9,3.0,1.0,,new_building,flat,avito,"ул. рабочая , корп. 2.1",химки парк
24926170.0,55.6656,37.87219,83.1,3.0,0.7,,unknown,flat,avito,"ш. новорязанское, д. 6",жк «дюна»
5800000.0,55.72706,38.335317,62.0,3.0,0.4,,unknown,flat,avito,"московская обл., богородский г.о., пгт. имени воровского, ул. сергеева, 22",unknown
19795326.0,55.59133,37.48273,65.6,3.0,0.16666666666666666,,new_building,flat,avito,"п. сосенское, пос. газопровод, стр.",жк «форевиль»
10939404.0,56.00717,37.87459,84.8,3.0,0.8823529411764706,,new_building,flat,avito,"ш. ярославское, д. 194",жк «серебро»
15374112.0,55.68389,37.29915,58.2,3.0,0.375,2027.0,unknown,flat,avito,"можайское ш., д. 98",жк «одинцово сити»
20143110.0,55.91223,37.76161,84.5,3.0,0.84,,unknown,flat,avito,"ул. колонцова, стр. 2",яуза парк
14990708.0,55.52786,37.71894,76.7,3.0,0.4166666666666667,,unknown,flat,avito,"ленинский городской округ, д. сапроново, д. 5",жк «1-й донской»
5990000.0,55.07893753,38.80275726,82.0,3.0,1.0,1958.0,unknown,flat,avito,"московская обл., коломна, ул. дзержинского, 14",unknown
12748725.0,55.40947,37.83449,76.5,3.0,1.0,,new_building,flat,avito,"ул. жуковского, стр. 1",жк «космос»
6200000.0,55.839532,38.191021,64.0,3.0,0.3333333333333333,1969.0,unknown,flat,avito,"московская обл., г.о. щелково, пгт. монино, ул. маслова, 5",unknown
15085350.0,55.45231,37.54703,95.8,3.0,0.3181818181818182,,new_building,flat,avito,"ул. садовая, д. 3",жк «онегин»
8050000.0,55.9146,38.1104,57.5,3.0,0.4166666666666667,,new_building,flat,avito,"пос. биокомбината, стр. 10",жк «кашинцево»
10863976.0,55.6479,38.04769,75.9,3.0,0.8823529411764706,,new_building,flat,avito,"ул. трудовая, стр. 2",жк «малаховский»
17000000.0,55.66327,37.85339,83.3,3.0,0.8823529411764706,2022.0,unknown,flat,avito,"микрорайон белая дача, д. 25, корп. 1",кузьминский лес
14559399.0,55.56022,37.81064,78.4,3.0,1.0,,new_building,flat,avito,"деревня мисайлово, молодежный бульвар, 3",жк «пригород лесное»
18602809.0,55.59089,37.48334,66.1,3.0,0.16666666666666666,,new_building,flat,avito,"п. сосенское, пос. газопровод, стр. 2",жк «форевиль»
17448000.0,55.6415,37.85564,85.0,3.0,0.8,,new_building,flat,avito,"микрорайон новые котельники, к15",жк «‎русич котельники парк»
17365673.0,55.8074,37.31868,68.1,3.0,0.52,,new_building,flat,avito,"туп. ильинский, стр. 3",жк «ильинойс»
3490000.0,55.898927,37.279824,47.6,3.0,0.2,,unknown,apartments,avito,"московская обл., г.о. красногорск, д. аристово, светлая ул., 25",unknown
18071910.0,55.56757,37.29343,72.9,3.0,0.75,,new_building,flat,avito,"пос. филимонковское, ул. оао марьинская птицефабрика, корп. 2.1.3",середневский лес
5000000.0,56.008626,37.819002,43.2,3.0,0.75,,unknown,flat,avito,"московская обл., г.о. пушкинский, пушкино, 3-й акуловский пр., 14",unknown
11994960.0,56.00717,37.87459,84.8,3.0,0.9411764705882353,,new_building,flat,avito,"ш. ярославское, д. 194",жк «серебро»
18724000.0,56.07837,37.37267,90.5,3.0,0.6,,new_building,flat,avito,"с. озерецкое, р-н 3.10, стр. 5",жк «мечта»
19182874.0,55.56498,37.68643,84.1,3.0,0.84,,unknown,flat,avito,"ул. старо-нагорная, д. 29",жк 1-й южный
20320521.0,55.83508,37.24608,70.5,3.0,0.3333333333333333,,unknown,flat,avito,"мкр. опалиха, ул. новая московская, д. 49, корп. 1",миниполис «8 кленов»
23444068.0,55.55501,37.49703,66.2,3.0,0.8888888888888888,,unknown,flat,avito,"ул. эдварда грига, з/у 14б, д. 37.2",жк «скандинавия»
14800000.0,55.59527,37.20066,70.0,3.0,0.9473684210526315,,new_building,flat,avito,"дер. марушкино, стр. 3",жк «внуково парк»
15982750.0,56.04893,37.86542,91.3,3.0,0.125,,new_building,flat,avito,"городской округ пушкинский, стр. 5",жилой квартал пушкино град
4500000.0,55.715652,38.948759,62.1,3.0,0.4,,unknown,flat,avito,"московская обл., орехово-зуевский г.о., ликино-дулево, ул. степана морозкина, 3",unknown
36450550.0,55.68417,37.39127,106.1,3.0,0.5555555555555556,,new_building,flat,avito,"б-р мещерский, стр. 2.2",жк «резиденции сколково»
18445190.0,55.56526,37.6827,78.2,3.0,0.7916666666666666,,unknown,flat,avito,"б-р садовый, д. 4",жк 1-й южный
9300000.0,55.6683,37.284944,51.0,3.0,0.2222222222222222,,unknown,flat,avito,"московская обл., одинцовский г.о., одинцово, верхне-пролетарская ул., 5",unknown
24188018.0,55.6056,37.41639,69.6,3.0,0.9375,,new_building,flat,avito,"п. сосенское, стр. 57",саларьево парк
23166757.0,55.59628,37.36685,74.3,3.0,0.35,,new_building,flat,avito,"ул. лаптевых, з/у 2, корп. 3",город-парк «первый московский»
5500000.0,56.454722,38.094659,59.9,3.0,0.6,,unknown,flat,avito,"московская обл., сергиево-посадский г.о., пос. реммаш, школьная ул., 16",unknown
19967622.0,55.58222,37.15314,81.4,3.0,0.7,,new_building,flat,avito,"москва, новомосковский административный округ, район внуково, жилой комплекс квартал западный, 9",жк «квартал западный»
6500000.0,55.602128,36.485084,62.8,3.0,0.2222222222222222,,unknown,flat,avito,"московская обл., рузский г.о., рп. тучково, мкр-н восточный, 1",unknown
9930220.0,55.89999,37.2542,78.6,3.0,0.16666666666666666,,new_building,flat,avito,"д. юрлово, д. 5",жк «большое юрлово»
13954463.0,55.83258,37.9525,69.6,3.0,0.6666666666666666,,new_building,flat,avito,"ул. трубецкая, стр. 8.1",жк «пехра»
12990000.0,55.880591,37.269448,65.0,3.0,1.0,2018.0,unknown,flat,avito,"московская обл., г.о. красногорск, д. сабурово, парковая ул., 20",unknown
18134315.0,55.56632,37.68656,84.1,3.0,0.88,,unknown,flat,avito,"ул. старо-нагорная, д. 31",жк 1-й южный
20483041.0,55.66389,37.85364,76.7,3.0,0.8,,unknown,flat,avito,"микрорайон белая дача, д. 26",кузьминский лес
19192320.0,55.45458,37.27996,89.6,3.0,0.5833333333333334,,unknown,flat,avito,"ул. академика франка, стр. 6",жк «троицкий»
5867235.0,55.917667,37.722469,67.6,3.0,0.08,2020.0,unknown,flat,avito,"московская обл., мытищи, ул. мира, 35",unknown
18925138.0,55.92405,37.4359,94.8,3.0,0.2,,new_building,flat,avito,"ул. озерная, стр. 6",жк «мишино-2»
10900000.0,55.72420959510087,36.87232261111449,90.0,3.0,0.3333333333333333,2011.0,unknown,flat,avito,"московская обл., одинцовский г.о., звенигород, район восточный, 3-й мкр-н, 5",unknown
11800000.0,55.67506409,37.87166977,65.9,3.0,0.2222222222222222,,unknown,flat,avito,"московская обл., люберцы, мкр-н городок а, ул. 3-е почтовое отделение, 36",unknown
18418128.0,55.59527,37.20066,84.7,3.0,0.125,,new_building,flat,avito,"дер. марушкино, стр. 3",жк «внуково парк»
25391733.0,55.86536,37.33121,87.1,3.0,0.8,,new_building,flat,avito,"пос. отрадное, ул. знаменская, стр. 26/5",жк «левел лесной»
36132795.0,55.68148,37.39202,90.6,3.0,1.0,,new_building,flat,avito,"б-р мещерский, стр. 6.2",жк «резиденции сколково»
6100000.0,55.30739975,38.65155029,69.3,3.0,0.5,,unknown,flat,avito,"московская обл., воскресенск, мкр-н новлянский, ул. цесиса, 24/15",unknown
16514750.0,55.90196,37.28256,88.2,3.0,0.6666666666666666,,new_building,flat,avito,"дер. аристово, стр. 1",жк «аристов берег»
16595250.0,56.04893,37.86542,94.8,3.0,0.125,,new_building,flat,avito,"городской округ пушкинский, стр. 5",жилой квартал пушкино град
16331400.0,55.62799,37.20621,84.1,3.0,0.2,,new_building,flat,avito,"д. солманово, ул. лазурная, стр. 1",жк «одинцовские кварталы»
5400000.0,56.0561676,37.85352325,54.8,3.0,1.0,1978.0,unknown,flat,avito,"московская обл., г.о. пушкинский, пгт. правдинский, полевая ул., 9",unknown
10355760.0,55.45219,37.54058,68.4,3.0,0.35294117647058826,,new_building,flat,avito,"ул. садовая, д. 14",жк «красная горка»
15511961.0,55.95205,37.46823,76.7,3.0,0.8823529411764706,,new_building,flat,avito,"ул. олимпийская, корп. 5",жк «квартал ивакино»
8049000.0,55.78089,38.665303,59.8,3.0,0.6666666666666666,1977.0,unknown,flat,avito,"московская обл., павлово-посадский г.о., павловский посад, ул. кирова, 60",unknown
15198439.0,55.36629,37.78909,84.8,3.0,0.35294117647058826,,new_building,flat,avito,"ул. ледовская , д. 33",жк «оптима»
15250000.0,55.62799,37.20621,63.2,3.0,0.9285714285714286,,new_building,flat,avito,"д. солманово, ул. лазурная, стр. 1",жк «одинцовские кварталы»
20797650.0,55.45458,37.27996,101.7,3.0,0.16666666666666666,,unknown,flat,avito,"ул. академика франка, стр. 1",жк «троицкий»
4500000.0,55.81175232,38.96956253,57.6,3.0,1.0,,unknown,flat,avito,"московская обл., орехово-зуевский г.о., орехово-зуево, ул. урицкого, 54",unknown
11469500.0,55.43296,37.73279,79.1,3.0,0.29411764705882354,,new_building,flat,avito,"ул. текстильщиков, стр. 45",жк «оптима на текстильщиков»
8790000.0,55.755961,38.08033,62.8,3.0,0.4,1987.0,unknown,flat,avito,"московская обл., балашиха, мкр-н заря, советская ул., 12",unknown
15228570.0,55.96603,37.30737,79.9,3.0,0.9,,unknown,flat,avito,"ул. первомайская, стр. 2, секц. 2-4",жк «ласточкино»
12900000.0,55.957419,37.682997,75.0,3.0,0.5,,unknown,flat,avito,"московская обл., мытищи, тенистый б-р, 8",unknown
16492792.0,55.94798,37.76817,78.5,3.0,0.7142857142857143,,new_building,flat,avito,"жилой комплекс мытищи парк, к6",жк «мытищи парк»
11057143.0,55.82056,37.21042,54.2,3.0,0.8571428571428571,,new_building,flat,avito,"ул. береговая, стр. 1.1",жк «аникеевский»
10750000.0,55.769636,37.86381,63.6,3.0,0.8,1970.0,unknown,flat,avito,"московская обл., реутов, пр-т мира, 47",unknown
10897785.0,55.82056,37.21042,52.6,3.0,0.8571428571428571,,new_building,flat,avito,"ул. береговая, стр. 1.1",жк «аникеевский»
19815908.0,55.81804,37.3429,76.3,3.0,1.0,,new_building,flat,avito,"ул. большая воскресенская, д. 5, корп. 1",квартал «тетрис»
6250000.0,55.375608,36.72762,57.3,3.0,0.2,1968.0,unknown,flat,avito,"московская обл., наро-фоминский г.о., наро-фоминск, мкр-н южный, ул. ленина, 27а",unknown
16834500.0,55.92311,37.77916,78.3,3.0,0.5,,unknown,flat,avito,"мкр. 36, 36а, 37, стр. 5",жк «отрадный»
6700000.0,55.364041,39.067579,62.4,3.0,0.6666666666666666,1979.0,unknown,flat,avito,"московская обл., егорьевск, 4-й мкр-н, 20",unknown
6500000.0,55.64145279,38.08706665,54.3,3.0,0.4,1963.0,unknown,flat,avito,"московская обл., раменский муниципальный округ, пгт. быково, ул. щорса, 2",unknown
3750000.0,55.437117,38.583324,58.4,3.0,0.5,1970.0,unknown,flat,avito,"московская обл., г.о. воскресенск, с. ашитково, почтовая ул., 1",unknown
19535941.0,55.48134,37.5944,84.9,3.0,0.125,,unknown,flat,avito,"д. борисовка, ул. рахманинова, д. 20",жк «новая щербинка»
7000000.0,55.522485,36.973435,61.9,3.0,0.2,1986.0,unknown,flat,avito,"московская обл., наро-фоминский г.о., рп. калининец, фабричная ул., 10",unknown
34655000.0,55.92156,37.81646,118.6,3.0,0.7894736842105263,,new_building,flat,avito,"ул. калинина, д. 11",жк «дом‐мегалит в королеве»
17800000.0,55.610809,37.325252,57.0,3.0,1.0,2023.0,unknown,flat,avito,"москва, новомосковский административный округ, поселение московский, ул. шекспира, 1к1",unknown
12900000.0,55.83573914,37.97558594,130.1,3.0,0.44,2011.0,unknown,flat,avito,"московская обл., балашиха, трубецкая ул., 102",unknown
6995000.0,55.906163,37.850281,58.6,3.0,1.0,1970.0,unknown,flat,avito,"московская обл., королев, ул. мичурина, 1",unknown
6600000.0,55.453779,37.747487,61.4,3.0,0.2,1976.0,unknown,flat,avito,"московская обл., домодедово, мкр-н северный, 1-я коммунистическая ул., 36",unknown
22958207.0,55.51879,37.07037,109.3,3.0,1.0,,unknown,flat,avito,"д. мартемьяново, стр. 2",мартемьяново клаб
7600000.0,55.598192,37.980267,69.4,3.0,0.8333333333333334,2003.0,unknown,flat,avito,"московская обл., г.о. люберцы, д. островцы, подмосковная ул., 25",unknown
9500000.0,55.659947,38.019137,124.5,3.0,0.6666666666666666,2013.0,unknown,flat,avito,"московская обл., г.о. люберцы, рп. малаховка, касимовское ш., 7д",unknown
12800000.0,55.763705,37.935504,86.6,3.0,0.5,2018.0,unknown,flat,avito,"московская обл., балашиха, мкр-н салтыковка, ул. черняховского, 32а",unknown
12200003.0,56.00717,37.87459,77.7,3.0,1.0,,new_building,flat,avito,"ш. ярославское, д. 194",жк «серебро»
16856584.0,56.00631,37.84201,77.7,3.0,0.8571428571428571,,new_building,flat,avito,"ул. писаревская, стр. б",жк «7 небо»
7700000.0,55.091325,38.758648,62.5,3.0,0.4444444444444444,1979.0,unknown,flat,avito,"московская обл., коломна, пионерская ул., 56",unknown
11798300.0,56.75368,37.16891,92.9,3.0,0.2857142857142857,2025.0,unknown,flat,avito,"ул. программистов, д. 11",дома по ул. макаренко
30936750.0,55.56112,37.50378,65.0,3.0,0.7058823529411765,,unknown,flat,avito,"п. сосенское, стр. 25.3",жк «скандинавия»
10340493.0,55.89999,37.2542,75.1,3.0,0.5454545454545454,,new_building,flat,avito,"д. юрлово, д. 5",жк «большое юрлово»
11085759.0,55.89999,37.2542,79.9,3.0,0.3333333333333333,,new_building,flat,avito,"д. юрлово, д. 5",жк «большое юрлово»
6000000.0,55.71914,38.218914,56.7,3.0,0.6,,unknown,flat,avito,"московская обл., богородский г.о., электроугли, советская ул., 1",unknown
7300000.0,56.005858,37.856354,59.7,3.0,0.5,,unknown,flat,avito,"московская обл., г.о. пушкинский, пушкино, московский пр-т, 37",unknown
5600000.0,56.012219,37.459253,74.9,3.0,0.2857142857142857,2000.0,unknown,flat,avito,"московская обл., лобня, авиационная ул., 9",unknown
12000000.0,55.948155,37.291412,78.5,3.0,0.35294117647058826,2004.0,unknown,flat,avito,"московская обл., химки, мкр-н сходня, вишневая ул., 19",unknown
15431229.0,55.89999,37.2542,78.3,3.0,0.8333333333333334,,new_building,flat,avito,"д. юрлово, д. 5",жк «большое юрлово»
10600000.0,55.73885,38.004629,56.0,3.0,0.23529411764705882,2025.0,new_building,flat,avito,"московская обл., балашиха, мкр-н железнодорожный, ул. поликахина, 4",unknown
9400000.0,55.63014280104484,37.85289067046092,65.0,3.0,0.4166666666666667,,unknown,flat,avito,"московская обл., г.о. люберцы, дзержинский, лесная ул., 2",unknown
7950000.0,55.930862,37.988478,68.1,3.0,0.4444444444444444,,unknown,flat,avito,"московская обл., щелково, сиреневая ул., 7",unknown
6800000.0,55.777292,38.655612,58.3,3.0,0.6666666666666666,1978.0,unknown,flat,avito,"московская обл., павлово-посадский г.о., павловский посад, ул. тихонова, 32",unknown
23885258.0,55.58222,37.15314,82.0,3.0,0.9166666666666666,,new_building,flat,avito,"москва, новомосковский административный округ, район внуково, жилой комплекс квартал западный, 9",жк «квартал западный»
7100000.0,55.832763,37.969407,62.3,3.0,0.3,1997.0,unknown,flat,avito,"московская обл., балашиха, ул. свердлова, 57",unknown
21620074.0,55.94798,37.76817,78.0,3.0,0.5882352941176471,,new_building,flat,avito,"жилой комплекс мытищи парк, к6",жк «мытищи парк»
8600000.0,55.98199409563141,37.142146118506496,56.0,3.0,0.2,1965.0,unknown,flat,avito,"московская обл., г.о. солнечногорск, пгт. андреевка, 7",unknown
12500000.0,55.68307114,37.2645607,56.0,3.0,0.3333333333333333,1969.0,unknown,flat,avito,"московская обл., одинцовский г.о., одинцово, ул. маршала бирюзова, 26",unknown
10150000.0,55.8220748403955,37.9492500846557,82.0,3.0,0.11764705882352941,2011.0,new_building,flat,avito,"московская обл., балашиха, мкр-н авиаторов, ул. третьяка, 3/12",unknown
22893536.0,55.58222,37.15314,74.4,3.0,0.4,,new_building,flat,avito,"москва, новомосковский административный округ, район внуково, жилой комплекс квартал западный, 9",жк «квартал западный»
23239691.0,55.58222,37.15314,80.9,3.0,0.3333333333333333,,new_building,flat,avito,"москва, новомосковский административный округ, район внуково, жилой комплекс квартал западный, 9",жк «квартал западный»
23285826.0,55.58222,37.15314,80.9,3.0,0.4166666666666667,,new_building,flat,avito,"москва, новомосковский административный округ, район внуково, жилой комплекс квартал западный, 9",жк «квартал западный»
10891285.0,55.82056,37.21042,54.2,3.0,0.5714285714285714,,new_building,flat,avito,"ул. береговая, стр. 1.1",жк «аникеевский»
11500000.0,55.75473022,37.90039825,65.0,3.0,0.3333333333333333,2012.0,unknown,flat,avito,"московская обл., балашиха, мкр-н салтыковка, квартал зворыкино, 14",unknown
4100000.0,55.30293655,37.94934845,48.9,3.0,0.5,1963.0,unknown,flat,avito,"московская обл., г.о. домодедово, с. лобаново, знаменская ул., 4",unknown
1500000.0,55.148215,39.209773,58.5,3.0,1.0,1980.0,unknown,flat,avito,"московская обл., г.о. егорьевск, пос. павлова, 5",unknown
6300000.0,56.091688,37.151041,60.0,3.0,0.6,,unknown,flat,avito,"московская обл., г.о. солнечногорск, пос. майдарово, 1",unknown
32421444.0,55.80745,37.38186,76.2,3.0,1.0,,new_building,flat,avito,"московская область, красногорск, жилой комплекс квартал строгино, к2",жк «квартал строгино»
9800000.0,55.912092,37.871041,65.5,3.0,0.35714285714285715,1991.0,unknown,flat,avito,"московская обл., королев, ул. горького, 14",unknown
24088846.0,55.58222,37.15314,81.5,3.0,0.5,,new_building,flat,avito,"москва, новомосковский административный округ, район внуково, жилой комплекс квартал западный, 9",жк «квартал западный»
5390000.0,55.416708,37.843588,40.3,3.0,0.25,1964.0,unknown,flat,avito,"московская обл., домодедово, мкр-н авиационный, ул. чкалова, 20",unknown
18179990.0,55.56498,37.68643,77.9,3.0,0.76,,unknown,flat,avito,"ул. старо-нагорная, д. 29",жк 1-й южный
10300000.0,55.317809,37.161588,68.8,3.0,0.8,2008.0,unknown,flat,avito,"москва, троицкий административный округ, поселение вороновское, пос. дома отдыха вороново, 8",unknown
7600000.0,55.951225,37.832665,63.4,3.0,0.1111111111111111,,unknown,flat,avito,"московская обл., королев, мкр-н текстильщик, советская ул., 11",unknown
10200000.0,55.917425,37.789133,67.3,3.0,0.8888888888888888,1990.0,unknown,flat,avito,"московская обл., мытищи, ул. академика каргина, 40к1",unknown
9578106.0,55.82087,37.21002,50.3,3.0,0.14285714285714285,,new_building,flat,avito,"ул. береговая, стр. 1.2",жк «аникеевский»
10564285.0,55.82056,37.21042,50.8,3.0,0.7857142857142857,,new_building,flat,avito,"ул. береговая, стр. 1.1",жк «аникеевский»
2750000.0,55.65833664,39.88758087,57.3,3.0,0.2,,unknown,flat,avito,"московская обл., муниципальный округ шатура, рошаль, ул. октябрьской революции, 58",unknown
11700000.0,55.718853679722606,36.870441035433146,73.3,3.0,0.75,2021.0,unknown,flat,avito,"московская обл., одинцовский г.о., звенигород, район восточный, 3-й мкр-н, 18",unknown
6500000.0,55.883964,38.777252,66.7,3.0,0.6,,unknown,flat,avito,"московская обл., павлово-посадский г.о., электрогорск, ул. горького, 8",unknown
2500000.0,55.65410614,39.86737442,51.0,3.0,0.6,1974.0,unknown,flat,avito,"московская обл., муниципальный округ шатура, рошаль, 1-я первомайская ул., 1",unknown
11235900.0,56.75368,37.16891,87.1,3.0,0.5714285714285714,2025.0,unknown,flat,avito,"ул. программистов, д. 11",дома по ул. макаренко
7500000.0,56.05667877,37.852005,67.4,3.0,0.1111111111111111,1999.0,unknown,flat,avito,"московская обл., г.о. пушкинский, рп. правдинский, ул. герцена, 1",unknown
8700000.0,55.825485,37.955456,63.0,3.0,0.7777777777777778,1986.0,unknown,flat,avito,"московская обл., балашиха, звездная ул., 8",unknown
19108866.0,55.56498,37.68643,84.1,3.0,0.76,,unknown,flat,avito,"ул. старо-нагорная, д. 29",жк 1-й южный
10500000.0,55.51057816,36.98381042,67.0,3.0,0.7857142857142857,1988.0,unknown,flat,avito,"московская обл., наро-фоминский г.о., пгт. селятино, теннисная ул., 47д",unknown
10200000.0,55.95437622,37.81140137,68.1,3.0,0.3333333333333333,1995.0,unknown,flat,avito,"московская обл., г.о. пушкинский, пос. челюскинский, садовая ул., 25/1",unknown
12981645.0,55.54552,37.15477,95.4,3.0,0.7777777777777778,,unknown,flat,avito,"п. первомайское, дер. ивановское, ул. семена гордого, д. 1",жк «ново-никольское»
10014200.0,55.89999,37.2542,78.6,3.0,0.3333333333333333,,new_building,flat,avito,"д. юрлово, д. 5",жк «большое юрлово»
3150000.0,55.281974,38.545272,52.5,3.0,1.0,,unknown,flat,avito,"московская обл., г.о. воскресенск, с. невское, 121",unknown
5800000.0,55.423984,37.77467,42.4,3.0,0.75,1960.0,unknown,flat,avito,"московская обл., домодедово, каширское ш., 99",unknown
12000000.0,55.824526,37.941067,82.0,3.0,0.17647058823529413,2010.0,unknown,flat,avito,"московская обл., балашиха, мкр-н авиаторов, б-р нестерова, 1",unknown
20271082.0,55.56498,37.68643,83.1,3.0,0.16,,unknown,flat,avito,"ул. старо-нагорная, д. 29",жк 1-й южный
12250000.0,55.76173019,37.96445847,70.5,3.0,1.0,2016.0,unknown,flat,avito,"московская обл., балашиха, мкр-н кучино, ул. брагина, 1",unknown
13898119.0,55.63949,37.94882,78.3,3.0,0.6111111111111112,,new_building,flat,avito,"московская область, городской округ люберцы, поселок жилино-1, жилой комплекс егорово парк, стр. 4.1",жк «егорово парк»
3900000.0,55.88388918065526,38.21666039168786,58.0,3.0,0.6,,unknown,flat,avito,"московская обл., лосино-петровский, мкр-н солнечный, 1",unknown
18664818.0,55.56498,37.68643,84.1,3.0,0.9583333333333334,,unknown,flat,avito,"ул. старо-нагорная, д. 29",жк 1-й южный
10499000.0,55.672402,37.879144,62.0,3.0,0.1111111111111111,1987.0,unknown,flat,avito,"московская обл., люберцы, московская ул., 12",unknown
12500000.0,55.537149,37.155416,98.8,3.0,0.6666666666666666,2010.0,unknown,flat,avito,"москва, новомосковский административный округ, филимонковский р-н, пос. первомайское, центральная ул., 22",unknown
5700077.0,55.366732,37.503037,61.8,3.0,0.4,1970.0,unknown,flat,avito,"московская обл., подольск, мкр-н климовск, школьная ул., 40",unknown
15100000.0,55.92372513,37.75047684,79.0,3.0,0.8823529411764706,2014.0,unknown,flat,avito,"московская обл., мытищи, ул. белобородова, 2г",unknown
7000000.0,55.661994,37.898583,51.2,3.0,0.1111111111111111,1978.0,unknown,flat,avito,"московская обл., люберцы, южная ул., 24",unknown
8500000.0,55.58192062,38.20402908,62.7,3.0,0.8,,unknown,flat,avito,"московская обл., раменский муниципальный округ, раменское, ул. чугунова, 30",unknown
12100000.0,55.97607,37.144502,75.0,3.0,0.23529411764705882,,unknown,flat,avito,"московская обл., г.о. солнечногорск, пгт. андреевка, 28",unknown
21500000.0,56.320972,36.73231,174.8,3.0,0.8333333333333334,2005.0,unknown,flat,avito,"московская обл., клин, ул. мира, 27",unknown
19790000.0,55.543801,37.457007,66.3,3.0,0.3333333333333333,2022.0,unknown,flat,avito,"москва, новомосковский административный округ, поселение сосенское, пр-т куприна, 38к1",unknown
13900000.0,55.69736481,37.88977051,81.7,3.0,0.8125,2009.0,unknown,flat,avito,"московская обл., люберцы, коммунистическая ул., 4к1",unknown
7000000.0,54.863316,37.214202,64.0,3.0,1.0,1963.0,unknown,flat,avito,"московская обл., г.о. серпухов, протвино, ул. ленина, 4",unknown
7800000.0,55.796031,37.929575,63.5,3.0,0.4,1937.0,unknown,flat,avito,"московская обл., балашиха, ул. флерова, 4",unknown
12500000.0,55.923781,37.781802,74.0,3.0,0.6666666666666666,,unknown,flat,avito,"московская обл., мытищи, ул. попова, 4",unknown
6300000.0,55.36810684,39.06791306,56.0,3.0,0.5555555555555556,,unknown,flat,avito,"московская обл., егорьевск, 4-й мкр-н, 2",unknown
8650000.0,55.90372086,37.72294617,55.7,3.0,0.4,,unknown,flat,avito,"московская обл., мытищи, новомытищинский пр-т, 80к9",unknown
8999000.0,55.9124621920772,37.85896110446267,59.4,3.0,0.3333333333333333,1973.0,unknown,flat,avito,"московская обл., королев, ул. горького, 4",unknown
9500000.0,55.70529175,37.21580124,80.0,3.0,0.25,2023.0,unknown,flat,avito,"московская обл., одинцовский г.о., с. лайково, жилой комплекс город-событие лайково, квартал лайково парк, 70",unknown
10433211.0,55.89999,37.2542,77.7,3.0,0.6666666666666666,,new_building,flat,avito,"д. юрлово, д. 5",жк «большое юрлово»
5400000.0,56.49302292,38.18421936,58.4,3.0,0.7777777777777778,,unknown,flat,avito,"московская обл., сергиево-посадский г.о., пгт. богородское, 14",unknown
9000000.0,55.65001354154121,38.05544301320935,80.0,3.0,0.3333333333333333,2005.0,unknown,flat,avito,"московская обл., раменский муниципальный округ, дп. родники, большая учительская ул., 4",unknown
9490000.0,55.629024553237365,37.86412309333558,53.8,3.0,0.1111111111111111,1977.0,unknown,flat,avito,"московская обл., г.о. люберцы, дзержинский, лесная ул., 16",unknown
9500000.0,56.760307,37.132186,68.5,3.0,0.3333333333333333,1986.0,unknown,flat,avito,"московская обл., дубна, тверская ул., 15",unknown
8300000.0,55.954244,37.811195,69.9,3.0,0.6666666666666666,1995.0,unknown,flat,avito,"московская обл., г.о. пушкинский, пос. челюскинский, садовая ул., 25/1",unknown
7100000.0,55.78522,38.445621,70.6,3.0,0.4,1958.0,unknown,flat,avito,"московская обл., электросталь, пр-т ленина, 47/12",unknown
12300000.0,55.90692,37.717582,70.8,3.0,0.8333333333333334,1997.0,unknown,flat,avito,"московская обл., мытищи, летная ул., 32к1",unknown
8500000.0,55.428148,37.487936,60.3,3.0,0.8,1972.0,unknown,flat,avito,"московская обл., подольск, красногвардейский б-р, 41/1",unknown
7400000.0,55.63469,37.842582,58.0,3.0,0.4,,unknown,flat,avito,"московская обл., дзержинский, ул. строителей, 1",unknown
8350000.0,55.795175,37.97653,65.0,3.0,0.7777777777777778,1972.0,unknown,flat,avito,"московская обл., балашиха, ул. фадеева, 13",unknown
11500000.0,56.011374,37.825011,76.0,3.0,0.8888888888888888,1988.0,unknown,flat,avito,"московская обл., г.о. пушкинский, пушкино, ул. льва толстого, 20а",unknown
5699000.0,55.919907,38.004953,51.8,3.0,0.8,1970.0,unknown,flat,avito,"московская обл., щелково, 1-й советский пер., 21",unknown
6700000.0,55.85435104,37.12768555,57.4,3.0,0.2,,unknown,flat,avito,"московская обл., муниципальный округ истра, дедовск, ул. мира, 4",unknown
7200000.0,55.419606,37.584451,61.0,3.0,1.0,,unknown,flat,avito,"московская обл., подольск, гулевский пр., 5",unknown
5000000.0,55.95241899487935,38.041505111573855,55.4,3.0,0.2,,unknown,flat,avito,"московская обл., фрязино, советская ул., 15а",unknown
12261200.0,55.43296,37.73279,84.6,3.0,0.9411764705882353,,new_building,flat,avito,"ул. текстильщиков, стр. 45",жк «оптима на текстильщиков»
17000000.0,55.90740210848189,37.8304453860589,70.8,3.0,0.3888888888888889,2018.0,unknown,flat,avito,"московская обл., королев, пионерская ул., 30к12",unknown
7500000.0,54.93899536,37.39664078,68.5,3.0,0.4,,unknown,flat,avito,"московская обл., серпухов, новая ул., 8",unknown
3850000.0,55.269302,38.735014,59.0,3.0,1.0,,unknown,flat,avito,"московская обл., воскресенск, мкр-н колыберево, ул. дзержинского, 20",unknown
11300000.0,55.82255836292294,37.93318486508174,77.0,3.0,0.28,2013.0,unknown,flat,avito,"московская обл., балашиха, балашихинское ш., 10",unknown
10886400.0,56.75368,37.16891,86.4,3.0,1.0,2025.0,unknown,flat,avito,"ул. программистов, д. 11",дома по ул. макаренко
10341244.0,55.82056,37.21042,50.4,3.0,0.6428571428571429,,new_building,flat,avito,"ул. береговая, стр. 1.1",жк «аникеевский»
6800000.0,55.891502,38.771216,68.9,3.0,1.0,,unknown,flat,avito,"московская обл., павлово-посадский г.о., электрогорск, ул. ленина, 38",unknown
5700000.0,55.366753,37.508077,54.2,3.0,0.5,,unknown,flat,avito,"московская обл., подольск, мкр-н климовск, красная ул., 1",unknown
13800000.0,55.88944626,37.40563202,69.5,3.0,0.5555555555555556,,unknown,flat,avito,"московская обл., химки, молодежная ул., 36",unknown
10457046.0,55.89999,37.2542,77.7,3.0,0.9090909090909091,,new_building,flat,avito,"д. юрлово, д. 5",жк «большое юрлово»
11057143.0,55.82056,37.21042,54.2,3.0,0.9285714285714286,,new_building,flat,avito,"ул. береговая, стр. 1.1",жк «аникеевский»
7750000.0,55.58630371,38.19831467,72.0,3.0,0.3333333333333333,1959.0,unknown,flat,avito,"московская обл., раменский муниципальный округ, раменское, фабричная ул., 46",unknown
24817920.0,55.61153,37.41519,84.3,3.0,1.0,,new_building,flat,avito,"ул. трехполье, з/у 7",саларьево парк
13700000.0,55.70753098,37.3210907,76.0,3.0,1.0,,unknown,flat,avito,"московская обл., одинцовский г.о., одинцово, ул. чистяковой, 80",unknown
7850000.0,56.0116734289676,37.869888575805376,57.0,3.0,0.8888888888888888,1974.0,unknown,flat,avito,"московская обл., г.о. пушкинский, пушкино, мкр-н дзержинец, 15",unknown
14280000.0,55.708648,37.958214,72.0,3.0,0.35294117647058826,2015.0,unknown,flat,avito,"московская обл., люберцы, мкр-н зенино жк самолет, ул. барыкина, 10/2",unknown
13900000.0,55.87876129,37.27288818,98.0,3.0,0.7777777777777778,2021.0,unknown,flat,avito,"московская обл., г.о. красногорск, пгт. сабурово, парковая ул., 24",unknown
2400000.0,55.29294,38.457659,57.2,3.0,0.75,1968.0,unknown,flat,avito,"московская обл., раменский г.о., с. никитское, 15",unknown
6500000.0,55.3272218402486,38.65959817877534,62.0,3.0,0.2222222222222222,,unknown,flat,avito,"московская обл., воскресенск, мкр-н центральный, ул. победы, 35/1",unknown
12400000.0,55.6632843,38.00013733,77.9,3.0,0.42857142857142855,2018.0,unknown,flat,avito,"московская обл., г.о. люберцы, дп. красково, егорьевское ш., 1к4",unknown
13000000.0,55.7562561,37.95342636,71.0,3.0,0.6428571428571429,1994.0,unknown,flat,avito,"московская обл., балашиха, мкр-н кучино, ул. лесные поляны, 3",unknown
6150000.0,54.831597,37.641144,64.3,3.0,0.16666666666666666,2002.0,unknown,flat,avito,"московская обл., г.о. серпухов, пущино, мкр-н д, 18",unknown
6049000.0,55.835387,38.395954,58.0,3.0,0.4,,unknown,flat,avito,"московская обл., богородский г.о., ногинск, юбилейная ул., 1",unknown
7700000.0,56.01091003,37.82314301,70.0,3.0,0.4444444444444444,1986.0,unknown,flat,avito,"московская обл., г.о. пушкинский, пушкино, ул. льва толстого, 23",unknown
6700000.0,54.932855,37.446542,55.9,3.0,0.6,1971.0,unknown,flat,avito,"московская обл., серпухов, советская ул., 105",unknown
9250000.0,55.384472,36.718413,62.8,3.0,0.2222222222222222,,unknown,flat,avito,"московская обл., наро-фоминский г.о., наро-фоминск, луговая ул., 7",unknown
11990000.0,55.941228,37.513997,44.0,3.0,0.5,1961.0,unknown,flat,avito,"московская обл., долгопрудный, октябрьская ул., 18",unknown
3300000.0,55.610656,39.572396,65.2,3.0,0.75,,unknown,flat,avito,"московская обл., шатура, мкр-н керва, набережная ул., 6а",unknown
9829512.0,55.9703,37.88963,70.9,3.0,0.64,,new_building,flat,avito,"ул. заводская, стр. 1, 2",жк «новая ивантеевка»
12800000.0,55.59385681,37.03616333,68.9,3.0,0.4444444444444444,,unknown,flat,avito,"московская обл., краснознаменск, ул. победы, 17",unknown
10113972.0,55.89999,37.2542,78.6,3.0,0.6666666666666666,,new_building,flat,avito,"д. юрлово, д. 5",жк «большое юрлово»
19971059.0,55.56632,37.68656,84.1,3.0,0.8333333333333334,,unknown,flat,avito,"ул. старо-нагорная, д. 31",жк 1-й южный
14700000.0,55.832389,37.976656,97.6,3.0,0.8235294117647058,2009.0,unknown,flat,avito,"московская обл., балашиха, ул. 40 лет победы, 27",unknown
9567108.0,55.9703,37.88963,70.9,3.0,0.12,,new_building,flat,avito,"ул. заводская, стр. 1, 2",жк «новая ивантеевка»
12722038.0,55.97307,37.86944,98.4,3.0,0.5,,unknown,flat,avito,"с. тарасовка, мкр. пушкарь, корп. 2",жк «пушкарь»
15500000.0,55.660424,37.217867,85.4,3.0,0.35294117647058826,2017.0,unknown,flat,avito,"московская обл., одинцовский г.о., пгт. внииссок, ул. михаила кутузова, 7",unknown
17998378.0,55.56526,37.6827,77.1,3.0,0.08333333333333333,,unknown,flat,avito,"б-р садовый, д. 4",жк 1-й южный
10152612.0,55.97307,37.86944,74.6,3.0,0.75,,unknown,flat,avito,"с. тарасовка, мкр. пушкарь, корп. 2",жк «пушкарь»
9568200.0,56.04893,37.86542,51.7,3.0,0.125,,new_building,flat,avito,"городской округ пушкинский, стр. 5",жилой квартал пушкино град
5999999.0,55.077437,38.770964,55.4,3.0,0.5,1967.0,unknown,flat,avito,"московская обл., коломна, первомайская ул., 47а",unknown
10990000.0,55.90688,37.710243,72.7,3.0,0.2222222222222222,1981.0,unknown,flat,avito,"московская обл., мытищи, юбилейная ул., 27к1",unknown
11281343.0,55.89999,37.2542,78.2,3.0,0.75,,new_building,flat,avito,"д. юрлово, д. 5",жк «большое юрлово»
9900000.0,55.623076,36.983299,70.0,3.0,0.375,,unknown,flat,avito,"московская обл., одинцовский г.о., голицыно, советская ул., 52к6",unknown
4990000.0,55.366481,39.077514,64.0,3.0,1.0,1977.0,unknown,flat,avito,"московская обл., егорьевск, касимовское ш., 19",unknown
14900000.0,55.91714263927139,37.40910314797156,62.7,3.0,0.35294117647058826,2019.0,unknown,flat,avito,"московская обл., химки, ул. германа титова, 6",unknown
5100000.0,56.05436824748878,37.22723904754595,58.0,3.0,1.0,,unknown,flat,avito,"московская обл., г.о. солнечногорск, д. льялово, мкр-н морозовка, 13",unknown
10429805.0,55.89999,37.2542,77.7,3.0,0.5,,new_building,flat,avito,"д. юрлово, д. 5",жк «большое юрлово»
3150000.0,55.45025635,35.50828171,60.0,3.0,0.5,,unknown,flat,avito,"московская обл., можайский муниципальный округ, д. мокрое, пионерская ул., 2",unknown
6450000.0,55.360653,37.519063,56.2,3.0,0.8,,unknown,flat,avito,"московская обл., подольск, ул. ленина, 16б",unknown
17115463.0,55.49872,37.74091,80.3,3.0,0.2777777777777778,,new_building,flat,avito,"московская область, городской округ домодедово, село ям, жилой комплекс прибрежный парк, 10.2",жк «прибрежный парк»
12500000.0,55.44848584847728,37.75659878242355,75.5,3.0,0.1,,unknown,flat,avito,"московская обл., домодедово, мкр-н северный, 3-й московский пр., 1",unknown
19000000.0,55.814888,37.36585617,76.9,3.0,0.92,2012.0,unknown,flat,avito,"московская обл., красногорск, красногорский б-р, 6",unknown
8950000.0,55.762925,37.964026,70.9,3.0,0.16666666666666666,2019.0,unknown,flat,avito,"московская обл., балашиха, мкр-н кучино, ул. соловьева, 2",unknown
7300000.0,55.805133,38.965503,63.1,3.0,0.6666666666666666,,unknown,flat,avito,"московская обл., орехово-зуевский г.о., орехово-зуево, ул. гагарина, 6а",unknown
7990000.0,55.51520157,36.97930908,58.4,3.0,0.4,,unknown,flat,avito,"московская обл., наро-фоминский г.о., рп. селятино, клубная ул., 16",unknown
14000000.0,55.66502,37.857485,70.0,3.0,0.058823529411764705,,unknown,flat,avito,"московская обл., котельники, мкр-н белая дача, 21",unknown
8950000.0,56.00798798,37.82948685,62.0,3.0,0.6,,unknown,flat,avito,"московская обл., г.о. пушкинский, пушкино, первомайская ул., 11/8",unknown
15000000.0,55.87585831,37.40023422,78.0,3.0,0.4074074074074074,,unknown,flat,avito,"московская обл., г.о. красногорск, д. путилково, сходненская ул., 5",unknown
22500000.0,55.853163,38.431931,150.0,3.0,0.9,,new_building,flat,avito,"московская обл., богородский г.о., ногинск, ул. 3-го интернационала, 86",unknown
10200000.0,55.682442,37.877572,58.0,3.0,0.6666666666666666,,unknown,flat,avito,"московская обл., люберцы, мкр-н городок б, ул. 3-е почтовое отделение, 52",unknown
3700000.0,55.193407,38.742667,68.0,3.0,1.0,1988.0,unknown,flat,avito,"московская обл., г.о. коломна, с. черкизово, 12",unknown
4200000.0,55.906083,37.70982,59.3,3.0,0.7777777777777778,,unknown,share,avito,"московская обл., мытищи, юбилейная ул., 27к2",unknown
3900000.0,56.48043,37.352327,59.1,3.0,1.0,,unknown,flat,avito,"московская обл., дмитровский г.о., д. насадкино, 5",unknown
12050000.0,55.83299,38.20866,80.0,3.0,0.2857142857142857,,unknown,flat,avito,"ул. генерала ковачевича, д. 10, корп. 1",жк «новоград монино»
10736734.0,55.82056,37.21042,52.6,3.0,0.5714285714285714,,new_building,flat,avito,"ул. береговая, стр. 1.1",жк «аникеевский»
12500000.0,55.52731719208036,37.44523228257764,60.0,3.0,0.4,1972.0,unknown,flat,avito,"москва, новомосковский административный округ, поселение воскресенское, пос. подсобного хозяйства воскресенское, 22",unknown
23000000.0,55.93519365620551,37.50555541975484,86.9,3.0,0.5263157894736842,2015.0,unknown,flat,avito,"московская обл., долгопрудный, пр-т ракетостроителей, 9к3",unknown
4150000.0,55.73752594,38.95191193,51.0,3.0,0.7777777777777778,1968.0,unknown,flat,avito,"московская обл., орехово-зуевский г.о., ликино-дулево, ул. калинина, 8а",unknown
5100000.0,55.81654739,38.99702454,57.2,3.0,0.1111111111111111,1971.0,unknown,flat,avito,"московская обл., орехово-зуевский г.о., орехово-зуево, набережная ул., 6",unknown
11334773.0,55.89999,37.2542,79.9,3.0,0.3333333333333333,,new_building,flat,avito,"д. юрлово, д. 5",жк «большое юрлово»
4700000.0,54.851542,38.5179,62.1,3.0,1.0,1979.0,unknown,flat,avito,"московская обл., г.о. коломна, озеры, мкр-н имени маршала катукова, 12а",unknown
4100000.0,55.61963657154217,36.49161523544313,58.0,3.0,0.25,1977.0,unknown,flat,avito,"московская обл., рузский муниципальный округ, пгт. тучково, нагорная ул., 4",unknown
2550000.0,54.83698654,39.36572266,70.0,3.0,1.0,1984.0,unknown,flat,avito,"московская обл., г.о. луховицы, с. нижне-маслово",unknown
5500000.0,55.507071,36.691122,55.9,3.0,0.2,1966.0,unknown,flat,avito,"московская обл., одинцовский г.о., кубинка, городок кубинка-10, 10",unknown
10000000.0,55.747049,37.989619,74.1,3.0,0.4375,1988.0,unknown,flat,avito,"московская обл., балашиха, мкр-н ольгино, главная ул., 24",unknown
2500000.0,55.907879,36.442217,63.4,3.0,1.0,1955.0,unknown,flat,avito,"московская обл., рузский г.о., пос. брикет, профсоюзный пр., 23",unknown
9539905.0,55.9012,37.25493,70.6,3.0,1.0,,new_building,flat,avito,"д. юрлово, д. 6",жк «большое юрлово»
9574200.0,55.9703,37.88963,70.9,3.0,0.36,,new_building,flat,avito,"ул. заводская, стр. 1, 2",жк «новая ивантеевка»
12500000.0,56.0071373,37.87462616,59.0,3.0,0.23529411764705882,2025.0,unknown,flat,avito,"московская обл., г.о. пушкинский, пушкино, ярославское ш., 194",unknown
17314330.0,56.00657,37.86003,92.6,3.0,0.21739130434782608,,unknown,flat,avito,"ул. надсоновская, жилой дом",жк «триумф»
28437867.0,55.55501,37.49703,108.1,3.0,0.1111111111111111,,unknown,flat,avito,"ул. эдварда грига, з/у 14б, д. 37.2",жк «скандинавия»
4000000.0,55.055816,37.758913,57.0,3.0,1.0,,unknown,flat,avito,"московская обл., г.о. ступино, с. семеновское, совхозная ул., 3",unknown
10891285.0,55.82056,37.21042,54.2,3.0,0.7142857142857143,,new_building,flat,avito,"ул. береговая, стр. 1.1",жк «аникеевский»
5800000.0,55.953447,38.052384,59.2,3.0,0.8888888888888888,1969.0,unknown,flat,avito,"московская обл., фрязино, московская ул., 1б",unknown
17324697.0,55.65533,37.87162,78.6,3.0,0.8,,new_building,flat,avito,"яничкин пр-д, жилой комплекс белая дача парк, корп. 16.2",белая дача парк
13900000.0,55.67740249633789,37.284454345703125,60.0,3.0,0.6,1973.0,unknown,flat,avito,"московская обл., одинцовский г.о., одинцово, можайское ш., 38",unknown
11469500.0,55.43296,37.73279,79.1,3.0,0.17647058823529413,,new_building,flat,avito,"ул. текстильщиков, стр. 45",жк «оптима на текстильщиков»
6500000.0,55.972464,37.79154,66.0,3.0,0.5,1989.0,unknown,flat,avito,"московская обл., г.о. пушкинский, дп. черкизово, тарасовская ул., 4",unknown
6100000.0,56.358452,37.568426,60.0,3.0,1.0,1992.0,unknown,flat,avito,"московская обл., дмитровский муниципальный округ, дмитров, мкр-н внуковский, 17",unknown
17000000.0,55.544367,37.458714,68.0,2.0,0.3333333333333333,2022.0,unknown,flat,avito,"москва, новомосковский административный округ, р-н коммунарка, пр-т куприна, 38к2",unknown
19034858.0,55.56498,37.68643,84.1,3.0,0.48,,unknown,flat,avito,"ул. старо-нагорная, д. 29",жк 1-й южный
4300000.0,55.72437668,36.35305023,61.0,3.0,1.0,1972.0,unknown,flat,avito,"московская обл., рузский муниципальный округ, д. орешки, 8",unknown
24976030.0,55.6656,37.87219,83.1,3.0,0.7666666666666667,,unknown,flat,avito,"ш. новорязанское, д. 6",жк «дюна»
11500000.0,55.48862457,37.29729462,18.7,3.0,0.2222222222222222,1972.0,unknown,flat,avito,"москва, троицкий административный округ, поселение троицк, троицк, мкр-н в, 2",unknown
8000000.0,55.92995453,38.00170135,59.6,3.0,0.3333333333333333,,unknown,flat,avito,"московская обл., щелково, пролетарский пр-т, 17",unknown
9800000.0,55.917425,37.789133,69.0,3.0,0.1111111111111111,1989.0,unknown,flat,avito,"московская обл., мытищи, ул. академика каргина, 40к1",unknown
15900000.0,55.59000778,37.76044846,94.4,3.0,0.15384615384615385,2004.0,unknown,flat,avito,"московская обл., ленинский г.о., пос. развилка, 44",unknown
8799000.0,55.413055,37.534128,81.4,3.0,0.6666666666666666,1955.0,unknown,flat,avito,"московская обл., подольск, ул. ватутина, 48/15",unknown
9800000.0,55.943326,37.261094,51.9,3.0,0.23076923076923078,2017.0,unknown,flat,avito,"московская обл., г.о. химки, д. подолино, мкр-н велтон парк новая сходня, лесная ул., 4",unknown
15500000.0,55.66402,37.999491,82.5,3.0,0.375,2018.0,unknown,flat,avito,"московская обл., г.о. люберцы, пгт. красково, егорьевское ш., 1к3",unknown
16000000.0,55.76789474,37.24319839,70.0,3.0,0.625,,unknown,flat,avito,"московская обл., г.о. красногорск, д. глухово, романовская ул., 19",unknown
6700000.0,55.596122,37.882225,52.0,3.0,0.2,1967.0,unknown,flat,avito,"московская обл., лыткарино, 6-й мкр-н, 21",unknown
13806700.0,55.73605,38.00591,50.5,3.0,0.8235294117647058,,new_building,flat,avito,"мкр. железнодорожный, пр-т героев, ул. автозаводская, корп. 411",жк «героев»
5200000.0,55.813096,38.95864,59.0,3.0,0.2,1967.0,unknown,flat,avito,"московская обл., орехово-зуевский г.о., орехово-зуево, ул. козлова, 23а",unknown
7011900.0,55.839987,37.97503,88.8,3.0,0.8636363636363636,2025.0,unknown,flat,avito,"московская обл., балашиха, чистопольская ул., 20",unknown
4800000.0,55.87150574,38.19552231,56.0,3.0,0.2,,unknown,flat,avito,"московская обл., лосино-петровский, ул. строителей, 11",unknown
14245000.0,55.913147,37.87352,77.0,3.0,0.5,2008.0,unknown,flat,avito,"московская обл., королев, ул. чехова, 13",unknown
10405602.0,55.89999,37.2542,77.7,3.0,0.7272727272727273,,new_building,flat,avito,"д. юрлово, д. 5",жк «большое юрлово»
3200000.0,54.457772,38.52567,58.0,3.0,1.0,1986.0,unknown,flat,avito,"московская обл., муниципальный округ серебряные пруды, д. шеметово, 11",unknown
7600000.0,55.97657776,37.90993881,54.0,3.0,0.2222222222222222,,unknown,flat,avito,"московская обл., г.о. пушкинский, ивантеевка, первомайская ул., 33",unknown
24901240.0,55.6656,37.87219,83.1,3.0,0.6666666666666666,,unknown,flat,avito,"ш. новорязанское, д. 6",жк «дюна»
7400000.0,55.946552,38.065481,62.5,3.0,0.8888888888888888,1986.0,unknown,flat,avito,"московская обл., фрязино, полевая ул., 23",unknown
17668333.0,55.65753,37.87212,76.3,3.0,0.4666666666666667,,unknown,flat,avito,"яничкин пр-д, жилой комплекс белая дача парк, корп. 8.2",белая дача парк
5450000.0,54.92113817556291,37.44907713050938,58.7,3.0,0.4,1969.0,unknown,flat,avito,"московская обл., серпухов, осенняя ул., 19",unknown
6850000.0,55.938657,37.977105,57.4,3.0,0.375,,unknown,flat,avito,"московская обл., щелково, мкр-н богородский, 6",unknown
7650000.0,55.36926,37.792681,68.2,3.0,0.47058823529411764,2025.0,new_building,flat,avito,"московская обл., домодедово, мкр-н востряково, ледовская ул., 31к1",unknown
11431896.0,55.97309,37.86723,84.0,3.0,0.5,,unknown,flat,avito,"с. тарасовка, мкр. пушкарь, корп. 1",жк «пушкарь»
10257770.0,55.83049,38.21094,79.1,3.0,0.42857142857142855,,new_building,flat,avito,"ул. генерала ковачевича, стр. 19",жк «новоград монино»
6000000.0,55.838560149319086,38.1971719153442,78.7,3.0,0.75,1936.0,unknown,flat,avito,"московская обл., г.о. щелково, пгт. монино, ул. генерала белякова, 3",unknown
20663034.0,55.56498,37.68643,84.1,3.0,0.76,,unknown,flat,avito,"ул. старо-нагорная, д. 29",жк 1-й южный
6900000.0,55.82971573,38.26542664,69.0,3.0,1.0,1984.0,unknown,flat,avito,"московская обл., богородский г.о., пгт. обухово, ул. энтузиастов, 1",unknown
7300000.0,55.776492,38.446169,58.8,3.0,0.2222222222222222,1981.0,unknown,flat,avito,"московская обл., электросталь, ул. мира, 15",unknown
7990000.0,55.57801819,38.92391968,64.0,3.0,1.0,,unknown,flat,avito,"московская обл., орехово-зуевский г.о., куровское, первомайская ул., 94",unknown
6000000.0,54.93362045,37.45518494,54.0,3.0,0.1111111111111111,1975.0,unknown,flat,avito,"московская обл., серпухов, ул. дзержинского, 40",unknown
8500000.0,55.748802,37.956821,55.0,3.0,0.1111111111111111,,unknown,flat,avito,"московская обл., балашиха, мкр-н кучино, почтовая ул., 4к1",unknown
12700000.0,55.904508,37.704323,65.0,3.0,1.0,1995.0,unknown,flat,avito,"московская обл., мытищи, юбилейная ул., 40к2",unknown
21000000.0,55.603512,37.370518,74.0,3.0,0.23529411764705882,2015.0,unknown,flat,avito,"москва, новомосковский административный округ, поселение московский, московский, ул. никитина, 20",unknown
4050000.0,55.80949783,38.42084503,53.3,3.0,0.25,,unknown,flat,avito,"московская обл., электросталь, ул. сталеваров, 4б",unknown
15320145.0,55.95205,37.46823,80.5,3.0,0.7647058823529411,,new_building,flat,avito,"ул. олимпийская, корп. 5",жк «квартал ивакино»
5250000.0,55.95183563,38.05510712,57.3,3.0,0.8,,unknown,flat,avito,"московская обл., фрязино, пр-т мира, 12",unknown
11500000.0,55.387152,36.741859,63.8,3.0,0.47058823529411764,2014.0,unknown,flat,avito,"московская обл., наро-фоминский г.о., наро-фоминск, ул. генерала ефремова, 9в",unknown
9700000.0,55.772844298809815,38.4422638964939,75.0,3.0,0.6666666666666666,,unknown,flat,avito,"московская обл., электросталь, ул. победы, 15к3",unknown
6299000.0,55.629252,38.053525,56.8,3.0,0.5,1965.0,unknown,flat,avito,"московская обл., раменский муниципальный округ, пгт. удельная, солнечная ул., 40",unknown
14650000.0,55.494803,37.556002,70.0,3.0,0.68,,unknown,flat,avito,"москва, новомосковский административный округ, р-н щербинка, щербинка, квартал южный, 4",unknown
7300000.0,55.80246735,38.4311676,69.9,3.0,0.4,2002.0,unknown,flat,avito,"московская обл., электросталь, ногинское ш., 18а",unknown
12800000.0,55.83310318,37.92441177,73.6,3.0,0.68,,unknown,flat,avito,"московская обл., балашиха, ул. дмитриева, 8",unknown
22952820.0,55.61137,37.41549,83.8,3.0,0.35714285714285715,,new_building,flat,avito,"ул. трехполье, з/у 7",саларьево парк
11420889.0,56.00717,37.87459,77.3,3.0,0.6470588235294118,,new_building,flat,avito,"ш. ярославское, д. 194",жк «серебро»
11447808.0,55.89999,37.2542,79.9,3.0,0.6666666666666666,,new_building,flat,avito,"д. юрлово, д. 5",жк «большое юрлово»
19883200.0,55.90982,37.75822,86.0,3.0,0.08,,new_building,flat,avito,"ул. колонцова, стр. 11",яуза парк
8700000.0,55.322189,38.674341,78.6,3.0,0.8,,unknown,flat,avito,"московская обл., воскресенск, мкр-н центральный, октябрьская ул., 2",unknown
11146140.0,55.97307,37.86944,90.0,3.0,0.25,,unknown,flat,avito,"с. тарасовка, мкр. пушкарь, корп. 2",жк «пушкарь»
10999000.0,55.722229,36.87087631,52.7,3.0,0.9411764705882353,2025.0,unknown,flat,avito,"московская обл., одинцовский г.о., звенигород, район восточный, 3-й мкр-н, к7",unknown
5300000.0,54.838768,38.251522,59.0,3.0,0.2,1972.0,unknown,flat,avito,"московская обл., кашира, ул. вахрушева, 4",unknown
10401585.0,55.89999,37.2542,77.7,3.0,0.6666666666666666,,new_building,flat,avito,"д. юрлово, д. 5",жк «большое юрлово»
17580000.0,55.62799,37.20621,63.2,3.0,0.21428571428571427,,new_building,flat,avito,"д. солманово, ул. лазурная, стр. 1",жк «одинцовские кварталы»
10000000.0,55.55315018,37.71998978,60.0,3.0,0.5555555555555556,1980.0,unknown,flat,avito,"московская обл., ленинский г.о., видное, заводская ул., 24",unknown
4850000.0,55.24584,37.624867,60.2,3.0,1.0,1970.0,unknown,flat,avito,"московская обл., г.о. чехов, с. троицкое, 7",unknown
10341244.0,55.82056,37.21042,50.4,3.0,0.7857142857142857,,new_building,flat,avito,"ул. береговая, стр. 1.1",жк «аникеевский»
13700000.0,55.658048,37.197206,97.0,3.0,0.11764705882352941,2007.0,unknown,flat,avito,"московская обл., одинцовский г.о., пгт. внииссок, ул. дружбы, 17",unknown
10900000.0,55.912249,36.880316,86.0,3.0,0.25,,unknown,flat,avito,"московская обл., истра, пр-т генерала белобородова, 10",unknown
9000000.0,55.9702518795718,37.89874957511345,75.2,3.0,0.3333333333333333,,unknown,flat,avito,"московская обл., г.о. пушкинский, ивантеевка, задорожная ул., 28",unknown
11500000.0,56.178964,37.005954,60.0,3.0,0.35714285714285715,2010.0,unknown,flat,avito,"московская обл., солнечногорск, ул. юности, 4",unknown
23026580.0,55.91075,37.75826,84.1,3.0,0.9166666666666666,,new_building,flat,avito,"ул. колонцова, стр. 7",яуза парк
4550000.0,56.30031,38.18096,57.5,3.0,1.0,1969.0,unknown,flat,avito,"московская обл., сергиево-посадский г.о., сергиев посад, ул. мира, 4",unknown
6200000.0,55.413995,38.263317,63.0,3.0,0.2,1991.0,unknown,flat,avito,"московская обл., бронницы, ул. льва толстого, 13",unknown
6100000.0,56.123657,38.138835,78.2,3.0,0.3333333333333333,1941.0,unknown,flat,avito,"московская обл., г.о. пушкинский, красноармейск, пр-т ленина, 7",unknown
8400000.0,55.669803,37.257007,56.4,3.0,1.0,1963.0,unknown,flat,avito,"московская обл., одинцовский г.о., одинцово, можайское ш., 1",unknown
14500000.0,55.668645,37.854799,82.0,3.0,0.21739130434782608,2020.0,unknown,flat,avito,"московская обл., котельники, ул. строителей, 5",unknown
16000000.0,55.83410685519651,37.31210436091642,79.9,3.0,0.5294117647058824,2017.0,unknown,flat,avito,"московская обл., красногорск, ул. народного ополчения, 21",unknown
6650000.0,55.7184,38.224995,55.0,3.0,0.6,,unknown,flat,avito,"московская обл., богородский г.о., электроугли, школьная ул., 45",unknown
8950000.0,55.912445,37.72581,54.0,3.0,0.3333333333333333,,unknown,flat,avito,"московская обл., мытищи, летная ул., 18к1",unknown
16250000.0,55.92318,37.990571,80.6,3.0,0.26666666666666666,2011.0,unknown,flat,avito,"московская обл., щелково, ул. шмидта, 1",unknown
9300000.0,55.415196,37.481208,73.0,3.0,0.8823529411764706,2011.0,new_building,flat,avito,"московская обл., подольск, ул. академика доллежаля, 35",unknown
5500000.0,55.280416,37.881767,57.8,3.0,0.6,1968.0,unknown,flat,avito,"московская обл., домодедово, мкр-н барыбино, ул. агрохимиков, 2",unknown
13500000.0,55.857114,37.185123,79.5,3.0,0.6666666666666666,2018.0,unknown,flat,avito,"московская обл., г.о. красногорск, пгт. нахабино, покровская ул., 1к2",unknown
18250125.0,55.58222,37.15314,73.7,3.0,0.6,,new_building,flat,avito,"москва, новомосковский административный округ, район внуково, жилой комплекс квартал западный, 9",жк «квартал западный»
8500000.0,56.327111,38.15339,62.7,3.0,0.4444444444444444,1990.0,unknown,flat,avito,"московская обл., сергиево-посадский г.о., сергиев посад, ул. осипенко, 2",unknown
3200000.0,56.366231,38.139188,72.6,3.0,0.2,1985.0,unknown,apartments,avito,"московская обл., сергиево-посадский г.о., рп. скоропусковский, 22",unknown
9790000.0,55.69474411,37.86881256,59.5,3.0,1.0,,unknown,flat,avito,"московская обл., люберцы, зеленая ул., 20",unknown
8600000.0,56.188648,36.992974,72.0,3.0,0.6,1988.0,unknown,flat,avito,"московская обл., солнечногорск, ул. военный городок, 9",unknown
15500000.0,55.720038,37.973557,76.6,3.0,0.13636363636363635,2018.0,unknown,flat,avito,"московская обл., балашиха, мкр-н новое павлино, косинское ш., 7",unknown
14000000.0,55.77351379,37.24155426,57.0,3.0,0.3333333333333333,2020.0,new_building,flat,avito,"московская обл., г.о. красногорск, пос. ильинское-усово, архангельская ул., 3",unknown
12664350.0,55.73608,38.00844,53.1,3.0,0.5454545454545454,,new_building,flat,avito,"мкр. железнодорожный, пр-т героев, ул. автозаводская, корп. 410",жк «героев»
5200000.0,55.71841431,38.22702408,59.5,3.0,0.2,1974.0,unknown,flat,avito,"московская обл., богородский г.о., электроугли, школьная ул., 49",unknown
6100000.0,55.89544236094147,38.14961999948767,58.5,3.0,0.8,,unknown,flat,avito,"московская обл., г.о. лосино-петровский, пгт. свердловский, заводская ул., 17",unknown
25276650.0,55.61135,37.41573,73.5,3.0,0.8571428571428571,,new_building,flat,avito,"ул. трехполье, з/у 7",саларьево парк
14832000.0,56.00553,37.86295,72.0,3.0,0.88,,new_building,flat,avito,"ул. 2-й фабричный проезд, корп. 2",жк «фабрикант»
9685733.0,55.97982,37.89803,53.6,3.0,0.7916666666666666,,new_building,flat,avito,"ул. первомайская, стр. 1",жк «западная ивантеевка»
18669081.0,55.65753,37.87212,83.2,3.0,0.8,,unknown,flat,avito,"яничкин пр-д, жилой комплекс белая дача парк, корп. 8.2",белая дача парк
14904000.0,56.00553,37.86295,72.0,3.0,0.96,,new_building,flat,avito,"ул. 2-й фабричный проезд, корп. 2",жк «фабрикант»
5000000.0,55.44173813,38.10116959,59.8,3.0,0.8,1975.0,unknown,flat,avito,"московская обл., раменский муниципальный округ, пос. денежниково, 23",unknown
11500000.0,55.94445,37.301545,68.6,3.0,0.11764705882352941,2013.0,new_building,flat,avito,"московская обл., химки, мкр-н сходня, 3-й мичуринский тупик, 8",unknown
7000000.0,55.052299,38.745506,65.1,3.0,0.2222222222222222,1988.0,unknown,flat,avito,"московская обл., коломна, южная ул., 3",unknown
17980000.0,55.466387,37.542788,94.0,3.0,0.058823529411764705,,unknown,flat,avito,"москва, новомосковский административный округ, р-н щербинка, пос. знамя октября, мкр-н родники, 9",unknown
11476750.0,55.43296,37.73279,79.2,3.0,0.6470588235294118,,new_building,flat,avito,"ул. текстильщиков, стр. 45",жк «оптима на текстильщиков»
11436489.0,55.82056,37.21042,54.9,3.0,0.21428571428571427,,new_building,flat,avito,"ул. береговая, стр. 1.1",жк «аникеевский»
10727370.0,55.36629,37.78909,83.9,3.0,0.23529411764705882,,new_building,flat,avito,"ул. ледовская , д. 33",жк «оптима»
18184352.0,55.65753,37.87212,79.7,3.0,0.6,,unknown,flat,avito,"яничкин пр-д, жилой комплекс белая дача парк, корп. 8.2",белая дача парк
11264160.0,55.45219,37.54058,74.4,3.0,0.5882352941176471,,new_building,flat,avito,"ул. садовая, д. 14",жк «красная горка»
18684723.0,55.56498,37.68643,83.2,3.0,0.12,,unknown,flat,avito,"ул. старо-нагорная, д. 29",жк 1-й южный
11352400.0,56.00596,37.86225,56.2,3.0,0.8,,new_building,flat,avito,"ул. 2-й фабричный проезд, корп. 1",жк «фабрикант»
7500000.0,55.89915009770387,38.14366442888839,68.0,3.0,0.4,1995.0,unknown,flat,avito,"московская обл., г.о. лосино-петровский, пгт. свердловский, набережная ул., 15",unknown
12700000.0,55.428056,37.561023,74.4,3.0,0.9375,,unknown,flat,avito,"московская обл., подольск, курская ул., 4а",unknown
16155977.0,55.95205,37.46823,79.4,3.0,0.23529411764705882,,new_building,flat,avito,"ул. олимпийская, корп. 5",жк «квартал ивакино»
6900000.0,55.79861069,37.97144699,60.2,3.0,0.8,1963.0,unknown,flat,avito,"московская обл., балашиха, ш. энтузиастов, 49",unknown
8500000.0,56.191403,36.99257,72.0,3.0,0.2,,unknown,flat,avito,"московская обл., солнечногорск, ул. военный городок, 17",unknown
3650000.0,56.552209311612266,38.01074136989513,60.0,3.0,0.6,,unknown,flat,avito,"московская обл., сергиево-посадский г.о., с. константиново, октябрьская ул., 8",unknown
8650000.0,55.6964689485921,37.97549695049241,80.0,3.0,1.0,2024.0,unknown,flat,avito,"московская обл., г.о. люберцы, пгт. марусино, 9",unknown
6600000.0,54.91412735,37.43994904,64.0,3.0,0.8,,unknown,flat,avito,"московская обл., серпухов, борисовское ш., 40",unknown
5800000.0,54.934298,37.458894,62.4,3.0,0.4,1969.0,unknown,flat,avito,"московская обл., серпухов, текстильная ул., 11",unknown
6300000.0,55.71019874328153,36.683476733426005,56.3,3.0,0.8,1966.0,unknown,flat,avito,"московская обл., одинцовский г.о., с. каринское, 17",unknown
18300000.0,55.599062,38.11832,86.1,3.0,0.35294117647058826,2005.0,unknown,flat,avito,"московская обл., жуковский, ул. жуковского, 9",unknown
5200000.0,55.65488337889345,36.82073558098213,57.8,3.0,0.8,1982.0,unknown,flat,avito,"московская обл., одинцовский г.о., пос. дома отдыха покровское, 2",unknown
10257770.0,55.83049,38.21094,79.1,3.0,0.7142857142857143,,new_building,flat,avito,"ул. генерала ковачевича, стр. 19",жк «новоград монино»
7850000.0,56.339213,38.16726,78.8,3.0,0.6666666666666666,,unknown,flat,avito,"московская обл., сергиево-посадский г.о., сергиев посад, ярославское ш., 8",unknown
8900000.0,55.93067932,37.89148712,68.0,3.0,1.0,2021.0,unknown,flat,avito,"московская обл., королев, мкр-н болшево, полевая ул., 11к2",unknown
10404209.0,55.89999,37.2542,80.4,3.0,0.75,,new_building,flat,avito,"д. юрлово, д. 5",жк «большое юрлово»
18127850.0,55.65533,37.87162,83.5,3.0,0.4117647058823529,,new_building,flat,avito,"яничкин пр-д, з/у 6/11",белая дача парк
16228160.0,55.52335,37.61515,75.2,3.0,0.2916666666666667,,new_building,flat,avito,"с/п булатниковское, д. боброво, мкр. «боброво», корп. 43.1",восточное бутово
17100000.0,55.42083359,37.52202606,82.1,3.0,0.5,2002.0,unknown,flat,avito,"московская обл., подольск, ул. гайдара, 10в",unknown
13550000.0,55.982013,37.743013,100.0,3.0,0.2222222222222222,2008.0,new_building,flat,avito,"московская обл., мытищи, мкр-н поселок пироговский, ул. тимирязева, 5",unknown
12000000.0,55.154198,37.45752,77.9,3.0,0.5,2013.0,unknown,flat,avito,"московская обл., чехов, московская ул., 110",unknown
9432360.0,55.9703,37.88963,70.9,3.0,0.08,,new_building,flat,avito,"ул. заводская, стр. 1, 2",жк «новая ивантеевка»
8000000.0,55.42576223482144,37.48998299419345,62.4,3.0,0.4,1972.0,unknown,flat,avito,"московская обл., подольск, ул. 43-й армии, 9",unknown
6700000.0,55.931063,38.391264,68.0,3.0,0.7777777777777778,,unknown,flat,avito,"московская обл., богородский г.о., с. ямкино, ул. центральная усадьба, 11",unknown
11200000.0,55.936328,37.975201,58.0,3.0,0.7058823529411765,,unknown,flat,avito,"московская обл., щелково, мкр-н финский, 1а",unknown
10725428.0,55.82056,37.21042,54.2,3.0,0.35714285714285715,,new_building,flat,avito,"ул. береговая, стр. 1.1",жк «аникеевский»
17850000.0,55.521532,37.351563,60.7,3.0,1.0,2022.0,new_building,flat,avito,"москва, троицкий административный округ, р-н троицк, 3-я нововатутинская ул., 4",unknown
7300000.0,55.21445,37.072124,68.1,3.0,0.2,2019.0,unknown,flat,avito,"москва, троицкий административный округ, р-н вороново, пос. рогово, юбилейная ул., 12к1",unknown
13900000.0,55.915951,37.710243,80.8,3.0,0.96,2012.0,unknown,flat,avito,"московская обл., мытищи, ул. борисовка, 16",unknown
14600000.0,55.43297577,37.75312042,83.0,3.0,1.0,2023.0,new_building,flat,avito,"московская обл., домодедово, мкр-н центральный, ул. кирова, 17к1",unknown
6300000.0,56.18078613,36.9805603,49.8,3.0,1.0,,unknown,flat,avito,"московская обл., солнечногорск, лесная ул., 9",unknown
22040494.0,55.61627,37.41894,72.2,3.0,0.2916666666666667,,new_building,flat,avito,"коммунарка, ул. саларьевская, з/у 17",саларьево парк
6500000.0,55.774892,38.444283,63.0,3.0,1.0,1967.0,unknown,flat,avito,"московская обл., электросталь, ул. мира, 22а",unknown
3300000.0,55.65909663977091,39.863130970454165,66.6,3.0,1.0,,unknown,flat,avito,"московская обл., муниципальный округ шатура, рошаль, ул. октябрьской революции, 2",unknown
6900000.0,55.67380414969406,37.041627022994575,61.9,3.0,0.75,,unknown,flat,avito,"московская обл., одинцовский г.о., пос. назарьево, 15",unknown
9701856.0,55.9703,37.88963,70.9,3.0,0.16,,new_building,flat,avito,"ул. заводская, стр. 1, 2",жк «новая ивантеевка»
7100000.0,55.80511856,37.98011398,70.0,3.0,0.6666666666666666,1955.0,unknown,flat,avito,"московская обл., балашиха, заводской пр., 2",unknown
9624526.0,55.97982,37.89803,53.6,3.0,0.7083333333333334,,new_building,flat,avito,"ул. первомайская, стр. 1",жк «западная ивантеевка»
10950000.0,55.503354,37.946338,78.9,3.0,0.4,2016.0,unknown,flat,avito,"московская обл., ленинский г.о., пос. володарского, текстильная ул., 6",unknown
10160470.0,55.83126,38.20667,79.6,3.0,0.14285714285714285,,new_building,flat,avito,"ул. генерала ковачевича, стр. 13",жк «новоград монино»
6200000.0,55.769099,38.427044,63.7,3.0,0.5555555555555556,1973.0,unknown,flat,avito,"московская обл., электросталь, ул. ялагина, 16",unknown
9500000.0,55.65843201,37.92560577,63.0,3.0,0.5,1982.0,unknown,flat,avito,"московская обл., г.о. люберцы, рп. томилино, мкр-н птицефабрика, 28",unknown
24404220.0,55.61143,37.41538,77.4,3.0,0.9130434782608695,,new_building,flat,avito,"ул. трехполье, з/у 7",саларьево парк
4100000.0,56.369536,36.705513,67.0,3.0,0.5,1939.0,unknown,flat,avito,"московская обл., клин, городок клин-5, центральная ул., 44",unknown
16797200.0,55.60123,38.08486,89.0,3.0,0.16666666666666666,,new_building,flat,avito,"ул. гудкова, стр. 2",жк «гранд комфорт»
10897390.0,55.6487,38.04713,75.9,3.0,0.5789473684210527,,new_building,flat,avito,"ул. трудовая, стр. 1",жк «малаховский»
18188249.0,55.90196,37.28256,99.1,3.0,0.3333333333333333,,new_building,flat,avito,"дер. аристово, стр. 1",жк «аристов берег»
10300000.0,55.920689,37.866963,63.0,3.0,0.25,1979.0,unknown,flat,avito,"московская обл., королев, пр-т космонавтов, 2",unknown
29768796.0,55.55997,37.51044,66.1,3.0,0.8888888888888888,,unknown,flat,avito,"п. сосенское, ул. поляны, з/у 50д, стр. 18.2.3",жк «скандинавия»
3200000.0,56.113055,36.547832,56.0,3.0,0.2,1972.0,unknown,flat,avito,"московская обл., г.о. клин, пос. дома отдыха высокое, 1",unknown
9568200.0,56.04893,37.86542,51.7,3.0,0.1875,,new_building,flat,avito,"городской округ пушкинский, стр. 5",жилой квартал пушкино град
9422055.0,55.82087,37.21002,49.5,3.0,0.14285714285714285,,new_building,flat,avito,"ул. береговая, стр. 1.2",жк «аникеевский»
5200000.0,55.34116493615397,38.713644420623766,72.0,3.0,0.4,1979.0,unknown,flat,avito,"московская обл., воскресенск, мкр-н лопатинский, юбилейный пер., 7",unknown
14968470.0,55.65533,37.87162,67.7,3.0,0.88,,new_building,flat,avito,"яничкин пр-д, з/у 6/11",белая дача парк
10355760.0,55.45219,37.54058,68.4,3.0,0.23529411764705882,,new_building,flat,avito,"ул. садовая, д. 14",жк «красная горка»
12160000.0,55.698422,37.895125,55.0,3.0,0.2222222222222222,1980.0,unknown,flat,avito,"московская обл., люберцы, ул. урицкого, 29",unknown
8000000.0,55.648494,37.932144,79.0,3.0,0.5,1953.0,unknown,flat,avito,"московская обл., г.о. люберцы, пгт. томилино, рязанское ш., 42",unknown
16500000.0,55.602154,37.342553,70.9,3.0,0.07142857142857142,2005.0,unknown,flat,avito,"москва, новомосковский административный округ, филимонковский р-н, московский, 1-й мкр-н, 45",unknown
11306074.0,55.89999,37.2542,78.3,3.0,0.9166666666666666,,new_building,flat,avito,"д. юрлово, д. 5",жк «большое юрлово»
15800000.0,54.88845062,38.07587433,74.0,3.0,0.7058823529411765,,unknown,flat,avito,"московская обл., ступино, ул. маяковского, 21к1",unknown
11476750.0,55.43296,37.73279,79.2,3.0,0.29411764705882354,,new_building,flat,avito,"ул. текстильщиков, стр. 45",жк «оптима на текстильщиков»
10386040.0,55.45219,37.54058,68.6,3.0,0.11764705882352941,,new_building,flat,avito,"ул. садовая, д. 14",жк «красная горка»
10700000.0,55.960271,38.036654,77.8,3.0,0.9375,2010.0,unknown,flat,avito,"московская обл., фрязино, ул. горького, 2",unknown
10283570.0,55.83126,38.20667,79.3,3.0,0.42857142857142855,,new_building,flat,avito,"ул. генерала ковачевича, стр. 13",жк «новоград монино»
6000000.0,55.76734543,38.67062378,59.2,3.0,0.4,1968.0,unknown,flat,avito,"московская обл., павлово-посадский г.о., павловский посад, ул. кузьмина, 11",unknown
11873219.0,55.64739,38.04827,75.9,3.0,0.5294117647058824,,new_building,flat,avito,"ул. трудовая, стр. 3",жк «малаховский»
15000000.0,55.646746,37.860719,111.0,3.0,0.35294117647058826,2012.0,unknown,flat,avito,"московская обл., котельники, мкр-н южный, 8",unknown
9937607.0,55.82087,37.21002,50.3,3.0,0.35714285714285715,,new_building,flat,avito,"ул. береговая, стр. 1.2",жк «аникеевский»
34000000.0,55.56876755,37.44217682,106.9,3.0,0.875,2015.0,unknown,flat,avito,"москва, новомосковский административный округ, поселение сосенское, д. сосенки, ясеневая ул., 5",unknown
8000000.0,55.60627747,38.09584427,56.2,3.0,1.0,1980.0,unknown,flat,avito,"московская обл., жуковский, ул. гагарина, 45",unknown
10212590.0,55.89999,37.2542,77.7,3.0,0.16666666666666666,,new_building,flat,avito,"д. юрлово, д. 5",жк «большое юрлово»
5978000.0,55.874107,38.09155,74.6,3.0,1.0,1994.0,unknown,flat,avito,"московская обл., щелково, ул. беляева, 30а",unknown
13750000.0,55.828223,37.312513,69.4,3.0,0.7777777777777778,1986.0,unknown,flat,avito,"московская обл., красногорск, ул. ленина, 27",unknown
4500000.0,54.93300629,37.37950897,80.0,3.0,0.75,,unknown,flat,avito,"московская обл., серпухов, ул. крюкова, 1",unknown
12000000.0,55.82387924,37.92772293,85.0,3.0,0.72,2013.0,unknown,flat,avito,"московская обл., балашиха, мкр-н гагарина, 27",unknown
16800000.0,55.53261948,37.71409607,97.7,3.0,0.5333333333333333,,unknown,flat,avito,"московская обл., ленинский г.о., д. сапроново, калиновая ул., 7",unknown
14753630.0,55.63949,37.94882,54.3,3.0,0.2222222222222222,,new_building,flat,avito,"московская область, городской округ люберцы, поселок жилино-1, жилой комплекс егорово парк, стр. 4.1",жк «егорово парк»
17000000.0,55.51173019,37.35196686,75.0,3.0,0.4444444444444444,2021.0,unknown,flat,avito,"москва, новомосковский административный округ, поселение десеновское, чароитовая ул., 1к2",unknown
6800000.0,55.41399002,37.83649063,60.3,3.0,0.2,,unknown,flat,avito,"московская обл., домодедово, пл. гагарина, 6",unknown
9650000.0,55.64045782055347,37.94835397622676,78.7,3.0,0.6666666666666666,2019.0,unknown,flat,avito,"московская обл., г.о. люберцы, пгт. жилино-1, 1-й квартал, 5",unknown
13353551.0,55.9012,37.25493,70.6,3.0,0.4444444444444444,,new_building,flat,avito,"д. юрлово, д. 6",жк «большое юрлово»
7500000.0,55.60034737072522,38.09256517288668,53.7,3.0,0.3333333333333333,1971.0,unknown,flat,avito,"московская обл., жуковский, ул. дугина, 22",unknown
7999999.0,55.64894485,37.85509491,66.0,3.0,0.3333333333333333,1940.0,unknown,flat,avito,"московская обл., котельники, мкр-н силикат, 8",unknown
13802300.0,55.60777,37.97569,75.8,3.0,0.625,,unknown,flat,avito,"ул. новая, д. 5а",жк октябрьский
23363480.0,55.61141,37.41532,72.4,3.0,0.8260869565217391,,new_building,flat,avito,"ул. трехполье, з/у 7",саларьево парк
2300000.0,55.71133509636,39.87301822693991,63.0,3.0,1.0,,unknown,flat,avito,"московская обл., муниципальный округ шатура, пос. бакшеево, школьная ул., 5",unknown
6100000.0,54.885777,38.08299,55.9,3.0,0.6,1971.0,unknown,flat,avito,"московская обл., ступино, ул. андропова, 33",unknown
2100000.0,55.350638,35.369359,52.7,3.0,0.5,1972.0,unknown,flat,avito,"московская обл., можайский муниципальный округ, с. семеновское, ул. победы, 25",unknown
14068112.0,55.92405,37.4359,69.2,3.0,0.2,,new_building,flat,avito,"ул. озерная, стр. 6",жк «мишино-2»
13500000.0,55.7934494,37.98036575,82.1,3.0,0.29411764705882354,,unknown,flat,avito,"московская обл., балашиха, ул. твардовского, 16",unknown
18179990.0,55.56498,37.68643,77.9,3.0,0.72,,unknown,flat,avito,"ул. старо-нагорная, д. 29",жк 1-й южный
15500000.0,55.945507,37.300495,80.0,3.0,0.7058823529411765,2014.0,unknown,flat,avito,"московская обл., химки, мкр-н сходня, ул. мичурина, 17",unknown
16500000.0,55.923942,37.984965,84.5,3.0,0.8,2013.0,new_building,flat,avito,"московская обл., щелково, ул. шмидта, 9",unknown
4250000.0,55.504324125711214,35.755841677354965,67.1,3.0,0.6666666666666666,1982.0,unknown,flat,avito,"московская обл., можайский муниципальный округ, пос. учхоза александрово, 20",unknown
9700000.0,55.87152481,37.39224625,51.0,3.0,0.43478260869565216,2014.0,unknown,flat,avito,"московская обл., г.о. красногорск, д. путилково, сходненская ул., 31",unknown
16900000.0,55.90651703,37.40805817,77.7,3.0,1.0,1991.0,unknown,flat,avito,"московская обл., химки, ул. родионова, 10",unknown
13041483.0,55.83522,37.95231,66.3,3.0,0.52,,unknown,flat,avito,"мкр. №39, ул. трубецкая, корп. 1, вл. 2б",жк «пехра»
12084000.0,56.0022,37.87178,63.6,3.0,0.391304347826087,,new_building,flat,avito,"ярославское ш., стр. 2",жк «31 квартал»
10000000.0,55.449363,37.550989,72.5,3.0,0.7857142857142857,2005.0,unknown,flat,avito,"московская обл., подольск, колхозная ул., 1/6",unknown
23125095.0,55.59628,37.36685,84.4,3.0,0.8,,new_building,flat,avito,"ул. лаптевых, з/у 2, корп. 3",город-парк «первый московский»
11476750.0,55.43296,37.73279,79.2,3.0,0.9411764705882353,,new_building,flat,avito,"ул. текстильщиков, стр. 45",жк «оптима на текстильщиков»
10363550.0,55.83044,38.20761,80.0,3.0,1.0,,new_building,flat,avito,"ул. генерала ковачевича, стр. 14",жк «новоград монино»
12000000.0,55.947212,37.316861,77.0,3.0,0.058823529411764705,2018.0,new_building,flat,avito,"московская обл., химки, мкр-н сходня, железнодорожная ул., 33к2",unknown
15100000.0,55.55885517332695,37.69582178876058,90.2,3.0,0.36363636363636365,2016.0,unknown,flat,avito,"московская обл., ленинский г.о., видное, б-р зеленые аллеи, 3",unknown
8600000.0,55.398477,37.770097,72.4,3.0,0.23529411764705882,2017.0,unknown,flat,avito,"московская обл., домодедово, мкр-н южный, ул. курыжова, 14к2",unknown
15800000.0,56.0202,37.860405,92.7,3.0,0.2222222222222222,2012.0,unknown,flat,avito,"московская обл., г.о. пушкинский, пушкино, мкр-н новая деревня, набережная ул., 35к7",unknown
18900000.0,55.91686835848234,37.714012823134425,82.7,3.0,0.64,2014.0,resale,flat,avito,"московская обл., мытищи, ул. борисовка, 20а",unknown
2600000.0,54.532558,38.616786,58.8,3.0,0.6666666666666666,1977.0,unknown,flat,avito,"московская обл., муниципальный округ серебряные пруды, с. узуново, мкр-н южный, 22",unknown
14500000.0,55.533654,37.064614,61.5,3.0,0.7272727272727273,2022.0,unknown,flat,avito,"московская обл., наро-фоминский г.о., апрелевка, ясная ул., 1",unknown
16834500.0,55.92311,37.77916,78.3,3.0,0.5909090909090909,,unknown,flat,avito,"мкр. 36, 36а, 37, стр. 5",жк «отрадный»
15300000.0,55.948923413903465,37.3301494491632,88.1,3.0,0.42105263157894735,2015.0,unknown,flat,avito,"московская обл., химки, мкр-н подрезково, центральная ул., 6к2",unknown
7900000.0,55.869273,38.201073,71.6,3.0,1.0,1963.0,unknown,flat,avito,"московская обл., лосино-петровский, октябрьская ул., 4",unknown
7399000.0,55.85486,38.44307,61.5,3.0,1.0,,unknown,flat,avito,"московская обл., богородский г.о., ногинск, советская ул., 44",unknown
13500000.0,56.076323,37.373222,76.0,3.0,0.6,2017.0,unknown,flat,avito,"московская обл., дмитровский муниципальный округ, с. озерецкое, б-р радости, 22",unknown
13000000.0,55.705594,37.322637,60.0,3.0,0.25,2009.0,unknown,flat,avito,"московская обл., одинцовский г.о., одинцово, кутузовская ул., 21",unknown
8500000.0,55.406472,37.566018,56.5,3.0,0.4,1963.0,unknown,flat,avito,"московская обл., подольск, молодежная ул., 5",unknown
13999999.0,55.832859,37.292499,72.2,3.0,0.058823529411764705,2004.0,unknown,flat,avito,"московская обл., красногорск, успенская ул., 26",unknown
8500000.0,55.659724,37.926638,69.1,3.0,1.0,1951.0,unknown,flat,avito,"московская обл., люберцы, поселок вуги, 1",unknown
8999000.0,55.959167,37.676376,68.7,3.0,0.16666666666666666,2022.0,unknown,flat,avito,"московская обл., мытищи, тенистый б-р, 9",unknown
11500000.0,55.598568,37.770421,74.2,3.0,0.7777777777777778,2024.0,unknown,flat,avito,"московская обл., ленинский г.о., пос. развилка, римский пр., 13",unknown
6500000.0,55.78172684,38.44126511,78.1,3.0,0.4,,unknown,flat,avito,"московская обл., электросталь, ул. николаева, 29",unknown
4990000.0,55.6877755770302,36.68992018762804,60.5,3.0,0.16666666666666666,2005.0,unknown,apartments,avito,"московская обл., одинцовский г.о., д. гигирево, территория ок жемчужина, кд",unknown
9303983.0,55.81534,37.20937,52.1,3.0,0.16666666666666666,,new_building,flat,avito,"ул. полковника глазунова, стр. 7",жк «аникеевский»
30782562.0,55.5598,37.51101,69.9,3.0,0.9166666666666666,,unknown,flat,avito,"п. сосенское, ул. поляны, з/у 50д, стр. 18.2.2",жк «скандинавия»
2999999.0,55.665614,39.85197,58.9,3.0,1.0,1977.0,unknown,flat,avito,"московская обл., муниципальный округ шатура, рошаль, ул. свердлова, 26",unknown
30712864.0,55.68664,37.41269,106.0,3.0,1.0,,new_building,flat,avito,"жилой комплекс заречье парк, к. 4",жк «заречье парк»
9350000.0,55.65982,37.927824,70.2,3.0,1.0,1954.0,unknown,flat,avito,"московская обл., люберцы, поселок вуги, 9",unknown
16834500.0,55.92311,37.77916,78.3,3.0,0.36363636363636365,,unknown,flat,avito,"мкр. 36, 36а, 37, стр. 5",жк «отрадный»
5300000.0,56.282444,37.48615646,58.8,3.0,0.4,1973.0,unknown,flat,avito,"московская обл., дмитровский муниципальный округ, яхрома, ул. ленина, 41",unknown
12246250.0,55.73471,38.00349,50.5,3.0,0.8,,new_building,flat,avito,"мкр. железнодорожный, пр-т героев, ул. автозаводская, стр. 611с1",жк «героев»
14400000.0,55.833273,37.977554,97.6,3.0,0.5882352941176471,2009.0,unknown,flat,avito,"московская обл., балашиха, ул. 40 лет победы, 33",unknown
13900000.0,55.896211,37.450099,61.3,3.0,0.8333333333333334,1981.0,unknown,flat,avito,"московская обл., химки, ул. гоголя, 8/2",unknown
5500000.0,54.90189104394969,37.400886459615606,42.0,3.0,0.75,,unknown,flat,avito,"московская обл., серпухов, октябрьская ул., 25",unknown
16000000.0,55.563579,37.707323,65.7,3.0,0.875,2022.0,unknown,flat,avito,"московская обл., ленинский г.о., видное, дивный б-р, 1",unknown
12917625.0,56.00512,37.8629,70.0,3.0,0.08,,new_building,flat,avito,"ул. 2-й фабричный проезд, корп. 1.2",жк «фабрикант»
10308080.0,55.83126,38.20667,79.5,3.0,0.2857142857142857,,new_building,flat,avito,"ул. генерала ковачевича, стр. 13",жк «новоград монино»
10700000.0,55.94722748,37.2999649,74.0,3.0,1.0,1959.0,unknown,flat,avito,"московская обл., химки, мкр-н сходня, ул. мичурина, 6",unknown
11400000.0,55.42227936,37.49820328,74.2,3.0,0.1875,2007.0,unknown,flat,avito,"московская обл., подольск, юбилейная ул., 7",unknown
9200000.0,55.57814489541759,38.24604299292858,62.4,3.0,0.1111111111111111,,unknown,flat,avito,"московская обл., раменский муниципальный округ, раменское, донинское ш., 10",unknown
13484250.0,55.73471,38.00349,58.5,3.0,0.4,,new_building,flat,avito,"мкр. железнодорожный, пр-т героев, ул. автозаводская, стр. 611с1",жк «героев»
18215282.0,55.65753,37.87212,79.9,3.0,0.6,,unknown,flat,avito,"яничкин пр-д, жилой комплекс белая дача парк, корп. 8.2",белая дача парк
12910500.0,55.65212,37.9301,60.5,3.0,0.17647058823529413,,unknown,flat,avito,"мкр. птицефабрика, стр. 7",жк «новотомилино»
26550387.0,55.5598,37.51101,66.1,3.0,0.7894736842105263,,unknown,flat,avito,"п. сосенское, ул. поляны, з/у 50д, стр. 18.1.3",жк «скандинавия»
12759708.0,55.90196,37.28256,76.0,3.0,0.5833333333333334,,new_building,flat,avito,"дер. аристово, стр. 1",жк «аристов берег»
12489900.0,55.73608,38.00844,52.7,3.0,0.23529411764705882,,new_building,flat,avito,"мкр. железнодорожный, пр-т героев, ул. автозаводская, корп. 410",жк «героев»
20344210.0,55.56498,37.68643,83.1,3.0,0.44,,unknown,flat,avito,"ул. старо-нагорная, д. 29",жк 1-й южный
22738561.0,55.61153,37.41519,79.3,3.0,0.5,,new_building,flat,avito,"ул. трехполье, з/у 7",саларьево парк
11500000.0,55.828511,37.972506,74.3,3.0,0.47058823529411764,2011.0,unknown,flat,avito,"московская обл., балашиха, ул. свердлова, 32",unknown
14000000.0,55.7454469,37.9971777,72.0,3.0,0.7222222222222222,2013.0,unknown,flat,avito,"московская обл., балашиха, мкр-н железнодорожный, ул. маяковского, 28",unknown
4199000.0,56.320543,36.55085,55.4,3.0,0.8,,unknown,flat,avito,"московская обл., г.о. клин, высоковск, ул. владыкина, 18",unknown
12103000.0,56.0022,37.87178,63.7,3.0,0.2608695652173913,,new_building,flat,avito,"ярославское ш., стр. 2",жк «31 квартал»
6500000.0,56.33736224679697,37.54424604768749,58.8,3.0,1.0,,unknown,flat,avito,"московская обл., дмитровский муниципальный округ, дмитров, ул. космонавтов, 21",unknown
37365026.0,55.5598,37.51101,92.6,3.0,0.15384615384615385,,unknown,flat,avito,"п. сосенское, ул. поляны, з/у 50д, стр. 18.1.4",жк «скандинавия»
6700000.0,55.887231,38.073476,64.0,3.0,0.16666666666666666,1995.0,unknown,flat,avito,"московская обл., щелково, ул. беляева, 28",unknown
24976030.0,55.6656,37.87219,83.1,3.0,0.7333333333333333,,unknown,flat,avito,"ш. новорязанское, д. 6",жк «дюна»
23990000.0,55.59078,37.427435,67.0,3.0,0.8888888888888888,2022.0,unknown,flat,avito,"москва, новомосковский административный округ, р-н коммунарка, прокшинский пр-т, 11",unknown
18758748.0,55.90196,37.28256,99.1,3.0,0.25,,new_building,flat,avito,"дер. аристово, стр. 1",жк «аристов берег»
13318100.0,55.65212,37.9301,60.5,3.0,0.47058823529411764,,unknown,flat,avito,"мкр. птицефабрика, стр. 7",жк «новотомилино»
13500000.0,55.73891036293533,37.98240686462084,69.9,3.0,0.8823529411764706,2015.0,new_building,flat,avito,"московская обл., балашиха, мкр-н ольгино, шестая ул., 17",unknown
6200000.0,54.925354,37.416098,51.0,3.0,0.6666666666666666,1980.0,unknown,flat,avito,"московская обл., серпухов, весенняя ул., 4",unknown
34511467.0,55.55997,37.51044,81.7,3.0,0.1111111111111111,,unknown,flat,avito,"п. сосенское, ул. поляны, з/у 50д, стр. 18.2.3",жк «скандинавия»
11476750.0,55.43296,37.73279,79.2,3.0,0.11764705882352941,,new_building,flat,avito,"ул. текстильщиков, стр. 45",жк «оптима на текстильщиков»
16490000.0,55.739017,38.001458,78.0,3.0,0.8823529411764706,2022.0,unknown,flat,avito,"московская обл., балашиха, мкр-н железнодорожный, пр-т героев, 12",unknown
11808180.0,55.97054,37.89149,70.9,3.0,0.96,,new_building,flat,avito,"ул. заводская, стр. 1",жк «новая ивантеевка»
27700000.0,55.46758652,37.54494476,114.1,3.0,0.42857142857142855,2012.0,unknown,flat,avito,"москва, новомосковский административный округ, р-н щербинка, пос. знамя октября, мкр-н родники, 8",unknown
16253187.0,55.95205,37.46823,77.1,3.0,0.8823529411764706,,new_building,flat,avito,"ул. олимпийская, корп. 5",жк «квартал ивакино»
4700000.0,56.50229263,37.75917435,59.0,3.0,0.6,1969.0,unknown,flat,avito,"московская обл., дмитровский муниципальный округ, д. ольявидово, центральная ул., 4",unknown
18982560.0,55.90983,37.75778,85.2,3.0,0.7083333333333334,,new_building,flat,avito,"ул. колонцова, стр. 12",яуза парк
7450000.0,55.893591,38.484465,68.9,3.0,0.4,1998.0,unknown,flat,avito,"московская обл., богородский г.о., ногинск, ул. ильича, 81",unknown
13666600.0,55.65212,37.9301,60.3,3.0,0.7058823529411765,,unknown,flat,avito,"мкр. птицефабрика, стр. 7",жк «новотомилино»
18800000.0,55.67239033160273,37.85730599859004,59.0,3.0,0.3333333333333333,2020.0,unknown,flat,avito,"московская обл., котельники, сосновая ул., 5",unknown
9937607.0,55.82087,37.21002,50.3,3.0,0.21428571428571427,,new_building,flat,avito,"ул. береговая, стр. 1.2",жк «аникеевский»
12521734.0,55.39255,37.56489,78.2,3.0,0.2608695652173913,,new_building,flat,avito,"п. сосновый бор, ул. объездная дорога, стр. 3",жк «новый весенний»
12700000.0,55.90811231742386,37.70510892209875,76.2,3.0,0.7647058823529411,2008.0,new_building,flat,avito,"московская обл., мытищи, ул. сукромка, 26",unknown
17000000.0,55.93647385,37.49407196,86.1,3.0,0.08,2007.0,unknown,flat,avito,"московская обл., долгопрудный, лихачевский пр-т, 76к1",unknown
11469500.0,55.43296,37.73279,79.1,3.0,1.0,,new_building,flat,avito,"ул. текстильщиков, стр. 45",жк «оптима на текстильщиков»
10223357.0,55.82087,37.21002,50.2,3.0,0.7857142857142857,,new_building,flat,avito,"ул. береговая, стр. 1.2",жк «аникеевский»
11996000.0,55.817532,37.2075,59.3,3.0,0.6666666666666666,2022.0,unknown,flat,avito,"московская обл., г.о. красногорск, с. николо-урюпино, ул. полковника глазунова, 15",unknown
18518630.0,55.90983,37.75778,85.3,3.0,0.16666666666666666,,new_building,flat,avito,"ул. колонцова, стр. 12",яуза парк
8000000.0,55.719693,36.870336,72.4,3.0,0.6111111111111112,2024.0,unknown,flat,avito,"московская обл., одинцовский г.о., звенигород, мкр-н восточный, 3-й мкр-н, 18",unknown
16880400.0,55.53376,37.7175,73.2,3.0,0.9523809523809523,,unknown,flat,avito,"с. ермолино, корп. 1.5",жк «видный берег 2»
10433294.0,55.36629,37.78909,81.6,3.0,0.6470588235294118,,new_building,flat,avito,"ул. ледовская , д. 33",жк «оптима»
10069622.0,55.82087,37.21002,50.2,3.0,0.5,,new_building,flat,avito,"ул. береговая, стр. 1.2",жк «аникеевский»
11000000.0,55.55471,37.707027,62.8,3.0,0.5833333333333334,1988.0,unknown,flat,avito,"московская обл., ленинский г.о., видное, строительная ул., 31",unknown
9499000.0,55.418369,37.542608,67.8,3.0,0.6666666666666666,1952.0,unknown,flat,avito,"московская обл., подольск, индустриальная ул., 9/20",unknown
6920000.0,55.629125,38.045467,57.0,3.0,0.2,1970.0,unknown,flat,avito,"московская обл., раменский г.о., дп. удельная, ул. шахова, 14",unknown
4400000.0,56.376585,37.404618,68.3,3.0,1.0,2012.0,unknown,flat,avito,"московская обл., дмитровский г.о., д. подмошье, 131",unknown
9500000.0,55.699781,37.889447,57.2,3.0,0.8,1967.0,unknown,flat,avito,"московская обл., люберцы, ул. шевлякова, 19",unknown
17420101.0,55.49872,37.74091,79.8,3.0,0.9444444444444444,,new_building,flat,avito,"московская область, городской округ домодедово, село ям, жилой комплекс прибрежный парк, 10.2",жк «прибрежный парк»
10586385.0,55.89999,37.2542,80.4,3.0,0.3333333333333333,,new_building,flat,avito,"д. юрлово, д. 5",жк «большое юрлово»
12000000.0,55.85713959,38.45035553,79.0,3.0,0.8823529411764706,2010.0,unknown,flat,avito,"московская обл., богородский г.о., ногинск, ул. 3-го интернационала, 39",unknown
14182083.0,55.49868,37.73865,75.6,3.0,0.46153846153846156,,new_building,flat,avito,"московская область, городской округ домодедово, село ям, жилой комплекс прибрежный парк, стр. 11.2",жк «прибрежный парк»
4799000.0,56.325774,36.757867,56.0,3.0,1.0,1971.0,unknown,flat,avito,"московская обл., клин, самодеятельная ул., 5",unknown
19811960.0,55.91095,37.76193,81.8,3.0,0.5333333333333333,,new_building,flat,avito,"ул. колонцова, стр. 13",яуза парк
5650000.0,55.879314,38.083816,56.0,3.0,0.6,1970.0,unknown,flat,avito,"московская обл., щелково, ул. беляева, 4",unknown
10008012.0,55.81534,37.20937,54.9,3.0,0.8333333333333334,,new_building,flat,avito,"ул. полковника глазунова, стр. 7",жк «аникеевский»
10000000.0,55.54927826,37.71263123,55.6,3.0,0.6,,unknown,flat,avito,"московская обл., ленинский г.о., видное, советская ул., 52",unknown
13400000.0,55.68058,37.259612,82.2,3.0,0.36,2024.0,unknown,flat,avito,"московская обл., одинцовский г.о., одинцово, ул. маршала жукова, 23ак1",unknown
12550000.0,55.790145,38.435219,89.0,3.0,1.0,1952.0,new_building,flat,avito,"московская обл., электросталь, советская ул., 8/1",unknown
10202081.0,55.82056,37.21042,49.0,3.0,0.7857142857142857,,new_building,flat,avito,"ул. береговая, стр. 1.1",жк «аникеевский»
14900000.0,55.906496,38.046859,88.0,3.0,0.14285714285714285,2006.0,unknown,flat,avito,"московская обл., щелково, чкаловская ул., 10",unknown
8500000.0,56.01556396,37.84453201,52.0,3.0,0.3333333333333333,,unknown,flat,avito,"московская обл., г.о. пушкинский, пушкино, ул. гоголя, 5",unknown
4150000.0,56.19245920841664,36.8652632913832,64.0,3.0,0.4,1970.0,unknown,flat,avito,"московская обл., г.о. солнечногорск, д. ожогино, квартал жилой застройки ожогино, 3",unknown
9950000.0,56.332332,38.134463,73.3,3.0,0.2857142857142857,2007.0,unknown,flat,avito,"московская обл., сергиево-посадский г.о., сергиев посад, новоугличское ш., 60а",unknown
10274540.0,55.8325,38.21005,79.3,3.0,1.0,,new_building,flat,avito,"ул. генерала ковачевича, стр. 11",жк «новоград монино»
2276754.0,54.854854,38.561459,65.1,3.0,0.2,1999.0,resale,flat,avito,"московская обл., г.о. коломна, озеры, ул. ленина, 21",unknown
12750000.0,55.87934888576574,37.27129400132748,67.9,3.0,0.5,2018.0,unknown,flat,avito,"московская обл., г.о. красногорск, пгт. сабурово, парковая ул., 22",unknown
7800000.0,55.112674,37.957028,65.3,3.0,1.0,1990.0,unknown,flat,avito,"московская обл., г.о. ступино, рп. михнево, ул. правды, 6",unknown
5600000.0,55.63765335,37.015728,55.5,3.0,0.2,1971.0,unknown,flat,avito,"московская обл., одинцовский г.о., пгт. большие вяземы, ул. городок-17, 12",unknown
22500000.0,55.67596054,37.86590195,71.4,3.0,0.36,2023.0,unknown,flat,avito,"московская обл., люберцы, ул. летчика ларюшина, 6",unknown
8390000.0,55.626131,38.028857,62.9,3.0,0.6666666666666666,1984.0,unknown,flat,avito,"московская обл., раменский муниципальный округ, пгт. удельная, ул. чехова, 32",unknown
17617000.0,55.60777,37.97569,75.8,3.0,0.125,,unknown,flat,avito,"ул. новая, д. 5а",жк октябрьский
4300000.0,55.12861252,37.94596863,43.0,3.0,0.2,,unknown,flat,avito,"московская обл., г.о. ступино, рп. михнево, ул. строителей, 3",unknown
10662000.0,56.04893,37.86542,53.3,3.0,0.3125,,new_building,flat,avito,"городской округ пушкинский, стр. 5",жилой квартал пушкино град
4550000.0,55.78666306,38.4366188,55.7,3.0,0.5,,unknown,flat,avito,"московская обл., электросталь, ул. чернышевского, 21",unknown
13500000.0,55.5807457,37.15988159,65.0,3.0,0.3333333333333333,2015.0,unknown,flat,avito,"москва, новомосковский административный округ, р-н внуково, д. большое свинорье, черничная ул., 51",unknown
12640500.0,55.73608,38.00844,53.0,3.0,0.6818181818181818,,new_building,flat,avito,"мкр. железнодорожный, пр-т героев, ул. автозаводская, корп. 410",жк «героев»
15000000.0,55.90339279,37.41312408,84.9,3.0,0.16,2011.0,unknown,flat,avito,"московская обл., химки, ул. 9 мая, 12б",unknown
10459709.0,55.97982,37.89803,56.6,3.0,0.75,,new_building,flat,avito,"ул. первомайская, стр. 1",жк «западная ивантеевка»
13000000.0,55.592632,37.049343,76.0,3.0,0.11764705882352941,,unknown,flat,avito,"московская обл., краснознаменск, ул. связистов, 12к1",unknown
6000000.0,56.029753,35.952428,54.7,3.0,0.8,1973.0,unknown,flat,avito,"московская обл., волоколамский муниципальный округ, волоколамск, ново-солдатская ул., 9",unknown
15241499.0,55.95205,37.46823,74.1,3.0,0.6470588235294118,,new_building,flat,avito,"ул. олимпийская, корп. 5",жк «квартал ивакино»
9500000.0,55.547631,37.710512,62.0,3.0,1.0,,unknown,flat,avito,"московская обл., ленинский г.о., видное, пр-т ленинского комсомола, 38",unknown
4700000.0,55.601272242213874,38.87239326278676,62.9,3.0,1.0,1987.0,unknown,flat,avito,"московская обл., орехово-зуевский г.о., д. давыдово, 2-й мкр-н, 6",unknown
3950000.0,55.8384552,38.28585434,56.0,3.0,0.6666666666666666,,unknown,flat,avito,"московская обл., богородский г.о., пгт. обухово, ул. комбинат, 7",unknown
11772857.0,55.82056,37.21042,54.9,3.0,0.9285714285714286,,new_building,flat,avito,"ул. береговая, стр. 1.1",жк «аникеевский»
12500000.0,55.863858,37.042022,87.5,3.0,0.8888888888888888,2013.0,new_building,flat,avito,"московская обл., муниципальный округ истра, с. рождествено, сиреневый б-р, 1",unknown
9300000.0,56.37321472,37.54799652,84.5,3.0,1.0,2016.0,unknown,flat,avito,"московская обл., дмитровский муниципальный округ, дмитров, спасская ул., 16",unknown
5000000.0,54.674929,38.499404,73.1,3.0,0.4,1992.0,resale,flat,avito,"московская обл., г.о. кашира, пос. богатищево, новая ул., 9",unknown
12225319.0,56.0022,37.87178,63.6,3.0,0.6521739130434783,,new_building,flat,avito,"ярославское ш., стр. 2",жк «31 квартал»
6550000.0,54.948473,39.026715,57.0,3.0,0.6,1969.0,unknown,flat,avito,"московская обл., луховицы, ул. жуковского, 13",unknown
3900000.0,55.793814,38.889488,42.7,3.0,1.0,,unknown,flat,avito,"московская обл., орехово-зуевский г.о., д. демихово, заводская ул., 8а",unknown
4700000.0,54.839349,38.248819,56.0,3.0,0.8,1969.0,unknown,flat,avito,"московская обл., кашира, юбилейная ул., 7",unknown
15500000.0,55.945299873082206,37.84650522949941,85.6,3.0,0.11764705882352941,2014.0,unknown,flat,avito,"московская обл., королев, мкр-н первомайский, ул. горького, 47",unknown
12114737.0,56.00512,37.8629,67.1,3.0,0.76,,new_building,flat,avito,"ул. 2-й фабричный проезд, корп. 1.2",жк «фабрикант»
25217020.0,55.6656,37.87219,83.1,3.0,0.9666666666666667,,unknown,flat,avito,"ш. новорязанское, д. 6",жк «дюна»
5890000.0,56.358657,37.567401,52.0,3.0,0.8,,unknown,flat,avito,"московская обл., дмитровский муниципальный округ, дмитров, мкр-н внуковский, 15",unknown
8190000.0,55.58662372007488,37.90896476837544,59.5,3.0,1.0,,unknown,flat,avito,"московская обл., лыткарино, 3-й мкр-н, квартал 3а, 17",unknown
22000000.0,55.90086,37.736024,106.4,3.0,0.058823529411764705,2014.0,unknown,flat,avito,"московская обл., мытищи, октябрьский пр-т, 10а",unknown
5700000.0,55.57468414,39.53789139,60.0,3.0,0.8,,unknown,flat,avito,"московская обл., шатура, советская ул., 30",unknown
8700000.0,54.88211441,38.06453705,53.7,3.0,0.4444444444444444,1976.0,unknown,flat,avito,"московская обл., ступино, ул. чайковского, 27",unknown
8300000.0,55.660602,37.911375,53.0,3.0,0.6,1961.0,unknown,flat,avito,"московская обл., люберцы, октябрьский пр-т, 380р",unknown
6800000.0,55.932959,37.994074,50.6,3.0,0.6,1970.0,unknown,flat,avito,"московская обл., щелково, полевая ул., 6а",unknown
10359680.0,55.8325,38.21005,79.9,3.0,0.42857142857142855,,new_building,flat,avito,"ул. генерала ковачевича, стр. 11",жк «новоград монино»
8300000.0,55.943563,37.896365,64.9,3.0,0.6666666666666666,1976.0,unknown,flat,avito,"московская обл., королев, мкр-н первомайский, хвойная ул., 1",unknown
25806792.0,55.75176,37.84581,87.5,3.0,0.8,,new_building,flat,avito,"ул. комсомольская, корп. 4",жк «эво»
18108266.0,55.49756,37.74083,78.1,3.0,0.6111111111111112,,new_building,flat,avito,"московская область, городской округ домодедово, село ям, улица мезенцева, 19",жк «прибрежный парк»
17300000.0,55.434113,37.767459,84.3,3.0,0.8888888888888888,2020.0,unknown,flat,avito,"московская обл., домодедово, мкр-н центральный, каширское ш., 51",unknown
20899999.0,55.772983,37.218649,103.0,3.0,0.1,2014.0,unknown,flat,avito,"московская обл., г.о. красногорск, пос. ильинское-усово, пр. александра невского, 3",unknown
8300000.0,55.31755447,37.15399551,55.0,3.0,1.0,2025.0,unknown,flat,avito,"москва, троицкий административный округ, р-н вороново, с. вороново, 64а",unknown
12944500.0,55.65212,37.9301,60.5,3.0,0.23529411764705882,,unknown,flat,avito,"мкр. птицефабрика, стр. 7",жк «новотомилино»
10293890.0,55.83126,38.20667,79.4,3.0,1.0,,new_building,flat,avito,"ул. генерала ковачевича, стр. 13",жк «новоград монино»
5200000.0,54.83175659,37.639328,66.3,3.0,0.21428571428571427,1993.0,unknown,flat,avito,"московская обл., г.о. серпухов, пущино, мкр-н д, 16",unknown
24872628.0,55.75176,37.84581,92.7,3.0,0.76,,new_building,flat,avito,"ул. комсомольская, корп. 4",жк «эво»
26166250.0,55.60552,37.41724,86.5,3.0,0.3125,,new_building,flat,avito,"п. сосенское, стр. 57",саларьево парк
9536137.0,55.97982,37.89803,51.8,3.0,0.9166666666666666,,new_building,flat,avito,"ул. первомайская, стр. 1",жк «западная ивантеевка»
23194590.0,55.86744,37.32191,78.2,3.0,0.7333333333333333,,new_building,flat,avito,"пос. отрадное, ул. знаменская, стр. 26/2",жк «левел лесной»
13990000.0,55.420806,37.477273,97.0,3.0,0.5263157894736842,2011.0,unknown,flat,avito,"московская обл., подольск, б-р 65-летия победы, 16",unknown
17889200.0,55.65324,37.92783,70.7,3.0,0.47058823529411764,,unknown,flat,avito,"мкр. птицефабрика, стр. 6",жк «новотомилино»
10747800.0,56.04893,37.86542,51.2,3.0,0.4375,,new_building,flat,avito,"городской округ пушкинский, стр. 5",жилой квартал пушкино град
6300000.0,55.56909182593261,36.98801055551567,56.4,3.0,0.2,1973.0,unknown,flat,avito,"московская обл., наро-фоминский г.о., пгт. калининец, 22",unknown
20000000.0,55.923217597551215,37.871288637827575,96.7,3.0,0.8421052631578947,2015.0,unknown,flat,avito,"московская обл., королев, спартаковская ул., 15",unknown
7900000.0,55.575475,37.910477,60.9,3.0,0.7777777777777778,1967.0,unknown,flat,avito,"московская обл., лыткарино, октябрьская ул., 19",unknown
18394079.0,55.56526,37.6827,84.2,3.0,0.64,,unknown,flat,avito,"б-р садовый, д. 4",жк 1-й южный
5100000.0,55.77048454401272,38.44035312211437,54.6,3.0,0.4,1971.0,unknown,flat,avito,"московская обл., электросталь, ул. победы, 11к1",unknown
12680360.0,55.73392,38.00359,50.6,3.0,0.43478260869565216,,new_building,flat,avito,"мкр. железнодорожный, пр-т героев, ул. автозаводская, стр. 610с1",жк «героев»
10900000.0,55.55471039,37.70702744,62.8,3.0,0.4166666666666667,,unknown,flat,avito,"московская обл., ленинский г.о., видное, строительная ул., 31",unknown
6500000.0,56.34068,36.759538,67.0,3.0,0.4,,unknown,flat,avito,"московская обл., клин, северный пер., 39г",unknown
11476750.0,55.43296,37.73279,79.2,3.0,0.47058823529411764,,new_building,flat,avito,"ул. текстильщиков, стр. 45",жк «оптима на текстильщиков»
16447794.0,55.63949,37.94882,80.5,3.0,0.5555555555555556,,new_building,flat,avito,"московская область, городской округ люберцы, поселок жилино-1, жилой комплекс егорово парк, стр. 4.1",жк «егорово парк»
4200000.0,56.11489105,38.41767502,66.5,3.0,0.6,,unknown,flat,avito,"московская обл., г.о. щелково, пгт. фряново, мкр-н аксеновское поле, ул. текстильщиков, 5",unknown
10176500.0,55.83044,38.20761,78.5,3.0,1.0,,new_building,flat,avito,"ул. генерала ковачевича, стр. 14",жк «новоград монино»
9500000.0,55.1450882,37.45969391,64.3,3.0,0.7777777777777778,1979.0,unknown,flat,avito,"московская обл., чехов, ул. дружбы, 16",unknown
12516250.0,55.73608,38.00844,52.7,3.0,0.29411764705882354,,new_building,flat,avito,"мкр. железнодорожный, пр-т героев, ул. автозаводская, корп. 410",жк «героев»
11476750.0,55.43296,37.73279,79.2,3.0,0.11764705882352941,,new_building,flat,avito,"ул. текстильщиков, стр. 45",жк «оптима на текстильщиков»
9888250.0,56.04893,37.86542,53.5,3.0,0.125,,new_building,flat,avito,"городской округ пушкинский, стр. 5",жилой квартал пушкино град
16490000.0,55.739017,38.001458,78.0,3.0,0.8823529411764706,2022.0,unknown,flat,avito,"московская обл., балашиха, мкр-н железнодорожный, пр-т героев, 12",unknown
9394000.0,55.91406,38.10772,67.1,3.0,0.5,,unknown,flat,avito,"пос. биокомбината, д. 1, корп. 1",жк «кашинцево»
18664818.0,55.56498,37.68643,84.1,3.0,0.875,,unknown,flat,avito,"ул. старо-нагорная, д. 29",жк 1-й южный
4400000.0,55.52246094,35.61645889,64.0,3.0,1.0,,unknown,flat,avito,"московская обл., можайский г.о., рп. уваровка, лесная ул., 2",unknown
5800000.0,55.46067266932519,38.44614870722205,59.0,3.0,0.7777777777777778,1974.0,unknown,flat,avito,"московская обл., г.о. воскресенск, белоозерский, молодежная ул., 13",unknown
11800000.0,55.72455215,37.97451019,62.3,3.0,0.782608695652174,2020.0,unknown,flat,avito,"московская обл., балашиха, мкр-н новое павлино, косинское ш., 2",unknown
15700000.0,55.416933,37.762489,74.0,3.0,0.7777777777777778,2017.0,unknown,flat,avito,"московская обл., домодедово, мкр-н западный, лунная ул., 35",unknown
19015320.0,55.56792,37.29124,75.1,3.0,0.0625,,new_building,flat,avito,"пос. филимонковское, ул. оао марьинская птицефабрика, корп. 2.1.6",середневский лес
4525000.0,56.080492,37.927132,55.9,3.0,0.3333333333333333,1959.0,unknown,flat,avito,"московская обл., г.о. пушкинский, пгт. лесной, ул. гагарина, 2",unknown
6500000.0,56.06256485,37.85427094,68.8,3.0,0.2,1985.0,unknown,flat,avito,"московская обл., г.о. пушкинский, пгт. правдинский, степаньковское ш., 33",unknown
12129863.0,55.52786,37.04111,63.3,3.0,0.4,,new_building,flat,avito,"ул. парк апрель, стр. 2",жк «апрелевка клаб»
13600000.0,56.02030563,37.48203278,83.0,3.0,0.5,2009.0,unknown,flat,avito,"московская обл., лобня, пр. шадунца, 7",unknown
13490000.0,55.535789,37.619764,69.4,3.0,0.32,2023.0,unknown,flat,avito,"московская обл., ленинский г.о., пгт. боброво, лесная ул., 16к1",unknown
4200000.0,54.83864594,38.24347305,54.8,3.0,0.4,1980.0,unknown,flat,avito,"московская обл., кашира, ул. вахрушева, 16к2",unknown
12563750.0,55.73608,38.00844,52.9,3.0,0.23529411764705882,,new_building,flat,avito,"мкр. железнодорожный, пр-т героев, ул. автозаводская, корп. 410",жк «героев»
10274540.0,55.8325,38.21005,79.3,3.0,0.7142857142857143,,new_building,flat,avito,"ул. генерала ковачевича, стр. 11",жк «новоград монино»
5500000.0,55.15517,37.475612,57.0,3.0,0.8,,unknown,flat,avito,"московская обл., чехов, ул. полиграфистов, 17",unknown
13217510.0,55.63949,37.94882,78.1,3.0,0.3333333333333333,,new_building,flat,avito,"московская область, городской округ люберцы, поселок жилино-1, жилой комплекс егорово парк, стр. 4.1",жк «егорово парк»
11604673.0,55.82056,37.21042,54.9,3.0,0.7857142857142857,,new_building,flat,avito,"ул. береговая, стр. 1.1",жк «аникеевский»
14351900.0,55.65212,37.9301,56.9,3.0,0.17647058823529413,,unknown,flat,avito,"мкр. птицефабрика, стр. 7",жк «новотомилино»
7800000.0,55.9135,37.822694,53.8,3.0,1.0,1959.0,unknown,flat,avito,"московская обл., королев, пионерская ул., 49/12",unknown
16232110.0,55.95205,37.46823,81.2,3.0,1.0,,new_building,flat,avito,"ул. олимпийская, корп. 5",жк «квартал ивакино»
12303422.0,55.39255,37.56489,77.8,3.0,0.13043478260869565,,new_building,flat,avito,"п. сосновый бор, ул. объездная дорога, стр. 3",жк «новый весенний»
10202081.0,55.82056,37.21042,49.0,3.0,0.5714285714285714,,new_building,flat,avito,"ул. береговая, стр. 1.1",жк «аникеевский»
17300000.0,55.543282,37.459846,71.7,3.0,0.0625,2023.0,new_building,flat,avito,"москва, новомосковский административный округ, поселение сосенское, пр-т куприна, 30к9",unknown
6500000.0,55.766299,38.22425,68.0,3.0,0.8,1992.0,unknown,flat,avito,"московская обл., богородский г.о., с. кудиново, центральная ул., 10",unknown
23700000.0,55.59154892,37.42511749,66.0,3.0,0.3333333333333333,2022.0,unknown,flat,avito,"москва, новомосковский административный округ, р-н коммунарка, прокшинский пр-т, 12",unknown
16357526.0,55.95205,37.46823,79.4,3.0,0.5294117647058824,,new_building,flat,avito,"ул. олимпийская, корп. 5",жк «квартал ивакино»
9100000.0,55.45317841,37.75320053,64.7,3.0,0.8,1978.0,unknown,flat,avito,"московская обл., домодедово, мкр-н северный, ул. гагарина, 15",unknown
18900000.0,55.86809158,37.39707184,84.0,3.0,0.8125,2017.0,unknown,flat,avito,"московская обл., г.о. красногорск, д. путилково, новотушинская ул., 2",unknown
19153569.0,55.59133,37.48273,65.6,3.0,0.7222222222222222,,new_building,flat,avito,"п. сосенское, пос. газопровод, стр.",жк «форевиль»
15500000.0,55.70080185,37.32201004,84.0,3.0,0.6,,unknown,flat,avito,"московская обл., одинцовский г.о., одинцово, ул. чистяковой, 40",unknown
15346022.0,55.95205,37.46823,74.1,3.0,0.8823529411764706,,new_building,flat,avito,"ул. олимпийская, корп. 5",жк «квартал ивакино»
10300000.0,55.913813,37.724741,50.9,3.0,0.4,1967.0,unknown,flat,avito,"московская обл., мытищи, летная ул., 16к3",unknown
30782562.0,55.5598,37.51101,69.9,3.0,1.0,,unknown,flat,avito,"п. сосенское, ул. поляны, з/у 50д, стр. 18.2.2",жк «скандинавия»
8500000.0,55.43429344012047,37.765784742557344,58.3,3.0,1.0,,unknown,flat,avito,"московская обл., домодедово, мкр-н центральный, ул. каширское шоссе, 58",unknown
18003180.0,55.49756,37.74083,78.0,3.0,0.5,,new_building,flat,avito,"московская область, городской округ домодедово, село ям, улица мезенцева, 19",жк «прибрежный парк»
7650000.0,56.01138306,37.82296371,67.3,3.0,0.7777777777777778,1979.0,unknown,flat,avito,"московская обл., г.о. пушкинский, пушкино, заводская ул., 4/25",unknown
26512200.0,55.60552,37.41724,85.8,3.0,0.25,,new_building,flat,avito,"п. сосенское, стр. 57",саларьево парк
8649000.0,54.9184227,37.41956711,61.7,3.0,0.5,,unknown,flat,avito,"московская обл., серпухов, советская ул., 37а",unknown
29973790.0,55.6056,37.41639,91.3,3.0,0.8125,,new_building,flat,avito,"п. сосенское, стр. 57",саларьево парк
7850000.0,56.040008,37.240819,72.0,3.0,0.4444444444444444,,unknown,flat,avito,"московская обл., г.о. солнечногорск, пгт. менделеево, пионерская ул., 2",unknown
11910300.0,55.43296,37.73279,82.1,3.0,0.058823529411764705,,new_building,flat,avito,"ул. текстильщиков, стр. 45",жк «оптима на текстильщиков»
15000000.0,55.774132,37.220122,131.4,3.0,0.09090909090909091,2014.0,unknown,flat,avito,"московская обл., г.о. красногорск, пос. ильинское-усово, пр. александра невского, 5",unknown
29662440.0,55.61627,37.41894,90.6,3.0,0.9285714285714286,,new_building,flat,avito,"коммунарка, ул. саларьевская, з/у 17",саларьево парк
8200000.0,56.013034,38.379793,58.5,3.0,0.6666666666666666,1975.0,unknown,flat,avito,"московская обл., черноголовка, лесная ул., 5",unknown
7400000.0,55.59819030761719,37.98026657104492,69.4,3.0,0.8333333333333334,2003.0,unknown,flat,avito,"московская обл., раменский г.о., д. островцы, подмосковная ул., 25",unknown
10487007.0,55.97982,37.89803,56.9,3.0,0.7083333333333334,,new_building,flat,avito,"ул. первомайская, стр. 1",жк «западная ивантеевка»
14300000.0,55.663257733844674,37.87172058350017,80.1,3.0,0.3333333333333333,2004.0,unknown,flat,avito,"московская обл., котельники, новая ул., 17б",unknown
4999999.0,55.951814,38.055016,50.7,3.0,1.0,1972.0,unknown,flat,avito,"московская обл., фрязино, пр-т мира, 12",unknown
25611300.0,55.60552,37.41724,85.8,3.0,0.125,,new_building,flat,avito,"п. сосенское, стр. 57",саларьево парк
11395550.0,55.43296,37.73279,78.6,3.0,0.23529411764705882,,new_building,flat,avito,"ул. текстильщиков, стр. 45",жк «оптима на текстильщиков»
20193300.0,55.65753,37.87212,83.1,3.0,0.6666666666666666,,unknown,flat,avito,"яничкин пр-д, жилой комплекс белая дача парк, корп. 8.2",белая дача парк
7790000.0,55.15275192,37.4696846,60.0,3.0,0.8,,unknown,flat,avito,"московская обл., чехов, ул. мира, 6",unknown
16879953.0,55.94798,37.76817,78.6,3.0,0.3333333333333333,,new_building,flat,avito,"жилой комплекс мытищи парк, к6",жк «мытищи парк»
7200000.0,55.670849,37.953102,58.0,3.0,0.7777777777777778,,unknown,flat,avito,"московская обл., г.о. люберцы, рп. томилино, пионерская ул., 24",unknown
15999000.0,55.739245,37.999967,78.0,3.0,0.5294117647058824,2022.0,unknown,flat,avito,"московская обл., балашиха, мкр-н железнодорожный, ул. поликахина, 2",unknown
26741030.0,55.5598,37.51101,65.5,3.0,0.9285714285714286,,unknown,flat,avito,"п. сосенское, ул. поляны, з/у 50д, стр. 18.1.2",жк «скандинавия»
17500000.0,55.65955705282195,37.21938943629519,86.0,3.0,0.9411764705882353,2013.0,unknown,flat,avito,"московская обл., одинцовский г.о., пгт. внииссок, ул. михаила кутузова, 15",unknown
4000000.0,55.63167752987826,38.91056329217693,64.0,3.0,0.4,1986.0,unknown,flat,avito,"московская обл., орехово-зуевский г.о., д. новое, гвардейская ул., 5",unknown
19500000.0,55.75854725416999,37.85554897048067,84.5,3.0,0.6666666666666666,2002.0,unknown,flat,avito,"московская обл., реутов, ул. ленина, 21",unknown
13600000.0,55.91186905,37.75259781,70.0,3.0,0.7777777777777778,1990.0,unknown,flat,avito,"московская обл., мытищи, станционная ул., 1к2",unknown
14580000.0,56.00553,37.86295,72.0,3.0,0.44,,new_building,flat,avito,"ул. 2-й фабричный проезд, корп. 2",жк «фабрикант»
6250000.0,55.797306,38.436153,63.6,3.0,1.0,1954.0,unknown,flat,avito,"московская обл., электросталь, ул. пушкина, 22/11",unknown
10099000.0,55.964705,37.858366,75.5,3.0,1.0,2014.0,unknown,flat,avito,"московская обл., г.о. пушкинский, пос. лесные поляны, солнечная ул., 26к3",unknown
15048900.0,56.00553,37.86295,72.7,3.0,0.96,,new_building,flat,avito,"ул. 2-й фабричный проезд, корп. 2",жк «фабрикант»
8800000.0,56.00734168646627,37.85210361251902,56.0,3.0,0.2,,unknown,flat,avito,"московская обл., г.о. пушкинский, пушкино, ул. чехова, 11",unknown
12261200.0,55.43296,37.73279,84.6,3.0,0.11764705882352941,,new_building,flat,avito,"ул. текстильщиков, стр. 45",жк «оптима на текстильщиков»
23100000.0,55.667762,37.859111,100.0,3.0,0.6956521739130435,2011.0,unknown,flat,avito,"московская обл., котельники, ул. строителей, 1",unknown
9600000.0,55.384472,36.718413,65.3,3.0,0.5555555555555556,1985.0,unknown,flat,avito,"московская обл., наро-фоминский г.о., наро-фоминск, луговая ул., 7",unknown
22582252.0,55.59628,37.36685,84.4,3.0,0.55,,new_building,flat,avito,"ул. лаптевых, з/у 2, корп. 3",город-парк «первый московский»
21677865.0,55.6056,37.41639,74.7,3.0,0.5,,new_building,flat,avito,"п. сосенское, стр. 57",саларьево парк
8400000.0,55.37009811,37.53591537,62.4,3.0,0.8,,unknown,flat,avito,"московская обл., подольск, мкр-н климовск, пр-т 50 лет октября, 22а",unknown
9300000.0,55.937029,37.974455,64.0,3.0,0.23529411764705882,2021.0,unknown,flat,avito,"московская обл., щелково, мкр-н финский, 2",unknown
7600000.0,55.551329,37.704853,54.7,3.0,1.0,1964.0,unknown,flat,avito,"московская обл., ленинский г.о., видное, советская ул., 4",unknown
10200000.0,55.82184219,39.00494766,58.0,3.0,0.2222222222222222,1973.0,unknown,flat,avito,"московская обл., орехово-зуевский г.о., орехово-зуево, парковская ул., 28а",unknown
19519110.0,55.56761,37.29264,74.7,3.0,0.0625,,new_building,flat,avito,"пос. филимонковское, ул. оао марьинская птицефабрика, корп. 2.1.4",середневский лес
11800251.0,56.00717,37.87459,84.9,3.0,0.8235294117647058,,new_building,flat,avito,"ш. ярославское, д. 194",жк «серебро»
18248542.0,55.56498,37.68643,77.9,3.0,0.92,,unknown,flat,avito,"ул. старо-нагорная, д. 29",жк 1-й южный
5700000.0,55.99401474,36.47843552,58.6,3.0,0.2,,unknown,flat,avito,"московская обл., муниципальный округ истра, с. новопетровское, полевая ул., 3",unknown
11476750.0,55.43296,37.73279,79.2,3.0,0.7647058823529411,,new_building,flat,avito,"ул. текстильщиков, стр. 45",жк «оптима на текстильщиков»
12900000.0,55.552602,37.336112,92.1,3.0,1.0,2021.0,unknown,apartments,avito,"москва, новомосковский административный округ, поселение филимонковское, жемчужная ул., 1к3",unknown
13500000.0,55.53049,37.062935,85.0,3.0,0.4444444444444444,,unknown,flat,avito,"московская обл., наро-фоминский г.о., апрелевка, жасминовая ул., 5",unknown
14000000.0,55.90679932,37.4005127,76.1,3.0,1.0,2003.0,new_building,flat,avito,"московская обл., химки, ул. марии рубцовой, 7",unknown
12149200.0,55.83312,38.2087,79.6,3.0,0.2857142857142857,,unknown,flat,avito,"ул. генерала ковачевича, д. 10, корп. 2",жк «новоград монино»
10000000.0,55.62755527158544,37.86690112012918,61.9,3.0,0.1111111111111111,1978.0,unknown,flat,avito,"московская обл., г.о. люберцы, дзержинский, томилинская ул., 19",unknown
10428059.0,55.97982,37.89803,56.6,3.0,0.7083333333333334,,new_building,flat,avito,"ул. первомайская, стр. 1",жк «западная ивантеевка»
24999000.0,55.94776286428279,37.49231995617393,117.0,3.0,0.9,2004.0,unknown,flat,avito,"московская обл., долгопрудный, лихачевское ш., 14к1",unknown
10176500.0,55.83096,38.21137,78.5,3.0,0.2857142857142857,,new_building,flat,avito,"ул. генерала ковачевича, стр. 18",жк «новоград монино»
16500000.0,56.324216,38.130663,86.7,3.0,0.35294117647058826,2015.0,new_building,flat,avito,"московская обл., сергиево-посадский г.о., сергиев посад, ул. 1-й ударной армии, 95",unknown
30378660.0,55.61627,37.41894,75.4,3.0,0.4166666666666667,,new_building,flat,avito,"коммунарка, ул. саларьевская, з/у 17",саларьево парк
20500000.0,55.922015,37.872002,91.3,3.0,0.7647058823529411,2013.0,new_building,flat,avito,"московская обл., королев, полевая ул., 43/12",unknown
4600000.0,54.8530357193335,38.52018482067652,61.8,3.0,1.0,1979.0,unknown,flat,avito,"московская обл., г.о. коломна, озеры, мкр-н имени маршала катукова, 6",unknown
19000000.0,55.53164673,37.44673157,86.0,3.0,0.4444444444444444,2003.0,unknown,flat,avito,"москва, новомосковский административный округ, поселение воскресенское, пос. воскресенское, 39",unknown
10897785.0,55.82056,37.21042,52.6,3.0,1.0,,new_building,flat,avito,"ул. береговая, стр. 1.1",жк «аникеевский»
4150000.0,55.32361221,38.6558075,55.7,3.0,0.6,,unknown,flat,avito,"московская обл., воскресенск, мкр-н центральный, ул. колина, 15/20",unknown
4690000.0,55.849251,38.640682,65.9,3.0,1.0,1982.0,unknown,flat,avito,"московская обл., богородский г.о., пос. новостройка, 17",unknown
11476750.0,55.43296,37.73279,79.2,3.0,0.4117647058823529,,new_building,flat,avito,"ул. текстильщиков, стр. 45",жк «оптима на текстильщиков»
10300000.0,55.444078,37.563494,62.0,3.0,0.6666666666666666,1978.0,unknown,flat,avito,"московская обл., подольск, мраморная ул., 14",unknown
3999000.0,56.19238,38.037256,51.9,3.0,0.6,1982.0,unknown,flat,avito,"московская обл., сергиево-посадский г.о., пос. заречный, 12",unknown
12000000.0,55.938178,37.974832,84.6,3.0,0.0625,2013.0,unknown,flat,avito,"московская обл., щелково, мкр-н богородский, 5",unknown
12500000.0,56.001051,37.871275,78.5,3.0,0.18181818181818182,2022.0,new_building,flat,avito,"московская обл., г.о. пушкинский, пушкино, ярославское ш., 149",unknown
11395950.0,56.00717,37.87459,85.0,3.0,0.5882352941176471,,new_building,flat,avito,"ш. ярославское, д. 194",жк «серебро»
14319360.0,55.73392,38.00359,57.6,3.0,0.2608695652173913,,new_building,flat,avito,"мкр. железнодорожный, пр-т героев, ул. автозаводская, стр. 610с1",жк «героев»
13300000.0,55.821163,37.8911,77.0,3.0,0.23529411764705882,2013.0,unknown,flat,avito,"московская обл., балашиха, квартал изумрудный, 7",unknown
7600000.0,56.294151,38.128211,76.0,3.0,0.8,1961.0,unknown,flat,avito,"московская обл., сергиево-посадский г.о., сергиев посад, пр-т красной армии, 2а",unknown
7500000.0,56.09134293,37.9012413,50.0,3.0,1.0,1980.0,unknown,flat,avito,"московская обл., г.о. пушкинский, пгт. зеленоградский, шоссейная ул., 4",unknown
8000000.0,55.767777,38.417899,69.0,3.0,0.6,1975.0,unknown,flat,avito,"московская обл., электросталь, ул. ялагина, 30",unknown
8300000.0,55.589157,38.138335,60.0,3.0,0.2,1967.0,unknown,flat,avito,"московская обл., жуковский, ул. серова, 6а",unknown
5500000.0,55.83441162,38.26278687,60.3,3.0,0.4,1969.0,unknown,flat,avito,"московская обл., богородский г.о., пгт. обухово, ул. ленина, 33",unknown
6250000.0,55.773717,38.429299,65.0,3.0,0.1111111111111111,1981.0,unknown,flat,avito,"московская обл., электросталь, западная ул., 6б",unknown
12777975.0,56.00512,37.8629,70.0,3.0,1.0,,new_building,flat,avito,"ул. 2-й фабричный проезд, корп. 1.2",жк «фабрикант»
7300000.0,55.05003357,38.75032806,66.0,3.0,0.5,,unknown,flat,avito,"московская обл., коломна, наб. дмитрия донского, 42",unknown
11500000.0,55.42219543,37.50355911,78.4,3.0,0.42857142857142855,2006.0,unknown,flat,avito,"московская обл., подольск, октябрьский пр-т, 7а",unknown
12049800.0,55.73471,38.00349,53.2,3.0,0.84,,new_building,flat,avito,"мкр. железнодорожный, пр-т героев, ул. автозаводская, стр. 611с1",жк «героев»
14094081.0,55.56022,37.81064,77.7,3.0,0.35294117647058826,,new_building,flat,avito,"деревня мисайлово, молодежный бульвар, 3",жк «пригород лесное»
9300000.0,55.58159637,38.20076752,64.9,3.0,0.3,,unknown,flat,avito,"московская обл., раменский г.о., раменское, ул. чугунова, 34",unknown
12655800.0,55.73608,38.00844,53.4,3.0,0.8181818181818182,,new_building,flat,avito,"мкр. железнодорожный, пр-т героев, ул. автозаводская, корп. 410",жк «героев»
11476750.0,55.43296,37.73279,79.2,3.0,0.35294117647058826,,new_building,flat,avito,"ул. текстильщиков, стр. 45",жк «оптима на текстильщиков»
10355760.0,55.45219,37.54058,68.4,3.0,0.5882352941176471,,new_building,flat,avito,"ул. садовая, д. 14",жк «красная горка»
10073847.0,55.82087,37.21002,51.0,3.0,0.42857142857142855,,new_building,flat,avito,"ул. береговая, стр. 1.2",жк «аникеевский»
12261200.0,55.43296,37.73279,84.6,3.0,0.8235294117647058,,new_building,flat,avito,"ул. текстильщиков, стр. 45",жк «оптима на текстильщиков»
26273790.0,55.61135,37.41573,82.7,3.0,0.2857142857142857,,new_building,flat,avito,"ул. трехполье, з/у 7",саларьево парк
7300000.0,55.61873880002564,36.98217368337167,59.7,3.0,0.2222222222222222,1981.0,unknown,flat,avito,"московская обл., одинцовский г.о., голицыно, советская ул., 58",unknown
12679500.0,55.73608,38.00844,53.5,3.0,0.6363636363636364,,new_building,flat,avito,"мкр. железнодорожный, пр-т героев, ул. автозаводская, корп. 410",жк «героев»
26301190.0,55.56005,37.51111,66.1,3.0,0.6111111111111112,,unknown,flat,avito,"п. сосенское, ул. поляны, з/у 50д, стр. 18.2.6",жк «скандинавия»
13500000.0,55.907834,37.709093,76.2,3.0,0.9411764705882353,2008.0,unknown,flat,avito,"московская обл., мытищи, юбилейная ул., 30",unknown
14618200.0,55.65324,37.92783,71.0,3.0,1.0,,unknown,flat,avito,"мкр. птицефабрика, стр. 5",жк «новотомилино»
11330000.0,56.08272782520104,37.04709479755567,84.0,3.0,0.5,2013.0,unknown,flat,avito,"московская обл., г.о. солнечногорск, пгт. поварово, мкр-н № 1, к1",unknown
11743300.0,56.04893,37.86542,54.6,3.0,0.5,,new_building,flat,avito,"городской округ пушкинский, стр. 5",жилой квартал пушкино град
9100000.0,55.39431,37.769684,73.3,3.0,0.8571428571428571,2016.0,new_building,flat,avito,"московская обл., домодедово, ул. курыжова, 28к1",unknown
23500000.0,55.542003,37.455355,78.0,3.0,0.75,2021.0,new_building,flat,avito,"москва, новомосковский административный округ, р-н коммунарка, пр-т куприна, 36к2",unknown
10293890.0,55.83126,38.20819,79.4,3.0,0.5714285714285714,,new_building,flat,avito,"ул. генерала ковачевича, стр. 15",жк «новоград монино»
14250000.0,55.539444,37.724979,85.0,3.0,0.11764705882352941,2015.0,unknown,flat,avito,"московская обл., ленинский г.о., видное, завидная ул., 14",unknown
8800000.0,55.05778,38.746746,66.1,3.0,0.6666666666666666,1977.0,unknown,flat,avito,"московская обл., коломна, ул. девичье поле, 13",unknown
5400000.0,55.817628,38.995642,63.3,3.0,0.5555555555555556,1970.0,unknown,flat,avito,"московская обл., орехово-зуевский г.о., орехово-зуево, парковская ул., 10",unknown
7200000.0,55.727263,38.202717,76.2,3.0,1.0,,unknown,flat,avito,"московская обл., богородский г.о., электроугли, пер. горки, 4",unknown
29466640.0,55.5598,37.51101,78.4,3.0,0.631578947368421,,unknown,flat,avito,"п. сосенское, ул. поляны, з/у 50д, стр. 18.1.3",жк «скандинавия»
15000000.0,55.793495,37.887768,87.1,3.0,0.56,2014.0,unknown,flat,avito,"московская обл., балашиха, ул. демин луг, 6/5",unknown
13700000.0,55.76678467,38.42640686,76.0,3.0,0.5,,unknown,flat,avito,"московская обл., электросталь, ул. ялагина, 13а",unknown
13049200.0,56.04893,37.86542,68.7,3.0,0.1875,,new_building,flat,avito,"городской округ пушкинский, стр. 5",жилой квартал пушкино град
6800000.0,55.624764,38.004818,53.1,3.0,0.8,1971.0,unknown,flat,avito,"московская обл., г.о. люберцы, пгт. малаховка, быковское ш., 34",unknown
10428059.0,55.97982,37.89803,56.6,3.0,0.6666666666666666,,new_building,flat,avito,"ул. первомайская, стр. 1",жк «западная ивантеевка»
6990000.0,55.81145096,38.96348953,60.5,3.0,0.8888888888888888,,unknown,flat,avito,"московская обл., орехово-зуевский г.о., орехово-зуево, ул. бирюкова, 31",unknown
32536738.0,55.56,37.5027,77.8,3.0,0.9411764705882353,,unknown,flat,avito,"п. сосенское, стр. 25.6",жк «скандинавия»
11600000.0,55.73471,38.00349,50.0,3.0,0.76,,new_building,flat,avito,"мкр. железнодорожный, пр-т героев, ул. автозаводская, стр. 611с1",жк «героев»
16195502.0,55.94311,37.34188,60.9,3.0,0.35294117647058826,,new_building,flat,avito,"мкр. подрезково, стр. 5",жк «1-й шереметьевский»
4990000.0,55.739757,38.84874,51.7,3.0,1.0,1975.0,unknown,flat,avito,"московская обл., орехово-зуевский г.о., дрезна, юбилейная ул., 22",unknown
20800000.0,55.605399,37.3644,80.6,3.0,0.631578947368421,2015.0,unknown,flat,avito,"москва, новомосковский административный округ, филимонковский р-н, московский, ул. никитина, 12",unknown
16950000.0,55.494191,37.552004,89.1,3.0,0.23809523809523808,2016.0,unknown,flat,avito,"москва, новомосковский административный округ, р-н щербинка, щербинка, квартал южный, 7",unknown
14200000.0,55.84031,37.131844,75.0,3.0,0.25,2014.0,unknown,flat,avito,"московская обл., г.о. истра, д. черная, широкая ул., 13",unknown
11680524.0,55.97054,37.89149,70.9,3.0,0.88,,new_building,flat,avito,"ул. заводская, стр. 1",жк «новая ивантеевка»
5150000.0,55.271934,37.834713,50.8,3.0,1.0,1977.0,unknown,flat,avito,"московская обл., г.о. домодедово, с. растуново, ул. заря, 6б",unknown
29514972.0,55.55997,37.51044,66.1,3.0,0.7777777777777778,,unknown,flat,avito,"п. сосенское, ул. поляны, з/у 50д, стр. 18.2.3",жк «скандинавия»
13940611.0,55.81534,37.20937,70.6,4.0,0.8333333333333334,,new_building,flat,avito,"ул. полковника глазунова, стр. 7",жк «аникеевский»
14813460.0,55.92219,37.99425,79.9,4.0,0.9,,unknown,flat,avito,"ул. советская, д. 60",жк «river house» (ривер хаус)
23534050.0,55.48183,37.38616,102.1,4.0,1.0,,unknown,flat,avito,"д. яковлево, ул. лесная, д. 111, корп. 3",жк «яковлево»
20357000.0,55.67683,37.23661,92.2,4.0,0.9565217391304348,,new_building,flat,avito,"ул. западная, стр. 11",жк «одинград квартал семейный»
16487250.0,55.73471,38.00349,74.1,4.0,0.6,,new_building,flat,avito,"мкр. железнодорожный, пр-т героев, ул. автозаводская, стр. 611с1",жк «героев»
19415825.0,55.65328,37.12275,81.7,4.0,0.5,,unknown,flat,avito,"с/п жаворонковское, с. перхушково, д. 4",жк «равновесие»
31941940.0,55.97951,37.58114,121.9,4.0,1.0,,new_building,flat,avito,"с. троицкое, ул. московская, стр. 1",эко-усадьба «троицкое»
17756739.0,55.52703,37.71752,109.5,4.0,0.8333333333333334,,unknown,flat,avito,"ленинский городской округ, д. сапроново, ул. донская, д. 5",жк «1-й донской»
15369872.0,55.52786,37.04111,81.0,4.0,0.4,,new_building,flat,avito,"ул. парк апрель, стр. 1",жк «апрелевка клаб»
31438661.0,55.68255,37.4106,71.9,4.0,0.2222222222222222,,new_building,flat,avito,"п. свх заречье, ул. торговая, д. 9",жк «skolkovo one» (сколково ван)
21054223.0,55.86501,37.33001,88.6,4.0,0.13333333333333333,,new_building,flat,avito,"пос. отрадное, ул. знаменская, стр. 26/3",жк «левел лесной»
32738880.0,55.61143,37.41538,101.8,4.0,0.2608695652173913,,new_building,flat,avito,"ул. трехполье, з/у 7",саларьево парк
25251000.0,55.67758,37.23535,114.0,4.0,1.0,,unknown,flat,avito,"мкр. клубничное поле, д. 5",жк «одинград квартал семейный»
19160000.0,55.92311,37.77916,93.9,4.0,0.18181818181818182,,unknown,flat,avito,"мкр. 36, 36а, 37, стр. 5",жк «отрадный»
19550290.0,55.94179,37.87448,86.7,4.0,0.75,,new_building,flat,avito,"ул. солнечная, д. 2",жилой «киноквартал»
19249471.0,55.65328,37.12275,81.0,4.0,0.5,,unknown,flat,avito,"с/п жаворонковское, с. перхушково, д. 4",жк «равновесие»
21264065.0,55.92389,37.43402,106.5,4.0,0.4,,new_building,flat,avito,"ул. озерная, стр. 7",жк «мишино-2»
17714034.0,55.52703,37.71752,109.5,4.0,0.5,,unknown,flat,avito,"ленинский городской округ, д. сапроново, ул. донская, д. 5",жк «1-й донской»
15266020.0,55.82087,37.21002,73.9,4.0,0.7142857142857143,,new_building,flat,avito,"ул. береговая, стр. 1.2",жк «аникеевский»
25902352.0,55.59628,37.36685,102.4,4.0,0.6,,new_building,flat,avito,"ул. лаптевых, з/у 2, корп. 3",город-парк «первый московский»
24269981.0,55.86744,37.32191,93.0,4.0,0.9,,new_building,flat,avito,"пос. отрадное, ул. знаменская, стр. 26/1",жк «левел лесной»
38800000.0,55.335527836398846,37.32723856350708,326.4,4.0,1.0,2011.0,unknown,apartments,avito,"москва, троицкий административный округ, р-н вороново, база отдыха витро вилладж, к2",unknown
31469992.0,55.83449,37.25043,106.1,4.0,0.16666666666666666,,unknown,flat,avito,"мкр. опалиха, ул. новая московская, д. 49, корп. 3",миниполис «8 кленов»
15639200.0,55.73608,38.00844,69.2,4.0,1.0,,new_building,flat,avito,"мкр. железнодорожный, пр-т героев, ул. автозаводская, корп. 410",жк «героев»
22269836.0,55.56052,38.2533,109.6,4.0,0.8,,new_building,flat,avito,"ул. михалевича, стр. 1",жк «михалевич»
17524250.0,55.94813,37.47395,95.5,4.0,0.5,,unknown,flat,avito,"кв-л ивакино, стр. 2.6.1",жк «1-й химкинский»
37931200.0,55.92156,37.81646,125.6,4.0,1.0,,new_building,flat,avito,"ул. калинина, д. 11",жк «дом‐мегалит в королеве»
16607000.0,55.94121,37.8744,88.1,4.0,0.125,,new_building,flat,avito,"ул. солнечная, д. 2",жилой «киноквартал»
18048339.0,55.43046,37.46739,98.8,4.0,0.75,,new_building,flat,avito,"д. докукино, стр. 1.2",жк «дубровицы клаб»
14706000.0,55.92219,37.99425,86.0,4.0,0.6,,unknown,flat,avito,"ул. советская, д. 60",жк «river house» (ривер хаус)
18973500.0,55.92311,37.77916,97.3,4.0,0.09090909090909091,,unknown,flat,avito,"мкр. 36, 36а, 37, стр. 5",жк «отрадный»
18999354.0,55.92219,37.99425,130.8,4.0,0.4,,unknown,flat,avito,"ул. советская, д. 60",жк «river house» (ривер хаус)
37740951.0,55.62172,37.12657,135.7,4.0,0.25,,new_building,flat,avito,"д. ликино, стр. 1",жк «мыс»
32341860.0,55.61143,37.41538,101.8,4.0,0.08695652173913043,,new_building,flat,avito,"ул. трехполье, з/у 7",саларьево парк
16000000.0,55.914463,36.874127,90.0,4.0,0.1,2003.0,unknown,flat,avito,"московская обл., истра, рабочая ул., 5б",unknown
20732400.0,55.68389,37.29915,88.6,4.0,0.9583333333333334,2027.0,unknown,flat,avito,"можайское ш., д. 98",жк «одинцово сити»
33941778.0,55.68201,37.41096,71.9,4.0,0.7777777777777778,,new_building,flat,avito,"п. свх заречье, ул. торговая, д. 7",жк «skolkovo one» (сколково ван)
31941940.0,55.97951,37.58114,121.9,4.0,1.0,,new_building,flat,avito,"с. троицкое, ул. московская, стр. 1",эко-усадьба «троицкое»
15951404.0,55.52786,37.04111,83.9,4.0,0.2,,new_building,flat,avito,"ул. парк апрель, стр. 2",жк «апрелевка клаб»
28414242.0,55.59628,37.36685,101.5,4.0,0.9,,new_building,flat,avito,"ул. лаптевых, з/у 2, корп. 3",город-парк «первый московский»
17756739.0,55.52703,37.71752,109.5,4.0,0.6666666666666666,,unknown,flat,avito,"ленинский городской округ, д. сапроново, ул. донская, д. 5",жк «1-й донской»
16684650.0,55.73433,38.00458,72.7,4.0,0.4782608695652174,,new_building,flat,avito,"мкр. железнодорожный, пр-т героев, ул. автозаводская, стр. 610с2",жк «героев»
32110013.0,55.9038,37.7386,135.7,4.0,0.14285714285714285,,unknown,flat,avito,"22 мкр., корп. 12",жк «цветочный город»
37057770.0,55.83466,37.24837,106.1,4.0,0.16666666666666666,,unknown,flat,avito,"мкр. опалиха, ул. новая московская, д. 49, корп. 2",миниполис «8 кленов»
16230020.0,55.81504,37.20912,73.4,4.0,0.8333333333333334,,new_building,flat,avito,"ул. полковника глазунова, стр. 9",жк «аникеевский»
21040588.0,55.92405,37.4359,106.5,4.0,0.4,,new_building,flat,avito,"ул. озерная, стр. 6",жк «мишино-2»
15870683.0,55.81504,37.20912,73.3,4.0,0.16666666666666666,,new_building,flat,avito,"ул. полковника глазунова, стр. 9",жк «аникеевский»
18961601.0,55.61698,38.09379,94.9,4.0,0.8,,unknown,flat,avito,"ул. театральная, д. 6а",жк «театральный»
25000000.0,55.727871,37.277398,118.0,4.0,1.0,1936.0,unknown,flat,avito,"московская обл., одинцовский г.о., пос. барвиха, 6",unknown
22491300.0,55.48268,37.38251,94.9,4.0,1.0,,unknown,flat,avito,"д. яковлево, ул. лесная, д. 111 корп. 12",жк «яковлево»
22960000.0,56.74262,37.17035,114.8,4.0,0.8571428571428571,,unknown,flat,avito,"ул. понтекорво, жк «bruno»",жк «bruno» (бруно)
22017400.0,55.53376,37.7175,86.3,4.0,1.0,,unknown,flat,avito,"с. ермолино, корп. 1.6",жк «видный берег 2»
13000000.0,55.590409,38.130151,78.0,4.0,0.75,1952.0,unknown,flat,avito,"московская обл., жуковский, ул. чкалова, 17",unknown
19084524.0,55.94179,37.87448,86.7,4.0,0.375,,new_building,flat,avito,"ул. солнечная, д. 2",жилой «киноквартал»
12990000.0,55.95485306,37.30002594,110.0,4.0,0.8,2010.0,unknown,flat,avito,"московская обл., химки, мкр-н сходня, ул. папанина, 11",unknown
26282469.0,55.86744,37.32191,90.6,4.0,0.6666666666666666,,new_building,flat,avito,"пос. отрадное, ул. знаменская, стр. 26/1",жк «левел лесной»
19990000.0,55.89001,37.71468,81.9,4.0,0.375,,new_building,flat,avito,"ул. трудовая, д. 29а",жк «долина яузы»
31682558.0,55.9038,37.7386,135.7,4.0,0.21428571428571427,,unknown,flat,avito,"22 мкр., корп. 12",жк «цветочный город»
34980293.0,55.59899,37.36688,115.5,4.0,0.8095238095238095,,unknown,flat,avito,"ул. лаптева, д. 7",город-парк «первый московский»
17714034.0,55.52703,37.71752,109.5,4.0,0.7083333333333334,,unknown,flat,avito,"ленинский городской округ, д. сапроново, ул. донская, д. 5",жк «1-й донской»
15039857.0,55.82087,37.21002,73.9,4.0,0.2857142857142857,,new_building,flat,avito,"ул. береговая, стр. 1.2",жк «аникеевский»
19072200.0,55.92219,37.99425,79.8,4.0,0.95,,unknown,flat,avito,"ул. советская, д. 60",жк «river house» (ривер хаус)
25920098.0,55.9038,37.7386,106.7,4.0,0.5,,unknown,flat,avito,"22 мкр., корп. 12",жк «цветочный город»
19209000.0,55.92311,37.77916,101.1,4.0,0.5,,unknown,flat,avito,"мкр. 36, 36а, 37, стр. 5",жк «отрадный»
8800000.0,56.3473053,37.52862167,71.6,4.0,0.7777777777777778,,unknown,flat,avito,"московская обл., дмитровский муниципальный округ, дмитров, мкр-н имени а.м. маркова, 21",unknown
25431353.0,55.59628,37.36685,102.4,4.0,0.95,,new_building,flat,avito,"ул. лаптевых, з/у 2, корп. 3",город-парк «первый московский»
21449143.0,55.92405,37.4359,106.5,4.0,0.8,,new_building,flat,avito,"ул. озерная, стр. 6",жк «мишино-2»
15717000.0,55.73608,38.00844,67.6,4.0,0.13636363636363635,,new_building,flat,avito,"мкр. железнодорожный, пр-т героев, ул. автозаводская, корп. 410",жк «героев»
22491300.0,55.48268,37.38251,94.9,4.0,1.0,,unknown,flat,avito,"д. яковлево, ул. лесная, д. 111 корп. 12",жк «яковлево»
21676959.0,55.92382,37.43312,106.5,4.0,0.8,,new_building,flat,avito,"ул. озерная, стр. 8",жк «мишино-2»
32741939.0,55.97951,37.58114,121.9,4.0,1.0,,new_building,flat,avito,"с. троицкое, ул. московская, стр. 1",эко-усадьба «троицкое»
8200000.0,55.79513,37.971967,61.1,4.0,0.2,1971.0,unknown,flat,avito,"московская обл., балашиха, ул. фадеева, 5",unknown
16500000.0,55.94121,37.8744,88.1,4.0,0.375,,unknown,flat,avito,"ул. солнечная, д. 2",жилой «киноквартал»
16626050.0,55.73608,38.00844,70.9,4.0,0.23529411764705882,,new_building,flat,avito,"мкр. железнодорожный, пр-т героев, ул. автозаводская, корп. 410",жк «героев»
25500000.0,55.552205,37.477247,79.3,4.0,0.16666666666666666,2025.0,unknown,flat,avito,"москва, новомосковский административный округ, р-н коммунарка, жилой комплекс дзен-кварталы, 4.1",unknown
18150710.0,55.43046,37.46739,99.0,4.0,0.75,,unknown,flat,avito,"д. докукино, стр. 1.1",жк «дубровицы клаб»
8900000.0,55.576793,37.908267,98.0,4.0,0.75,1956.0,unknown,flat,avito,"московская обл., лыткарино, октябрьская ул., 12",unknown
17927375.0,55.6532,37.12427,82.7,4.0,0.5,,unknown,flat,avito,"с/п жаворонковское, с. перхушково, д. 5",жк «равновесие»
16500000.0,55.92318,37.990571,80.6,4.0,0.3333333333333333,2011.0,unknown,flat,avito,"московская обл., щелково, ул. шмидта, 1",unknown
25293422.0,55.56052,38.2533,128.0,4.0,0.8,,new_building,flat,avito,"ул. михалевича, стр. 1",жк «михалевич»
33970556.0,55.91933,37.73686,78.5,4.0,0.76,,new_building,flat,avito,"ул. комарова/институтская , стр. 1",жк «страна.парковая»
13700000.0,55.425813,37.756928,73.0,4.0,1.0,,unknown,flat,avito,"московская обл., домодедово, мкр-н западный, лунная ул., 13",unknown
12500000.0,55.80006027,38.46608353,109.1,4.0,1.0,1969.0,unknown,flat,avito,"московская обл., электросталь, ул. корнеева, 15",unknown
16200000.0,55.816525,37.203197,83.7,4.0,0.5,2022.0,new_building,flat,avito,"московская обл., г.о. красногорск, с. николо-урюпино, ул. сергея жадобкина, 2к2",unknown
8800000.0,55.42937469,37.5030365,62.0,4.0,0.4,1968.0,unknown,flat,avito,"московская обл., подольск, ленинградская ул., 4б",unknown
14424300.0,56.0022,37.87178,68.2,4.0,0.30434782608695654,,new_building,flat,avito,"ярославское ш., стр. 2",жк «31 квартал»
18929000.0,55.686858,37.870682,95.6,4.0,0.45454545454545453,2023.0,new_building,flat,avito,"московская обл., люберцы, ул. кирова, 11",unknown
21846000.0,55.92219,37.99425,132.4,4.0,0.9,,unknown,flat,avito,"ул. советская, д. 60",жк «river house» (ривер хаус)
19500000.0,55.69133759,37.90714264,96.0,4.0,0.23529411764705882,2009.0,unknown,flat,avito,"московская обл., люберцы, комсомольский пр-т, 16/2",unknown
13000000.0,55.651293,37.121038,78.0,4.0,1.0,2023.0,unknown,flat,avito,"московская обл., одинцовский г.о., с. перхушково, мкр-н равновесие, 8",unknown
29900000.0,55.87976456,37.3639679,138.5,4.0,1.0,,unknown,flat,avito,"московская обл., г.о. красногорск, д. гаврилково, жилой комплекс эдем, ул. 10-й квартал, 5к1",unknown
9000000.0,55.604854,36.463597,109.0,4.0,0.75,2017.0,unknown,flat,avito,"московская обл., рузский г.о., рп. тучково, комсомольская ул., 14с3",unknown
3300000.0,55.892062,37.44674,81.8,4.0,0.5,,unknown,share,avito,"московская обл., химки, московская ул., 22/1",unknown
21935600.0,55.53376,37.7175,86.3,4.0,0.9565217391304348,,unknown,flat,avito,"с. ермолино, корп. 1.6",жк «видный берег 2»
9200000.0,55.582681,38.205645,72.5,4.0,1.0,1996.0,unknown,flat,avito,"московская обл., раменский г.о., раменское, ул. левашова, 35",unknown
5950000.0,55.924063,37.963675,62.2,4.0,0.8,1978.0,unknown,flat,avito,"московская обл., щелково, первомайская ул., 40",unknown
16000000.0,55.6928,37.208192,88.8,4.0,0.5,2023.0,unknown,flat,avito,"московская обл., одинцовский г.о., с. лайково, жилой комплекс город-событие лайково, квартал лайково мелоди, 20",unknown
12990000.0,55.95481491,37.30012512,100.0,4.0,1.0,2014.0,unknown,flat,avito,"московская обл., химки, мкр-н сходня, ул. папанина, 11",unknown
19560000.0,55.92311,37.77916,97.8,4.0,1.0,,unknown,flat,avito,"мкр. 36, 36а, 37, стр. 5",жк «отрадный»
17714034.0,55.52703,37.71752,109.5,4.0,0.625,,unknown,flat,avito,"ленинский городской округ, д. сапроново, ул. донская, д. 5",жк «1-й донской»
19000000.0,55.42569636535129,37.75967588215338,113.7,4.0,0.2,,unknown,flat,avito,"московская обл., домодедово, мкр-н западный, ул. 25 лет октября, 14",unknown
6500000.0,55.406365,37.574678,60.3,4.0,0.2,1972.0,unknown,flat,avito,"московская обл., подольск, ул. филиппова, 4",unknown
22960000.0,56.74262,37.17035,114.8,4.0,0.2857142857142857,,unknown,flat,avito,"ул. понтекорво, жк «bruno»",жк «bruno» (бруно)
16300000.0,55.834133,37.323796,75.9,4.0,0.7,1996.0,unknown,flat,avito,"московская обл., красногорск, лесная ул., 9",unknown
20000000.0,55.590811,38.249923,200.0,4.0,0.3333333333333333,2007.0,unknown,flat,avito,"московская обл., раменский г.о., раменское, молодежная ул., 5",unknown
13000000.0,55.75011235966914,38.00417746242964,71.1,4.0,0.5555555555555556,1985.0,unknown,flat,avito,"московская обл., балашиха, мкр-н железнодорожный, октябрьская ул., 9",unknown
6000000.0,55.92962646,37.99149704,62.0,4.0,0.2,1968.0,unknown,flat,avito,"московская обл., щелково, комсомольская ул., 3",unknown
11000000.0,55.89293,38.484249,104.4,4.0,0.5,1996.0,unknown,flat,avito,"московская обл., богородский г.о., ногинск, ул. ильича, 79",unknown
13900000.0,55.6898257739926,37.87750555210799,75.0,4.0,1.0,1977.0,unknown,flat,avito,"московская обл., люберцы, поселок калинина, 40",unknown
16450000.0,55.91345596,37.74105453,94.7,4.0,1.0,1954.0,unknown,flat,avito,"московская обл., мытищи, новомытищинский пр-т, 24/1",unknown
15700000.0,55.61034612285985,37.32360173711129,107.0,4.0,1.0,2023.0,unknown,flat,avito,"москва, новомосковский административный округ, р-н внуково, ул. шекспира, 1к3",unknown
11000000.0,55.69171199812245,37.903449195872014,68.0,4.0,0.3333333333333333,1986.0,unknown,flat,avito,"московская обл., люберцы, комсомольский пр-т, 11",unknown
17694098.0,55.52703,37.71752,100.7,4.0,1.0,,unknown,flat,avito,"ленинский городской округ, д. сапроново, ул. донская, д. 5",жк «1-й донской»
31500000.0,55.592011,37.43101,72.1,4.0,0.3333333333333333,2024.0,unknown,flat,avito,"москва, новомосковский административный округ, р-н коммунарка, прокшинский пр-т, 7",unknown
17500000.0,55.95718170260553,37.44252037510259,81.7,4.0,0.875,,unknown,flat,avito,"московская обл., химки, мкр-н клязьма-старбеево, квартал клязьма, набережный пр., 12",unknown
27918786.0,55.60773,37.36135,101.6,4.0,0.9545454545454546,,unknown,flat,avito,"пос. московский, ул. никитина, д. 3, корп.3",город-парк «первый московский»
16450000.0,55.967088,37.903452,105.0,4.0,1.0,,unknown,flat,avito,"московская обл., г.о. пушкинский, ивантеевка, центральный пр., 7",unknown
9250000.0,55.640431,37.016752,75.0,4.0,0.2,1994.0,unknown,flat,avito,"московская обл., одинцовский г.о., пгт. большие вяземы, ул. городок-17, 23",unknown
18500000.0,55.632047,37.867052,158.9,4.0,0.9411764705882353,2004.0,unknown,flat,avito,"московская обл., г.о. люберцы, дзержинский, угрешская ул., 32",unknown
11000000.0,55.828116,37.957207,77.1,4.0,0.3333333333333333,1986.0,unknown,flat,avito,"московская обл., балашиха, звездная ул., 12",unknown
25000000.0,55.81677246,37.20266724,97.4,4.0,0.8333333333333334,,unknown,flat,avito,"московская обл., г.о. красногорск, с. николо-урюпино, ул. сергея жадобкина, 2к1",unknown
14889081.0,55.82087,37.21002,73.9,4.0,0.14285714285714285,,new_building,flat,avito,"ул. береговая, стр. 1.2",жк «аникеевский»
18500000.0,55.923589,37.717312,94.1,3.0,0.23529411764705882,2015.0,unknown,flat,avito,"московская обл., мытищи, ул. колпакова, 41",unknown
2650000.0,56.113055,36.547832,60.2,4.0,0.4,1972.0,unknown,flat,avito,"московская обл., г.о. клин, пос. дома отдыха высокое, 1",unknown
14700000.0,55.568517,36.998822,120.5,4.0,0.6666666666666666,2020.0,unknown,flat,avito,"московская обл., одинцовский г.о., пос. нии радио, 13ж",unknown
12599000.0,55.82519281341674,37.97340112394227,76.6,4.0,0.4444444444444444,1979.0,unknown,flat,avito,"московская обл., балашиха, ул. объединения, 6",unknown
18537540.0,55.94179,37.87448,87.4,4.0,0.25,,new_building,flat,avito,"ул. солнечная, д. 2",жилой «киноквартал»
8800000.0,55.625765,37.019061,90.0,4.0,1.0,2014.0,unknown,flat,avito,"московская обл., одинцовский г.о., д. малые вяземы, петровское ш., 27",unknown
15300000.0,55.63101578,38.04836655,95.4,4.0,1.0,2000.0,unknown,flat,avito,"московская обл., раменский муниципальный округ, пгт. удельная, солнечная ул., 21",unknown
5460000.0,55.73946762,38.83946228,78.4,4.0,0.5,,unknown,flat,avito,"московская обл., орехово-зуевский г.о., дрезна, 1-я ленинская ул., 4",unknown
11500000.0,55.44129,37.566126,75.0,4.0,0.2222222222222222,1976.0,unknown,flat,avito,"московская обл., подольск, ул. ульяновых, 17",unknown
22000000.0,55.59928513,37.35662079,100.0,4.0,0.92,2016.0,unknown,flat,avito,"москва, новомосковский административный округ, поселение московский, московский, ул. москвитина, 1к1",unknown
10800000.0,56.001489,37.857674,80.0,4.0,1.0,1986.0,unknown,flat,avito,"московская обл., г.о. пушкинский, пушкино, московский пр-т, 50",unknown
32459900.0,55.85915,37.32794,128.3,4.0,1.0,,new_building,flat,avito,"с. ангелово, мфжк «ангелово-резиденц», д. 51",клубная резиденция «ангелово»
8900000.0,55.920194,37.84004,63.7,4.0,0.3333333333333333,1972.0,unknown,flat,avito,"московская обл., королев, пр-т королева, 12",unknown
7650000.0,56.334348,37.539796,70.5,4.0,0.4444444444444444,1994.0,unknown,flat,avito,"московская обл., дмитровский г.о., дмитров, 2-я комсомольская ул., 15а",unknown
35300000.0,55.593054,37.460313,119.3,4.0,0.5454545454545454,2019.0,unknown,flat,avito,"москва, новомосковский административный округ, поселение сосенское, б-р веласкеса, 7к1",unknown
20500000.0,54.927403,37.446749,118.0,4.0,0.7333333333333333,2013.0,unknown,flat,avito,"московская обл., серпухов, ул. фирсова, 3",unknown
14999999.0,55.825897,37.946931,92.0,4.0,0.35294117647058826,,unknown,flat,avito,"московская обл., балашиха, мкр-н авиаторов, ул. кожедуба, 8",unknown
15957650.0,55.73386,38.00296,72.7,4.0,0.631578947368421,,new_building,flat,avito,"мкр. железнодорожный, пр-т героев, ул. автозаводская, стр. 611с2",жк «героев»
8500000.0,55.64049705075095,37.01640040146636,83.0,4.0,0.2222222222222222,1979.0,unknown,flat,avito,"московская обл., одинцовский г.о., рп. большие вяземы, ул. городок-17, 23",unknown
15700000.0,55.904922,37.390442,104.0,4.0,0.84,2007.0,unknown,flat,avito,"московская обл., химки, молодежная ул., 64",unknown
9800000.0,55.44914459019617,37.246379308054514,170.0,4.0,0.3333333333333333,2020.0,unknown,flat,avito,"москва, троицкий административный округ, краснопахорский р-н, с. былово, кп былово, радужная ул., 9",unknown
19000000.0,55.89881134,37.47763443,105.0,4.0,0.08695652173913043,2012.0,unknown,flat,avito,"московская обл., химки, совхозная ул., 10",unknown
19500000.0,55.805913,37.322018,100.0,4.0,0.9444444444444444,2006.0,unknown,flat,avito,"московская обл., красногорск, южный б-р, 6",unknown
11800000.0,55.75066757,38.00349808,74.0,4.0,0.2222222222222222,1984.0,unknown,flat,avito,"московская обл., балашиха, мкр-н железнодорожный, октябрьская ул., 11",unknown
13800000.0,56.294756,38.124384,113.3,4.0,0.6666666666666666,2000.0,unknown,flat,avito,"московская обл., сергиево-посадский г.о., сергиев посад, хотьковский пр., 9",unknown
16800000.0,55.66309,37.853344,87.3,4.0,0.68,2022.0,unknown,flat,avito,"московская обл., котельники, мкр-н белая дача, 25к1",unknown
14800000.0,55.53441238,37.61577606,102.0,4.0,0.7647058823529411,2015.0,unknown,flat,avito,"московская обл., ленинский г.о., пгт. боброво, крымская ул., 9к1",unknown
11800000.0,55.90481567,37.40752029,62.9,4.0,0.1111111111111111,1979.0,unknown,flat,avito,"московская обл., химки, ул. родионова, 9а",unknown
10990000.0,55.681153,37.890993,75.4,4.0,0.5555555555555556,,unknown,flat,avito,"московская обл., люберцы, октябрьский пр-т, 141",unknown
15000000.0,55.885156,37.266053,89.0,4.0,0.6666666666666666,,unknown,flat,avito,"московская обл., г.о. красногорск, д. сабурово, парковая ул., 5",unknown
13650000.0,55.940805,37.348662,100.6,4.0,0.4666666666666667,2011.0,unknown,flat,avito,"московская обл., химки, новозаводская ул., 12",unknown
9100000.0,55.385873,36.74927,82.1,4.0,1.0,,unknown,flat,avito,"московская обл., наро-фоминский г.о., наро-фоминск, ул. курзенкова, 22",unknown
15497000.0,55.678829,37.234621,90.1,4.0,0.8333333333333334,2021.0,unknown,flat,avito,"московская обл., одинцовский г.о., одинцово, мкр-н клубничное поле, 2",unknown
5900000.0,55.77959,38.663553,71.2,4.0,0.5,,unknown,flat,avito,"московская обл., павлово-посадский г.о., павловский посад, ул. кирова, 81",unknown
14000000.0,55.913898,38.000677,75.6,4.0,0.6666666666666666,1982.0,unknown,flat,avito,"московская обл., щелково, свирская ул., 12",unknown
18900000.0,55.842241,37.976566,137.5,4.0,0.7272727272727273,2014.0,unknown,flat,avito,"московская обл., балашиха, чистопольская ул., 30",unknown
9990000.0,55.713785,36.83063,88.0,4.0,0.8888888888888888,2015.0,unknown,flat,avito,"московская обл., одинцовский г.о., звенигород, пр. ветеранов, 10к3",unknown
37927644.0,55.62202,37.12848,125.9,4.0,1.0,,new_building,flat,avito,"д. ликино, стр. 2",жк «мыс»
9200000.0,56.189129,36.983434,73.0,4.0,0.4444444444444444,1988.0,unknown,flat,avito,"московская обл., солнечногорск, банковская ул., 6",unknown
10999000.0,55.6053772,38.0943985,73.6,4.0,0.4444444444444444,1968.0,unknown,flat,avito,"московская обл., жуковский, ул. гагарина, 49",unknown
12000000.0,55.62052980231985,36.98169333760755,78.4,4.0,0.5555555555555556,1979.0,unknown,flat,avito,"московская обл., одинцовский г.о., голицыно, советская ул., 52к4",unknown
19500000.0,55.8855629,37.43357086,105.2,4.0,0.20833333333333334,2011.0,unknown,flat,avito,"московская обл., химки, ул. горшина, 6к1",unknown
10500000.0,55.138053,37.462676,150.6,4.0,1.0,2024.0,unknown,flat,avito,"московская обл., чехов, солнышевская ул., 16б",unknown
23950000.0,55.77407837,37.21863937,134.0,4.0,1.0,2014.0,unknown,flat,avito,"московская обл., г.о. красногорск, пос. ильинское-усово, пр. александра невского, 6",unknown
16669999.0,55.798414,37.961879,85.9,4.0,0.35714285714285715,2014.0,new_building,flat,avito,"московская обл., балашиха, пр-т ленина, 32а",unknown
16500000.0,55.909474,37.703685,90.8,4.0,0.17647058823529413,2008.0,unknown,flat,avito,"московская обл., мытищи, ул. борисовка, 4",unknown
12650000.0,55.824779,37.950982,91.3,4.0,0.29411764705882354,2011.0,unknown,flat,avito,"московская обл., балашиха, мкр-н авиаторов, ул. третьяка, 7",unknown
25900000.0,55.677108,37.89163,128.0,4.0,0.25,2002.0,unknown,flat,avito,"московская обл., люберцы, смирновская ул., 6",unknown
9400000.0,55.89939949595933,37.72330342027148,61.0,4.0,0.2,1968.0,unknown,flat,avito,"московская обл., мытищи, новомытищинский пр-т, 47к4",unknown
10780000.0,55.967103,37.661024,118.0,4.0,0.5,2021.0,unknown,flat,avito,"московская обл., г.о. мытищи, д. болтино, ул. баздырева, 17",unknown
27738559.0,55.86744,37.32191,96.6,4.0,1.0,,new_building,flat,avito,"пос. отрадное, ул. знаменская, стр. 26/1",жк «левел лесной»
31941940.0,55.97951,37.58114,121.9,4.0,1.0,,new_building,flat,avito,"с. троицкое, ул. московская, стр. 1",эко-усадьба «троицкое»
5999000.0,55.320032,38.68504,67.0,4.0,0.8888888888888888,,unknown,flat,avito,"московская обл., воскресенск, железнодорожная ул., 1",unknown
12000000.0,55.74863,37.948925,75.9,4.0,0.07142857142857142,1992.0,unknown,flat,avito,"московская обл., балашиха, мкр-н южное кучино, 1",unknown
8000000.0,56.179349418796,37.00400797655907,91.4,4.0,1.0,1999.0,unknown,flat,avito,"московская обл., солнечногорск, мкр-н рекинцо-2, 1",unknown
18200000.0,55.90822601,37.39056015,104.2,4.0,0.5555555555555556,,unknown,flat,avito,"московская обл., химки, молодежная ул., 76",unknown
7700000.0,56.34844589,38.16728592,78.0,4.0,0.2,,unknown,flat,avito,"московская обл., сергиево-посадский г.о., пос. лесхоза, ул. базисный питомник, 8",unknown
25500000.0,55.5518437955332,37.47470105341449,79.0,4.0,0.1875,,unknown,flat,avito,"москва, новомосковский административный округ, р-н коммунарка, квартал № 160, 1вк4",unknown
7990000.0,55.454131,37.746678,61.4,4.0,0.8,,unknown,flat,avito,"московская обл., домодедово, мкр-н северный, 1-я коммунистическая ул., 38",unknown
11300000.0,55.6687949020893,37.87638806428736,70.0,4.0,0.3333333333333333,,unknown,flat,avito,"московская обл., люберцы, юбилейная ул., 12",unknown
8400000.0,55.97401,37.910504,69.2,4.0,0.7777777777777778,1981.0,unknown,flat,avito,"московская обл., г.о. пушкинский, ивантеевка, ул. дзержинского, 2",unknown
15500000.0,55.607936,38.087203,86.5,4.0,0.9,1976.0,unknown,flat,avito,"московская обл., жуковский, молодежная ул., 32",unknown
10199600.0,55.837035,38.407578,103.5,4.0,0.9166666666666666,,unknown,flat,avito,"московская обл., богородский г.о., ногинск, юбилейная ул., 16а",unknown
22400000.0,55.800048,38.431509,131.7,4.0,0.2857142857142857,2008.0,unknown,flat,avito,"московская обл., электросталь, ногинское ш., 10а",unknown
17900000.0,55.67077637,37.87834549,112.0,4.0,0.42857142857142855,,unknown,flat,avito,"московская обл., люберцы, 115-й квартал, ул. авиаторов, 6",unknown
25499000.0,55.14855625343749,37.47252453798853,329.0,4.0,1.0,2005.0,unknown,flat,avito,"московская обл., чехов, береговая ул., 42",unknown
14800000.0,55.516527,37.568255,68.7,4.0,0.6666666666666666,1987.0,unknown,flat,avito,"москва, новомосковский административный округ, р-н щербинка, щербинка, рабочая ул., 1",unknown
18700000.0,55.762571,37.93572,110.0,4.0,0.75,2011.0,unknown,flat,avito,"московская обл., балашиха, мкр-н салтыковка, ул. черняховского, 30",unknown
19000000.0,55.69972790429581,37.152707059544056,150.0,4.0,1.0,2012.0,unknown,flat,avito,"московская обл., одинцовский г.о., д. солослово, мкр-н 1/2, 1",unknown
13900000.0,55.86252957206603,37.04764823557576,120.0,4.0,0.1111111111111111,2014.0,unknown,flat,avito,"московская обл., муниципальный округ истра, с. рождествено, сиреневый б-р, 16",unknown
7500000.0,55.16574097,37.42864609,94.6,4.0,1.0,1955.0,unknown,flat,avito,"московская обл., чехов, ул. гагарина, 33",unknown
7700000.0,55.79078293,37.96627045,60.3,4.0,1.0,1970.0,unknown,flat,avito,"московская обл., балашиха, ул. карбышева, 13",unknown
21000000.0,55.959575,37.440487,110.6,4.0,0.8333333333333334,2014.0,unknown,flat,avito,"московская обл., химки, мкр-н клязьма-старбеево, квартал клязьма, набережный пр., 5",unknown
25000000.0,55.756351,37.850227,128.5,4.0,0.72,2019.0,unknown,flat,avito,"московская обл., реутов, комсомольская ул., 21к1",unknown
8000000.0,55.642088,38.085074,70.0,4.0,0.1111111111111111,1988.0,unknown,flat,avito,"московская обл., раменский муниципальный округ, пгт. быково, ул. щорса, 11",unknown
5980000.0,56.13449097,37.07065964,60.8,4.0,0.8,,unknown,flat,avito,"московская обл., г.о. солнечногорск, д. пешки, 9",unknown
25000000.0,55.596715492326574,37.76939376953997,110.0,4.0,1.0,,unknown,flat,avito,"московская обл., ленинский г.о., пос. развилка, римский пр., 11",unknown
10500000.0,55.625003,38.005923,62.0,4.0,0.6,1975.0,unknown,flat,avito,"московская обл., г.о. люберцы, рп. малаховка, быковское ш., 37",unknown
17700000.0,55.951325,37.47421,130.0,4.0,0.125,2010.0,unknown,flat,avito,"московская обл., химки, береговая ул., 1",unknown
8200000.0,55.79513,37.971967,61.1,4.0,0.2,1971.0,unknown,flat,avito,"московская обл., балашиха, ул. фадеева, 5",unknown
11700000.0,55.915684,37.74498,62.2,4.0,0.6,,unknown,flat,avito,"московская обл., мытищи, новомытищинский пр-т, 12к1",unknown
26000000.0,55.79294205,37.93387985,120.0,4.0,0.9565217391304348,2015.0,unknown,flat,avito,"московская обл., балашиха, первомайский пр., 1",unknown
14700000.0,55.61899567,37.94614029,72.4,4.0,0.17647058823529413,2023.0,unknown,flat,avito,"московская обл., г.о. люберцы, пос. мирный, ул. академика северина, 13",unknown
5900000.0,55.62381123477645,38.00266074561998,61.6,4.0,1.0,1980.0,unknown,flat,avito,"московская обл., г.о. люберцы, пгт. малаховка, быковское ш., 45",unknown
4700000.0,55.250875,38.75846,82.6,4.0,0.5,1939.0,unknown,flat,avito,"московская обл., воскресенск, мкр-н цемгигант, ленинская ул., 21",unknown
17000000.0,55.883419,37.452471,112.8,4.0,0.8,1975.0,unknown,flat,avito,"московская обл., химки, кольцевая ул., 2",unknown
6300000.0,56.28150177,37.48675919,60.5,4.0,0.4,1973.0,unknown,flat,avito,"московская обл., дмитровский муниципальный округ, яхрома, ул. ленина, 40",unknown
20000000.0,55.603232,37.167957,132.0,4.0,0.25,,unknown,flat,avito,"москва, новомосковский административный округ, р-н внуково, дп. кокошкино, ул. дзержинского, 6",unknown
14500000.0,55.81633377,37.21218872,98.0,4.0,0.8333333333333334,2023.0,unknown,flat,avito,"московская обл., г.о. красногорск, с. николо-урюпино, ул. полковника глазунова, 9",unknown
16900000.0,55.903903,37.45425,100.2,4.0,0.4,,unknown,flat,avito,"московская обл., химки, ул. бурденко, 8/5",unknown
15700000.0,55.631585,37.865229,107.1,4.0,0.7058823529411765,,unknown,flat,avito,"московская обл., г.о. люберцы, дзержинский, угрешская ул., 30",unknown
10300000.0,55.427683,36.865934,57.9,4.0,0.8,1975.0,unknown,flat,avito,"москва, троицкий административный округ, поселение киевский, рп. киевский, 3",unknown
7400000.0,55.730811,38.031148,61.0,4.0,0.8,1971.0,unknown,flat,avito,"московская обл., балашиха, мкр-н саввино, ул. 1 мая, 18",unknown
18000000.0,55.680625,37.915418,95.3,4.0,0.2,,unknown,flat,avito,"московская обл., люберцы, рождественская ул., 6",unknown
21000000.0,55.654218,37.264723,110.6,4.0,0.3125,2019.0,unknown,flat,avito,"московская обл., одинцовский г.о., одинцово, рябиновая ул., 1",unknown
19000000.0,55.535921,37.722532,86.2,4.0,0.6470588235294118,2014.0,unknown,flat,avito,"московская обл., ленинский г.о., д. сапроново, мкр-н купелинка, квартал северный, 6",unknown
19000000.0,55.90204281133185,37.4781811674811,106.0,4.0,0.08695652173913043,2013.0,unknown,flat,avito,"московская обл., химки, совхозная ул., 16",unknown
12500000.0,55.918434,37.782153,68.1,4.0,0.2222222222222222,1976.0,unknown,flat,avito,"московская обл., мытищи, ул. академика каргина, 36",unknown
15000000.0,55.554277,37.693992,99.0,4.0,0.75,1955.0,new_building,flat,avito,"московская обл., ленинский г.о., видное, школьная ул., 68",unknown
14990000.0,55.421619,37.766279,96.9,4.0,0.8571428571428571,2008.0,unknown,flat,avito,"московская обл., домодедово, мкр-н западный, рабочая ул., 58",unknown
13400000.0,55.58643,37.899113,78.8,4.0,0.5833333333333334,1979.0,unknown,flat,avito,"московская обл., лыткарино, 5-й мкр-н, 1-й квартал, 11",unknown
11500000.0,56.004141,37.844065,75.3,4.0,0.7777777777777778,1984.0,unknown,flat,avito,"московская обл., г.о. пушкинский, пушкино, ул. 50 лет комсомола, 5",unknown
8900000.0,55.91028526974747,36.87197743395995,61.9,4.0,0.4,1972.0,unknown,flat,avito,"московская обл., истра, юбилейная ул., 17",unknown
9500000.0,55.75047302,38.0163002,66.0,4.0,0.2222222222222222,1974.0,unknown,flat,avito,"московская обл., балашиха, мкр-н железнодорожный, советская ул., 16",unknown
24890000.0,55.142406,37.457924,120.0,4.0,0.7777777777777778,2013.0,unknown,flat,avito,"московская обл., чехов, ул. чехова, 79к1",unknown
11900000.0,55.503431,37.948835,91.7,4.0,0.8,2013.0,new_building,flat,avito,"московская обл., ленинский г.о., пос. володарского, зеленая ул., 42",unknown
28500000.0,55.81184274286761,37.363093898147554,134.2,4.0,0.4,2014.0,unknown,flat,avito,"московская обл., красногорск, павшинский б-р, 36",unknown
9850000.0,55.619462,36.984619,76.2,4.0,0.4444444444444444,1995.0,unknown,flat,avito,"московская обл., одинцовский г.о., голицыно, советская ул., 60",unknown
9930000.0,55.150088,37.483122,102.0,4.0,0.2,1978.0,unknown,flat,avito,"московская обл., чехов, набережная ул., 5",unknown
20000000.0,55.69125748,37.20927811,86.3,4.0,0.5,2023.0,new_building,flat,avito,"московская обл., одинцовский г.о., с. лайково, мкр-н город-событие, 17",unknown
30886920.0,55.50446325509337,37.77257993386837,138.0,4.0,0.3333333333333333,2010.0,unknown,flat,avito,"московская обл., ленинский г.о., пгт. горки ленинские, центральная ул., 18",unknown
16950000.0,55.750256,38.018293,86.8,4.0,0.8,2002.0,unknown,flat,avito,"московская обл., балашиха, мкр-н железнодорожный, советская ул., 18",unknown
13000000.0,55.90228271,37.45211029,88.3,4.0,0.8,1935.0,unknown,flat,avito,"московская обл., химки, ул. бурденко, 2",unknown
14000000.0,55.455321,37.285483,77.1,4.0,1.0,2024.0,new_building,flat,avito,"москва, троицкий административный округ, р-н троицк, троицк, ул. академика дыхне, 8",unknown
6700000.0,55.39022,39.024675,91.0,4.0,0.3333333333333333,1978.0,unknown,flat,avito,"московская обл., егорьевск, советская ул., 8",unknown
12500000.0,55.552968,37.724023,84.4,4.0,0.3125,1977.0,unknown,flat,avito,"московская обл., ленинский г.о., видное, пр-т ленинского комсомола, 2к1",unknown
33000000.0,55.580387,37.479954,135.5,4.0,0.6666666666666666,1999.0,unknown,flat,avito,"москва, новомосковский административный округ, поселение сосенское, пос. газопровод, 4",unknown
7900000.0,55.427606,37.500827,61.2,4.0,0.6,1968.0,unknown,flat,avito,"московская обл., подольск, ленинградская ул., 8",unknown
15600000.0,55.54619,37.722415,86.6,4.0,0.3888888888888889,2009.0,unknown,flat,avito,"московская обл., ленинский г.о., видное, ольховая ул., 2",unknown
26700000.0,55.819332,37.376851,130.1,4.0,0.4,2015.0,unknown,flat,avito,"московская обл., красногорск, красногорский б-р, 24",unknown
27300000.0,55.601414348721576,37.360954713612735,110.0,4.0,0.36,,unknown,flat,avito,"москва, новомосковский административный округ, филимонковский р-н, московский, ул. бианки, 6к3",unknown
33475200.0,55.85528,37.32589,126.8,4.0,0.6666666666666666,,new_building,flat,avito,"с. ангелово, мфжк «ангелово-резиденц», д. 69",клубная резиденция «ангелово»
34219790.0,55.62202,37.12848,124.3,4.0,0.5,,new_building,flat,avito,"д. ликино, стр. 2",жк «мыс»
15300000.0,55.3977623,37.77367401,98.0,4.0,1.0,2015.0,unknown,flat,avito,"московская обл., домодедово, мкр-н южный, ул. курыжова, 21",unknown
8300000.0,55.747317,37.967888,63.1,4.0,0.6666666666666666,,unknown,flat,avito,"московская обл., балашиха, мкр-н керамик, ул. свободы, 1",unknown
17500000.0,55.59279633,37.03207779,100.0,4.0,0.2,1998.0,unknown,flat,avito,"московская обл., краснознаменск, октябрьская ул., 9",unknown
9000000.0,55.870935,37.104778,82.0,4.0,0.5,1955.0,unknown,flat,avito,"московская обл., муниципальный округ истра, дедовск, ул. володарского, 23",unknown
9900000.0,55.949657,37.333139,62.8,4.0,1.0,1975.0,unknown,flat,avito,"московская обл., химки, мкр-н подрезково, ул. жаринова, 6",unknown
6950000.0,56.099646,38.122156,61.0,4.0,0.8,1973.0,unknown,flat,avito,"московская обл., г.о. пушкинский, красноармейск, ул. морозова, 5",unknown
25399000.0,55.77397537,37.2171936,124.6,4.0,0.1111111111111111,2020.0,unknown,flat,avito,"московская обл., г.о. красногорск, пос. ильинское-усово, пр. александра невского, 7",unknown
22200000.0,55.489927,37.337343,99.6,4.0,0.46153846153846156,2022.0,new_building,flat,avito,"москва, новомосковский административный округ, поселение десеновское, кварцевая ул., 3к1",unknown
5300000.0,56.395178,38.225894,58.4,4.0,0.2,1973.0,unknown,flat,avito,"московская обл., сергиево-посадский г.о., с. сватково, 6",unknown
12950000.0,55.423509,37.485035,96.0,4.0,1.0,2010.0,unknown,flat,avito,"московская обл., подольск, ул. академика доллежаля, 6",unknown
29500000.0,55.55924225,37.70586777,166.0,4.0,0.17647058823529413,,new_building,flat,avito,"московская обл., ленинский г.о., видное, клубный пер., 7",unknown
4300000.0,56.42592,38.25393,59.3,4.0,0.8,1979.0,unknown,flat,avito,"московская обл., сергиево-посадский г.о., д. семенково, 6",unknown
8500000.0,55.45521482955896,37.59183156373045,61.0,4.0,0.4,,unknown,flat,avito,"московская обл., подольск, плещеевская ул., 64",unknown
12300000.0,56.011374,37.825011,78.3,4.0,0.8888888888888888,1998.0,unknown,flat,avito,"московская обл., г.о. пушкинский, пушкино, ул. льва толстого, 20а",unknown
26450000.0,55.70499511163078,37.02633125133936,165.0,4.0,0.9375,2008.0,unknown,flat,avito,"московская обл., одинцовский г.о., пос. горки-10, 23",unknown
17500000.0,55.87806539456067,37.3606151145208,112.0,4.0,1.0,,unknown,flat,avito,"московская обл., г.о. красногорск, д. гаврилково, жилой комплекс эдем, 20-й квартал, 4",unknown
12500000.0,55.42931366,37.77466202,76.1,4.0,1.0,1997.0,unknown,flat,avito,"московская обл., домодедово, ул. 25 лет октября, 2",unknown
21500000.0,55.91778183,37.84402847,112.0,4.0,0.4117647058823529,2014.0,unknown,flat,avito,"московская обл., королев, октябрьский б-р, 5",unknown
3600000.0,55.385965,39.030874,73.0,4.0,1.0,,unknown,flat,avito,"московская обл., егорьевск, советская ул., 48",unknown
12800000.0,55.680407,37.286543,64.0,4.0,0.4444444444444444,,unknown,flat,avito,"московская обл., одинцовский г.о., одинцово, можайское ш., 97",unknown
8500000.0,55.32695389,37.3449173,60.2,4.0,0.2,1974.0,unknown,flat,avito,"москва, троицкий административный округ, р-н вороново, с. кленово, октябрьская ул., 6",unknown
4700000.0,56.494669,38.176684,76.1,4.0,0.8888888888888888,1989.0,unknown,flat,avito,"московская обл., сергиево-посадский г.о., пгт. богородское, 72",unknown
12900000.0,55.76173,37.964457,108.0,4.0,0.5882352941176471,2015.0,unknown,flat,avito,"московская обл., балашиха, мкр-н кучино, ул. брагина, 1",unknown
9300000.0,55.432577,37.49559,74.3,4.0,0.5555555555555556,1970.0,unknown,flat,avito,"московская обл., подольск, красногвардейский б-р, 23",unknown
5400000.0,55.73777,38.845938,79.0,4.0,1.0,1978.0,unknown,flat,avito,"московская обл., орехово-зуевский г.о., дрезна, южная ул., 1",unknown
5350000.0,55.871506,38.195521,60.6,4.0,1.0,1982.0,unknown,flat,avito,"московская обл., лосино-петровский, ул. строителей, 11",unknown
19100000.0,55.90415,37.454384,102.0,4.0,1.0,1935.0,unknown,flat,avito,"московская обл., химки, ул. бурденко, 8/5",unknown
18000000.0,55.449276,37.248392,126.5,4.0,0.3333333333333333,2012.0,unknown,flat,avito,"москва, троицкий административный округ, краснопахорский р-н, с. былово, кп былово, радужная ул., 14",unknown
10500000.0,55.41324820399674,36.71700724310017,86.8,4.0,0.1111111111111111,,unknown,flat,avito,"московская обл., наро-фоминский г.о., наро-фоминск, ул. шибанкова, 91",unknown
8675000.0,55.78545761,38.44503784,88.0,4.0,0.4,,unknown,flat,avito,"московская обл., электросталь, пр-т ленина, 47/12",unknown
6300000.0,55.805123,38.969366,81.8,4.0,0.5,1932.0,unknown,flat,avito,"московская обл., орехово-зуевский г.о., орехово-зуево, ул. гагарина, 7",unknown
22000000.0,55.82526779,37.36717606,104.0,4.0,0.08695652173913043,2005.0,unknown,flat,avito,"московская обл., красногорск, ул. имени егорова, 3",unknown
17800000.0,55.66680145,37.86548233,89.4,4.0,1.0,2004.0,unknown,flat,avito,"московская обл., котельники, кузьминская ул., 11",unknown
8700000.0,55.844885,38.408207,74.0,4.0,0.14285714285714285,1994.0,unknown,flat,avito,"московская обл., богородский г.о., ногинск, ул. 3-го интернационала, 224",unknown
13800000.0,55.546694,37.709308,73.5,4.0,0.16666666666666666,1983.0,unknown,flat,avito,"московская обл., ленинский г.о., видное, пр-т ленинского комсомола, 46",unknown
6000000.0,56.33076,38.134077,59.7,4.0,0.2,1968.0,unknown,flat,avito,"московская обл., сергиево-посадский г.о., сергиев посад, новоугличское ш., 84а",unknown
8000000.0,56.355525,37.547953,77.1,4.0,0.8,1990.0,unknown,flat,avito,"московская обл., дмитровский г.о., дмитров, внуковская ул., 27",unknown
8100000.0,55.6053772,38.0943985,74.9,4.0,0.1111111111111111,,unknown,flat,avito,"московская обл., жуковский, ул. гагарина, 49",unknown
14000000.0,55.80995941,37.32361603,73.3,4.0,0.6666666666666666,1986.0,unknown,flat,avito,"московская обл., красногорск, заводская ул., 27",unknown
26424255.0,55.9038,37.7386,106.7,4.0,0.7857142857142857,,unknown,flat,avito,"22 мкр., корп. 12",жк «цветочный город»
6900000.0,55.80685806,38.98612976,63.0,4.0,0.5555555555555556,1974.0,unknown,flat,avito,"московская обл., орехово-зуевский г.о., орехово-зуево, ул. стачки 1885 года, 2",unknown
20990000.0,55.836964,37.266385,114.0,4.0,0.4166666666666667,2015.0,unknown,flat,avito,"московская обл., красногорск, ул. игоря мерлушкина, 10",unknown
19200000.0,55.947495,38.071401,102.0,4.0,0.4166666666666667,2007.0,unknown,flat,avito,"московская обл., фрязино, ул. барские пруды, 1",unknown
15912285.0,55.82087,37.21002,73.0,4.0,0.9285714285714286,,new_building,flat,avito,"ул. береговая, стр. 1.2",жк «аникеевский»
9700000.0,55.80480576,38.98082733,87.0,4.0,0.7,1987.0,unknown,flat,avito,"московская обл., орехово-зуевский г.о., орехово-зуево, центральный б-р, 3",unknown
14800000.0,55.8870736987988,37.44087938510215,78.0,4.0,1.0,1952.0,unknown,flat,avito,"московская обл., химки, ленинградская ул., 7",unknown
25300000.0,55.884363,37.433669,130.0,4.0,0.72,2008.0,unknown,flat,avito,"московская обл., химки, ул. горшина, 8",unknown
18490000.0,55.528228,37.029903,115.0,4.0,1.0,2021.0,unknown,flat,avito,"московская обл., наро-фоминский г.о., апрелевка, ул. парк апрель, 31",unknown
14900000.0,55.089336,38.765242,101.0,4.0,0.5,1957.0,unknown,flat,avito,"московская обл., коломна, пр-т кирова, 10",unknown
6700000.0,55.079746,38.802675,88.0,4.0,1.0,1935.0,unknown,flat,avito,"московская обл., коломна, окский пр-т, 11",unknown
4999000.0,55.576096,39.531721,62.0,4.0,0.6,1968.0,unknown,flat,avito,"московская обл., шатура, пр-т ильича, 37/2",unknown
16648300.0,55.73433,38.00458,72.7,4.0,0.7391304347826086,,new_building,flat,avito,"мкр. железнодорожный, пр-т героев, ул. автозаводская, стр. 610с2",жк «героев»
9300000.0,55.806322,38.474628,84.0,4.0,0.14285714285714285,1993.0,unknown,flat,avito,"московская обл., электросталь, юбилейная ул., 13",unknown
30000000.0,55.468111061527416,37.28908457672119,110.0,4.0,1.0,2016.0,unknown,flat,avito,"москва, троицкий административный округ, р-н троицк, троицк, троицкий б-р, 3",unknown
23500000.0,55.677199,37.883599,120.0,4.0,0.4,2012.0,resale,flat,avito,"московская обл., люберцы, ул. калараш, 13",unknown
15000000.0,55.40597504823271,37.48644940774919,149.0,4.0,0.75,2015.0,unknown,flat,avito,"московская обл., г.о. подольск, д. бородино, варшавское ш., 69",unknown
17799444.0,55.52703,37.71752,109.5,4.0,0.875,,unknown,flat,avito,"ленинский городской округ, д. сапроново, ул. донская, д. 5",жк «1-й донской»
7000000.0,55.56616079934341,36.98611163142485,61.8,4.0,1.0,1966.0,unknown,flat,avito,"московская обл., наро-фоминский г.о., пгт. калининец, 18",unknown
16950000.0,55.493798,37.299623,108.6,4.0,1.0,2009.0,unknown,flat,avito,"москва, троицкий административный округ, р-н троицк, троицк, нагорная ул., 6",unknown
12814629.0,55.906396,37.397243,105.5,4.0,0.7391304347826086,2011.0,unknown,flat,avito,"московская обл., химки, пр-т мельникова, 25",unknown
16900000.0,55.65477753,37.96652222,110.0,4.0,1.0,2014.0,unknown,flat,avito,"московская обл., г.о. люберцы, пгт. томилино, мкр-н экопарк, ул. беляева, 10",unknown
13845000.0,55.903872,38.064224,128.8,4.0,0.6875,2011.0,unknown,flat,avito,"московская обл., щелково, мкр-н щелково-3, ул. супруна, 1а",unknown
35000000.0,55.59017563,37.44765472,103.3,4.0,1.0,2021.0,new_building,flat,avito,"москва, новомосковский административный округ, поселение сосенское, пр-т магеллана, 1",unknown
8500000.0,55.82186127,37.96967697,65.3,4.0,0.8888888888888888,1981.0,unknown,flat,avito,"московская обл., балашиха, ул. свердлова, 16/5",unknown
36250222.0,55.62172,37.12657,130.8,4.0,0.3333333333333333,,new_building,flat,avito,"д. ликино, стр. 1",жк «мыс»
7300000.0,55.856356,38.437689,79.8,4.0,0.8,1930.0,unknown,flat,avito,"московская обл., богородский г.о., ногинск, рабочая ул., 77",unknown
23600000.0,55.910291,37.860513,114.4,4.0,0.058823529411764705,2003.0,unknown,flat,avito,"московская обл., королев, стадионная ул., 5",unknown
10400000.0,56.066022,37.379106,115.0,4.0,1.0,,unknown,flat,avito,"московская обл., дмитровский г.о., с. озерецкое, коттеджный пос. мечта, б-р мечта, 6",unknown
30200000.0,55.56079865,37.49839401,71.0,4.0,0.6470588235294118,2025.0,unknown,flat,avito,"москва, новомосковский административный округ, р-н коммунарка, жк скандинавия, ул. эдварда грига, 7",unknown
35000000.0,55.80721649473777,37.32357930465172,229.0,4.0,0.9166666666666666,2005.0,unknown,flat,avito,"московская обл., красногорск, ул. королева, 7",unknown
12500000.0,55.415773,37.486328,93.6,4.0,0.35294117647058826,2010.0,unknown,flat,avito,"московская обл., подольск, ул. генерала смирнова, 10",unknown
27250000.0,55.706543,37.958546,109.0,4.0,0.29411764705882354,2015.0,new_building,flat,avito,"московская обл., люберцы, мкр-н зенино жк самолет, вертолетная ул., 4к2",unknown
29900000.0,55.556134932223536,37.70545291534425,100.0,4.0,1.0,1951.0,unknown,flat,avito,"московская обл., ленинский г.о., видное, школьная ул., 34",unknown
14400000.0,55.943714,37.769316,74.4,4.0,0.9411764705882353,2023.0,new_building,flat,avito,"московская обл., мытищи, 1-й стрелковый пер., 1",unknown
15881400.0,55.73608,38.00844,69.2,4.0,0.6470588235294118,,new_building,flat,avito,"мкр. железнодорожный, пр-т героев, ул. автозаводская, корп. 410",жк «героев»
14500000.0,55.424132,37.484631,96.6,4.0,0.16666666666666666,2010.0,unknown,flat,avito,"московская обл., подольск, ул. генерала стрельбицкого, 9",unknown
15297800.0,55.73608,38.00844,68.6,4.0,0.11764705882352941,,new_building,flat,avito,"мкр. железнодорожный, пр-т героев, ул. автозаводская, корп. 410",жк «героев»
4850000.0,55.378427,39.052002,81.5,4.0,0.75,1930.0,unknown,flat,avito,"московская обл., егорьевск, гражданская ул., 141/14",unknown
19000000.0,55.826579,37.140279,109.5,4.0,0.6666666666666666,2020.0,unknown,flat,avito,"московская обл., муниципальный округ истра, д. лобаново, новая ул., 2",unknown
21900000.0,55.56146781400204,37.49775298609233,72.5,4.0,0.25,2025.0,unknown,flat,avito,"москва, новомосковский административный округ, р-н коммунарка, жк скандинавия, ул. эдварда грига, 7",unknown
9200000.0,55.947974,37.836788,102.0,4.0,0.2,,unknown,flat,avito,"московская обл., королев, мкр-н текстильщик, молодежная ул., 3",unknown
5500000.0,55.337655,37.325018,103.2,4.0,1.0,2014.0,unknown,apartments,avito,"москва, троицкий административный округ, поселение кленовское, база отдыха витро вилладж, к5",unknown
15881400.0,55.73608,38.00844,69.2,4.0,0.5294117647058824,,new_building,flat,avito,"мкр. железнодорожный, пр-т героев, ул. автозаводская, корп. 410",жк «героев»
13990000.0,55.8223877,37.94821548,96.0,4.0,0.75,2012.0,unknown,flat,avito,"московская обл., балашиха, мкр-н авиаторов, б-р нестерова, 10",unknown
10500000.0,55.61946106,36.98461914,100.0,4.0,1.0,,unknown,flat,avito,"московская обл., одинцовский г.о., голицыно, советская ул., 60",unknown
15000000.0,55.901031,37.723825,83.5,4.0,0.1111111111111111,1971.0,unknown,flat,avito,"московская обл., мытищи, новомытищинский пр-т, 43к1",unknown
19500000.0,55.89887619,38.50118256,129.2,4.0,0.8,2015.0,unknown,flat,avito,"московская обл., богородский г.о., квартал яхонтовый лес, 6",unknown
16500000.0,55.94752502,37.29513931,96.3,4.0,0.6666666666666666,2009.0,unknown,flat,avito,"московская обл., химки, мкр-н сходня, вишневая ул., 3а",unknown
16095200.0,55.73608,38.00844,68.2,4.0,0.36363636363636365,,new_building,flat,avito,"мкр. железнодорожный, пр-т героев, ул. автозаводская, корп. 410",жк «героев»
17756739.0,55.52703,37.71752,109.5,4.0,0.5833333333333334,,unknown,flat,avito,"ленинский городской округ, д. сапроново, ул. донская, д. 5",жк «1-й донской»
24000000.0,55.730958,36.850824,135.7,4.0,1.0,2009.0,unknown,flat,avito,"московская обл., одинцовский г.о., звенигород, ул. чехова, 1",unknown
11799000.0,55.922454,37.788306,78.7,4.0,0.4444444444444444,1979.0,unknown,flat,avito,"московская обл., мытищи, калининградская ул., 16",unknown
17350000.0,55.88125479144267,37.362196878105735,105.0,4.0,1.0,2012.0,unknown,flat,avito,"московская обл., г.о. красногорск, д. гаврилково, жилой комплекс эдем, ул. 3-й квартал, 2",unknown
22990000.0,55.55746355669186,37.31040495989743,91.0,4.0,0.25,2021.0,unknown,flat,avito,"москва, новомосковский административный округ, филимонковский р-н, золотошвейная ул., 9",unknown
8700000.0,55.488473,37.728945,62.9,4.0,0.3333333333333333,1973.0,unknown,flat,avito,"московская обл., г.о. домодедово, д. павловское, колхозная ул., 3",unknown
36000000.0,55.773606,37.846463,147.9,4.0,0.8333333333333334,2014.0,unknown,flat,avito,"московская обл., реутов, ул. реутовских ополченцев, 8",unknown
8950000.0,55.59888458,37.8802948,61.3,4.0,0.4,1969.0,unknown,flat,avito,"московская обл., лыткарино, 6-й мкр-н, 22",unknown
15000000.0,55.450384,37.54365,105.0,4.0,0.07142857142857142,2003.0,unknown,flat,avito,"московская обл., подольск, колхозная ул., 18",unknown
16000000.0,55.451176,37.54488,97.5,4.0,0.2857142857142857,2012.0,unknown,flat,avito,"московская обл., подольск, мкр-н красная горка, садовая ул., 5",unknown
19000000.0,55.773484,38.440672,118.5,4.0,0.9,2004.0,new_building,flat,avito,"московская обл., электросталь, ул. победы, 15к4",unknown
5950000.0,55.4595871,38.44326782,65.8,4.0,1.0,1971.0,unknown,flat,avito,"московская обл., г.о. воскресенск, белоозерский, молодежная ул., 18",unknown
17500000.0,55.482265,37.498824,116.0,4.0,0.5833333333333334,2022.0,unknown,flat,avito,"москва, новомосковский административный округ, р-н щербинка, гореловская ул., 3",unknown
39509814.0,55.62172,37.12657,139.7,4.0,0.6,,new_building,flat,avito,"д. ликино, стр. 1",жк «мыс»
18500000.0,55.8871477068651,37.7457441505236,115.0,4.0,1.0,1999.0,unknown,flat,avito,"московская обл., мытищи, ул. герцена, 1к1",unknown
10900000.0,55.571876,38.232972,96.6,4.0,0.1111111111111111,1988.0,unknown,flat,avito,"московская обл., раменский г.о., раменское, красноармейская ул., 14",unknown
18215388.0,55.52703,37.71752,90.5,4.0,0.6666666666666666,,unknown,flat,avito,"ленинский городской округ, д. сапроново, ул. донская, д. 5",жк «1-й донской»
10100000.0,54.889708,38.073872,96.8,4.0,1.0,1950.0,unknown,flat,avito,"московская обл., ступино, ул. горького, 35",unknown
3200000.0,54.6721728380121,38.5010894072683,62.1,4.0,0.4,1969.0,unknown,flat,avito,"московская обл., г.о. кашира, пос. богатищево, новая ул., 2",unknown
7150000.0,55.50983429,36.01663971,79.0,4.0,0.6666666666666666,1984.0,unknown,flat,avito,"московская обл., можайский муниципальный округ, можайск, перовская ул., 1а",unknown
27000000.0,55.901223,37.404034,93.4,4.0,0.25,2019.0,unknown,flat,avito,"московская обл., химки, пр-т мельникова, 5к2",unknown
12500000.0,56.011077,37.835872,78.0,4.0,0.8,1982.0,unknown,flat,avito,"московская обл., г.о. пушкинский, пушкино, лесная ул., 3",unknown
10500000.0,55.576884,37.89755,80.0,4.0,0.16666666666666666,1987.0,unknown,flat,avito,"московская обл., лыткарино, ул. ленина, 27",unknown
13000000.0,55.434865,37.761815,108.2,4.0,0.1,2000.0,unknown,flat,avito,"московская обл., домодедово, мкр-н центральный, подольский пр., 14",unknown
14100000.0,55.41682434,37.47842407,91.0,4.0,0.35714285714285715,2010.0,unknown,flat,avito,"московская обл., подольск, ул. академика доллежаля, 30",unknown
12000000.0,55.816692,37.950201,79.0,4.0,0.3333333333333333,,unknown,flat,avito,"московская обл., балашиха, ул. орджоникидзе, 22",unknown
14000000.0,54.92932129,37.44924545,95.4,4.0,0.5,,unknown,flat,avito,"московская обл., серпухов, ул. ворошилова, 163",unknown
7500000.0,56.434685,38.245477,73.1,4.0,0.1111111111111111,1988.0,unknown,flat,avito,"московская обл., сергиево-посадский г.о., краснозаводск, ул. 50 лет октября, 3",unknown
15300000.0,55.771185,37.848951,80.0,4.0,0.5555555555555556,1984.0,unknown,flat,avito,"московская обл., реутов, ул. некрасова, 16",unknown
3550000.0,54.6726799,38.50196457,60.3,4.0,1.0,1968.0,unknown,flat,avito,"московская обл., г.о. кашира, пос. богатищево, новая ул., 3",unknown
17500000.0,55.612248,37.256468,92.4,4.0,0.11764705882352941,1997.0,unknown,flat,avito,"москва, пос. внуково, интернациональная ул., 2",unknown
14500000.0,55.885438,37.414598,66.0,4.0,1.0,,unknown,flat,avito,"московская обл., химки, ул. строителей, 5",unknown
13800000.0,56.294756,38.124384,113.3,4.0,0.6666666666666666,2000.0,unknown,flat,avito,"московская обл., сергиево-посадский г.о., сергиев посад, хотьковский пр., 9",unknown
10000000.0,56.352008,37.527319,74.0,4.0,0.3333333333333333,,new_building,flat,avito,"московская обл., дмитровский г.о., дмитров, мкр-н имени к.а. аверьянова, 11",unknown
13950000.0,55.842241,37.976566,100.6,4.0,0.8181818181818182,2015.0,unknown,flat,avito,"московская обл., балашиха, чистопольская ул., 30",unknown
22000000.0,55.49312592,37.5541687,100.0,4.0,0.2222222222222222,2014.0,unknown,flat,avito,"москва, новомосковский административный округ, поселение щербинка, щербинка, квартал южный, 10",unknown
9900000.0,55.56669,38.226558,64.6,4.0,0.6666666666666666,1979.0,unknown,flat,avito,"московская обл., раменский г.о., раменское, ул. ногина, 3",unknown
10000000.0,55.39988327,37.55595779,77.3,4.0,0.6666666666666666,,unknown,flat,avito,"московская обл., подольск, ул. циолковского, 10/6",unknown
8790000.0,54.883510147698566,38.06287386099599,79.3,4.0,0.8,1981.0,unknown,flat,avito,"московская обл., ступино, ул. чайковского, 33",unknown
16500000.0,56.003915,37.451492,98.9,4.0,0.9411764705882353,,unknown,flat,avito,"московская обл., лобня, физкультурная ул., 14",unknown
11500000.0,55.36141205,37.5147171,84.4,4.0,0.7777777777777778,,unknown,flat,avito,"московская обл., подольск, мкр-н климовск, советская ул., 1",unknown
15640800.0,55.73608,38.00844,68.6,4.0,0.23529411764705882,,new_building,flat,avito,"мкр. железнодорожный, пр-т героев, ул. автозаводская, корп. 410",жк «героев»
10500000.0,55.79456329,37.96182632,73.9,4.0,0.8888888888888888,1970.0,unknown,flat,avito,"московская обл., балашиха, пионерская ул., 1",unknown
6150000.0,56.24753189,37.50289154,61.3,4.0,0.8,1979.0,unknown,flat,avito,"московская обл., дмитровский муниципальный округ, пгт. деденево, заречная ул., 4",unknown
16626050.0,55.73608,38.00844,70.9,4.0,0.29411764705882354,,new_building,flat,avito,"мкр. железнодорожный, пр-т героев, ул. автозаводская, корп. 410",жк «героев»
20000000.0,55.913883,37.711087,102.3,4.0,0.36363636363636365,2012.0,new_building,flat,avito,"московская обл., мытищи, ул. борисовка, 12а",unknown
18900000.0,55.55337,37.47416,65.8,4.0,0.6818181818181818,2025.0,unknown,flat,avito,"москва, новомосковский административный округ, р-н коммунарка, жк дзен-кварталы, 3.1",unknown
16011450.0,55.73392,38.00359,66.3,4.0,1.0,,new_building,flat,avito,"мкр. железнодорожный, пр-т героев, ул. автозаводская, стр. 610с1",жк «героев»
13300000.0,55.429578,37.505436,83.5,4.0,0.2222222222222222,,unknown,flat,avito,"московская обл., подольск, октябрьский пр-т, 13",unknown
5990000.0,56.03604,35.508589,60.6,4.0,0.6,1979.0,unknown,flat,avito,"московская обл., муниципальный округ шаховская, пгт. шаховская, рижская ул., 9",unknown
26000000.0,55.83370972,37.31930542,125.3,4.0,1.0,2003.0,unknown,flat,avito,"московская обл., красногорск, парковая ул., 1г",unknown
6900000.0,54.756449,38.887143,75.6,4.0,0.4,1976.0,unknown,flat,avito,"московская обл., зарайск, 1-й мкр-н, 17",unknown
16850000.0,55.908227,37.390559,100.4,4.0,0.68,2009.0,unknown,flat,avito,"московская обл., химки, молодежная ул., 76",unknown
34064800.0,55.85528,37.32589,126.4,4.0,1.0,,new_building,flat,avito,"с. ангелово, мфжк «ангелово-резиденц», д. 69",клубная резиденция «ангелово»
12500000.0,55.651205784245214,37.12303215668007,72.2,4.0,1.0,2023.0,unknown,flat,avito,"московская обл., одинцовский г.о., с. перхушково, мкр-н равновесие, 7",unknown
5800000.0,55.92197037,38.1291008,58.0,4.0,0.2,1971.0,unknown,flat,avito,"московская обл., г.о. лосино-петровский, пос. юность, 7",unknown
18400000.0,55.74882889,37.86261368,79.0,4.0,0.14285714285714285,1990.0,unknown,flat,avito,"московская обл., реутов, юбилейный пр-т, 24/7",unknown
19000000.0,55.789492,37.881794,100.6,4.0,0.9,,unknown,flat,avito,"московская обл., балашиха, ул. ситникова, 6",unknown
16715423.0,55.81534,37.20937,71.5,4.0,0.16666666666666666,,new_building,flat,avito,"ул. полковника глазунова, стр. 7",жк «аникеевский»
23600000.0,55.53104854965709,37.44717777210664,129.6,4.0,1.0,1997.0,unknown,flat,avito,"москва, новомосковский административный округ, р-н коммунарка, пос. воскресенское, 31",unknown
25500000.0,55.536951889392455,37.153701736984274,144.5,4.0,0.6666666666666666,2010.0,unknown,flat,avito,"москва, новомосковский административный округ, филимонковский р-н, пос. первомайское, центральная ул., 24",unknown
3100000.0,55.65454381980632,39.86714291534362,61.3,4.0,0.8,1974.0,unknown,flat,avito,"московская обл., муниципальный округ шатура, рошаль, 1-я первомайская ул., 1",unknown
9000000.0,54.92179489,37.40581131,99.0,4.0,0.6666666666666666,2001.0,unknown,flat,avito,"московская обл., серпухов, 1-я московская ул., 55/3",unknown
15000000.0,55.746917,37.985828,89.1,4.0,1.0,2004.0,unknown,flat,avito,"московская обл., балашиха, мкр-н ольгино, граничная ул., 18",unknown
22000000.0,55.99965668,37.86947632,94.0,4.0,0.7727272727272727,2020.0,unknown,flat,avito,"московская обл., г.о. пушкинский, пушкино, ярославское ш., 141к2",unknown
9980000.0,55.58911133,38.20892334,74.4,4.0,0.6666666666666666,1970.0,unknown,flat,avito,"московская обл., раменский муниципальный округ, раменское, коммунистическая ул., 7",unknown
4500000.0,54.860917,38.589963,77.0,4.0,0.4,1977.0,unknown,flat,avito,"московская обл., г.о. коломна, пос. центральной усадьбы совхоза озеры, 42",unknown
10799900.0,55.9683876,37.66376495,117.5,4.0,0.5,2021.0,unknown,flat,avito,"московская обл., г.о. мытищи, д. болтино, ул. баздырева, 1",unknown
9800000.0,55.0891571,38.78061295,89.9,4.0,0.75,,unknown,flat,avito,"московская обл., коломна, парковый пр., 3",unknown
33343200.0,55.85528,37.32589,126.3,4.0,0.6666666666666666,,new_building,flat,avito,"с. ангелово, мфжк «ангелово-резиденц», д. 69",клубная резиденция «ангелово»
16037550.0,55.73608,38.00844,68.1,4.0,0.9090909090909091,,new_building,flat,avito,"мкр. железнодорожный, пр-т героев, ул. автозаводская, корп. 410",жк «героев»
16356012.0,55.81504,37.20912,75.5,4.0,0.16666666666666666,,new_building,flat,avito,"ул. полковника глазунова, стр. 9",жк «аникеевский»
5200000.0,54.9286499,37.36785126,65.0,4.0,0.3333333333333333,1958.0,unknown,flat,avito,"московская обл., серпухов, дальняя ул., 4а",unknown
26300000.0,55.6024437,37.36191177,105.0,4.0,0.68,,unknown,flat,avito,"москва, новомосковский административный округ, поселение московский, московский, ул. бианки, 6к1",unknown
9900000.0,55.46956635,37.56884766,82.0,4.0,0.2222222222222222,1989.0,unknown,flat,avito,"московская обл., подольск, трубная ул., 28",unknown
27500000.0,55.886943,37.457268,117.4,4.0,0.68,2014.0,unknown,flat,avito,"московская обл., химки, ул. ватутина, 4к2",unknown
6700000.0,56.034642,37.95286,85.4,4.0,1.0,1985.0,unknown,flat,avito,"московская обл., г.о. пушкинский, д. коптелино, 1",unknown
14150000.0,55.619117,37.944757,72.4,4.0,0.7647058823529411,2023.0,unknown,flat,avito,"московская обл., г.о. люберцы, пгт. мирный, ул. академика северина, 13",unknown
24500000.0,55.886428,37.418416,125.7,4.0,0.5294117647058824,2001.0,new_building,flat,avito,"московская обл., химки, юбилейный пр-т, 7",unknown
22990000.0,55.959334,37.444422,110.0,4.0,0.875,2015.0,unknown,flat,avito,"московская обл., химки, мкр-н клязьма-старбеево, квартал клязьма, набережный пр., 24к1",unknown
17800000.0,55.579383,38.217827,120.0,4.0,0.8181818181818182,2011.0,unknown,flat,avito,"московская обл., раменский муниципальный округ, раменское, северное ш., 6",unknown
19000000.0,55.416213,37.830886,127.0,4.0,0.9,2004.0,unknown,flat,avito,"московская обл., домодедово, мкр-н авиационный, пр-т академика туполева, 6а",unknown
15999000.0,55.45142673222555,37.7441528846574,132.0,4.0,0.4,2000.0,unknown,flat,avito,"московская обл., домодедово, мкр-н северный, северная ул., 2",unknown
28500000.0,55.69639205932617,37.32292556762695,96.0,4.0,1.0,2018.0,unknown,flat,avito,"московская обл., одинцовский г.о., одинцово, сколковская ул., 3а",unknown
24119489.0,55.86521,37.33057,86.8,4.0,0.3333333333333333,,new_building,flat,avito,"пос. отрадное, ул. знаменская, стр. 26/4",жк «левел лесной»
4950000.0,55.575933,38.924702,58.1,4.0,0.8,1989.0,unknown,flat,avito,"московская обл., орехово-зуевский г.о., куровское, октябрьская ул., 4",unknown
12000000.0,55.98237228,37.10040283,100.0,4.0,0.29411764705882354,2008.0,unknown,flat,avito,"московская обл., г.о. солнечногорск, д. голубое, 5к1",unknown
17140200.0,55.73392,38.00359,74.2,4.0,0.34782608695652173,,new_building,flat,avito,"мкр. железнодорожный, пр-т героев, ул. автозаводская, стр. 610с1",жк «героев»
18500000.0,55.689263,37.299856,83.2,4.0,0.14285714285714285,,unknown,flat,avito,"московская обл., одинцовский г.о., одинцово, ул. говорова, 38",unknown
30000000.0,55.668645,37.854799,135.0,4.0,0.9090909090909091,2020.0,unknown,flat,avito,"московская обл., котельники, ул. строителей, 5",unknown
16061100.0,55.73608,38.00844,68.2,4.0,0.6818181818181818,,new_building,flat,avito,"мкр. железнодорожный, пр-т героев, ул. автозаводская, корп. 410",жк «героев»
17250300.0,55.602444,37.361912,97.6,4.0,0.04,,unknown,flat,avito,"москва, новомосковский административный округ, филимонковский р-н, московский, ул. бианки, 6к1",unknown
17900000.0,56.025251,37.859408,90.4,4.0,0.6875,2019.0,unknown,flat,avito,"московская обл., г.о. пушкинский, пушкино, ул. просвещения, 8к2",unknown
18500000.0,55.816247,37.201149,94.0,4.0,0.5,2023.0,unknown,flat,avito,"московская обл., г.о. красногорск, с. николо-урюпино, заречная ул., 11",unknown
9600000.0,56.322145,38.135676,69.9,4.0,0.8888888888888888,1977.0,unknown,flat,avito,"московская обл., сергиево-посадский г.о., сергиев посад, новоугличское ш., 11",unknown
39999999.0,55.772654,37.846463,174.5,4.0,0.5,2016.0,unknown,flat,avito,"московская обл., реутов, ул. реутовских ополченцев, 6",unknown
16502900.0,55.73433,38.00458,72.7,4.0,0.9130434782608695,,new_building,flat,avito,"мкр. железнодорожный, пр-т героев, ул. автозаводская, стр. 610с2",жк «героев»
16838250.0,55.73608,38.00844,71.5,4.0,0.7058823529411765,,new_building,flat,avito,"мкр. железнодорожный, пр-т героев, ул. автозаводская, корп. 410",жк «героев»
6100000.0,56.32406235,36.75057983,59.8,4.0,1.0,,unknown,flat,avito,"московская обл., клин, ул. мечникова, 3",unknown
8500000.0,56.334432,36.729965,71.0,4.0,0.8888888888888888,1974.0,unknown,flat,avito,"московская обл., клин, литейная ул., 4",unknown
7700000.0,55.918858,36.864263,61.6,4.0,0.2,,unknown,flat,avito,"московская обл., истра, советская ул., 27а",unknown
19900000.0,55.433721,37.534038,130.0,4.0,0.9,2002.0,unknown,flat,avito,"московская обл., подольск, ул. веллинга, 22",unknown
9500000.0,55.37807846,37.54204941,105.0,4.0,0.6666666666666666,1950.0,unknown,flat,avito,"московская обл., подольск, мкр-н климовск, ул. дмитрия холодова, 8/5",unknown
16300000.0,54.87586975,37.22396469,86.3,4.0,0.1111111111111111,1990.0,unknown,flat,avito,"московская обл., г.о. серпухов, протвино, ул. ленина, 24б",unknown
15688693.0,55.82087,37.21002,73.0,4.0,0.6428571428571429,,new_building,flat,avito,"ул. береговая, стр. 1.2",жк «аникеевский»
34133319.0,55.6229,37.12629,118.9,4.0,1.0,,new_building,flat,avito,"д. ликино, стр. 3",жк «мыс»
11300000.0,55.555703,36.702261,86.9,4.0,0.8888888888888888,1998.0,unknown,flat,avito,"московская обл., одинцовский г.о., кубинка, городок кубинка-1, к23",unknown
8800000.0,55.80480576,38.98082733,79.8,4.0,0.4444444444444444,1987.0,unknown,flat,avito,"московская обл., орехово-зуевский г.о., орехово-зуево, центральный б-р, 3",unknown
24900000.0,56.31983185,38.13227844,150.0,4.0,0.8333333333333334,1998.0,unknown,flat,avito,"московская обл., сергиево-посадский г.о., сергиев посад, зеленый пер., 13",unknown
18000000.0,55.322829,38.679561,139.0,4.0,0.4444444444444444,1998.0,unknown,flat,avito,"московская обл., воскресенск, мкр-н центральный, октябрьская ул., 11",unknown
26000000.0,55.583352,38.137814,130.3,4.0,0.7058823529411765,2008.0,unknown,flat,avito,"московская обл., жуковский, ул. амет-хан султана, 15к1",unknown
8100000.0,56.43468392893208,38.24365401686801,79.2,4.0,0.5555555555555556,,unknown,flat,avito,"московская обл., сергиево-посадский г.о., краснозаводск, ул. 50 лет октября, 3",unknown
37430652.0,55.62172,37.12657,140.0,4.0,0.6666666666666666,,new_building,flat,avito,"д. ликино, стр. 1",жк «мыс»
11900000.0,55.70647812,36.19296265,121.0,4.0,0.8,,unknown,flat,avito,"московская обл., рузский муниципальный округ, руза, мкр-н северный, 3",unknown
15881400.0,55.73608,38.00844,69.2,4.0,0.5882352941176471,,new_building,flat,avito,"мкр. железнодорожный, пр-т героев, ул. автозаводская, корп. 410",жк «героев»
5750000.0,56.32295258590519,36.54519970278639,75.5,4.0,0.8,,unknown,flat,avito,"московская обл., г.о. клин, высоковск, ул. ленина, 33",unknown
31031715.0,55.9038,37.7386,125.8,4.0,0.875,,unknown,flat,avito,"22 мкр., корп. 12",жк «цветочный город»
17500000.0,55.91688,37.713441,105.0,4.0,1.0,2014.0,unknown,flat,avito,"московская обл., мытищи, ул. борисовка, 20а",unknown
5000000.0,54.854714006252685,38.186221769721165,62.0,4.0,0.8,1973.0,unknown,flat,avito,"московская обл., кашира, пролетарская ул., 37",unknown
10500000.0,55.58130646,38.14357376,87.5,4.0,0.6,1988.0,unknown,flat,avito,"московская обл., жуковский, ул. туполева, 5",unknown
11300000.0,56.03152466,35.95135117,80.4,4.0,0.2,,unknown,flat,avito,"московская обл., волоколамский муниципальный округ, волоколамск, ул. кузина, 5",unknown
33500000.0,55.654218,37.264723,110.0,4.0,0.5333333333333333,2018.0,unknown,flat,avito,"московская обл., одинцовский г.о., одинцово, рябиновая ул., 1",unknown
14500000.0,54.94105911,37.40195847,94.7,4.0,0.5,,unknown,flat,avito,"московская обл., серпухов, юбилейная ул., 15",unknown
10500000.0,55.411373,37.182725,62.6,4.0,0.6,2027.0,unknown,flat,avito,"москва, троицкий административный округ, поселение михайлово-ярцевское, пос. шишкин лес, 19",unknown
16814700.0,55.73608,38.00844,71.4,4.0,0.7647058823529411,,new_building,flat,avito,"мкр. железнодорожный, пр-т героев, ул. автозаводская, корп. 410",жк «героев»
23800000.0,55.530837,37.44691,129.6,4.0,1.0,,unknown,flat,avito,"москва, новомосковский административный округ, р-н коммунарка, пос. воскресенское, 31",unknown
7450000.0,55.840194,38.39413,63.5,4.0,0.6,1970.0,unknown,flat,avito,"московская обл., богородский г.о., ногинск, магистральная ул., 2а",unknown
8900000.0,55.555321,37.07623,62.6,4.0,0.8,1964.0,unknown,flat,avito,"московская обл., наро-фоминский г.о., апрелевка, парковая ул., 2/4",unknown
6250000.0,56.434685,38.245477,77.5,4.0,0.1111111111111111,,unknown,flat,avito,"московская обл., сергиево-посадский г.о., краснозаводск, ул. 50 лет октября, 3",unknown
23500000.0,54.880448,38.063092,178.7,4.0,0.8,,unknown,flat,avito,"московская обл., ступино, ул. службина, 12",unknown
12899999.0,55.967592,37.936627,90.0,4.0,0.3333333333333333,,unknown,flat,avito,"московская обл., г.о. пушкинский, ивантеевка, трудовая ул., 14б",unknown
8900000.0,56.086841,37.371416,113.7,4.0,1.0,2014.0,unknown,flat,avito,"московская обл., дмитровский муниципальный округ, с. озерецкое, никольская ул., 44",unknown
4000000.0,55.56545546247602,39.11766417813288,59.0,4.0,1.0,,unknown,flat,avito,"московская обл., орехово-зуевский г.о., пос. авсюнино, ул. ленина, 10",unknown
19500000.0,55.70533994092979,37.02635091586037,145.3,4.0,0.125,2015.0,unknown,flat,avito,"московская обл., одинцовский г.о., пос. горки-10, 23",unknown
36900000.0,55.56876755,37.44217682,190.0,4.0,1.0,,unknown,flat,avito,"москва, новомосковский административный округ, поселение сосенское, д. сосенки, ясеневая ул., 5",unknown
16250000.0,56.003915,37.451492,97.5,4.0,0.9411764705882353,2010.0,unknown,flat,avito,"московская обл., лобня, физкультурная ул., 14",unknown
33000000.0,55.68615723,37.40764618,84.0,4.0,0.5555555555555556,,unknown,flat,avito,"московская обл., одинцовский г.о., пгт. заречье, луговая ул., 6к1",unknown
9200000.0,55.60494232,36.46482849,109.0,4.0,0.75,2012.0,unknown,flat,avito,"московская обл., рузский муниципальный округ, пгт. тучково, комсомольская ул., 14к5",unknown
15492183.0,55.82087,37.21002,73.9,4.0,1.0,,new_building,flat,avito,"ул. береговая, стр. 1.2",жк «аникеевский»
8600000.0,55.577724,39.520321,93.5,4.0,0.2222222222222222,1993.0,unknown,flat,avito,"московская обл., шатура, пр-т маршала борзова, 3/1",unknown
10200000.0,55.795089,37.980887,72.0,4.0,0.6666666666666666,1988.0,unknown,flat,avito,"московская обл., балашиха, ул. твардовского, 19",unknown
20500000.0,55.422579,37.500845,261.7,4.0,1.0,2011.0,unknown,flat,avito,"московская обл., подольск, юбилейная ул., 10",unknown
5600000.0,55.91966,37.754916,76.1,4.0,0.8888888888888888,1978.0,unknown,share,avito,"московская обл., мытищи, олимпийский пр-т, 15к13",unknown
37601314.0,55.62172,37.12657,140.0,4.0,0.75,,new_building,flat,avito,"д. ликино, стр. 1",жк «мыс»
16648300.0,55.73433,38.00458,72.7,4.0,0.5652173913043478,,new_building,flat,avito,"мкр. железнодорожный, пр-т героев, ул. автозаводская, стр. 610с2",жк «героев»
11700000.0,55.89849091,37.72282791,67.4,4.0,0.2222222222222222,,unknown,flat,avito,"московская обл., мытищи, новомытищинский пр-т, 47к2",unknown
30016000.0,55.59028625,37.44573212,107.2,4.0,0.26666666666666666,,unknown,flat,avito,"москва, новомосковский административный округ, поселение сосенское, пр-т магеллана, 3",unknown
25000000.0,56.326443,36.721808,130.0,4.0,0.5882352941176471,,unknown,flat,avito,"московская обл., клин, ул. дзержинского, 22а",unknown
23000000.0,55.921677,37.825919,135.4,4.0,0.3125,2004.0,unknown,flat,avito,"московская обл., королев, ул. болдырева, 5",unknown
9500000.0,56.013296,38.37805,62.0,4.0,0.3333333333333333,1976.0,unknown,flat,avito,"московская обл., черноголовка, пр. строителей, 8",unknown
6670000.0,55.805118,38.969339,80.3,4.0,0.25,1932.0,new_building,flat,avito,"московская обл., орехово-зуевский г.о., орехово-зуево, ул. гагарина, 7",unknown
16413150.0,55.73471,38.00349,74.1,4.0,0.2,,new_building,flat,avito,"мкр. железнодорожный, пр-т героев, ул. автозаводская, стр. 611с1",жк «героев»
10200000.0,55.9158,37.406926,54.0,4.0,0.7647058823529411,2016.0,unknown,apartments,avito,"московская обл., химки, ул. германа титова, 5к2",unknown
11000000.0,55.6086731,36.60082245,77.9,4.0,0.8,2000.0,unknown,flat,avito,"московская обл., одинцовский г.о., пос. санатория имени герцена, 23",unknown
7500000.0,56.434685,38.245477,83.6,4.0,0.5555555555555556,1989.0,unknown,flat,avito,"московская обл., сергиево-посадский г.о., краснозаводск, ул. 50 лет октября, 3",unknown
20745400.0,55.92219,37.99425,131.3,4.0,0.55,,unknown,flat,avito,"ул. советская, д. 60",жк «river house» (ривер хаус)
26500000.0,55.773981,37.217193,124.6,4.0,0.1,2014.0,unknown,flat,avito,"московская обл., г.о. красногорск, пос. ильинское-усово, пр. александра невского, 7",unknown
7450000.0,55.8401947,38.39413071,63.5,4.0,0.6,1970.0,unknown,flat,avito,"московская обл., богородский г.о., ногинск, магистральная ул., 2а",unknown
15000000.0,56.0039444,37.45151138,102.0,4.0,0.3888888888888889,2010.0,unknown,flat,avito,"московская обл., лобня, физкультурная ул., 14",unknown
23100000.0,55.706563,37.366053,126.8,4.0,0.75,2007.0,unknown,flat,avito,"московская обл., одинцовский г.о., рп. новоивановское, ул. калинина, 8",unknown
4100000.0,55.7102,38.949388,61.3,4.0,0.8,1973.0,unknown,flat,avito,"московская обл., орехово-зуевский г.о., ликино-дулево, коммунистическая ул., 50а",unknown
9100000.0,55.6618264542947,37.90800867712818,63.0,4.0,0.2,1967.0,unknown,flat,avito,"московская обл., люберцы, ул. строителей, 2к1",unknown
12999000.0,55.76173019,37.96445847,103.0,4.0,0.44,2016.0,unknown,flat,avito,"московская обл., балашиха, мкр-н кучино, ул. брагина, 1",unknown
25000000.0,55.596819,37.763827,98.5,4.0,1.0,,unknown,flat,avito,"московская обл., ленинский г.о., пос. развилка, римский пр., 1",unknown
11300000.0,54.915269,37.412424,105.1,4.0,0.6666666666666666,2007.0,unknown,flat,avito,"московская обл., серпухов, советская ул., 17",unknown
36609859.0,55.62172,37.12657,111.3,4.0,0.75,,new_building,flat,avito,"д. ликино, стр. 1",жк «мыс»
17028900.0,55.73392,38.00359,74.2,4.0,0.21739130434782608,,new_building,flat,avito,"мкр. железнодорожный, пр-т героев, ул. автозаводская, стр. 610с1",жк «героев»
17500000.0,55.474965,37.531963,85.8,4.0,0.6,2024.0,unknown,flat,avito,"москва, новомосковский административный округ, р-н щербинка, алхимовская ул., 1к2",unknown
15732500.0,55.73386,38.00296,72.5,4.0,0.15789473684210525,,new_building,flat,avito,"мкр. железнодорожный, пр-т героев, ул. автозаводская, стр. 611с2",жк «героев»
12790000.0,55.967592,37.936627,90.0,4.0,0.3333333333333333,2002.0,unknown,flat,avito,"московская обл., г.о. пушкинский, ивантеевка, трудовая ул., 14б",unknown
9500000.0,55.02676445540909,37.42595437857386,135.0,4.0,0.6666666666666666,2015.0,unknown,flat,avito,"московская обл., г.о. серпухов, д. родионовка, 51а",unknown
24000000.0,55.81953,37.245876,113.0,4.0,1.0,2020.0,new_building,flat,avito,"московская обл., красногорск, мкр-н опалиха, ул. пришвина, 15",unknown
14500000.0,56.010453,37.444871,159.7,4.0,0.3333333333333333,2012.0,unknown,flat,avito,"московская обл., лобня, светлый пер., 2",unknown
12500000.0,55.88381195,37.93684387,78.0,4.0,0.6666666666666666,2020.0,unknown,flat,avito,"московская обл., г.о. щелково, квартал варежки, виноградная ул., 2",unknown
20500000.0,55.933005,37.834336,114.7,4.0,0.5294117647058824,1993.0,unknown,flat,avito,"московская обл., королев, мкр-н юбилейный, пушкинская ул., 3",unknown
22300000.0,55.826524,37.375376,80.0,4.0,0.19047619047619047,,unknown,flat,avito,"московская обл., красногорск, красногорский б-р, 50",unknown
9970000.0,54.899602,37.3955,76.3,4.0,0.5555555555555556,1976.0,unknown,flat,avito,"московская обл., серпухов, бригадная ул., 4",unknown
18990000.0,55.49488449,37.30802155,110.1,4.0,0.5,2024.0,new_building,flat,avito,"москва, троицкий административный округ, р-н троицк, троицк, прибрежная ул., 1",unknown
38219020.0,55.62202,37.12848,132.2,4.0,1.0,,new_building,flat,avito,"д. ликино, стр. 2",жк «мыс»
25000000.0,55.701609290911215,37.91135449206539,116.4,4.0,0.8888888888888888,2018.0,new_building,flat,avito,"московская обл., люберцы, ул. юности, 3",unknown
14252000.0,55.70424,37.214094,102.5,4.0,0.5,,unknown,flat,avito,"московская обл., одинцовский г.о., с. лайково, мкр-н город-событие, 69",unknown
5300000.0,54.95106506,39.03103638,75.0,4.0,0.2,,unknown,flat,avito,"московская обл., луховицы, ул. мира, 44",unknown
20450000.0,55.598568,37.770421,105.5,4.0,0.5,2024.0,unknown,flat,avito,"московская обл., ленинский г.о., пос. развилка, римский пр., 13",unknown
9150000.0,55.88458759460739,38.44218960255087,83.0,4.0,0.5,,unknown,flat,avito,"московская обл., богородский г.о., ногинск, ул. текстилей, 30",unknown
16210350.0,55.73392,38.00359,66.3,4.0,0.782608695652174,,new_building,flat,avito,"мкр. железнодорожный, пр-т героев, ул. автозаводская, стр. 610с1",жк «героев»
6300000.0,55.8049290657794,38.9693895087807,83.0,4.0,0.5,1932.0,unknown,flat,avito,"московская обл., орехово-зуевский г.о., орехово-зуево, ул. гагарина, 7",unknown
38656285.0,55.62172,37.12657,141.7,4.0,0.5833333333333334,,new_building,flat,avito,"д. ликино, стр. 1",жк «мыс»
13500000.0,55.425384,37.476178,141.6,4.0,0.3333333333333333,,unknown,flat,avito,"московская обл., г.о. подольск, д. докукино, лемешовский пр., 13",unknown
21200000.0,55.47378922,37.52682495,74.4,4.0,0.8333333333333334,2023.0,unknown,flat,avito,"москва, новомосковский административный округ, поселение рязановское, ул. уточкина, 5к1",unknown
9900000.0,55.94939,37.834731,72.2,4.0,1.0,1983.0,unknown,flat,avito,"московская обл., королев, мкр-н текстильщик, фабричная ул., 4",unknown
20000000.0,55.70529175,37.21580124,72.0,4.0,0.6666666666666666,,unknown,flat,avito,"московская обл., одинцовский г.о., с. лайково, жилой комплекс город-событие лайково, квартал лайково парк, 70",unknown
5000000.0,56.32211,36.544526,85.9,4.0,0.6666666666666666,,unknown,flat,avito,"московская обл., г.о. клин, высоковск, ул. кирова, 8/5",unknown
25500000.0,55.5558,37.716818,113.0,4.0,0.8333333333333334,2013.0,unknown,flat,avito,"московская обл., ленинский г.о., видное, 3-я радиальная ул., 8",unknown
7300000.0,56.178568,36.993621,66.0,4.0,1.0,,unknown,flat,avito,"московская обл., солнечногорск, мкр-н рекинцо, 2",unknown
19500000.0,55.826074,37.141115,109.5,4.0,0.6666666666666666,2016.0,unknown,flat,avito,"московская обл., муниципальный округ истра, д. лобаново, новая ул., 11",unknown
6800000.0,56.74302272362356,37.52945460549998,80.0,4.0,0.6,1980.0,unknown,flat,avito,"московская обл., талдомский г.о., талдом, мкр-н юбилейный, 32",unknown
39143040.0,55.62202,37.12848,132.2,4.0,1.0,,new_building,flat,avito,"д. ликино, стр. 2",жк «мыс»
39138864.0,55.62172,37.12657,143.8,4.0,1.0,,new_building,flat,avito,"д. ликино, стр. 1",жк «мыс»
15921300.0,55.73386,38.00296,72.7,4.0,0.8947368421052632,,new_building,flat,avito,"мкр. железнодорожный, пр-т героев, ул. автозаводская, стр. 611с2",жк «героев»
15805000.0,55.73386,38.00296,72.5,4.0,0.21052631578947367,,new_building,flat,avito,"мкр. железнодорожный, пр-т героев, ул. автозаводская, стр. 611с2",жк «героев»
7970000.0,55.914827,36.797653,62.9,4.0,0.8,1969.0,unknown,flat,avito,"московская обл., г.о. истра, пос. первомайский, 24",unknown
9498500.0,55.84010696,38.19520569,99.0,4.0,1.0,1940.0,unknown,flat,avito,"московская обл., г.о. щелково, рп. монино, ул. маршала красовского, 6",unknown
6200000.0,56.32487106,36.75388718,66.9,4.0,0.8888888888888888,,unknown,flat,avito,"московская обл., клин, ул. чайковского, 58",unknown
19500000.0,55.922207,37.994362,149.5,4.0,0.25,2023.0,unknown,flat,avito,"московская обл., щелково, советская ул., 60",unknown
8550000.0,56.00097656,37.85516739,61.5,4.0,0.2,1973.0,unknown,flat,avito,"московская обл., г.о. пушкинский, пушкино, ул. 50 лет комсомола, 47",unknown
15640800.0,55.73608,38.00844,68.6,4.0,0.29411764705882354,,new_building,flat,avito,"мкр. железнодорожный, пр-т героев, ул. автозаводская, корп. 410",жк «героев»
37307335.0,55.62172,37.12657,140.0,4.0,0.8333333333333334,,new_building,flat,avito,"д. ликино, стр. 1",жк «мыс»
29900000.0,55.820546,37.33799,140.0,4.0,0.8235294117647058,2003.0,unknown,flat,avito,"московская обл., красногорск, мкр-н теплый бетон, школьная ул., 1",unknown
26398114.0,55.59628,37.36685,102.4,4.0,0.8,,new_building,flat,avito,"ул. лаптевых, з/у 2, корп. 3",город-парк «первый московский»
38356758.0,55.62373,37.12596,144.1,4.0,0.4,,new_building,flat,avito,"д. ликино, стр. 4",жк «мыс»
18500000.0,55.66067505,37.29964066,84.2,4.0,0.75,2014.0,unknown,flat,avito,"московская обл., одинцовский г.о., одинцово, белорусская ул., 10",unknown
17871200.0,55.73605,38.00591,71.2,4.0,0.8235294117647058,,new_building,flat,avito,"мкр. железнодорожный, пр-т героев, ул. автозаводская, корп. 411",жк «героев»
6999999.0,56.17829895,37.30190277,58.7,4.0,0.4,,unknown,flat,avito,"московская обл., дмитровский муниципальный округ, д. каменка, 6",unknown
6295000.0,56.434685,38.245477,82.9,4.0,0.3333333333333333,1989.0,unknown,flat,avito,"московская обл., сергиево-посадский г.о., краснозаводск, ул. 50 лет октября, 3",unknown
20500000.0,55.87291336,37.390522,82.4,4.0,0.76,2019.0,unknown,flat,avito,"московская обл., г.о. красногорск, д. путилково, сходненская ул., 10к2",unknown
18500000.0,55.89089203,37.28184509,143.0,4.0,1.0,2021.0,unknown,flat,avito,"московская обл., г.о. химки, квартал парковый, ливадийская ул., 2",unknown
6300000.0,56.438975,36.562483,97.2,4.0,1.0,2011.0,unknown,flat,avito,"московская обл., г.о. клин, пгт. решетниково, молодежная ул., 11к1",unknown
35900000.0,55.75316609875525,37.88091259501108,127.2,4.0,0.68,,unknown,flat,avito,"московская обл., реутов, юбилейный пр-т, 55",unknown
17600000.0,55.73605,38.00591,70.4,4.0,0.29411764705882354,,new_building,flat,avito,"мкр. железнодорожный, пр-т героев, ул. автозаводская, корп. 411",жк «героев»
10500000.0,54.88705431293752,38.08075083117646,93.1,4.0,0.75,1939.0,unknown,flat,avito,"московская обл., ступино, ул. андропова, 34/7",unknown
15465101.0,55.82087,37.21002,73.0,4.0,0.21428571428571427,,new_building,flat,avito,"ул. береговая, стр. 1.2",жк «аникеевский»
12000000.0,56.024964,37.856048,72.0,4.0,0.125,2018.0,unknown,flat,avito,"московская обл., г.о. пушкинский, пушкино, ул. просвещения, 8к1",unknown
16210350.0,55.73392,38.00359,66.3,4.0,0.6521739130434783,,new_building,flat,avito,"мкр. железнодорожный, пр-т героев, ул. автозаводская, стр. 610с1",жк «героев»
24990000.0,55.940064,37.474228,139.9,4.0,0.42857142857142855,2017.0,new_building,flat,avito,"московская обл., химки, мкр-н клязьма-старбеево, квартал международный, загородная ул., 2",unknown
14700000.0,55.317589,38.677881,137.0,4.0,0.8571428571428571,2017.0,unknown,flat,avito,"московская обл., воскресенск, мкр-н центральный, ул. куйбышева, 47ак1",unknown
19700000.0,55.88441229402624,37.26773196215139,101.0,4.0,0.8888888888888888,2015.0,unknown,flat,avito,"московская обл., г.о. красногорск, д. сабурово, парковая ул., 9",unknown
19990000.0,56.72839355,37.14157486,142.0,4.0,1.0,2011.0,unknown,apartments,avito,"московская обл., дубна, пр-т боголюбова, 45",unknown
22960000.0,56.74262,37.17035,114.8,4.0,0.5714285714285714,,unknown,flat,avito,"ул. понтекорво, жк «bruno»",жк «bruno» (бруно)
10000000.0,56.008087,38.380125,87.6,4.0,0.75,1968.0,unknown,flat,avito,"московская обл., черноголовка, институтский пр-т, 8",unknown
38098632.0,55.62172,37.12657,143.7,4.0,0.5,,new_building,flat,avito,"д. ликино, стр. 1",жк «мыс»
18000000.0,55.671255,37.285905,78.0,4.0,0.2222222222222222,1984.0,unknown,flat,avito,"московская обл., одинцовский г.о., одинцово, союзная ул., 8",unknown
13000000.0,55.54763031,37.71051025,62.0,4.0,1.0,,unknown,flat,avito,"московская обл., ленинский г.о., видное, пр-т ленинского комсомола, 38",unknown
16684650.0,55.73433,38.00458,72.7,4.0,0.30434782608695654,,new_building,flat,avito,"мкр. железнодорожный, пр-т героев, ул. автозаводская, стр. 610с2",жк «героев»
26000000.0,55.9038,37.7386,106.7,4.0,0.42857142857142855,,unknown,flat,avito,"22 мкр., корп. 12",жк «цветочный город»
15775900.0,55.73386,38.00296,72.7,4.0,0.9473684210526315,,new_building,flat,avito,"мкр. железнодорожный, пр-т героев, ул. автозаводская, стр. 611с2",жк «героев»
19999900.0,55.88431931,37.2678299,98.0,4.0,0.8888888888888888,2016.0,unknown,flat,avito,"московская обл., г.о. красногорск, д. сабурово, парковая ул., 9",unknown
17927375.0,55.6532,37.12427,82.7,4.0,0.8333333333333334,,unknown,flat,avito,"с/п жаворонковское, с. перхушково, д. 5",жк «равновесие»
18000000.0,55.8992691,37.40103531,104.0,4.0,0.5185185185185185,2005.0,unknown,flat,avito,"московская обл., химки, молодежная ул., 50",unknown
20000000.0,55.79096,37.893912,125.5,4.0,0.6666666666666666,2012.0,unknown,flat,avito,"московская обл., балашиха, объездное ш., 1",unknown
38950000.0,55.53993,37.663988,216.0,4.0,0.5,,unknown,flat,avito,"московская обл., ленинский г.о., видное, район расторгуево, петровский пр., 41д",unknown
14200000.0,55.693378,37.208812,108.5,4.0,0.7777777777777778,2023.0,unknown,flat,avito,"московская обл., одинцовский г.о., с. лайково, мкр-н город-событие, 23",unknown
26500000.0,55.601254,37.36193,110.0,4.0,0.2962962962962963,,unknown,flat,avito,"москва, новомосковский административный округ, поселение московский, московский, ул. бианки, 6к4",unknown
18000000.0,55.58852290554453,37.90354941516591,138.6,4.0,0.2857142857142857,1994.0,unknown,flat,avito,"московская обл., лыткарино, 5-й мкр-н, 2-й квартал, 11",unknown
12799999.0,55.96759033,37.93662643,90.0,4.0,0.3333333333333333,2002.0,unknown,flat,avito,"московская обл., г.о. пушкинский, ивантеевка, трудовая ул., 14б",unknown
37889775.0,55.62172,37.12657,133.7,4.0,1.0,,new_building,flat,avito,"д. ликино, стр. 1",жк «мыс»
8999000.0,54.92747498,37.46213531,73.9,4.0,0.3333333333333333,,unknown,flat,avito,"московская обл., серпухов, комсомольская ул., 4",unknown
12500000.0,56.731314,37.151517,75.2,4.0,0.6666666666666666,1982.0,unknown,flat,avito,"московская обл., дубна, ул. попова, 14",unknown
13800000.0,55.842661,37.975838,102.0,4.0,0.09090909090909091,2016.0,unknown,flat,avito,"московская обл., балашиха, чистопольская ул., 28",unknown
15846800.0,55.73608,38.00844,69.2,4.0,0.7058823529411765,,new_building,flat,avito,"мкр. железнодорожный, пр-т героев, ул. автозаводская, корп. 410",жк «героев»
24500000.0,55.428577,37.771346,160.0,4.0,0.9,2001.0,unknown,flat,avito,"московская обл., домодедово, мкр-н центральный, ул. каширское шоссе, 85",unknown
25650000.0,55.559242,37.705868,126.5,4.0,0.7058823529411765,2010.0,unknown,flat,avito,"московская обл., ленинский г.о., видное, клубный пер., 7",unknown
16600000.0,55.52010614730836,37.21220037242563,105.8,4.0,0.75,2015.0,unknown,flat,avito,"москва, новомосковский административный округ, филимонковский р-н, д. горчаково, школьная ул., 13к2",unknown
14994300.0,55.73471,38.00349,66.2,4.0,0.8,,new_building,flat,avito,"мкр. железнодорожный, пр-т героев, ул. автозаводская, стр. 611с1",жк «героев»
25500000.0,55.601416,37.360906,110.0,4.0,0.96,2015.0,unknown,flat,avito,"москва, новомосковский административный округ, филимонковский р-н, московский, ул. бианки, 6к3",unknown
16243500.0,55.73392,38.00359,66.3,4.0,0.4782608695652174,,new_building,flat,avito,"мкр. железнодорожный, пр-т героев, ул. автозаводская, стр. 610с1",жк «героев»
2500000.0,56.05743346161062,37.40030407814755,60.0,4.0,0.2,1977.0,unknown,share,avito,"московская обл., дмитровский муниципальный округ, пос. совхоза останкино, дорожная ул., 37",unknown
37768214.0,55.62172,37.12657,143.7,4.0,0.4,,new_building,flat,avito,"д. ликино, стр. 1",жк «мыс»
17415552.0,55.73882,38.00676,65.4,4.0,0.29411764705882354,,unknown,flat,avito,"ул. автозаводская, корп. 407",жк «героев»
12500000.0,55.92437744,37.85374832,62.0,4.0,1.0,1971.0,unknown,flat,avito,"московская обл., королев, ул. сакко и ванцетти, 32а",unknown
10000000.0,54.901052,37.396434,91.2,4.0,0.4166666666666667,1983.0,unknown,flat,avito,"московская обл., серпухов, октябрьская ул., 32",unknown
23000000.0,55.597454,37.343568,120.5,4.0,0.058823529411764705,2008.0,unknown,flat,avito,"москва, новомосковский административный округ, филимонковский р-н, московский, 3-й мкр-н, 6",unknown
20500000.0,55.858806,37.389688,95.5,4.0,0.5555555555555556,2004.0,unknown,flat,avito,"московская обл., г.о. красногорск, пгт. путилково, садовая ул., 18",unknown
22960000.0,56.74262,37.17035,114.8,4.0,0.42857142857142855,,unknown,flat,avito,"ул. понтекорво, жк «bruno»",жк «bruno» (бруно)
26256203.0,55.9038,37.7386,106.7,4.0,0.2857142857142857,,unknown,flat,avito,"22 мкр., корп. 12",жк «цветочный город»
21000000.0,55.4967,37.261804,137.7,4.0,0.3333333333333333,,unknown,flat,avito,"москва, троицкий административный округ, р-н троицк, д. пучково, троицкая ул., 107к13",unknown
7400000.0,55.750702,37.950829,90.4,4.0,0.1,2013.0,unknown,share,avito,"московская обл., балашиха, мкр-н кучино, центральная ул., 43",unknown
32000000.0,55.70766489642411,37.37967586108135,96.0,4.0,0.8823529411764706,2013.0,unknown,flat,avito,"московская обл., одинцовский г.о., пгт. новоивановское, можайское ш., 50",unknown
3400000.0,55.607224,38.860176,61.0,4.0,0.8,1979.0,unknown,flat,avito,"московская обл., орехово-зуевский г.о., д. давыдово, заводская ул., 2",unknown
4500000.0,56.7387085,37.53134155,58.5,4.0,0.6,1973.0,unknown,flat,avito,"московская обл., талдомский г.о., талдом, мкр-н юбилейный, 16",unknown
6100000.0,56.36642075,37.53887939,60.0,4.0,1.0,1974.0,unknown,flat,avito,"московская обл., дмитровский муниципальный округ, дмитров, мкр-н дзфс, 9",unknown
28800000.0,55.55613708,37.50094223,72.8,4.0,0.8125,2025.0,new_building,flat,avito,"москва, новомосковский административный округ, р-н коммунарка, пр-т куприна, 3к6",unknown
23600000.0,55.54008865,37.72310638,101.6,4.0,1.0,2018.0,unknown,flat,avito,"московская обл., ленинский г.о., видное, завидная ул., 8",unknown
19058703.0,55.94121,37.8744,88.1,4.0,0.75,,new_building,flat,avito,"ул. солнечная, д. 2",жилой «киноквартал»
7950000.0,55.95589066,38.02800369,77.0,4.0,0.4,1995.0,unknown,flat,avito,"московская обл., фрязино, ул. нахимова, 29",unknown
17051850.0,55.73392,38.00359,74.3,4.0,0.17391304347826086,,new_building,flat,avito,"мкр. железнодорожный, пр-т героев, ул. автозаводская, стр. 610с1",жк «героев»
7950000.0,54.89941,37.393802,76.7,4.0,0.5555555555555556,1977.0,unknown,flat,avito,"московская обл., серпухов, бригадная ул., 6",unknown
13799999.0,55.415773,37.486328,94.1,4.0,0.5882352941176471,2010.0,unknown,flat,avito,"московская обл., подольск, ул. генерала смирнова, 10",unknown
25500000.0,55.90143961704615,37.7292154976172,126.0,4.0,0.5,,unknown,flat,avito,"московская обл., мытищи, новомытищинский пр-т, 41а",unknown
21712000.0,55.588379,37.762578,94.4,4.0,0.08333333333333333,2010.0,unknown,flat,avito,"московская обл., ленинский г.о., пос. развилка, 48",unknown
18700000.0,55.830114,37.958681,120.0,4.0,0.8235294117647058,2003.0,unknown,flat,avito,"московская обл., балашиха, солнечная ул., 20",unknown
40000000.0,56.75163725993316,37.17230037256826,200.0,4.0,1.0,2019.0,unknown,flat,avito,"московская обл., дубна, ул. программистов, 15",unknown
18545130.0,55.73605,38.00591,71.3,4.0,0.9411764705882353,,new_building,flat,avito,"мкр. железнодорожный, пр-т героев, ул. автозаводская, корп. 411",жк «героев»
14995000.0,55.90379899282982,37.25591744108695,109.0,4.0,0.3333333333333333,2010.0,unknown,flat,avito,"московская обл., г.о. химки, д. юрлово, радужная ул., 3",unknown
20995000.0,55.880591,37.269448,101.0,4.0,1.0,,unknown,flat,avito,"московская обл., г.о. красногорск, д. сабурово, парковая ул., 20",unknown
15000000.0,55.982212,37.741802,102.0,4.0,0.1,2013.0,unknown,flat,avito,"московская обл., мытищи, мкр-н пироговский, ул. тимирязева, 3а",unknown
8950000.0,54.9199791,37.424263,95.5,4.0,0.6666666666666666,1951.0,unknown,flat,avito,"московская обл., серпухов, советская ул., 64",unknown
15651000.0,55.65902,37.2874,54.7,2.0,0.42105263157894735,2025.0,new_building,flat,avito,"ул. маковского, стр. 30",жк «союзный»
4800000.0,55.8379251786735,38.40366507678982,46.1,2.0,0.2,,unknown,flat,avito,"московская обл., богородский г.о., ногинск, юбилейная ул., 11",unknown
4700000.0,55.661252,38.013038,76.1,3.0,1.0,1958.0,unknown,flat,avito,"московская обл., г.о. люберцы, рп. малаховка, касимовское ш., 2",unknown
11300000.0,55.414869,37.485736,70.0,3.0,0.35294117647058826,2012.0,unknown,flat,avito,"московская обл., подольск, ул. генерала смирнова, 7",unknown
16100000.0,55.90354423108118,37.47778418332004,85.0,3.0,0.30434782608695654,2014.0,unknown,flat,avito,"московская обл., химки, совхозная ул., 25к2",unknown
27170405.0,55.5598,37.51101,66.1,3.0,0.35714285714285715,,unknown,flat,avito,"п. сосенское, ул. поляны, з/у 50д, стр. 18.1.1",жк «скандинавия»
8800000.0,55.55510347797301,37.0762621486554,62.6,4.0,0.8,1975.0,unknown,flat,avito,"московская обл., наро-фоминский г.о., апрелевка, парковая ул., 2/4",unknown
15492183.0,55.82087,37.21002,73.9,4.0,0.8571428571428571,,new_building,flat,avito,"ул. береговая, стр. 1.2",жк «аникеевский»
16648300.0,55.73433,38.00458,72.7,4.0,0.782608695652174,,new_building,flat,avito,"мкр. железнодорожный, пр-т героев, ул. автозаводская, стр. 610с2",жк «героев»
32000000.0,55.923034,37.87246,156.0,4.0,0.29411764705882354,2010.0,unknown,flat,avito,"московская обл., королев, ул. урицкого, 10",unknown
22960000.0,56.74262,37.17035,114.8,4.0,1.0,,unknown,flat,avito,"ул. понтекорво, жк «bruno»",жк «bruno» (бруно)
7500000.0,55.50439453,37.95170212,61.0,4.0,1.0,,unknown,flat,avito,"московская обл., ленинский г.о., пос. володарского, зеленая ул., 36",unknown
15000000.0,55.409569,38.263515,119.7,4.0,0.8,2007.0,unknown,flat,avito,"московская обл., бронницы, мкр-н марьинский, 1",unknown
5300000.0,56.02767944,35.95819473,60.6,4.0,1.0,1960.0,unknown,flat,avito,"московская обл., волоколамский муниципальный округ, волоколамск, садовая ул., 13",unknown
18000000.0,54.918845,37.380732,217.0,4.0,0.3333333333333333,1917.0,unknown,flat,avito,"московская обл., серпухов, мкр-н красный текстильщик, ул. красный текстильщик, 9",unknown
22999000.0,55.690527,37.914609,131.9,4.0,1.0,2012.0,unknown,flat,avito,"московская обл., люберцы, мкр-н красная горка, пр-т гагарина, 22к1",unknown
7200000.0,56.17856979,36.99362183,66.9,4.0,1.0,1971.0,unknown,flat,avito,"московская обл., солнечногорск, мкр-н рекинцо, 2",unknown
4790000.0,56.739046,37.530975,58.8,4.0,1.0,1974.0,unknown,flat,avito,"московская обл., талдомский г.о., талдом, мкр-н юбилейный, 17",unknown
7000000.0,55.8791451918457,38.78712475323616,78.0,4.0,1.0,1974.0,unknown,flat,avito,"московская обл., павлово-посадский г.о., электрогорск, советская ул., 7",unknown
16077750.0,55.73392,38.00359,66.3,4.0,0.9565217391304348,,new_building,flat,avito,"мкр. железнодорожный, пр-т героев, ул. автозаводская, стр. 610с1",жк «героев»
23000000.0,55.95132446,37.47420883,140.0,4.0,0.42857142857142855,2013.0,unknown,flat,avito,"московская обл., химки, мкр-н клязьма-старбеево, квартал международный, береговая ул., 1",unknown
7600000.0,55.93827057,36.70778656,60.8,4.0,1.0,,unknown,flat,avito,"московская обл., муниципальный округ истра, пос. глебовский, ул. микрорайон, 4",unknown
9750000.0,54.84887695,38.25028229,72.0,4.0,0.6,1988.0,unknown,flat,avito,"московская обл., кашира, советский пр-т, 17а",unknown
24900000.0,55.90470123,37.4671936,80.0,4.0,0.64,2017.0,unknown,flat,avito,"московская обл., химки, ленинский пр-т, 20",unknown
10300000.0,55.378882,37.542419,97.9,4.0,1.0,1957.0,unknown,flat,avito,"московская обл., подольск, мкр-н климовск, заводская ул., 9/1",unknown
15800000.0,55.922696,37.722226,88.8,4.0,0.16666666666666666,2004.0,unknown,flat,avito,"московская обл., мытищи, ул. колпакова, 38к1",unknown
5650000.0,56.453742,38.094937,62.6,4.0,0.4,1978.0,unknown,flat,avito,"московская обл., сергиево-посадский г.о., пос. реммаш, школьная ул., 14",unknown
24000000.0,55.921677,37.825919,162.1,4.0,1.0,2004.0,unknown,flat,avito,"московская обл., королев, ул. болдырева, 5",unknown
6300000.0,56.283879,37.484756,59.1,4.0,1.0,1967.0,unknown,flat,avito,"московская обл., дмитровский муниципальный округ, яхрома, ул. ленина, 28",unknown
4999999.0,55.576096,39.531721,62.0,4.0,0.6,,unknown,flat,avito,"московская обл., шатура, пр-т ильича, 37/2",unknown
16720000.0,55.92897,37.882126,100.0,4.0,1.0,2017.0,unknown,flat,avito,"московская обл., королев, мкр-н болшево, бурковский пр., 36к4",unknown
19900000.0,55.89927,37.401033,108.0,4.0,0.2777777777777778,2007.0,new_building,flat,avito,"московская обл., химки, молодежная ул., 50",unknown
8450000.0,56.369551,37.538422,74.1,4.0,0.2222222222222222,1988.0,unknown,flat,avito,"московская обл., дмитровский г.о., дмитров, мкр-н дзфс, 22а",unknown
8600000.0,55.799942,38.468349,75.3,4.0,1.0,,unknown,flat,avito,"московская обл., электросталь, ул. корнеева, 6а",unknown
10790000.0,55.9683876,37.66376495,118.0,4.0,0.5,2021.0,unknown,flat,avito,"московская обл., г.о. мытищи, д. болтино, ул. баздырева, 1",unknown
10800000.0,55.967103,37.661024,118.0,4.0,0.5,,unknown,flat,avito,"московская обл., г.о. мытищи, д. болтино, ул. баздырева, 17",unknown
11000000.0,55.785994,38.673641,106.8,4.0,0.1111111111111111,,unknown,flat,avito,"московская обл., павлово-посадский г.о., павловский посад, ул. каляева, 18к1",unknown
23999999.0,55.950862,37.863765,155.5,4.0,0.75,,unknown,flat,avito,"московская обл., королев, мкр-н первомайский, советская ул., 2",unknown
12500000.0,55.65151168176199,37.12288508892753,78.0,4.0,0.25,2023.0,unknown,flat,avito,"московская обл., одинцовский г.о., с. перхушково, мкр-н равновесие, 7",unknown
6990000.0,55.865733,38.446834,63.2,4.0,0.8888888888888888,,unknown,flat,avito,"московская обл., богородский г.о., ногинск, мкр-н заречье, ул. белякова, 3",unknown
13400000.0,55.58643,37.899113,78.8,4.0,0.5833333333333334,2020.0,unknown,flat,avito,"московская обл., лыткарино, 5-й мкр-н, 1-й квартал, 11",unknown
24000000.0,55.8855629,37.43357086,105.6,4.0,0.6086956521739131,,unknown,flat,avito,"московская обл., химки, ул. горшина, 6к1",unknown
27999999.0,55.95086288,37.86376572,192.0,4.0,0.75,2009.0,unknown,flat,avito,"московская обл., королев, мкр-н первомайский, советская ул., 2",unknown
39000000.0,55.827525,37.966074,147.0,4.0,0.5789473684210527,2004.0,unknown,flat,avito,"московская обл., балашиха, заречная ул., 22",unknown
14200000.0,55.90719092323275,37.868310004475006,76.4,4.0,0.07142857142857142,1988.0,unknown,flat,avito,"московская обл., королев, пр-т космонавтов, 43",unknown
6000000.0,56.36920166,36.68623352,60.4,4.0,1.0,1975.0,unknown,flat,avito,"московская обл., клин, ленинградское ш., 44",unknown
15921300.0,55.73386,38.00296,72.7,4.0,0.7368421052631579,,new_building,flat,avito,"мкр. железнодорожный, пр-т героев, ул. автозаводская, стр. 611с2",жк «героев»
17927375.0,55.6532,37.12427,82.7,4.0,0.5,,unknown,flat,avito,"с/п жаворонковское, с. перхушково, д. 5",жк «равновесие»
6800000.0,55.94234085,36.71495438,66.7,4.0,0.4444444444444444,1981.0,unknown,flat,avito,"московская обл., г.о. истра, пос. глебовский, ул. микрорайон, 41",unknown
12999000.0,56.19551557086972,36.96364403252458,92.0,4.0,0.6666666666666666,2010.0,unknown,flat,avito,"московская обл., солнечногорск, красная ул., 125",unknown
24890000.0,55.142488,37.45778,120.0,4.0,0.7777777777777778,2013.0,unknown,flat,avito,"московская обл., чехов, ул. чехова, 79к1",unknown
16874000.0,55.73608,38.00844,71.5,4.0,0.47058823529411764,,new_building,flat,avito,"мкр. железнодорожный, пр-т героев, ул. автозаводская, корп. 410",жк «героев»
8000000.0,56.28863144,38.17915344,73.0,4.0,0.6666666666666666,1989.0,unknown,flat,avito,"московская обл., сергиево-посадский г.о., сергиев посад, ул. маслиева, 8",unknown
28200000.0,55.88694382,37.45726776,118.3,4.0,0.34615384615384615,2014.0,unknown,flat,avito,"московская обл., химки, ул. ватутина, 4к2",unknown
33249893.0,55.9038,37.7386,135.7,4.0,0.7142857142857143,,unknown,flat,avito,"22 мкр., корп. 12",жк «цветочный город»
31031715.0,55.9038,37.7386,125.8,4.0,0.6666666666666666,,unknown,flat,avito,"22 мкр., корп. 12",жк «цветочный город»
7200000.0,55.27807617,37.92983627,58.9,4.0,0.2,1980.0,unknown,flat,avito,"московская обл., домодедово, мкр-н барыбино, южная ул., 15",unknown
16684650.0,55.73433,38.00458,72.7,4.0,0.43478260869565216,,new_building,flat,avito,"мкр. железнодорожный, пр-т героев, ул. автозаводская, стр. 610с2",жк «героев»
3200000.0,55.65329742,39.86372757,61.0,4.0,1.0,,unknown,flat,avito,"московская обл., муниципальный округ шатура, рошаль, 1-я первомайская ул., 8",unknown
6900000.0,55.502436,36.031336,61.0,4.0,0.4,1969.0,unknown,flat,avito,"московская обл., можайский г.о., можайск, ул. 20 января, 17",unknown
9200000.0,56.03427505,35.52075195,75.8,4.0,0.6,1997.0,unknown,flat,avito,"московская обл., г.о. шаховская, рп. шаховская, 1-я советская ул., 59",unknown
6000000.0,55.115208,38.162625,126.7,4.0,1.0,2008.0,unknown,flat,avito,"московская обл., г.о. ступино, с. березнецово, центральная ул., 5",unknown
18687730.0,55.73605,38.00591,71.3,4.0,0.7647058823529411,,new_building,flat,avito,"мкр. железнодорожный, пр-т героев, ул. автозаводская, корп. 411",жк «героев»
6500000.0,55.74257278,38.14767838,61.5,4.0,1.0,1974.0,unknown,flat,avito,"московская обл., богородский г.о., электроугли, мкр-н светлый, 21",unknown
17000000.0,55.91405,37.753182,83.0,4.0,0.1111111111111111,1991.0,unknown,flat,avito,"московская обл., мытищи, шараповская ул., 8к2",unknown
33850000.0,55.55611,37.500908,99.7,4.0,0.625,2024.0,unknown,flat,avito,"москва, новомосковский административный округ, р-н коммунарка, пр-т куприна, 3к6",unknown
13900000.0,55.103471,38.769572,104.2,4.0,1.0,1917.0,unknown,flat,avito,"московская обл., коломна, арбатская ул., 4",unknown
22960000.0,56.74262,37.17035,114.8,4.0,0.7142857142857143,,unknown,flat,avito,"ул. понтекорво, жк «bruno»",жк «bruno» (бруно)
18900000.0,55.826008,37.367365,103.7,4.0,0.13043478260869565,2005.0,unknown,flat,avito,"московская обл., красногорск, ул. имени егорова, 5",unknown
24990000.0,55.66864395,37.85480118,116.3,4.0,1.0,2019.0,new_building,flat,avito,"московская обл., котельники, ул. строителей, 5",unknown
31220415.0,55.9038,37.7386,125.8,4.0,0.5416666666666666,,unknown,flat,avito,"22 мкр., корп. 12",жк «цветочный город»
15703200.0,55.73386,38.00296,72.7,4.0,1.0,,new_building,flat,avito,"мкр. железнодорожный, пр-т героев, ул. автозаводская, стр. 611с2",жк «героев»
8500000.0,55.583678,38.006651,84.7,4.0,1.0,2012.0,unknown,flat,avito,"московская обл., г.о. люберцы, д. островцы, совхозная ул., 2/2",unknown
6700000.0,55.100948,38.77692,76.0,4.0,1.0,1992.0,unknown,flat,avito,"московская обл., коломна, ветеринарная ул., 2",unknown
16095200.0,55.73608,38.00844,68.2,4.0,0.3181818181818182,,new_building,flat,avito,"мкр. железнодорожный, пр-т героев, ул. автозаводская, корп. 410",жк «героев»
9700000.0,55.76731276132802,38.43954405767434,81.6,4.0,0.8888888888888888,1980.0,unknown,flat,avito,"московская обл., электросталь, ул. победы, 6к4",unknown
33085080.0,55.62202,37.12848,124.4,4.0,0.3333333333333333,,new_building,flat,avito,"д. ликино, стр. 2",жк «мыс»
10300000.0,55.384549,36.723785,83.0,4.0,1.0,1985.0,unknown,flat,avito,"московская обл., наро-фоминский г.о., наро-фоминск, ул. маршала г.к. жукова, 8",unknown
10990000.0,55.415615,37.478621,92.7,4.0,0.07142857142857142,2011.0,unknown,flat,avito,"московская обл., подольск, ул. академика доллежаля, 34",unknown
15000000.0,55.91458,36.868243,102.3,4.0,0.26666666666666666,,unknown,flat,avito,"московская обл., истра, ул. шнырева, 4",unknown
21104000.0,55.92219,37.99425,131.9,4.0,0.65,,unknown,flat,avito,"ул. советская, д. 60",жк «river house» (ривер хаус)
16300000.0,55.527107,37.717465,88.8,4.0,0.20833333333333334,2024.0,new_building,flat,avito,"московская обл., ленинский г.о., д. сапроново, донская ул., 5",unknown
18350000.0,55.87336,37.393946,81.5,4.0,0.8235294117647058,2014.0,unknown,flat,avito,"московская обл., г.о. красногорск, пгт. путилково, спасо-тушинский б-р, 9",unknown
6150000.0,54.943023,39.037117,61.9,4.0,0.4,1974.0,unknown,flat,avito,"московская обл., луховицы, ул. жуковского, 37",unknown
5450000.0,54.817485,38.120575,78.5,4.0,1.0,1990.0,unknown,flat,avito,"московская обл., г.о. кашира, д. лиды, иваньковское ш., 12",unknown
6000000.0,54.851671,38.518628,78.5,4.0,0.8,1982.0,unknown,flat,avito,"московская обл., г.о. коломна, озеры, мкр-н имени маршала катукова, 12",unknown
18760402.0,55.94179,37.87448,86.2,4.0,0.5,,new_building,flat,avito,"ул. солнечная, д. 2",жилой «киноквартал»
34000000.0,55.77465057,37.84682083,145.0,4.0,0.44,2017.0,unknown,flat,avito,"московская обл., реутов, ул. реутовских ополченцев, 10",unknown
5000000.0,56.74125671,37.53356171,59.9,4.0,0.6,,unknown,flat,avito,"московская обл., талдомский г.о., талдом, мкр-н юбилейный, 47",unknown
17871200.0,55.73605,38.00591,71.2,4.0,0.8823529411764706,,new_building,flat,avito,"мкр. железнодорожный, пр-т героев, ул. автозаводская, корп. 411",жк «героев»
16500000.0,56.327246,38.153516,141.0,4.0,0.3333333333333333,1997.0,unknown,flat,avito,"московская обл., сергиево-посадский г.о., сергиев посад, ул. осипенко, 2",unknown
19990000.0,55.95673644107835,37.810077217354696,136.8,4.0,1.0,2012.0,unknown,flat,avito,"московская обл., г.о. пушкинский, с. тарасовка, славянская ул., 87",unknown
26534802.0,55.86744,37.32191,95.2,4.0,0.6666666666666666,,new_building,flat,avito,"пос. отрадное, ул. знаменская, стр. 26/1",жк «левел лесной»
25990000.0,55.467586,37.544944,132.5,4.0,0.07142857142857142,2011.0,new_building,flat,avito,"москва, новомосковский административный округ, р-н щербинка, пос. знамя октября, мкр-н родники, 8",unknown
7990000.0,55.112844,37.956058,76.6,4.0,0.1111111111111111,1995.0,unknown,flat,avito,"московская обл., г.о. ступино, пгт. михнево, ул. правды, 8",unknown
21800000.0,55.88436127,37.43367004,129.9,4.0,0.96,2008.0,unknown,flat,avito,"московская обл., химки, ул. горшина, 8",unknown
16299999.0,55.527107,37.717465,90.5,4.0,0.29411764705882354,2019.0,unknown,flat,avito,"московская обл., ленинский г.о., д. сапроново, жк 1-й донской, 2",unknown
17871200.0,55.73605,38.00591,71.2,4.0,0.7647058823529411,,new_building,flat,avito,"мкр. железнодорожный, пр-т героев, ул. автозаводская, корп. 411",жк «героев»
9800000.0,54.89493818390964,38.07276256416232,75.4,4.0,0.6666666666666666,1999.0,unknown,flat,avito,"московская обл., ступино, ул. куйбышева, 69",unknown
25500000.0,55.494706,37.553136,113.0,4.0,0.47619047619047616,2016.0,unknown,flat,avito,"москва, новомосковский административный округ, поселение щербинка, щербинка, квартал южный, 6",unknown
4600000.0,56.30616015676512,37.92847483334347,78.0,4.0,0.3333333333333333,1983.0,unknown,flat,avito,"московская обл., сергиево-посадский г.о., пос. мостовик, первомайская ул., 7",unknown
22900000.0,55.832389,37.976656,140.0,4.0,0.29411764705882354,2009.0,unknown,flat,avito,"московская обл., балашиха, ул. 40 лет победы, 27",unknown
5750000.0,54.85616,38.514046,76.0,4.0,0.2,1983.0,unknown,flat,avito,"московская обл., г.о. коломна, озеры, мкр-н имени маршала катукова, 34",unknown
19500000.0,55.544494,37.722648,123.8,4.0,0.9444444444444444,2007.0,unknown,flat,avito,"московская обл., ленинский г.о., видное, ольховая ул., 4",unknown
13500000.0,55.96392822,37.9224968,100.4,4.0,0.8333333333333334,1998.0,unknown,flat,avito,"московская обл., г.о. пушкинский, ивантеевка, ул. толмачева, 21",unknown
6850000.0,54.46750043478501,38.72741730761773,58.1,4.0,1.0,1972.0,unknown,flat,avito,"московская обл., муниципальный округ серебряные пруды, пгт. серебряные пруды, мкр-н юбилейный, 10",unknown
29500000.0,55.584003,38.138883,132.1,4.0,0.7647058823529411,2008.0,unknown,flat,avito,"московская обл., жуковский, ул. амет-хан султана, 15к2",unknown
7000000.0,55.65656117334881,39.88242829199525,90.6,4.0,1.0,,unknown,flat,avito,"московская обл., муниципальный округ шатура, рошаль, ул. фридриха энгельса, 32/6",unknown
30000000.0,55.743046,38.014574,130.0,4.0,0.47058823529411764,2009.0,unknown,flat,avito,"московская обл., балашиха, мкр-н железнодорожный, юбилейная ул., 4к5",unknown
25000000.0,55.494191,37.552004,120.0,4.0,0.9523809523809523,2014.0,unknown,flat,avito,"москва, новомосковский административный округ, поселение щербинка, щербинка, квартал южный, 7",unknown
5350000.0,55.58180618,38.93656921,60.4,4.0,0.6,,unknown,flat,avito,"московская обл., орехово-зуевский г.о., куровское, совхозная ул., 15",unknown
25000000.0,55.429619,37.773403,160.0,4.0,0.3,1996.0,unknown,flat,avito,"московская обл., домодедово, ул. 25 лет октября, 1",unknown
21000000.0,55.55052096810314,36.623671351886,100.8,4.0,0.75,1984.0,unknown,flat,avito,"московская обл., одинцовский г.о., д. чупряково, 30",unknown
16524300.0,55.73471,38.00349,74.1,4.0,0.52,,new_building,flat,avito,"мкр. железнодорожный, пр-т героев, ул. автозаводская, стр. 611с1",жк «героев»
14500000.0,55.63930511,38.05158615,88.4,4.0,0.42857142857142855,2002.0,unknown,flat,avito,"московская обл., раменский г.о., дп. удельная, первомайская ул., 17",unknown
23990000.0,56.01074,37.854512,131.0,4.0,0.09523809523809523,,unknown,flat,avito,"московская обл., г.о. пушкинский, пушкино, ул. тургенева, 24",unknown
6000000.0,55.32333755,36.75388718,77.0,4.0,0.6,1974.0,unknown,flat,avito,"московская обл., наро-фоминский г.о., с. атепцево, речная ул., 4",unknown
5850000.0,56.492065,38.184858,73.2,4.0,0.2222222222222222,1982.0,unknown,flat,avito,"московская обл., сергиево-посадский г.о., пгт. богородское, 6",unknown
18407550.0,55.73605,38.00591,70.5,4.0,0.29411764705882354,,new_building,flat,avito,"мкр. железнодорожный, пр-т героев, ул. автозаводская, корп. 411",жк «героев»
12900000.0,56.191889,36.994716,151.6,4.0,0.5,2019.0,unknown,flat,avito,"московская обл., солнечногорск, ул. драгунского, 24",unknown
16077750.0,55.73392,38.00359,66.3,4.0,0.9130434782608695,,new_building,flat,avito,"мкр. железнодорожный, пр-т героев, ул. автозаводская, стр. 610с1",жк «героев»
10800000.0,54.93671036,37.39890289,88.0,4.0,1.0,1994.0,unknown,flat,avito,"московская обл., серпухов, новая ул., 15а",unknown
31941940.0,55.97951,37.58114,121.9,4.0,1.0,,new_building,flat,avito,"с. троицкое, ул. московская, стр. 1",эко-усадьба «троицкое»
29900000.0,55.731151,37.060617,210.0,4.0,0.16666666666666666,2006.0,unknown,apartments,avito,"московская обл., одинцовский г.о., пос. сосны, 21",unknown
24900000.0,55.771829,37.846948,118.1,4.0,0.16,2016.0,unknown,flat,avito,"московская обл., реутов, ул. реутовских ополченцев, 4",unknown
39500000.0,55.88558,37.44744,175.6,4.0,0.6666666666666666,2004.0,unknown,flat,avito,"московская обл., химки, спартаковская ул., 5/7",unknown
21000000.0,55.773388,37.216358,128.5,4.0,0.3333333333333333,2014.0,unknown,flat,avito,"московская обл., г.о. красногорск, пос. ильинское-усово, пр. александра невского, 8",unknown
22904100.0,55.92219,37.99425,149.7,4.0,0.8,,unknown,flat,avito,"ул. советская, д. 60",жк «river house» (ривер хаус)
14000000.0,55.40464783,37.48884201,104.4,4.0,0.75,,unknown,flat,avito,"московская обл., г.о. подольск, д. бородино, варшавское ш., 72",unknown
22200000.0,55.490585,37.297521,89.0,4.0,1.0,2003.0,unknown,flat,avito,"москва, троицкий административный округ, поселение троицк, троицк, мкр-н в, 52",unknown
7450000.0,55.840194,38.39413,63.5,4.0,0.6,1970.0,unknown,flat,avito,"московская обл., богородский г.о., ногинск, магистральная ул., 2а",unknown
22000000.0,55.91597748,37.87368393,121.4,4.0,0.8,2004.0,unknown,flat,avito,"московская обл., королев, ул. баумана, 5",unknown
5950000.0,54.853444,38.521763,61.7,4.0,1.0,1970.0,unknown,flat,avito,"московская обл., г.о. коломна, озеры, 1-й мкр-н, 9",unknown
5150000.0,55.05427933,37.9839592,137.7,4.0,1.0,2013.0,unknown,flat,avito,"московская обл., г.о. ступино, с. шугарово, вокзальная ул., 3",unknown
14550000.0,55.79294205,37.93387985,103.3,4.0,0.9565217391304348,2015.0,unknown,flat,avito,"московская обл., балашиха, первомайский пр., 1",unknown
8090000.0,55.605404,38.094398,74.9,4.0,0.1111111111111111,1968.0,unknown,flat,avito,"московская обл., жуковский, ул. гагарина, 49",unknown
11100000.0,56.35448837,37.51509094,108.0,4.0,1.0,2018.0,unknown,flat,avito,"московская обл., дмитровский муниципальный округ, дмитров, луговая ул., 13",unknown
9700000.0,55.93267822,38.38739395,101.3,4.0,1.0,,unknown,flat,avito,"московская обл., богородский г.о., с. ямкино, ул. центральная усадьба, 10а",unknown
18333000.0,55.94179,37.87448,87.3,4.0,0.25,,new_building,flat,avito,"ул. солнечная, д. 2",жилой «киноквартал»
7100000.0,56.446872,38.095216,78.0,4.0,0.4,1996.0,unknown,flat,avito,"московская обл., сергиево-посадский г.о., пос. реммаш, институтская ул., 7",unknown
5650000.0,56.45374298,38.09493637,62.6,4.0,0.4,1978.0,unknown,flat,avito,"московская обл., сергиево-посадский г.о., пос. реммаш, школьная ул., 14",unknown
16000000.0,55.957776,37.894074,106.1,4.0,1.0,2001.0,unknown,flat,avito,"московская обл., г.о. пушкинский, пос. лесные поляны, мкр-н полянка, 100",unknown
20924400.0,55.92219,37.99425,131.6,4.0,0.6,,unknown,flat,avito,"ул. советская, д. 60",жк «river house» (ривер хаус)
12500000.0,55.77153015,38.42179871,92.5,4.0,0.5,2006.0,unknown,flat,avito,"московская обл., электросталь, западная ул., 20к3",unknown
21000000.0,55.148621,37.463107,134.4,4.0,0.4166666666666667,,unknown,flat,avito,"московская обл., чехов, ул. дружбы, 2а",unknown
20000000.0,55.60154724,38.09849548,103.8,4.0,1.0,2007.0,unknown,flat,avito,"московская обл., жуковский, ул. дугина, 17а",unknown
16095200.0,55.73608,38.00844,68.2,4.0,0.4090909090909091,,new_building,flat,avito,"мкр. железнодорожный, пр-т героев, ул. автозаводская, корп. 410",жк «героев»
5500000.0,55.58190536,38.93570709,61.7,4.0,0.4,,unknown,flat,avito,"московская обл., орехово-зуевский г.о., куровское, совхозная ул., 16",unknown
16210350.0,55.73392,38.00359,66.3,4.0,0.6086956521739131,,new_building,flat,avito,"мкр. железнодорожный, пр-т героев, ул. автозаводская, стр. 610с1",жк «героев»
14700000.0,55.33554,37.327282,158.1,4.0,0.6,,unknown,flat,avito,"москва, троицкий административный округ, р-н вороново, база отдыха витро вилладж, 1с2",unknown
20000000.0,56.324995,36.728698,133.0,4.0,1.0,,unknown,flat,avito,"московская обл., клин, бородинский пр., 17а",unknown
18800000.0,55.885938,37.431576,128.6,4.0,0.16,2008.0,unknown,flat,avito,"московская обл., химки, ул. горшина, 5",unknown
10650000.0,55.794563,37.961825,73.9,4.0,0.8888888888888888,,unknown,flat,avito,"московская обл., балашиха, пионерская ул., 1",unknown
16000000.0,55.14876,37.471875,117.0,4.0,0.8571428571428571,2003.0,unknown,flat,avito,"московская обл., чехов, береговая ул., 41",unknown
15000000.0,55.69736099,37.92707825,100.0,4.0,0.3333333333333333,2021.0,unknown,flat,avito,"московская обл., люберцы, территория снт зеленая зона, 472",unknown
27500000.0,55.691257,37.871751,118.2,4.0,1.0,2006.0,unknown,flat,avito,"московская обл., люберцы, октябрьский пр-т, 55к2",unknown
27890000.0,55.83486836948252,37.973833437152734,105.0,4.0,0.88,2009.0,unknown,flat,avito,"московская обл., балашиха, ул. свердлова, 54",unknown
3290000.0,55.66411209,39.86105347,60.0,4.0,1.0,,unknown,flat,avito,"московская обл., муниципальный округ шатура, рошаль, советская ул., 43",unknown
9999999.0,55.32213593,38.6775589,94.4,4.0,0.6666666666666666,1950.0,unknown,flat,avito,"московская обл., воскресенск, мкр-н центральный, октябрьская ул., 8",unknown
15600000.0,55.09571677152311,38.75984516266001,139.0,4.0,0.8333333333333334,1998.0,unknown,flat,avito,"московская обл., коломна, уманская ул., 24",unknown
9800000.0,55.90820313,37.98846054,61.0,4.0,0.2,,unknown,flat,avito,"московская обл., щелково, ул. 2-я пятилетка, 20",unknown
13800000.0,56.294766,38.12451,113.3,4.0,0.6666666666666666,2000.0,unknown,flat,avito,"московская обл., сергиево-посадский г.о., сергиев посад, хотьковский пр., 9",unknown
28900000.0,55.886943,37.457268,121.9,4.0,0.631578947368421,2014.0,new_building,flat,avito,"московская обл., химки, ул. ватутина, 4к2",unknown
16487250.0,55.73471,38.00349,74.1,4.0,0.56,,new_building,flat,avito,"мкр. железнодорожный, пр-т героев, ул. автозаводская, стр. 611с1",жк «героев»
16874000.0,55.73608,38.00844,71.5,4.0,0.5294117647058824,,new_building,flat,avito,"мкр. железнодорожный, пр-т героев, ул. автозаводская, корп. 410",жк «героев»
30900000.0,55.86885834,37.33355331,124.7,4.0,0.13333333333333333,2021.0,new_building,flat,avito,"московская обл., г.о. красногорск, пос. отрадное, лесная ул., 19к4",unknown
6300000.0,56.564132,37.42518,69.0,4.0,0.2,,unknown,flat,avito,"московская обл., талдомский г.о., рп. запрудня, ул. карла маркса, 13",unknown
16874000.0,55.73608,38.00844,71.5,4.0,0.4117647058823529,,new_building,flat,avito,"мкр. железнодорожный, пр-т героев, ул. автозаводская, корп. 410",жк «героев»
18404090.0,55.94121,37.8744,88.1,4.0,0.25,,new_building,flat,avito,"ул. солнечная, д. 2",жилой «киноквартал»
15957650.0,55.73386,38.00296,72.7,4.0,0.5789473684210527,,new_building,flat,avito,"мкр. железнодорожный, пр-т героев, ул. автозаводская, стр. 611с2",жк «героев»
3500000.0,56.10438205076535,37.78268880410727,120.0,4.0,0.5,2015.0,unknown,flat,avito,"московская обл., г.о. пушкинский, с. семеновское, мкр-н солнечный, 9",unknown
14300000.0,56.14508438,37.49360657,110.0,4.0,1.0,2018.0,unknown,flat,avito,"московская обл., дмитровский муниципальный округ, пос. опытного хозяйства ермолино, жилой комплекс северное сияние, 13",unknown
24000000.0,55.87024689,37.39466476,86.0,4.0,0.4117647058823529,2023.0,new_building,flat,avito,"московская обл., г.о. красногорск, д. путилково, вольная ул., 3",unknown
18500000.0,55.898997,37.483229,103.0,4.0,1.0,2011.0,unknown,flat,avito,"московская обл., химки, совхозная ул., 8а",unknown
21991890.0,55.92219,37.99425,149.3,4.0,0.45,,unknown,flat,avito,"ул. советская, д. 60",жк «river house» (ривер хаус)
16210350.0,55.73392,38.00359,66.3,4.0,0.5217391304347826,,new_building,flat,avito,"мкр. железнодорожный, пр-т героев, ул. автозаводская, стр. 610с1",жк «героев»
38000000.0,55.833855,37.29894,163.0,4.0,0.9166666666666666,2002.0,unknown,flat,avito,"московская обл., красногорск, ул. ленина, 38б",unknown
8650000.0,56.324032,38.135047,66.9,4.0,1.0,,unknown,flat,avito,"московская обл., сергиево-посадский г.о., сергиев посад, новоугличское ш., 38",unknown
9850000.0,56.73164,37.161686,69.1,4.0,0.2222222222222222,1976.0,unknown,flat,avito,"московская обл., дубна, ул. энтузиастов, 3а",unknown
16648300.0,55.73433,38.00458,72.7,4.0,0.5217391304347826,,new_building,flat,avito,"мкр. железнодорожный, пр-т героев, ул. автозаводская, стр. 610с2",жк «героев»
26000000.0,55.38565380326647,36.74485039131196,117.7,4.0,0.29411764705882354,2010.0,unknown,flat,avito,"московская обл., наро-фоминский г.о., наро-фоминск, ул. войкова, 3",unknown
30500000.0,55.55337,37.47416,98.7,4.0,0.08333333333333333,2026.0,new_building,flat,avito,"москва, новомосковский административный округ, р-н коммунарка, жк дзен-кварталы, 3.1",unknown
16210350.0,55.73392,38.00359,66.3,4.0,0.6956521739130435,,new_building,flat,avito,"мкр. железнодорожный, пр-т героев, ул. автозаводская, стр. 610с1",жк «героев»
20220000.0,55.92311,37.77916,101.1,4.0,1.0,,unknown,flat,avito,"мкр. 36, 36а, 37, стр. 5",жк «отрадный»
18600000.0,55.89901733,38.50199127,135.8,4.0,0.8,,unknown,apartments,avito,"московская обл., богородский г.о., территория яхонтовый лес кзио, 5",unknown
26600000.0,55.8878479,37.45678329,111.6,4.0,0.6,2013.0,unknown,flat,avito,"московская обл., химки, ул. ватутина, 4к1",unknown
23500000.0,55.53703933879778,37.153692343083264,144.5,4.0,0.6666666666666666,2010.0,unknown,flat,avito,"москва, новомосковский административный округ, филимонковский р-н, пос. первомайское, центральная ул., 24",unknown
15688693.0,55.82087,37.21002,73.0,4.0,0.7857142857142857,,new_building,flat,avito,"ул. береговая, стр. 1.2",жк «аникеевский»
18450000.0,55.680387,37.192615,92.1,4.0,0.0625,2007.0,unknown,flat,avito,"московская обл., г.о. власиха, пос. власиха, ул. маршала жукова, 11",unknown
7200000.0,55.37251282,37.5347023,63.0,4.0,1.0,1968.0,unknown,flat,avito,"московская обл., подольск, симферопольская ул., 21",unknown
9100000.0,54.886734007648826,38.08292182382276,83.0,4.0,0.75,,unknown,flat,avito,"московская обл., ступино, ул. андропова, 30/23",unknown
19900000.0,55.70273972,37.20861435,81.0,4.0,0.8333333333333334,2025.0,unknown,flat,avito,"московская обл., одинцовский г.о., с. лайково, мкр-н город-событие, жк рублевский квартал",unknown
26450000.0,55.469397,37.548007,119.5,4.0,0.8571428571428571,2007.0,unknown,flat,avito,"московская обл., подольск, тепличная ул., 10",unknown
5700000.0,55.393656,39.031476,61.0,4.0,1.0,1971.0,unknown,flat,avito,"московская обл., егорьевск, владимирская ул., 6а",unknown
17000000.0,55.667965,37.180892,124.0,4.0,0.2222222222222222,2015.0,unknown,flat,avito,"московская обл., одинцовский г.о., с. юдино, пролетарская ул., 42а",unknown
26900000.0,55.521175,37.354707,93.0,4.0,0.9375,2021.0,new_building,flat,avito,"москва, троицкий административный округ, р-н троицк, 3-я нововатутинская ул., 2",unknown
1300000.0,55.838627,38.195297,23.0,4.0,0.25,1957.0,unknown,share,avito,"московская обл., г.о. щелково, рп. монино, ул. маршала красовского, 4",unknown
32000000.0,55.731151,37.060617,139.0,4.0,0.6666666666666666,,unknown,flat,avito,"московская обл., одинцовский г.о., пос. сосны, 21",unknown
22990000.0,55.835978,37.318936,101.3,4.0,0.7058823529411765,2011.0,unknown,flat,avito,"московская обл., красногорск, лесная ул., 14",unknown
7900000.0,55.91127,36.872788,60.2,4.0,0.6,1977.0,unknown,flat,avito,"московская обл., истра, ул. 9-й гвардейской дивизии, 51",unknown
15833250.0,55.73608,38.00844,68.1,4.0,1.0,,new_building,flat,avito,"мкр. железнодорожный, пр-т героев, ул. автозаводская, корп. 410",жк «героев»
14800000.0,55.967103,37.661024,118.2,4.0,0.75,,unknown,flat,avito,"московская обл., г.о. мытищи, д. болтино, ул. баздырева, 17",unknown
14500000.0,55.31026077,37.19249725,83.4,4.0,1.0,,unknown,flat,avito,"москва, троицкий административный округ, р-н вороново, пос. лмс, мкр-н солнечный городок, 4",unknown
35900000.0,55.77265549,37.84646225,150.0,4.0,0.2916666666666667,2017.0,unknown,flat,avito,"московская обл., реутов, ул. реутовских ополченцев, 6",unknown
33392378.0,55.9038,37.7386,135.7,4.0,0.2857142857142857,,unknown,flat,avito,"22 мкр., корп. 12",жк «цветочный город»
17140200.0,55.73392,38.00359,74.2,4.0,0.30434782608695654,,new_building,flat,avito,"мкр. железнодорожный, пр-т героев, ул. автозаводская, стр. 610с1",жк «героев»
20700000.0,55.532197,37.375611,80.0,4.0,0.13333333333333333,2025.0,unknown,flat,avito,"москва, троицкий административный округ, р-н троицк, жк деснаречье, 3к4",unknown
19415825.0,55.65328,37.12275,81.7,4.0,0.6666666666666666,,unknown,flat,avito,"с/п жаворонковское, с. перхушково, д. 4",жк «равновесие»
17400000.0,56.342121,37.539167,135.5,4.0,0.9230769230769231,2012.0,new_building,flat,avito,"московская обл., дмитровский муниципальный округ, дмитров, большевистская ул., 20",unknown
21553000.0,55.923947,37.755832,80.8,4.0,1.0,1980.0,unknown,flat,avito,"московская обл., мытищи, олимпийский пр-т, 21к1",unknown
22089854.0,55.92389,37.43402,106.5,4.0,1.0,,new_building,flat,avito,"ул. озерная, стр. 7",жк «мишино-2»
21676959.0,55.92389,37.43402,106.5,4.0,0.8,,new_building,flat,avito,"ул. озерная, стр. 7",жк «мишино-2»
21040000.0,55.92219,37.99425,131.5,4.0,0.65,,unknown,flat,avito,"ул. советская, д. 60",жк «river house» (ривер хаус)
16400000.0,56.330705,38.155555,129.1,4.0,0.2222222222222222,2003.0,unknown,flat,avito,"московская обл., сергиево-посадский г.о., сергиев посад, пр-т красной армии, 236",unknown
26050000.0,55.752951,37.849832,114.3,4.0,0.625,,unknown,flat,avito,"московская обл., реутов, ул. дзержинского, 3к2",unknown
18000000.0,55.950912,37.335857,114.5,4.0,0.1111111111111111,,unknown,flat,avito,"московская обл., химки, мкр-н подрезково, ул. жаринова, 14",unknown
15921300.0,55.73386,38.00296,72.7,4.0,0.8421052631578947,,new_building,flat,avito,"мкр. железнодорожный, пр-т героев, ул. автозаводская, стр. 611с2",жк «героев»
6999999.0,56.348447,38.167287,89.4,4.0,0.8,,new_building,flat,avito,"московская обл., сергиево-посадский г.о., пос. лесхоза, ул. базисный питомник, 8",unknown
16874000.0,55.73608,38.00844,71.5,4.0,0.6470588235294118,,new_building,flat,avito,"мкр. железнодорожный, пр-т героев, ул. автозаводская, корп. 410",жк «героев»
22900000.0,55.91713,37.40721,79.5,4.0,0.6666666666666666,,unknown,flat,avito,"ул. германа титова, д. 2",жк «восток 2»
18015488.0,55.43046,37.46739,98.8,4.0,0.5,,new_building,flat,avito,"д. докукино, стр. 1.2",жк «дубровицы клаб»
15900000.0,55.64950559476428,37.17282594973755,112.0,4.0,1.0,2023.0,new_building,flat,avito,"московская обл., одинцовский г.о., д. крюково, высокая ул., 1",unknown
12000000.0,54.90269852,37.37212753,105.0,4.0,0.1111111111111111,,unknown,flat,avito,"московская обл., г.о. серпухов, пос. большевик, ул. ленина, 108",unknown
14200000.0,55.748037,38.028031,75.0,4.0,0.4444444444444444,1979.0,unknown,flat,avito,"московская обл., балашиха, мкр-н железнодорожный, новая ул., 36",unknown
10790000.0,55.96752302734844,37.66174451717015,117.0,4.0,0.75,2021.0,resale,flat,avito,"московская обл., г.о. мытищи, д. болтино, ул. баздырева, 13",unknown
13490000.0,56.76076126,37.13764572,75.0,4.0,0.6666666666666666,,unknown,flat,avito,"московская обл., дубна, тверская ул., 9",unknown
15000000.0,55.90539065646569,36.85624398399353,78.7,4.0,0.5555555555555556,1990.0,unknown,flat,avito,"московская обл., истра, ул. ленина, 1а",unknown
17927375.0,55.6532,37.12427,82.7,4.0,0.6666666666666666,,unknown,flat,avito,"с/п жаворонковское, с. перхушково, д. 5",жк «равновесие»
16210350.0,55.73392,38.00359,66.3,4.0,0.5652173913043478,,new_building,flat,avito,"мкр. железнодорожный, пр-т героев, ул. автозаводская, стр. 610с1",жк «героев»
5499999.0,55.95822,36.225759,94.0,4.0,1.0,1964.0,unknown,flat,avito,"московская обл., волоколамский г.о., рп. сычево, ул. мира, 3",unknown
14000000.0,56.03839874,38.182827,108.4,4.0,0.2857142857142857,2023.0,unknown,flat,avito,"московская обл., г.о. щелково, пос. клюквенный, 18к1",unknown
5500000.0,55.73839411854343,38.83919828468048,86.3,4.0,1.0,1927.0,unknown,flat,avito,"московская обл., орехово-зуевский г.о., дрезна, 2-я ленинская ул., 6",unknown
18000000.0,55.93250019572209,37.83793310179139,90.8,4.0,1.0,2005.0,unknown,flat,avito,"московская обл., королев, мкр-н болшево, пушкинская ул., 15",unknown
29900000.0,55.773565,37.846508,131.8,4.0,0.6666666666666666,2016.0,unknown,flat,avito,"московская обл., реутов, ул. реутовских ополченцев, 8",unknown
15480000.0,55.763533,37.854027,72.8,4.0,0.4444444444444444,1980.0,unknown,flat,avito,"московская обл., реутов, ул. победы, 15",unknown
4100000.0,54.834003,38.156337,64.0,4.0,0.5,1956.0,unknown,flat,avito,"московская обл., кашира, ул. облог, 6",unknown
18730510.0,55.73605,38.00591,71.3,4.0,0.4117647058823529,,new_building,flat,avito,"мкр. железнодорожный, пр-т героев, ул. автозаводская, корп. 411",жк «героев»
24100000.0,55.92219,37.99425,181.4,4.0,0.7,,unknown,flat,avito,"ул. советская, д. 60",жк «river house» (ривер хаус)
13800000.0,55.422242,37.477795,96.0,4.0,0.9166666666666666,,unknown,flat,avito,"московская обл., подольск, армейский пр., 7",unknown
13000000.0,55.59522247,37.10969162,62.5,4.0,0.6,1977.0,unknown,flat,avito,"москва, новомосковский административный округ, р-н внуково, пос. совхоза крекшино, 7",unknown
6800000.0,56.22663879,35.64246368,59.9,4.0,0.8,1973.0,unknown,flat,avito,"московская обл., муниципальный округ лотошино, пгт. лотошино, центральная ул., 15",unknown
6500000.0,55.66655731,37.91176987,103.6,4.0,0.25,,unknown,share,avito,"московская обл., люберцы, октябрьский пр-т, 373к8",unknown
14870000.0,55.91402,36.857598,85.6,4.0,0.4,,unknown,flat,avito,"московская обл., истра, пл. революции, 5а",unknown
8900000.0,55.504221,36.031696,78.3,4.0,1.0,1986.0,unknown,flat,avito,"московская обл., можайский г.о., можайск, ул. мира, 4",unknown
6500000.0,56.000509863616266,36.473194470897,59.5,4.0,0.8,1982.0,unknown,flat,avito,"московская обл., г.о. истра, с. новопетровское, северная ул., 16а",unknown
23400000.0,56.009159,37.85515,114.0,4.0,0.625,2015.0,unknown,flat,avito,"московская обл., г.о. пушкинский, пушкино, ул. чехова, 1к2",unknown
31321055.0,55.9038,37.7386,125.8,4.0,1.0,,unknown,flat,avito,"22 мкр., корп. 12",жк «цветочный город»
11500000.0,55.987921,37.853308,76.0,4.0,0.8,,unknown,flat,avito,"московская обл., г.о. пушкинский, пушкино, пр. чапаева, 1",unknown
27952734.0,55.60773,37.36135,101.3,4.0,1.0,,unknown,flat,avito,"пос. московский, ул. никитина, д. 3, корп.3",город-парк «первый московский»
18500000.0,55.906628,37.390532,102.0,4.0,1.0,2008.0,unknown,flat,avito,"московская обл., химки, молодежная ул., 70",unknown
9799000.0,55.550763,37.08586,62.0,4.0,0.6,1971.0,unknown,flat,avito,"московская обл., наро-фоминский г.о., апрелевка, февральская ул., 48",unknown
32394983.0,55.9038,37.7386,135.7,4.0,0.5714285714285714,,unknown,flat,avito,"22 мкр., корп. 12",жк «цветочный город»
10720000.0,54.88957977,38.07577515,98.0,4.0,0.6,,unknown,flat,avito,"московская обл., ступино, ул. горького, 33/25",unknown
24500000.0,55.92219,37.99425,182.7,4.0,0.75,,unknown,flat,avito,"ул. советская, д. 60",жк «river house» (ривер хаус)
3500000.0,55.90420532,38.05677795,97.3,4.0,0.25,1950.0,unknown,share,avito,"московская обл., щелково, мкр-н щелково-3, ул. ленина, 12",unknown
15000000.0,55.14876,37.471875,114.5,4.0,0.2857142857142857,2006.0,unknown,flat,avito,"московская обл., чехов, береговая ул., 41",unknown
11000000.0,56.318047,36.763041,68.4,4.0,0.6666666666666666,1977.0,unknown,flat,avito,"московская обл., клин, ул. чайковского, 66к2",unknown
25000000.0,55.77965653169646,37.32044626853005,120.0,4.0,1.0,,unknown,flat,avito,"московская обл., г.о. красногорск, д. захарково, уч2",unknown
24140000.0,55.94945,37.476294,170.0,4.0,1.0,2024.0,new_building,flat,avito,"московская обл., химки, мкр-н клязьма-старбеево, квартал международный, береговая ул., 6",unknown
17600000.0,56.191889,36.994716,189.0,4.0,0.375,2024.0,unknown,flat,avito,"московская обл., солнечногорск, ул. драгунского, 24",unknown
23340407.0,55.86536,37.33121,86.7,4.0,0.2,,new_building,flat,avito,"пос. отрадное, ул. знаменская, стр. 26/5",жк «левел лесной»
22055633.0,55.65348,37.12119,81.7,4.0,0.8333333333333334,,unknown,flat,avito,"с/п жаворонковское, с. перхушково, д. 3",жк «равновесие»
11850000.0,56.73164,37.161686,72.0,4.0,0.4444444444444444,1976.0,unknown,flat,avito,"московская обл., дубна, ул. энтузиастов, 3а",unknown
16648300.0,55.73433,38.00458,72.7,4.0,0.6956521739130435,,new_building,flat,avito,"мкр. железнодорожный, пр-т героев, ул. автозаводская, стр. 610с2",жк «героев»
4500000.0,55.718197,38.948885,61.3,4.0,1.0,1974.0,unknown,flat,avito,"московская обл., орехово-зуевский г.о., ликино-дулево, ул. степана морозкина, 1",unknown
12500000.0,55.50384903,37.54855347,83.0,4.0,0.8,2009.0,unknown,flat,avito,"москва, новомосковский административный округ, р-н щербинка, щербинка, прудовая ул., 1а",unknown
6180000.0,56.32501,36.716535,75.0,4.0,1.0,1976.0,unknown,flat,avito,"московская обл., клин, загородная ул., 23",unknown
6200000.0,56.247531,37.502893,61.3,4.0,0.8,,unknown,flat,avito,"московская обл., дмитровский муниципальный округ, пгт. деденево, заречная ул., 4",unknown
31941940.0,55.97951,37.58114,121.9,4.0,1.0,,new_building,flat,avito,"с. троицкое, ул. московская, стр. 1",эко-усадьба «троицкое»
4967514.0,55.63949,37.94882,23.3,0.0,0.5,,new_building,flat,avito,"московская область, городской округ люберцы, поселок жилино-1, жилой комплекс егорово парк, к3.3",жк «егорово парк»
12986191.0,55.55501,37.49703,21.8,0.0,0.7222222222222222,,unknown,flat,avito,"ул. эдварда грига, з/у 14б, д. 37.2",жк «скандинавия»
10667042.0,55.68664,37.41269,29.1,0.0,0.6666666666666666,,new_building,flat,avito,"жилой комплекс заречье парк, к. 4",жк «заречье парк»
12165179.0,55.80633,37.3826,25.6,0.0,0.9166666666666666,,new_building,flat,avito,"д. мякинино, стр. 3",жк «квартал строгино»
5147060.0,55.52571,37.82601,22.8,0.0,0.5294117647058824,,new_building,flat,avito,"московская область, ленинский городской округ, деревня коробово, жилой комплекс горки парк, 8.2",жк «горки парк»
9122484.0,55.59133,37.48273,21.0,0.0,0.3888888888888889,,new_building,flat,avito,"п. сосенское, пос. газопровод, стр.",жк «форевиль»
6045482.0,55.90726,37.43297,22.3,0.0,0.5,,new_building,flat,avito,"ул. рабочая , корп. 2.1",химки парк
4539721.0,55.53201,37.87742,22.3,0.0,0.75,,new_building,flat,avito,"московская область, ленинский городской округ, жилой комплекс богдановский лес, 7.3",жк «богдановский лес»
3267400.0,56.07982,37.06055,19.2,0.0,0.47058823529411764,,unknown,flat,avito,"ул. школьная, стр. 13",жк «поварово молодежный - 2»
6011199.0,55.94798,37.76817,22.8,0.0,0.8235294117647058,,new_building,flat,avito,"жилой комплекс мытищи парк, к6",жк «мытищи парк»
8920430.0,55.59133,37.48273,24.3,0.0,0.5,,new_building,flat,avito,"п. сосенское, пос. газопровод, стр.",жк «форевиль»
5400091.0,55.82087,37.21002,22.9,0.0,0.9285714285714286,,new_building,flat,avito,"ул. береговая, стр. 1.2",жк «аникеевский»
4419800.0,55.45219,37.54058,28.7,0.0,0.11764705882352941,,new_building,flat,avito,"ул. садовая, д. 14",жк «красная горка»
6537960.0,55.52428,37.61537,25.4,0.0,0.68,,new_building,flat,avito,"с/п булатниковское, д. боброво, мкр. «боброво», корп. 47",восточное бутово
7639632.0,55.45458,37.27996,31.8,0.0,0.4166666666666667,,unknown,flat,avito,"ул. академика франка, стр. 5",жк «троицкий»
20770000.0,55.53809,37.18351,43.0,0.0,0.42857142857142855,,new_building,flat,avito,"п. первомайское, д. рогозинино, д. 7",внуково кантри клаб
6900000.0,55.85585,37.19683,28.3,0.0,0.25,,new_building,flat,avito,"ул. международная, корп. 15",жк «коллекция»
7655999.0,55.58763,37.17144,22.6,0.0,0.2,,new_building,flat,avito,"новомосковский административный округ, район внуково, жилой комплекс новое внуково, стр. 32",жк «новое внуково»
11495484.0,55.61143,37.41538,29.0,0.0,0.8260869565217391,,new_building,flat,avito,"ул. трехполье, з/у 7",саларьево парк
13459747.0,55.68664,37.41269,32.4,0.0,0.2222222222222222,,new_building,flat,avito,"жилой комплекс заречье парк, к. 4",жк «заречье парк»
8620627.0,55.65753,37.87212,23.3,0.0,0.68,,unknown,flat,avito,"яничкин пр-д, жилой комплекс белая дача парк, корп. 8.2",белая дача парк
9424140.0,55.56795,37.29234,32.7,0.0,0.5,,new_building,flat,avito,"пос. филимонковское, ул. оао марьинская птицефабрика, корп. 2.1.1",середневский лес
5269838.0,55.51229,37.73962,23.3,0.0,0.875,,new_building,flat,avito,"ул. лесных озер, д. 9, корп. 1",жк «новое видное»
5875907.0,55.49872,37.74091,21.9,0.0,0.1111111111111111,,new_building,flat,avito,"московская область, городской округ домодедово, село ям, жилой комплекс прибрежный парк, 10.2",жк «прибрежный парк»
8174200.0,55.66275,37.86706,23.0,0.0,0.08,,new_building,flat,avito,"ул. новая, д. 1-10, корп. 5а",томилинский бульвар
7995000.0,55.62799,37.20621,31.2,0.0,0.2,,new_building,flat,avito,"д. солманово, ул. лазурная, стр. 1",жк «одинцовские кварталы»
6735086.0,55.82056,37.21042,29.3,0.0,0.6428571428571429,,new_building,flat,avito,"ул. береговая, стр. 1.1",жк «аникеевский»
6904000.0,55.76603,37.21311,20.0,0.0,0.1111111111111111,,new_building,flat,avito,"д. глухово, стр. 4.3",ильинские луга
7735728.0,55.45458,37.27996,32.2,0.0,0.4166666666666667,,unknown,flat,avito,"ул. академика франка, стр. 5",жк «троицкий»
7188300.0,55.90924,37.78615,21.0,0.0,0.56,,new_building,flat,avito,"ярославское ш., стр. 2.2",ярославский квартал
7500902.0,55.8074,37.31868,24.3,0.0,0.08,,new_building,flat,avito,"туп. ильинский, стр. 3",жк «ильинойс»
7608826.0,55.86501,37.33001,20.5,0.0,0.4666666666666667,,new_building,flat,avito,"пос. отрадное, ул. знаменская, стр. 26/3",жк «левел лесной»
7373248.0,55.87155,37.38944,21.8,0.0,0.08,,new_building,flat,avito,"деревня путилково, жилой комплекс большое путилково, 28",жк «большое путилково»
11927400.0,55.57185,37.38483,30.9,0.0,0.8571428571428571,,new_building,flat,avito,"пос. сосенское, д. зименки, проект 18/2, кв-л 2, стр. 3",жк «новое летово»
8890000.0,55.67781,37.23721,26.2,0.0,0.5,,new_building,flat,avito,"мкр. клубничное поле, д. 10",жк «одинград квартал семейный»
6546466.0,55.83522,37.95231,32.0,0.0,0.36,,unknown,flat,avito,"мкр. №39, ул. трубецкая, корп. 1, вл. 2б",жк «пехра»
6568723.0,55.64054,37.85467,28.2,0.0,0.35294117647058826,,unknown,flat,avito,"мкр. новые котельники, д. 22",квартал «русич новые котельники»
9989625.0,55.77293,37.21071,31.9,0.0,1.0,,unknown,flat,avito,"ш. новорижское, жилой дом",жк «рига хиллс»
4432008.0,55.60343,37.99066,25.9,0.0,0.9411764705882353,,new_building,flat,avito,"ул. баулинская, стр. 15",жк «новые островцы»
9489760.0,55.91075,37.75826,22.9,0.0,0.16666666666666666,,new_building,flat,avito,"ул. колонцова, стр. 7",яуза парк
6400000.0,55.523443,37.59878,23.2,0.0,0.88,,new_building,flat,avito,"московская обл., ленинский г.о., рп. дрожжино, южная ул., 27",unknown
6161629.0,55.95205,37.46823,22.9,0.0,0.11764705882352941,,new_building,flat,avito,"ул. олимпийская, корп. 5",жк «квартал ивакино»
7892500.0,55.53376,37.7175,31.2,0.0,0.09523809523809523,,unknown,flat,avito,"с. ермолино, корп. 1.5",жк «видный берег 2»
5855850.0,55.69378,37.98153,25.4,0.0,1.0,,unknown,flat,avito,"пос. марусино, жилые дома",жк «горки марусино»
9635518.0,55.5652,37.0954,50.3,0.0,0.4444444444444444,,unknown,flat,avito,"ул. пролетарская, д. 20е",мкр. «времена года»
8700000.0,55.58385,37.46281,21.1,0.0,0.47058823529411764,,new_building,flat,avito,"нао, п. сосенское, 5-я ул. лесные поляны, к2.1",жк «ольховый квартал»
6844750.0,55.52428,37.61537,27.5,0.0,0.7333333333333333,,new_building,flat,avito,"с/п булатниковское, д. боброво, мкр. «боброво», корп. 47",восточное бутово
5654400.0,56.00717,37.87459,30.4,0.0,1.0,,new_building,flat,avito,"ш. ярославское, д. 194",жк «серебро»
9534000.0,55.65911,37.28865,29.3,0.0,0.19047619047619047,2025.0,new_building,flat,avito,"ул. верхне-пролетарская/сосновая, стр. 1",жк «союзный»
8538914.0,55.6789,37.24505,33.3,0.0,0.5416666666666666,,unknown,flat,avito,"ул. северная, д. 1",жилой мкр. «одинбург»
3990000.0,55.53201,37.87742,26.0,0.0,1.0,,unknown,flat,avito,"московская область, ленинский городской округ, жилой комплекс богдановский лес, 7.3",жк «богдановский лес»
8521859.0,55.85617,37.19678,30.7,0.0,0.25,,new_building,flat,avito,"ул. международная, корп. 9",жк «коллекция»
9434084.0,55.66378,37.85264,23.4,0.0,0.84,,unknown,flat,avito,"микрорайон белая дача, д. 30",кузьминский лес
12956185.0,55.596,37.36946,27.6,0.0,1.0,,new_building,flat,avito,"г. московский, корп. 3",город-парк «первый московский»
13458060.0,55.60611,37.47661,27.5,0.0,0.6111111111111112,,unknown,flat,avito,"квартал 24, земельный участок 1а",жк «1-й ясеневский»
5768070.0,55.94179,37.87448,22.7,0.0,0.25,,new_building,flat,avito,"ул. солнечная, д. 2",жилой «киноквартал»
6150000.0,55.84648,37.24172,21.6,0.0,0.5,,new_building,flat,avito,"ул. александра блока, стр. 11",жк «никольский квартал отрада»
8159002.0,55.68102,37.3019,28.9,0.0,0.08,2027.0,unknown,flat,avito,"мкр. 6-6а, д. 23",жк «одинцово сити»
5700000.0,55.41058,37.83473,29.1,0.0,0.9166666666666666,,unknown,flat,avito,"ул. жуковского, стр. 1",жк «космос»
9798900.0,55.91041,37.76318,26.7,0.0,0.4,,new_building,flat,avito,"ул. колонцова, стр. 16",яуза парк
4800000.0,55.601142,37.170822,24.8,0.0,0.4444444444444444,2015.0,unknown,flat,avito,"москва, новомосковский административный округ, р-н внуково, дп. кокошкино, ул. ленина, 12",unknown
6573964.0,55.90726,37.43297,25.9,0.0,0.6,,new_building,flat,avito,"ул. рабочая , корп. 2.1",химки парк
7961218.0,55.4814,37.3851,25.1,0.0,0.25,,unknown,flat,avito,"д. яковлево, ул. лесная, д. 111 корп. 6",жк «яковлево»
6321400.0,55.63825,37.84848,28.5,0.0,0.125,,unknown,flat,avito,"мкр. новые котельники, д. 8",квартал «русич новые котельники»
5855850.0,55.69378,37.98153,25.4,0.0,0.25,,unknown,flat,avito,"пос. марусино, жилые дома",жк «горки марусино»
5575100.0,55.60116,38.08297,28.3,0.0,0.16666666666666666,,new_building,flat,avito,"ул. гудкова, стр. 3",жк «гранд комфорт»
3900000.0,55.72072663797484,36.87192665194058,20.4,0.0,0.4117647058823529,,unknown,flat,avito,"московская обл., одинцовский г.о., звенигород, район восточный, 3-й мкр-н, к6",unknown
4836554.0,55.9012,37.25493,22.3,0.0,0.2222222222222222,,new_building,flat,avito,"д. юрлово, д. 6",жк «большое юрлово»
6628183.0,55.95205,37.46823,22.9,0.0,1.0,,new_building,flat,avito,"ул. олимпийская, корп. 5",жк «квартал ивакино»
10543886.0,55.56005,37.51111,20.7,0.0,0.6666666666666666,,unknown,flat,avito,"п. сосенское, ул. поляны, з/у 50д, стр. 18.2.4",жк «скандинавия»
8122500.0,55.91624,37.7762,28.5,0.0,0.13043478260869565,,unknown,flat,avito,"мкр. 36, 36а, 37, стр. 2",жк «отрадный»
3300000.0,55.37027,37.79296,21.6,0.0,0.35714285714285715,,new_building,flat,avito,"ул. ледовская , стр. 3",жк «оптима»
5434795.0,55.82087,37.21002,24.1,0.0,0.42857142857142855,,new_building,flat,avito,"ул. береговая, стр. 1.2",жк «аникеевский»
9348000.0,55.56757,37.29343,30.4,0.0,0.625,,new_building,flat,avito,"пос. филимонковское, ул. оао марьинская птицефабрика, корп. 2.1.3",середневский лес
6145432.0,55.93821,37.84628,23.4,0.0,0.5833333333333334,,new_building,flat,avito,"московская область, королев, микрорайон юбилейный, жилой комплекс космический квартал, к1",жк «космический квартал»
3200000.0,55.36852,37.79233,20.0,0.0,0.7058823529411765,,unknown,flat,avito,"ул. ледовская, д. 31, корп. 1",жк «оптима»
7600000.0,55.518143,37.385331,21.4,0.0,0.3333333333333333,2026.0,new_building,flat,avito,"москва, троицкий административный округ, р-н троицк, квартал № 61, 18",unknown
6439290.0,55.52237,37.61232,28.6,0.0,0.08,,new_building,flat,avito,"с/п булатниковское, д. боброво, мкр. «боброво», корп. 55",восточное бутово
6861254.0,55.92405,37.4359,26.1,0.0,1.0,,new_building,flat,avito,"ул. озерная, стр. 6",жк «мишино-2»
5181000.0,55.36599,37.50576,33.0,0.0,0.058823529411764705,,new_building,flat,avito,"ул. школьная, д. 43",жк «школьный»
4157970.0,55.59632,37.88301,27.0,0.0,0.11764705882352941,,unknown,flat,avito,"мкр. 6, д. 15д",жк «гармония парк»
5347253.0,55.9103413902749,36.9289671018524,43.2,0.0,0.5,,new_building,flat,avito,"дер. высоково, мкр. малая истра, д. 20",жк «малая истра»
8207000.0,55.65533,37.87162,29.0,0.0,0.1111111111111111,,new_building,flat,avito,"яничкин пр-д, з/у 6/11",белая дача парк
17575000.0,55.53809,37.18351,34.0,0.0,0.42857142857142855,,new_building,flat,avito,"п. первомайское, д. рогозинино, д. 7",внуково кантри клаб
8144160.0,55.65533,37.87162,28.2,0.0,0.47058823529411764,,new_building,flat,avito,"яничкин пр-д, з/у 6/11",белая дача парк
7750000.0,55.59133,37.48273,21.0,0.0,0.11764705882352941,,new_building,flat,avito,"п. сосенское, пос. газопровод, стр.",жк «форевиль»
6745822.0,55.94798,37.76817,26.4,0.0,0.4117647058823529,,new_building,flat,avito,"жилой комплекс мытищи парк, к6",жк «мытищи парк»
7411770.0,55.52335,37.61515,28.3,0.0,0.3333333333333333,,new_building,flat,avito,"с/п булатниковское, д. боброво, мкр. «боброво», корп. 43.1",восточное бутово
11824756.0,55.8075,37.38345,21.7,0.0,0.5833333333333334,,new_building,flat,avito,"московская область, красногорск, жилой комплекс квартал строгино, к1",жк «квартал строгино»
8849340.0,55.77311,37.21194,31.4,0.0,0.8888888888888888,,unknown,flat,avito,"ш. новорижское, жилой дом",жк «рига хиллс»
8610760.0,55.66275,37.86706,24.4,0.0,1.0,,new_building,flat,avito,"ул. новая, д. 1-10, корп. 5а",томилинский бульвар
1700000.0,55.801344,38.459105,23.6,0.0,0.9411764705882353,2024.0,unknown,flat,avito,"московская обл., электросталь, ул. захарченко, 7б",unknown
9629000.0,55.65955,37.28925,29.2,0.0,0.25,2025.0,new_building,flat,avito,"ул. верхне-пролетарская/сосновая, стр. 2",жк «союзный»
9677197.0,56.06153,37.35931,50.0,0.0,0.2,,unknown,flat,avito,"проезд 3-ий восточный, д. 2",жк «зеленый оазис-город»
7834346.0,55.4814,37.3851,24.7,0.0,0.25,,unknown,flat,avito,"д. яковлево, ул. лесная, д. 111 корп. 6",жк «яковлево»
8548382.0,55.76614,37.21243,24.4,0.0,0.7777777777777778,,new_building,flat,avito,"д. глухово, стр. 4.1",ильинские луга
4675130.0,56.00612,37.8749,27.9,0.0,0.5294117647058824,,new_building,flat,avito,"ш. ярославское, д. 194, корп. 1",жк «серебро»
7262400.0,55.90924,37.78615,20.4,0.0,0.36,,new_building,flat,avito,"ярославское ш., стр. 2.2",ярославский квартал
4350000.0,55.782439610785815,38.12407159767199,24.2,0.0,0.8,2019.0,unknown,flat,avito,"московская обл., богородский г.о., с. бисерово, мкр-н новое бисерово-2, 10",unknown
8465005.0,55.6789,37.24505,35.2,0.0,0.08333333333333333,,unknown,flat,avito,"ул. северная, д. 1",жилой мкр. «одинбург»
6216399.0,55.92382,37.43312,26.1,0.0,0.8,,new_building,flat,avito,"ул. озерная, стр. 8",жк «мишино-2»
9330056.0,55.59133,37.48273,21.8,0.0,0.3888888888888889,,new_building,flat,avito,"п. сосенское, пос. газопровод, стр.",жк «форевиль»
8425080.0,55.59527,37.20066,26.9,0.0,0.058823529411764705,,new_building,flat,avito,"дер. марушкино, стр. 3",жк «внуково парк»
6333600.0,55.90664,37.70046,31.2,0.0,0.4375,,new_building,apartments,avito,"ул. троицкая, стр. 3г",инвест-отель адрес
5807326.0,55.90726,37.43297,22.9,0.0,0.24,,new_building,flat,avito,"ул. рабочая , корп. 2.1",химки парк
8046000.0,56.0493,37.86676,29.8,0.0,0.5882352941176471,,new_building,flat,avito,"городской округ пушкинский, стр. 1",жилой квартал пушкино град
5150000.0,55.8630010238407,38.04398961435314,30.0,0.0,0.8,2016.0,unknown,flat,avito,"московская обл., г.о. щелково, д. большие жеребцы, мкр-н восточный, 1к3",unknown
5917218.0,55.52786,37.71894,26.2,0.0,0.9166666666666666,,unknown,flat,avito,"ленинский городской округ, д. сапроново, д. 5",жк «1-й донской»
5855850.0,55.69378,37.98153,25.4,0.0,0.75,,unknown,flat,avito,"пос. марусино, жилые дома",жк «горки марусино»
4435200.0,55.45219,37.54058,28.8,0.0,1.0,,new_building,flat,avito,"ул. садовая, д. 14",жк «красная горка»
13076590.0,55.61627,37.41894,29.3,0.0,0.16666666666666666,,new_building,flat,avito,"коммунарка, ул. саларьевская, з/у 17",саларьево парк
3315391.0,56.24479,37.4998,32.8,0.0,0.42857142857142855,,new_building,flat,avito,"дер. целеево, ул. пятиречье, д. 3",жк «пятиречье»
5855555.0,55.92085686249277,37.72117710488519,22.0,0.0,0.07142857142857142,2007.0,unknown,flat,avito,"московская обл., мытищи, ул. мира, 34а",unknown
3700000.0,55.696301,38.004755,24.6,0.0,1.0,2015.0,unknown,flat,avito,"московская обл., г.о. люберцы, д. мотяково, 65к7",unknown
7400000.0,55.95383,37.48707,28.2,0.0,0.5217391304347826,,new_building,flat,avito,"ул. заводская, д. 2",жк «бригантина»
9636447.0,55.66282,37.85207,23.4,0.0,0.24,,unknown,flat,avito,"микрорайон белая дача, корп. 10",кузьминский лес
5855850.0,55.69378,37.98153,25.4,0.0,0.25,,unknown,flat,avito,"пос. марусино, жилые дома",жк «горки марусино»
6289800.0,56.04893,37.86542,28.6,0.0,0.25,,new_building,flat,avito,"городской округ пушкинский, стр. 5",жилой квартал пушкино град
5740000.0,55.55973,37.818921,24.9,0.0,0.11764705882352941,,new_building,flat,avito,"московская обл., ленинский г.о., пгт. мисайлово, молодежный б-р, 15",unknown
3500000.0,55.552556,37.335115,16.5,0.0,0.2,2021.0,unknown,flat,avito,"москва, новомосковский административный округ, филимонковский р-н, д. марьино, жемчужная ул., 1к2",unknown
6566928.0,55.64054,37.85467,28.1,0.0,0.35294117647058826,,unknown,flat,avito,"мкр. новые котельники, д. 22",квартал «русич новые котельники»
5489302.0,55.83323,37.95319,26.5,0.0,0.12,,new_building,flat,avito,"ул. трубецкая, стр. 8",жк «пехра»
5688285.0,55.82056,37.21042,24.1,0.0,1.0,,new_building,flat,avito,"ул. береговая, стр. 1.1",жк «аникеевский»
7252352.0,55.82728,37.93604,28.8,0.0,0.38461538461538464,,unknown,flat,avito,"мкр. гагарина, ул. проектная, д. 4",жк «идеал»
3700000.0,55.964791,37.859201,22.6,0.0,0.75,2010.0,unknown,flat,avito,"московская обл., г.о. пушкинский, пос. лесные поляны, солнечная ул., 26к2",unknown
8155000.0,55.62799,37.20621,30.1,0.0,0.4,,new_building,flat,avito,"д. солманово, ул. лазурная, стр. 1",жк «одинцовские кварталы»
3590000.0,55.796653,37.928919,19.0,0.0,1.0,1940.0,unknown,flat,avito,"московская обл., балашиха, ул. флерова, 5/2",unknown
8686700.0,55.65533,37.87162,29.8,0.0,0.4444444444444444,,new_building,flat,avito,"яничкин пр-д, з/у 6/11",белая дача парк
2600000.0,55.027315,38.094398,26.0,0.0,0.6666666666666666,,unknown,flat,avito,"московская обл., г.о. ступино, с. верзилово, мкр-н новое ступино, преображенский пр-т, 8",unknown
3840000.0,55.91986,37.42938,24.0,0.0,0.25,,new_building,apartments,avito,"вашутинское ш. , клубный дом «новое вашутино»",клубный дом «новое вашутино»
5149600.0,55.36599,37.50576,32.8,0.0,0.5882352941176471,,new_building,flat,avito,"ул. школьная, д. 43",жк «школьный»
7553768.0,55.8074,37.31868,24.4,0.0,0.16,,new_building,flat,avito,"туп. ильинский, стр. 3",жк «ильинойс»
4590000.0,56.24167,37.98642,34.0,0.0,0.5555555555555556,,new_building,flat,avito,"ул. горжовицкая, стр. 3",жк «клевер»
6339658.0,55.82056,37.21042,28.8,0.0,0.14285714285714285,,new_building,flat,avito,"ул. береговая, стр. 1.1",жк «аникеевский»
5500000.0,55.70073,37.20946,22.0,0.0,0.7777777777777778,,new_building,flat,avito,"московская область, одинцовский городской округ, село лайково, жилой комплекс рублевский квартал",жк «рублевский квартал»
6800000.0,55.91075,37.75826,19.8,0.0,0.2727272727272727,,new_building,flat,avito,"ул. колонцова, стр. 8",яуза парк
11761100.0,55.6656,37.87219,28.3,0.0,1.0,,unknown,flat,avito,"ш. новорязанское, д. 6",жк «дюна»
4700000.0,55.6415,37.85564,21.0,0.0,0.16,,new_building,flat,avito,"микрорайон новые котельники, к15",жк «‎русич котельники парк»
8914698.0,55.59527,37.20066,28.2,0.0,0.375,,new_building,flat,avito,"дер. марушкино, стр. 3",жк «внуково парк»
5855850.0,55.69378,37.98153,25.4,0.0,1.0,,unknown,flat,avito,"пос. марусино, жилые дома",жк «горки марусино»
5411640.0,55.9012,37.25493,25.9,0.0,0.4444444444444444,,new_building,flat,avito,"д. юрлово, д. 6",жк «большое юрлово»
5855850.0,55.69378,37.98153,25.4,0.0,0.25,,unknown,flat,avito,"пос. марусино, жилые дома",жк «горки марусино»
7681477.0,55.86536,37.33121,20.1,0.0,0.2,,new_building,flat,avito,"пос. отрадное, ул. знаменская, стр. 26/5",жк «левел лесной»
5500000.0,55.60095,38.08564,28.3,0.0,0.2777777777777778,,new_building,flat,avito,"ул. гудкова, стр. 1",жк «гранд комфорт»
5855850.0,55.69378,37.98153,25.4,0.0,0.25,,unknown,flat,avito,"пос. марусино, жилые дома",жк «горки марусино»
2500000.0,55.40377426,37.53265381,18.0,0.0,0.3333333333333333,2011.0,unknown,flat,avito,"московская обл., подольск, осенний пр., 1",unknown
8166680.0,55.90929,37.78694,24.4,0.0,0.6,,new_building,flat,avito,"ярославское ш., стр. 2.4",ярославский квартал
7900000.0,55.88099,37.41634,27.2,0.0,0.14285714285714285,,new_building,flat,avito,"ул. молодежная, корп. 1",жк «планерный квартал»
6846840.0,55.52237,37.61232,28.6,0.0,0.64,,new_building,flat,avito,"с/п булатниковское, д. боброво, мкр. «боброво», корп. 55",восточное бутово
3152000.0,55.658769,37.86866,19.7,0.0,1.0,2024.0,unknown,apartments,avito,"московская обл., котельники, мкр-н ковровый, 28",unknown
5932797.0,55.93821,37.84628,22.9,0.0,0.5833333333333334,,new_building,flat,avito,"московская область, королев, микрорайон юбилейный, жилой комплекс космический квартал, к1",жк «космический квартал»
6675900.0,55.94179,37.87448,28.9,0.0,0.25,,new_building,flat,avito,"ул. солнечная, д. 2",жилой «киноквартал»
3120000.0,55.88681878692656,37.41386352589644,16.0,0.0,0.1111111111111111,1989.0,unknown,flat,avito,"московская обл., химки, ул. строителей, 4",unknown
4404400.0,55.45219,37.54058,28.6,0.0,0.7647058823529411,,new_building,flat,avito,"ул. садовая, д. 14",жк «красная горка»
5855850.0,55.69378,37.98153,25.4,0.0,1.0,,unknown,flat,avito,"пос. марусино, жилые дома",жк «горки марусино»
6923000.0,55.92311,37.77916,30.1,0.0,0.23809523809523808,,unknown,flat,avito,"мкр. 36, 36а, 37, стр. 5",жк «отрадный»
4432008.0,55.60343,37.99066,25.9,0.0,0.7647058823529411,,new_building,flat,avito,"ул. баулинская, стр. 15",жк «новые островцы»
9333333.0,55.7136879,37.38096619,45.0,0.0,0.9166666666666666,2018.0,unknown,flat,avito,"московская обл., одинцовский г.о., пгт. новоивановское, овражная ул., 47а",unknown
6545887.0,55.6397,37.85316,28.3,0.0,0.2857142857142857,,unknown,flat,avito,"мкр. «новые котельники», д. 20",квартал «русич новые котельники»
6800000.0,55.55731201,37.80941772,22.7,0.0,0.5294117647058824,2018.0,unknown,flat,avito,"московская обл., ленинский г.о., пгт. мисайлово, пригородное ш., 3",unknown
9381440.0,55.56757,37.29343,30.4,0.0,0.8125,,new_building,flat,avito,"пос. филимонковское, ул. оао марьинская птицефабрика, корп. 2.1.3",середневский лес
7951680.0,55.66275,37.86706,19.8,0.0,0.76,,new_building,flat,avito,"ул. новая, д. 1-10, корп. 5а",томилинский бульвар
7900000.0,55.56356,37.29491,21.2,0.0,0.2222222222222222,2026.0,new_building,flat,avito,"москва, новомосковский административный округ, филимонковский район, квартал № 23, 4-5",жк «цветочные поляны»
5602800.0,55.40902,37.83555,29.0,0.0,0.4166666666666667,,new_building,flat,avito,"ул. жуковского, стр. 1",жк «космос»
6800000.0,55.47409,37.51813,22.3,0.0,0.2222222222222222,,unknown,flat,avito,"москва, новомосковский административный округ, район щербинка, жилой комплекс подольские кварталы, к3",жк «подольские кварталы»
6700000.0,55.855146701684056,37.181925303310265,24.9,0.0,0.375,2019.0,unknown,flat,avito,"московская обл., г.о. красногорск, рп. нахабино, покровская ул., 6",unknown
5531580.0,55.9703,37.88963,35.0,0.0,0.16666666666666666,,new_building,flat,avito,"ул. заводская, стр. 3, 4",жк «новая ивантеевка»
9780000.0,55.55661,37.51484,20.0,0.0,0.5555555555555556,,unknown,flat,avito,"п. сосенское, ул. поляны, з/у 50д, стр. 18.2.1",жк «скандинавия»
8371732.0,55.52835,37.82094,23.5,0.0,0.23529411764705882,,new_building,flat,avito,"ул. авиаторов, д. 2",жк «горки парк»
4600000.0,55.39682532893893,37.772487161288886,24.5,0.0,0.4117647058823529,,unknown,flat,avito,"московская обл., домодедово, мкр-н южный, ул. курыжова, 16",unknown
4949900.0,55.543236,37.151868,24.0,0.0,0.2222222222222222,2018.0,unknown,flat,avito,"москва, троицкий административный округ, поселение первомайское, д. ивановское, ул. семена гордого, 10",unknown
8233680.0,55.68389,37.29915,29.0,0.0,0.5833333333333334,2027.0,unknown,flat,avito,"можайское ш., д. 98",жк «одинцово сити»
11267950.0,55.71298,37.36949,55.1,0.0,0.11764705882352941,,unknown,apartments,avito,"ул. западная, комплекс апартаментов «м1 сколково»",комплекс апартаментов «м1 сколково»
3449000.0,55.494804,37.556004,18.2,0.0,0.8,2017.0,unknown,flat,avito,"москва, новомосковский административный округ, поселение щербинка, щербинка, квартал южный, 4",unknown
5179159.0,56.00717,37.87459,30.4,0.0,0.8823529411764706,,new_building,flat,avito,"ш. ярославское, д. 194",жк «серебро»
5399000.0,55.542263,37.151428,22.0,0.0,0.1111111111111111,2018.0,unknown,flat,avito,"москва, новомосковский административный округ, филимонковский р-н, д. ивановское, ул. семена гордого, 12",unknown
2100000.0,55.41174276158261,37.839823425493485,35.0,0.0,0.1,,unknown,apartments,avito,"московская обл., домодедово, мкр-н авиационный, ул. жуковского, 14/18",unknown
21624000.0,55.53809,37.18351,43.0,0.0,0.7142857142857143,,new_building,flat,avito,"п. первомайское, д. рогозинино, д. 7",внуково кантри клаб
3350000.0,55.36914544131263,37.79271837301634,23.1,0.0,0.35294117647058826,2025.0,new_building,flat,avito,"московская обл., домодедово, мкр-н востряково, ледовская ул., 31к1",unknown
5472585.0,55.94702,37.4729,21.8,0.0,1.0,,unknown,flat,avito,"кв-л ивакино, стр. 2.1",жк «1-й химкинский»
3350000.0,55.369121,37.792654,21.7,0.0,0.17647058823529413,2025.0,new_building,flat,avito,"московская обл., домодедово, мкр-н востряково, ледовская ул., 31",unknown
8366533.0,55.6935,37.32846,22.6,0.0,0.9411764705882353,,new_building,apartments,avito,"ул. чистяковой, д. 8, стр. 2",гостиничный комплекс «‎аметист»
4980000.0,55.40083846986931,37.76033027236184,28.1,0.0,0.5882352941176471,2017.0,unknown,flat,avito,"московская обл., домодедово, мкр-н южный, южнодомодедовская ул., 11",unknown
3076595.0,55.97289,37.87044,23.0,0.0,0.25,,unknown,flat,avito,"с. тарасовка, мкр. пушкарь, корп. 3",жк «пушкарь»
8561350.0,55.71298,37.36949,40.1,0.0,0.6470588235294118,,unknown,apartments,avito,"ул. западная, комплекс апартаментов «м1 сколково»",комплекс апартаментов «м1 сколково»
4050000.0,55.58597946,38.14307785,21.0,0.0,0.2222222222222222,2022.0,unknown,flat,avito,"московская обл., раменский г.о., дп. кратово, ул. счетчикова, 29в",unknown
9270820.0,55.66378,37.85264,19.7,0.0,0.84,,unknown,flat,avito,"микрорайон белая дача, д. 30",кузьминский лес
8238269.0,55.85585,37.19683,29.8,0.0,0.25,,new_building,flat,avito,"ул. международная, корп. 15",жк «коллекция»
5855850.0,55.69378,37.98153,25.4,0.0,0.75,,unknown,flat,avito,"пос. марусино, жилые дома",жк «горки марусино»
7000000.0,55.656956,37.87485,19.6,0.0,0.88,2021.0,unknown,flat,avito,"московская обл., котельники, мкр-н парковый, 1к20",unknown
5855850.0,55.69378,37.98153,25.4,0.0,0.5,,unknown,flat,avito,"пос. марусино, жилые дома",жк «горки марусино»
5855850.0,55.69378,37.98153,25.4,0.0,0.25,,unknown,flat,avito,"пос. марусино, жилые дома",жк «горки марусино»
5855850.0,55.69378,37.98153,25.4,0.0,1.0,,unknown,flat,avito,"пос. марусино, жилые дома",жк «горки марусино»
5855850.0,55.69378,37.98153,25.4,0.0,0.75,,unknown,flat,avito,"пос. марусино, жилые дома",жк «горки марусино»
5855850.0,55.69378,37.98153,25.4,0.0,0.75,,unknown,flat,avito,"пос. марусино, жилые дома",жк «горки марусино»
4067240.0,55.59671,37.88252,24.0,0.0,0.35294117647058826,,unknown,flat,avito,"мкр. 6, д. 15д",жк «гармония парк»
5855850.0,55.69378,37.98153,25.4,0.0,0.25,,unknown,flat,avito,"пос. марусино, жилые дома",жк «горки марусино»
5966866.0,55.93821,37.84628,22.9,0.0,0.75,,new_building,flat,avito,"московская область, королев, микрорайон юбилейный, жилой комплекс космический квартал, к1",жк «космический квартал»
5855850.0,55.69378,37.98153,25.4,0.0,0.5,,unknown,flat,avito,"пос. марусино, жилые дома",жк «горки марусино»
5855850.0,55.69378,37.98153,25.4,0.0,1.0,,unknown,flat,avito,"пос. марусино, жилые дома",жк «горки марусино»
3384255.0,55.97289,37.87044,25.3,0.0,0.25,,unknown,flat,avito,"с. тарасовка, мкр. пушкарь, корп. 3",жк «пушкарь»
6500000.0,55.941712,37.319547,29.0,0.0,0.25,2011.0,unknown,flat,avito,"московская обл., химки, мкр-н сходня, овражная ул., 24к11",unknown
7915062.0,55.90924,37.78615,24.9,0.0,0.76,,new_building,flat,avito,"ярославское ш., стр. 2.2",ярославский квартал
5855850.0,55.69378,37.98153,25.4,0.0,0.75,,unknown,flat,avito,"пос. марусино, жилые дома",жк «горки марусино»
3380862.0,55.97289,37.87044,23.0,0.0,0.5,,unknown,flat,avito,"с. тарасовка, мкр. пушкарь, корп. 3",жк «пушкарь»
5855850.0,55.69378,37.98153,25.4,0.0,1.0,,unknown,flat,avito,"пос. марусино, жилые дома",жк «горки марусино»
6079900.0,56.00657,37.86003,31.6,0.0,0.4782608695652174,,unknown,flat,avito,"ул. надсоновская, жилой дом",жк «триумф»
6522772.0,56.06263,37.35811,31.9,0.0,1.0,,unknown,flat,avito,"проезд 2-ой восточный, д. 2",жк «зеленый оазис-город»
5855850.0,55.69378,37.98153,25.4,0.0,1.0,,unknown,flat,avito,"пос. марусино, жилые дома",жк «горки марусино»
3344125.0,55.97289,37.87044,25.0,0.0,0.25,,unknown,flat,avito,"с. тарасовка, мкр. пушкарь, корп. 3",жк «пушкарь»
7934855.0,55.8074,37.31868,26.0,0.0,0.08,,new_building,flat,avito,"туп. ильинский, стр. 3",жк «ильинойс»
5855850.0,55.69378,37.98153,25.4,0.0,0.5,,unknown,flat,avito,"пос. марусино, жилые дома",жк «горки марусино»
5855850.0,55.69378,37.98153,25.4,0.0,1.0,,unknown,flat,avito,"пос. марусино, жилые дома",жк «горки марусино»
5855850.0,55.69378,37.98153,25.4,0.0,0.25,,unknown,flat,avito,"пос. марусино, жилые дома",жк «горки марусино»
5855850.0,55.69378,37.98153,25.4,0.0,0.75,,unknown,flat,avito,"пос. марусино, жилые дома",жк «горки марусино»
6100000.0,55.91707611,37.85037231,25.5,0.0,0.9411764705882353,2020.0,new_building,apartments,avito,"московская обл., королев, октябрьский б-р, 26",unknown
5855850.0,55.69378,37.98153,25.4,0.0,0.25,,unknown,flat,avito,"пос. марусино, жилые дома",жк «горки марусино»
5907045.0,55.93821,37.84628,22.9,0.0,0.4166666666666667,,new_building,flat,avito,"московская область, королев, микрорайон юбилейный, жилой комплекс космический квартал, к1",жк «космический квартал»
7000000.0,55.697133,37.957782,29.2,0.0,0.8235294117647058,2018.0,unknown,flat,avito,"московская обл., люберцы, мкр-н зенино жк самолет, ул. камова, 6к1",unknown
5855850.0,55.69378,37.98153,25.4,0.0,0.5,,unknown,flat,avito,"пос. марусино, жилые дома",жк «горки марусино»
4650000.0,55.83323,37.95319,23.6,0.0,0.6,,new_building,flat,avito,"ул. трубецкая, стр. 8",жк «пехра»
8521250.0,55.71298,37.36949,40.1,0.0,0.35294117647058826,,unknown,apartments,avito,"ул. западная, комплекс апартаментов «м1 сколково»",комплекс апартаментов «м1 сколково»
4411204.0,55.97289,37.87044,33.8,0.0,1.0,,unknown,flat,avito,"с. тарасовка, мкр. пушкарь, корп. 3",жк «пушкарь»
3940230.0,55.59671,37.88252,23.4,0.0,0.9411764705882353,,unknown,flat,avito,"мкр. 6, д. 15д",жк «гармония парк»
5438725.0,55.60775,37.97552,30.0,0.0,0.6875,,unknown,flat,avito,"ул. новая, д. 5а",жк октябрьский
5400000.0,56.09249968723533,37.49849995727255,28.5,0.0,0.5,2025.0,unknown,flat,avito,"московская обл., дмитровский муниципальный округ, пгт. некрасовский, заводская ул., 45",unknown
3692457.0,55.97289,37.87044,26.5,0.0,0.25,,unknown,flat,avito,"с. тарасовка, мкр. пушкарь, корп. 3",жк «пушкарь»
3350000.0,55.369121,37.792654,22.7,0.0,0.7647058823529411,2025.0,unknown,flat,avito,"московская обл., домодедово, мкр-н востряково, ледовская ул., 31",unknown
4500000.0,55.536262,37.184728,20.1,0.0,0.2222222222222222,2024.0,unknown,flat,avito,"москва, новомосковский административный округ, филимонковский р-н, квартал № 27, 94",unknown
5550000.0,55.74154663,38.03782272,20.0,0.0,0.125,2023.0,unknown,flat,avito,"московская обл., балашиха, безымянная ул., 8",unknown
3199000.0,55.552612,37.340801,37.8,0.0,1.0,2022.0,unknown,apartments,avito,"москва, новомосковский административный округ, филимонковский р-н, д. марьино, жемчужная ул., 1к7",unknown
4330206.0,55.91986,37.42938,27.0,0.0,0.25,,new_building,apartments,avito,"вашутинское ш. , клубный дом «новое вашутино»",клубный дом «новое вашутино»
5855850.0,55.69378,37.98153,25.4,0.0,1.0,,unknown,flat,avito,"пос. марусино, жилые дома",жк «горки марусино»
4398153.0,55.97289,37.87044,33.7,0.0,1.0,,unknown,flat,avito,"с. тарасовка, мкр. пушкарь, корп. 3",жк «пушкарь»
3370878.0,55.97289,37.87044,25.2,0.0,0.25,,unknown,flat,avito,"с. тарасовка, мкр. пушкарь, корп. 3",жк «пушкарь»
5855850.0,55.69378,37.98153,25.4,0.0,0.5,,unknown,flat,avito,"пос. марусино, жилые дома",жк «горки марусино»
4070000.0,55.919766,38.016577,32.0,0.0,0.23529411764705882,2025.0,unknown,flat,avito,"московская обл., щелково, мкр-н соболевка, жилой комплекс соболевка, 12",unknown
4404400.0,55.45219,37.54058,28.6,0.0,0.35294117647058826,,new_building,flat,avito,"ул. садовая, д. 14",жк «красная горка»
3800000.0,55.902106,38.146132,23.2,0.0,0.7142857142857143,2019.0,unknown,flat,avito,"московская обл., г.о. лосино-петровский, рп. свердловский, ул. строителей, 7",unknown
4350000.0,55.678671,37.90047,24.4,0.0,0.6,1968.0,unknown,flat,avito,"московская обл., люберцы, волковская ул., 51",unknown
1650000.0,55.66289571470286,37.97696063690945,18.9,0.0,0.058823529411764705,,unknown,apartments,avito,"московская обл., г.о. люберцы, пгт. красково, 2-я заводская ул., 20/1",unknown
4424255.0,55.97289,37.87044,33.9,0.0,1.0,,unknown,flat,avito,"с. тарасовка, мкр. пушкарь, корп. 3",жк «пушкарь»
4313669.0,55.97289,37.87044,31.4,0.0,0.5,,unknown,flat,avito,"с. тарасовка, мкр. пушкарь, корп. 3",жк «пушкарь»
4237975.0,55.97289,37.87044,33.9,0.0,0.25,,unknown,flat,avito,"с. тарасовка, мкр. пушкарь, корп. 3",жк «пушкарь»
6481720.0,56.06153,37.35931,32.2,0.0,0.2,,unknown,flat,avito,"проезд 3-ий восточный, д. 2",жк «зеленый оазис-город»
4021880.0,55.59632,37.88301,24.1,0.0,0.23529411764705882,,unknown,flat,avito,"мкр. 6, д. 15д",жк «гармония парк»
3357502.0,55.97289,37.87044,25.1,0.0,0.25,,unknown,flat,avito,"с. тарасовка, мкр. пушкарь, корп. 3",жк «пушкарь»
5691842.0,56.07248,37.14069,28.2,0.0,0.3333333333333333,2026.0,unknown,flat,avito,"мкр. ммс-2, д. 8",жк «‎радость»
4370751.0,55.91986,37.42938,27.0,0.0,0.875,,new_building,apartments,avito,"вашутинское ш. , клубный дом «новое вашутино»",клубный дом «новое вашутино»
4335991.0,55.97307,37.86944,30.3,0.0,0.5,,unknown,flat,avito,"с. тарасовка, мкр. пушкарь, корп. 2",жк «пушкарь»
2250000.0,56.138769,38.430907,18.3,0.0,0.6,1972.0,unknown,flat,avito,"московская обл., г.о. щелково, пгт. фряново, ул. лепешкина, 2ак1",unknown
3938940.0,55.91986,37.42938,23.7,0.0,0.75,,new_building,apartments,avito,"вашутинское ш. , клубный дом «новое вашутино»",клубный дом «новое вашутино»
13938879.0,55.80745,37.38186,25.7,0.0,0.5833333333333334,,new_building,flat,avito,"московская область, красногорск, жилой комплекс квартал строгино, к2",жк «квартал строгино»
5855850.0,55.69378,37.98153,25.4,0.0,0.75,,unknown,flat,avito,"пос. марусино, жилые дома",жк «горки марусино»
3200000.0,55.36941,37.79263,18.0,0.0,0.9333333333333333,,new_building,flat,avito,"ул. ледовская , стр. 2",жк «оптима»
4800000.0,55.601142,37.170822,25.0,0.0,0.4444444444444444,2015.0,unknown,flat,avito,"москва, новомосковский административный округ, р-н внуково, дп. кокошкино, ул. ленина, 12",unknown
4990000.0,55.80396443270678,37.32198712165527,21.2,0.0,1.0,,unknown,apartments,avito,"московская обл., красногорск, ильинское ш., 16",unknown
4424255.0,55.97289,37.87044,33.9,0.0,1.0,,unknown,flat,avito,"с. тарасовка, мкр. пушкарь, корп. 3",жк «пушкарь»
4999999.0,55.987291,37.924335,20.2,0.0,0.2,1983.0,unknown,flat,avito,"московская обл., г.о. пушкинский, ивантеевка, санаторный пр., 2",unknown
8621000.0,55.67783,38.00195,28.5,0.0,0.25,,unknown,flat,avito,"дп красково, корп. 3",жк «легенда коренево»
5990000.0,55.951386,37.470581,22.0,0.0,0.13636363636363635,,unknown,flat,avito,"московская обл., химки, мкр-н клязьма-старбеево, квартал ивакино, к1",unknown
5855850.0,55.69378,37.98153,25.4,0.0,0.75,,unknown,flat,avito,"пос. марусино, жилые дома",жк «горки марусино»
2700000.0,55.552612,37.340801,30.1,0.0,1.0,2022.0,unknown,apartments,avito,"москва, новомосковский административный округ, филимонковский р-н, д. марьино, жемчужная ул., 1к7",unknown
3789994.0,55.97307,37.86944,27.2,0.0,0.25,,unknown,flat,avito,"с. тарасовка, мкр. пушкарь, корп. 2",жк «пушкарь»
6100000.0,56.00657,37.86003,30.7,0.0,0.4782608695652174,,unknown,flat,avito,"ул. надсоновская, жилой дом",жк «триумф»
5801250.0,56.00657,37.86003,30.7,0.0,0.30434782608695654,,unknown,flat,avito,"ул. надсоновская, жилой дом",жк «триумф»
4200000.0,55.397736,37.771121,24.0,0.0,0.29411764705882354,,unknown,flat,avito,"московская обл., домодедово, ул. курыжова, 14",unknown
5000000.0,55.57373428,38.20221329,28.3,0.0,0.5294117647058824,2015.0,unknown,flat,avito,"московская обл., раменский г.о., раменское, высоковольтная ул., 22",unknown
5855850.0,55.69378,37.98153,25.4,0.0,0.25,,unknown,flat,avito,"пос. марусино, жилые дома",жк «горки марусино»
5855850.0,55.69378,37.98153,25.4,0.0,0.5,,unknown,flat,avito,"пос. марусино, жилые дома",жк «горки марусино»
4850000.0,55.97833232230648,37.09038929817527,23.5,0.0,0.4117647058823529,2025.0,unknown,flat,avito,"московская обл., г.о. солнечногорск, пгт. голубое, парковый б-р, 3к2",unknown
3500000.0,55.552556,37.335115,16.5,0.0,0.2,2021.0,unknown,flat,avito,"москва, новомосковский административный округ, поселение филимонковское, жемчужная ул., 1к2",unknown
5801250.0,56.00657,37.86003,30.7,0.0,0.391304347826087,,unknown,flat,avito,"ул. надсоновская, жилой дом",жк «триумф»
4072965.0,55.97307,37.86944,26.6,0.0,0.5,,unknown,flat,avito,"с. тарасовка, мкр. пушкарь, корп. 2",жк «пушкарь»
7133022.0,55.93821,37.84628,27.0,0.0,0.4166666666666667,,new_building,flat,avito,"московская область, королев, микрорайон юбилейный, жилой комплекс космический квартал, к1",жк «космический квартал»
2100000.0,55.759932,37.913594,16.0,0.0,0.3333333333333333,2019.0,unknown,share,avito,"московская обл., балашиха, мкр-н салтыковка, пионерская ул., 21б",unknown
5550000.0,55.741515,38.03784,20.0,0.0,0.125,,new_building,flat,avito,"московская обл., балашиха, мкр-н саввино, безымянная ул., 8",unknown
3519054.0,55.97289,37.87044,25.2,0.0,1.0,,unknown,flat,avito,"с. тарасовка, мкр. пушкарь, корп. 3",жк «пушкарь»
4042342.0,55.97307,37.86944,26.4,0.0,0.5,,unknown,flat,avito,"с. тарасовка, мкр. пушкарь, корп. 2",жк «пушкарь»
3357502.0,55.97289,37.87044,25.1,0.0,0.25,,unknown,flat,avito,"с. тарасовка, мкр. пушкарь, корп. 3",жк «пушкарь»
3497384.0,55.97289,37.87044,25.1,0.0,0.25,,unknown,flat,avito,"с. тарасовка, мкр. пушкарь, корп. 3",жк «пушкарь»
5500000.0,55.552974,37.807862,21.6,0.0,0.4117647058823529,2024.0,unknown,flat,avito,"московская обл., ленинский г.о., пгт. мисайлово, мкр-н пригород лесное, ул. имени героя россии филипова, 8",unknown
5000000.0,55.68685913,37.87072754,28.0,0.0,0.12,2023.0,unknown,apartments,avito,"московская обл., люберцы, ул. кирова, 11",unknown
4358781.0,55.91986,37.42938,27.1,0.0,1.0,,new_building,apartments,avito,"вашутинское ш. , клубный дом «новое вашутино»",клубный дом «новое вашутино»
4946240.0,56.07173,37.13913,23.8,0.0,0.3333333333333333,2026.0,unknown,flat,avito,"д. радумля, мкр. ммс-2, д. 2, корп. 1",жк «‎радость»
5844300.0,55.69378,37.98153,25.3,0.0,0.5,,unknown,flat,avito,"пос. марусино, жилые дома",жк «горки марусино»
4700000.0,55.6966295611414,38.0035419915308,29.9,0.0,0.6666666666666666,2014.0,unknown,flat,avito,"московская обл., г.о. люберцы, д. мотяково, 65к3",unknown
4424255.0,55.97289,37.87044,33.9,0.0,1.0,,unknown,flat,avito,"с. тарасовка, мкр. пушкарь, корп. 3",жк «пушкарь»
3999000.0,55.960205,37.84746,25.0,0.0,0.6666666666666666,2014.0,unknown,flat,avito,"московская обл., г.о. пушкинский, с. тарасовка, рябиновая ул., 30",unknown
6100000.0,55.55443345775634,37.803447996112496,25.0,0.0,0.3333333333333333,2023.0,unknown,flat,avito,"московская обл., ленинский г.о., пгт. мисайлово, ул. имени л.и. гоман, 10",unknown
5443360.0,56.07132,37.14289,26.2,0.0,0.2222222222222222,2026.0,unknown,flat,avito,"д. радумля, мкр. ммс-2, д. 3, корп. 1",жк «‎радость»
4012810.0,55.59671,37.88252,23.8,0.0,0.5882352941176471,,unknown,flat,avito,"мкр. 6, д. 15д",жк «гармония парк»
4588425.0,55.97289,37.87044,33.4,0.0,0.75,,unknown,flat,avito,"с. тарасовка, мкр. пушкарь, корп. 3",жк «пушкарь»
4761037.0,56.07248,37.14069,23.6,0.0,0.1111111111111111,2026.0,unknown,flat,avito,"мкр. ммс-2, д. 8",жк «‎радость»
4435200.0,55.45219,37.54058,28.8,0.0,0.47058823529411764,,new_building,flat,avito,"ул. садовая, д. 14",жк «красная горка»
4157970.0,55.59632,37.88301,27.0,0.0,0.17647058823529413,,unknown,flat,avito,"мкр. 6, д. 15д",жк «гармония парк»
3350000.0,55.46707916,38.37746811,37.4,0.0,0.6666666666666666,2015.0,unknown,flat,avito,"московская обл., г.о. воскресенск, д. ворщиково, ул. солнечный град, 2",unknown
5799999.0,55.92099187862261,37.72130308543263,24.0,0.0,0.058823529411764705,2007.0,unknown,flat,avito,"московская обл., мытищи, ул. мира, 34а",unknown
4700000.0,55.49419022,37.55200577,19.0,0.0,0.23809523809523808,2017.0,unknown,flat,avito,"москва, новомосковский административный округ, поселение щербинка, щербинка, квартал южный, 7",unknown
3689549.0,55.97289,37.87044,25.1,0.0,0.5,,unknown,flat,avito,"с. тарасовка, мкр. пушкарь, корп. 3",жк «пушкарь»
5676455.0,55.93821,37.84628,22.4,0.0,0.16666666666666666,,new_building,flat,avito,"московская область, королев, микрорайон юбилейный, жилой комплекс космический квартал, к1",жк «космический квартал»
3499000.0,55.552556,37.335115,16.5,0.0,0.2,2021.0,unknown,flat,avito,"москва, новомосковский административный округ, филимонковский р-н, д. марьино, жемчужная ул., 1к2",unknown
3850000.0,55.552602,37.336112,20.0,0.0,1.0,,new_building,apartments,avito,"москва, новомосковский административный округ, филимонковский р-н, д. марьино, жемчужная ул., 1к3",unknown
5225300.0,55.65212,37.9301,23.0,0.0,0.11764705882352941,,unknown,flat,avito,"мкр. птицефабрика, стр. 7",жк «новотомилино»
4450600.0,55.45219,37.54058,28.9,0.0,0.11764705882352941,,new_building,flat,avito,"ул. садовая, д. 14",жк «красная горка»
5855850.0,55.69378,37.98153,25.4,0.0,0.5,,unknown,flat,avito,"пос. марусино, жилые дома",жк «горки марусино»
4861992.0,56.07248,37.14069,24.1,0.0,0.3333333333333333,2026.0,unknown,flat,avito,"мкр. ммс-2, д. 8",жк «‎радость»
6100000.0,55.76614,37.21243,21.8,0.0,0.7777777777777778,2027.0,unknown,flat,avito,"д. глухово, ул. новый поселок, стр. 3.5",ильинские луга
4358781.0,55.91986,37.42938,27.1,0.0,0.375,,new_building,apartments,avito,"вашутинское ш. , клубный дом «новое вашутино»",клубный дом «новое вашутино»
5855850.0,55.69378,37.98153,25.4,0.0,0.25,,unknown,flat,avito,"пос. марусино, жилые дома",жк «горки марусино»
6799999.0,55.654157,37.268011,19.1,0.0,0.3076923076923077,2018.0,unknown,flat,avito,"московская обл., одинцовский г.о., одинцово, каштановая ул., 6",unknown
8200000.0,55.496348,37.517823,25.0,0.0,1.0,2022.0,new_building,flat,avito,"москва, новомосковский административный округ, р-н щербинка, ул. логинова, 5к2",unknown
6150000.0,55.83298874,37.95524979,21.3,0.0,1.0,2023.0,unknown,flat,avito,"московская обл., балашиха, ул. яганова, 8",unknown
4400000.0,55.89889948330077,38.15328952812168,26.1,0.0,0.25,2022.0,unknown,flat,avito,"московская обл., г.о. лосино-петровский, пгт. свердловский, заречная ул., 14",unknown
4761037.0,56.07248,37.14069,23.6,0.0,0.2222222222222222,2026.0,unknown,flat,avito,"мкр. ммс-2, д. 8",жк «‎радость»
5629470.0,55.69378,37.98153,24.4,0.0,0.25,,unknown,flat,avito,"пос. марусино, жилые дома",жк «горки марусино»
4958909.0,56.07248,37.14069,24.6,0.0,0.6666666666666666,2026.0,unknown,flat,avito,"мкр. ммс-2, д. 8",жк «‎радость»
3300000.0,55.36926,37.792681,19.7,0.0,0.35294117647058826,2025.0,unknown,flat,avito,"московская обл., домодедово, мкр-н востряково, ледовская ул., 31к1",unknown
6079900.0,56.00657,37.86003,31.6,0.0,0.391304347826087,,unknown,flat,avito,"ул. надсоновская, жилой дом",жк «триумф»
4479664.0,55.60343,37.99066,25.9,0.0,0.5882352941176471,,new_building,flat,avito,"ул. баулинская, стр. 15",жк «новые островцы»
3400000.0,55.582548,37.899904,18.2,0.0,1.0,1970.0,unknown,flat,avito,"московская обл., лыткарино, 2-й мкр-н, 7-й квартал, 5а",unknown
4479664.0,55.60343,37.99066,25.9,0.0,0.6470588235294118,,new_building,flat,avito,"ул. баулинская, стр. 15",жк «новые островцы»
4350301.0,55.97307,37.86944,30.4,0.0,0.75,,unknown,flat,avito,"с. тарасовка, мкр. пушкарь, корп. 2",жк «пушкарь»
4643376.0,55.97289,37.87044,33.8,0.0,0.5,,unknown,flat,avito,"с. тарасовка, мкр. пушкарь, корп. 3",жк «пушкарь»
3519054.0,55.97289,37.87044,25.2,0.0,1.0,,unknown,flat,avito,"с. тарасовка, мкр. пушкарь, корп. 3",жк «пушкарь»
5400000.0,55.93702698,37.97445679,27.0,0.0,0.11764705882352941,2021.0,unknown,flat,avito,"московская обл., щелково, мкр-н финский, 2",unknown
4334850.0,55.9703,37.88963,30.4,0.0,0.08,,new_building,flat,avito,"ул. заводская, стр. 1, 2",жк «новая ивантеевка»
5447310.0,55.60775,37.97552,30.0,0.0,0.875,,unknown,flat,avito,"ул. новая, д. 5а",жк октябрьский
3689549.0,55.97289,37.87044,25.1,0.0,0.5,,unknown,flat,avito,"с. тарасовка, мкр. пушкарь, корп. 3",жк «пушкарь»
4303130.0,55.59632,37.88301,27.6,0.0,0.9411764705882353,,unknown,flat,avito,"мкр. 6, д. 15д",жк «гармония парк»
4249999.0,55.86225128,38.04545975,29.5,0.0,0.4,,unknown,flat,avito,"московская обл., г.о. щелково, д. большие жеребцы, мкр-н восточный, 1к6",unknown
3945757.0,55.97307,37.86944,30.3,0.0,0.25,,unknown,flat,avito,"с. тарасовка, мкр. пушкарь, корп. 2",жк «пушкарь»
4021880.0,55.59671,37.88252,24.1,0.0,0.23529411764705882,,unknown,flat,avito,"мкр. 6, д. 15д",жк «гармония парк»
4675006.0,55.97307,37.86944,35.9,0.0,0.25,,unknown,flat,avito,"с. тарасовка, мкр. пушкарь, корп. 2",жк «пушкарь»
4800000.0,55.601142,37.170822,25.0,0.0,0.4444444444444444,2015.0,unknown,flat,avito,"москва, новомосковский административный округ, р-н внуково, дп. кокошкино, ул. ленина, 12",unknown
4900000.0,55.987034,37.924149,20.8,0.0,0.16666666666666666,1983.0,unknown,flat,avito,"московская обл., г.о. пушкинский, ивантеевка, санаторный пр., 2",unknown
5698000.0,56.00657,37.86003,30.7,0.0,0.6086956521739131,,unknown,flat,avito,"ул. надсоновская, жилой дом",жк «триумф»
4489992.0,55.9703,37.88963,30.4,0.0,0.56,,new_building,flat,avito,"ул. заводская, стр. 1, 2",жк «новая ивантеевка»
6000000.0,55.524574,37.613943,21.5,0.0,0.7727272727272727,2026.0,unknown,flat,avito,"московская обл., ленинский г.о., пгт. боброво, новое ш., 24",unknown
5855850.0,55.69378,37.98153,25.4,0.0,0.5,,unknown,flat,avito,"пос. марусино, жилые дома",жк «горки марусино»
3350000.0,55.811376,37.948152,17.0,0.0,0.1111111111111111,1973.0,unknown,share,avito,"московская обл., балашиха, ул. орджоникидзе, 5",unknown
5761600.0,56.07132,37.14289,27.7,0.0,0.2222222222222222,2026.0,unknown,flat,avito,"д. радумля, мкр. ммс-2, д. 3, корп. 1",жк «‎радость»
4937019.0,55.97309,37.86723,34.5,0.0,0.75,,unknown,flat,avito,"с. тарасовка, мкр. пушкарь, корп. 1",жк «пушкарь»
4435200.0,55.45219,37.54058,28.8,0.0,0.7647058823529411,,new_building,flat,avito,"ул. садовая, д. 14",жк «красная горка»
4503492.0,55.60343,37.99066,25.9,0.0,0.35294117647058826,,new_building,flat,avito,"ул. баулинская, стр. 15",жк «новые островцы»
5600000.0,55.64222,37.853461,20.7,0.0,0.88,2025.0,unknown,flat,avito,"московская обл., котельники, мкр-н новые котельники, 17",unknown
4225473.0,55.97289,37.87044,33.8,0.0,0.25,,unknown,flat,avito,"с. тарасовка, мкр. пушкарь, корп. 3",жк «пушкарь»
3350000.0,55.36925888,37.79268265,22.7,0.0,0.6470588235294118,,unknown,flat,avito,"московская обл., домодедово, мкр-н востряково, жк оптима, к2",unknown
6000000.0,55.742899,38.037723,25.5,0.0,0.4117647058823529,2020.0,unknown,flat,avito,"московская обл., балашиха, безымянная ул., 4",unknown
5517000.0,56.00657,37.86003,30.7,0.0,0.8695652173913043,,unknown,flat,avito,"ул. надсоновская, жилой дом",жк «триумф»
4450600.0,55.45219,37.54058,28.9,0.0,0.11764705882352941,,new_building,flat,avito,"ул. садовая, д. 14",жк «красная горка»
4657114.0,55.97289,37.87044,33.9,0.0,0.75,,unknown,flat,avito,"с. тарасовка, мкр. пушкарь, корп. 3",жк «пушкарь»
5855850.0,55.69378,37.98153,25.4,0.0,1.0,,unknown,flat,avito,"пос. марусино, жилые дома",жк «горки марусино»
3400000.0,56.099682,38.116569,25.7,0.0,0.35294117647058826,2017.0,unknown,flat,avito,"московская обл., г.о. пушкинский, красноармейск, ул. морозова, 16",unknown
4112160.0,56.07173,37.13913,19.8,0.0,0.7777777777777778,2026.0,unknown,flat,avito,"д. радумля, мкр. ммс-2, д. 2, корп. 1",жк «‎радость»
5855850.0,55.69378,37.98153,25.4,0.0,0.75,,unknown,flat,avito,"пос. марусино, жилые дома",жк «горки марусино»
3505090.0,55.97289,37.87044,25.1,0.0,1.0,,unknown,flat,avito,"с. тарасовка, мкр. пушкарь, корп. 3",жк «пушкарь»
6700000.0,55.904917,37.865418,26.1,0.0,0.8666666666666667,,unknown,flat,avito,"московская обл., королев, ул. академика легостаева, 8",unknown
7300000.0,55.702703,37.96355,27.6,0.0,0.23529411764705882,2016.0,unknown,flat,avito,"московская обл., люберцы, мкр-н зенино жк самолет, ул. дружбы, 7к1",unknown
3000000.0,55.36925888,37.79268265,20.7,0.0,0.058823529411764705,2025.0,unknown,flat,avito,"московская обл., домодедово, мкр-н востряково, жк оптима, к2",unknown
5762200.0,56.00657,37.86003,30.7,0.0,0.6521739130434783,,unknown,flat,avito,"ул. надсоновская, жилой дом",жк «триумф»
8574160.0,55.66275,37.86706,24.4,0.0,0.68,,new_building,flat,avito,"ул. новая, д. 1-10, корп. 5а",томилинский бульвар
5855850.0,55.69378,37.98153,25.4,0.0,0.25,,unknown,flat,avito,"пос. марусино, жилые дома",жк «горки марусино»
5855850.0,55.69378,37.98153,25.4,0.0,1.0,,unknown,flat,avito,"пос. марусино, жилые дома",жк «горки марусино»
5855850.0,55.69378,37.98153,25.4,0.0,0.5,,unknown,flat,avito,"пос. марусино, жилые дома",жк «горки марусино»
4700000.0,55.49419022,37.55200577,19.0,0.0,0.25,2017.0,unknown,flat,avito,"москва, новомосковский административный округ, поселение щербинка, щербинка, квартал южный, 7",unknown
4479664.0,55.60343,37.99066,25.9,0.0,0.7058823529411765,,new_building,flat,avito,"ул. баулинская, стр. 15",жк «новые островцы»
5855850.0,55.69378,37.98153,25.4,0.0,0.75,,unknown,flat,avito,"пос. марусино, жилые дома",жк «горки марусино»
5400000.0,55.843975,38.44979,27.1,0.0,0.9411764705882353,,unknown,flat,avito,"московская обл., богородский г.о., ногинск, ул. дмитрия михайлова, 2",unknown
4400000.0,55.403788,37.532637,21.4,0.0,0.3333333333333333,,unknown,flat,avito,"московская обл., подольск, осенний пр., 1",unknown
1600000.0,55.467116,38.375876,13.5,0.0,0.3333333333333333,2022.0,unknown,flat,avito,"московская обл., г.о. воскресенск, д. ворщиково, ул. солнечный град, 4",unknown
4499000.0,55.45383,37.285402,22.5,0.0,0.2,2024.0,unknown,flat,avito,"москва, троицкий административный округ, р-н троицк, троицк, ул. академика дыхне, 16",unknown
5855850.0,55.69378,37.98153,25.4,0.0,0.75,,unknown,flat,avito,"пос. марусино, жилые дома",жк «горки марусино»
4435200.0,55.45219,37.54058,28.8,0.0,0.17647058823529413,,new_building,flat,avito,"ул. садовая, д. 14",жк «красная горка»
4067240.0,55.59632,37.88301,24.1,0.0,0.4117647058823529,,unknown,flat,avito,"мкр. 6, д. 15д",жк «гармония парк»
5855850.0,55.69378,37.98153,25.4,0.0,0.75,,unknown,flat,avito,"пос. марусино, жилые дома",жк «горки марусино»
6883110.0,55.9996,37.8887,20.7,0.0,0.6,2026.0,unknown,flat,avito,"ул. зеленая роща, стр. 7",жк «публицист»
5000000.0,55.58599,38.14307,26.0,0.0,0.7777777777777778,2022.0,unknown,flat,avito,"московская обл., раменский г.о., дп. кратово, ул. счетчикова, 29в",unknown
5698000.0,56.00657,37.86003,30.7,0.0,0.7391304347826086,,unknown,flat,avito,"ул. надсоновская, жилой дом",жк «триумф»
4450472.0,55.97289,37.87044,31.1,0.0,0.75,,unknown,flat,avito,"с. тарасовка, мкр. пушкарь, корп. 3",жк «пушкарь»
5691842.0,56.07248,37.14069,28.2,0.0,0.2222222222222222,2026.0,unknown,flat,avito,"мкр. ммс-2, д. 8",жк «‎радость»
5855850.0,55.69378,37.98153,25.4,0.0,1.0,,unknown,flat,avito,"пос. марусино, жилые дома",жк «горки марусино»
4750000.0,56.08629202555724,37.93585867483668,39.0,0.0,1.0,2019.0,unknown,flat,avito,"московская обл., г.о. пушкинский, пгт. лесной, советская ул., 20",unknown
7900000.0,55.49497604,37.5158577,22.7,0.0,0.9166666666666666,,unknown,flat,avito,"москва, новомосковский административный округ, р-н щербинка, ул. логинова, 7к2",unknown
4490840.0,55.9703,37.88963,31.1,0.0,0.12,,new_building,flat,avito,"ул. заводская, стр. 1, 2",жк «новая ивантеевка»
5801250.0,56.00657,37.86003,30.7,0.0,0.2608695652173913,,unknown,flat,avito,"ул. надсоновская, жилой дом",жк «триумф»
3750000.0,55.45383072,37.28540421,17.2,0.0,0.2,2022.0,unknown,flat,avito,"москва, троицкий административный округ, р-н троицк, троицк, ул. академика дыхне, 16",unknown
3704249.0,55.97289,37.87044,25.2,0.0,0.5,,unknown,flat,avito,"с. тарасовка, мкр. пушкарь, корп. 3",жк «пушкарь»
6744710.0,55.95205,37.46823,23.5,0.0,0.23529411764705882,,new_building,flat,avito,"ул. олимпийская, корп. 5",жк «квартал ивакино»
5819000.0,55.67782,37.90226,27.9,0.0,0.7619047619047619,,new_building,apartments,avito,"ул. волковская , д. 67",волковская 67
4599563.0,55.41058,37.83473,29.3,0.0,0.5,,unknown,flat,avito,"ул. жуковского, стр. 1",жк «космос»
7200000.0,55.92869949,37.73032761,28.0,0.0,0.35294117647058826,2022.0,unknown,flat,avito,"московская обл., мытищи, пр-т астрахова, 7",unknown
6163400.0,55.67782,37.90226,29.6,0.0,0.09523809523809523,,new_building,apartments,avito,"ул. волковская , д. 67",волковская 67
5855850.0,55.69378,37.98153,25.4,0.0,0.5,,unknown,flat,avito,"пос. марусино, жилые дома",жк «горки марусино»
6700000.0,55.928461,37.734497,26.4,0.0,0.16666666666666666,2019.0,new_building,flat,avito,"московская обл., мытищи, пр-т астрахова, 9",unknown
5855850.0,55.69378,37.98153,25.4,0.0,0.75,,unknown,flat,avito,"пос. марусино, жилые дома",жк «горки марусино»
5855850.0,55.69378,37.98153,25.4,0.0,0.5,,unknown,flat,avito,"пос. марусино, жилые дома",жк «горки марусино»
1930000.0,55.66313311694836,37.99410472373052,12.4,0.0,0.3333333333333333,1986.0,unknown,apartments,avito,"московская обл., г.о. люберцы, пгт. красково, ул. карла маркса, 117е",unknown
4600000.0,55.975405,37.098903,27.2,0.0,0.47058823529411764,2017.0,new_building,flat,avito,"московская обл., г.о. солнечногорск, д. голубое, трехсвятская ул., 6",unknown
6846049.0,55.93821,37.84628,26.5,0.0,0.6666666666666666,,new_building,flat,avito,"московская область, королев, микрорайон юбилейный, жилой комплекс космический квартал, к1",жк «космический квартал»
7000000.0,55.91217,37.76166,19.8,0.0,0.9166666666666666,,new_building,flat,avito,"ул. колонцова, стр. 10",яуза парк
3650000.0,55.91442871,38.11153793,24.0,0.0,0.4117647058823529,2017.0,new_building,flat,avito,"московская обл., г.о. лосино-петровский, пос. биокомбината, 6в",unknown
5636400.0,55.69378,37.98153,24.4,0.0,0.25,,unknown,flat,avito,"пос. марусино, жилые дома",жк «горки марусино»
3500000.0,56.43338157787778,38.26006205605378,28.0,0.0,0.6,2025.0,unknown,flat,avito,"московская обл., сергиево-посадский г.о., краснозаводск, пр. сержанта сергея разина, 1к1",unknown
5854150.0,56.00657,37.86003,30.7,0.0,0.6956521739130435,,unknown,flat,avito,"ул. надсоновская, жилой дом",жк «триумф»
6909490.0,55.95205,37.46823,23.5,0.0,0.8823529411764706,,new_building,flat,avito,"ул. олимпийская, корп. 5",жк «квартал ивакино»
5844300.0,55.69378,37.98153,25.3,0.0,0.75,,unknown,flat,avito,"пос. марусино, жилые дома",жк «горки марусино»
11671651.0,55.8075,37.38345,22.1,0.0,0.5833333333333334,,new_building,flat,avito,"московская область, красногорск, жилой комплекс квартал строгино, к1",жк «квартал строгино»
5855850.0,55.69378,37.98153,25.4,0.0,1.0,,unknown,flat,avito,"пос. марусино, жилые дома",жк «горки марусино»
5745700.0,56.00657,37.86003,30.7,0.0,0.782608695652174,,unknown,flat,avito,"ул. надсоновская, жилой дом",жк «триумф»
6091624.0,56.07248,37.14069,30.2,0.0,0.5555555555555556,2026.0,unknown,flat,avito,"мкр. ммс-2, д. 8",жк «‎радость»
5217509.0,55.81002,38.42934,31.3,0.0,0.75,,unknown,flat,avito,"ш. ногинское, стр. 4",жк «северный квартал»
4300000.0,55.697072,38.010504,33.2,0.0,0.3333333333333333,2014.0,unknown,flat,avito,"московская обл., г.о. люберцы, д. мотяково, 65к27",unknown
4950000.0,55.545238,37.150987,24.6,0.0,0.1111111111111111,2018.0,unknown,flat,avito,"москва, новомосковский административный округ, филимонковский р-н, д. ивановское, ул. семена гордого, 6",unknown
5000000.0,55.966196,37.921023,25.5,0.0,0.29411764705882354,2011.0,unknown,flat,avito,"московская обл., г.о. пушкинский, ивантеевка, рощинская ул., 9",unknown
4435236.0,55.9703,37.88963,30.4,0.0,0.44,,new_building,flat,avito,"ул. заводская, стр. 1, 2",жк «новая ивантеевка»
6186800.0,55.67782,37.90226,29.1,0.0,0.7142857142857143,,new_building,apartments,avito,"ул. волковская , д. 67",волковская 67
3300000.0,55.36917907584698,37.79270841611815,20.0,0.0,0.6470588235294118,2026.0,unknown,flat,avito,"московская обл., домодедово, мкр-н востряково, ледовская ул., 31к1",unknown
2699000.0,55.552612,37.340801,30.0,0.0,1.0,2022.0,unknown,apartments,avito,"москва, новомосковский административный округ, филимонковский р-н, д. марьино, жемчужная ул., 1к7",unknown
5855850.0,55.69378,37.98153,25.4,0.0,0.75,,unknown,flat,avito,"пос. марусино, жилые дома",жк «горки марусино»
5700000.0,55.741541,38.039637,21.1,0.0,0.7647058823529411,2020.0,new_building,flat,avito,"московская обл., балашиха, безымянная ул., 6",unknown
4761037.0,56.07248,37.14069,23.6,0.0,0.3333333333333333,2026.0,unknown,flat,avito,"мкр. ммс-2, д. 8",жк «‎радость»
4700000.0,55.783281,38.123477,29.8,0.0,1.0,2019.0,unknown,flat,avito,"московская обл., богородский г.о., с. бисерово, мкр-н новое бисерово-2, 8",unknown
4975812.0,55.97054,37.89149,31.1,0.0,0.08,,new_building,flat,avito,"ул. заводская, стр. 1",жк «новая ивантеевка»
9500000.0,55.521144,37.350261,28.5,0.0,0.26666666666666666,2022.0,unknown,flat,avito,"москва, новомосковский административный округ, поселение десеновское, 3-я нововатутинская ул., 6",unknown
5855850.0,55.69378,37.98153,25.4,0.0,0.5,,unknown,flat,avito,"пос. марусино, жилые дома",жк «горки марусино»
5773360.0,56.00657,37.86003,31.1,0.0,0.8695652173913043,,unknown,flat,avito,"ул. надсоновская, жилой дом",жк «триумф»
8000000.0,55.474306,37.531963,21.7,0.0,0.21428571428571427,2024.0,unknown,flat,avito,"москва, новомосковский административный округ, р-н щербинка, алхимовская ул., 1к4",unknown
4833680.0,55.60343,37.99066,28.4,0.0,0.9411764705882353,,new_building,flat,avito,"ул. баулинская, стр. 15",жк «новые островцы»
5855850.0,55.69378,37.98153,25.4,0.0,0.25,,unknown,flat,avito,"пос. марусино, жилые дома",жк «горки марусино»
5855850.0,55.69378,37.98153,25.4,0.0,0.25,,unknown,flat,avito,"пос. марусино, жилые дома",жк «горки марусино»
4629639.0,55.97289,37.87044,33.7,0.0,0.75,,unknown,flat,avito,"с. тарасовка, мкр. пушкарь, корп. 3",жк «пушкарь»
7862155.0,55.49872,37.74091,26.1,0.0,0.8888888888888888,,new_building,flat,avito,"московская область, городской округ домодедово, село ям, жилой комплекс прибрежный парк, 10.2",жк «прибрежный парк»
5963642.0,55.94798,37.76817,22.8,0.0,0.17647058823529413,,new_building,flat,avito,"жилой комплекс мытищи парк, к6",жк «мытищи парк»
3350000.0,55.36940627543628,37.79268707970471,21.3,0.0,0.4117647058823529,2025.0,new_building,flat,avito,"московская обл., домодедово, мкр-н востряково, ледовская ул., 31к1",unknown
5139927.0,56.06263,37.35811,25.0,0.0,1.0,,unknown,flat,avito,"проезд 2-ой восточный, д. 2",жк «зеленый оазис-город»
5495335.0,55.60775,37.97552,30.0,0.0,1.0,,unknown,flat,avito,"ул. новая, д. 5а",жк октябрьский
4651200.0,55.45219,37.54058,27.2,0.0,0.9411764705882353,,new_building,flat,avito,"ул. садовая, д. 14",жк «красная горка»
7390000.0,55.6991272,37.96231842,25.4,0.0,0.7647058823529411,2018.0,unknown,flat,avito,"московская обл., люберцы, мкр-н зенино жк самолет, озерная ул., 1",unknown
3800000.0,55.71983337,36.87007523,28.6,0.0,0.5555555555555556,2021.0,unknown,flat,avito,"московская обл., одинцовский г.о., звенигород, район восточный, 3-й мкр-н, 18",unknown
5900000.0,55.504664,37.779979,31.4,0.0,0.5,2013.0,unknown,flat,avito,"московская обл., ленинский г.о., рп. горки ленинские, южный пр., 11",unknown
6575700.0,56.04893,37.86542,28.6,0.0,0.5,,new_building,flat,avito,"городской округ пушкинский, стр. 5",жилой квартал пушкино град
5860170.0,55.52428,37.61537,20.7,0.0,1.0,,new_building,flat,avito,"с/п булатниковское, д. боброво, мкр. «боброво», корп. 48",восточное бутово
5855850.0,55.69378,37.98153,25.4,0.0,0.75,,unknown,flat,avito,"пос. марусино, жилые дома",жк «горки марусино»
6617700.0,55.52428,37.61537,25.8,0.0,0.12,,new_building,flat,avito,"с/п булатниковское, д. боброво, мкр. «боброво», корп. 47",восточное бутово
5901316.0,55.90726,37.43297,22.3,0.0,0.85,,new_building,flat,avito,"ул. рабочая , корп. 2.1",химки парк
6823000.0,55.67782,37.90226,28.1,0.0,0.2857142857142857,,new_building,apartments,avito,"ул. волковская , д. 67",волковская 67
5855850.0,55.69378,37.98153,25.4,0.0,0.75,,unknown,flat,avito,"пос. марусино, жилые дома",жк «горки марусино»
4657114.0,55.97289,37.87044,33.9,0.0,0.75,,unknown,flat,avito,"с. тарасовка, мкр. пушкарь, корп. 3",жк «пушкарь»
5855850.0,55.69378,37.98153,25.4,0.0,0.25,,unknown,flat,avito,"пос. марусино, жилые дома",жк «горки марусино»
4702500.0,55.45219,37.54058,27.5,0.0,0.17647058823529413,,new_building,flat,avito,"ул. садовая, д. 14",жк «красная горка»
5829500.0,56.00657,37.86003,31.1,0.0,0.9130434782608695,,unknown,flat,avito,"ул. надсоновская, жилой дом",жк «триумф»
7870064.0,55.49872,37.74091,26.1,0.0,0.9444444444444444,,new_building,flat,avito,"московская область, городской округ домодедово, село ям, жилой комплекс прибрежный парк, 10.2",жк «прибрежный парк»
3900000.0,55.428112,37.724472,34.8,0.0,1.0,2014.0,unknown,flat,avito,"московская обл., г.о. домодедово, д. авдотьино, удачная ул., 5",unknown
6244950.0,56.00657,37.86003,30.7,0.0,0.4782608695652174,,unknown,flat,avito,"ул. надсоновская, жилой дом",жк «триумф»
5855850.0,55.69378,37.98153,25.4,0.0,1.0,,unknown,flat,avito,"пос. марусино, жилые дома",жк «горки марусино»
9819577.0,56.06153,37.35931,51.2,0.0,0.2,,unknown,flat,avito,"проезд 3-ий восточный, д. 2",жк «зеленый оазис-город»
4683500.0,55.41058,37.83473,29.0,0.0,0.9166666666666666,,new_building,flat,avito,"ул. жуковского, стр. 1",жк «космос»
5855850.0,55.69378,37.98153,25.4,0.0,0.5,,unknown,flat,avito,"пос. марусино, жилые дома",жк «горки марусино»
5451030.0,55.97054,37.89149,31.1,0.0,0.88,,new_building,flat,avito,"ул. заводская, стр. 1",жк «новая ивантеевка»
5997579.0,55.90726,37.43297,22.9,0.0,0.96,,new_building,flat,avito,"ул. рабочая , корп. 2.1",химки парк
5801250.0,56.00657,37.86003,30.7,0.0,0.5217391304347826,,unknown,flat,avito,"ул. надсоновская, жилой дом",жк «триумф»
4432008.0,55.60343,37.99066,25.9,0.0,0.8823529411764706,,new_building,flat,avito,"ул. баулинская, стр. 15",жк «новые островцы»
5855850.0,55.69378,37.98153,25.4,0.0,1.0,,unknown,flat,avito,"пос. марусино, жилые дома",жк «горки марусино»
6150000.0,55.86500168,38.19231415,30.0,0.0,0.7058823529411765,2022.0,unknown,flat,avito,"московская обл., лосино-петровский, ул. пушкина, 8",unknown
4800000.0,55.5965186262094,37.88254124872441,24.2,0.0,0.11764705882352941,2023.0,new_building,flat,avito,"московская обл., лыткарино, 6-й мкр-н, 15д",unknown
5919000.0,56.00657,37.86003,31.6,0.0,0.9130434782608695,,unknown,flat,avito,"ул. надсоновская, жилой дом",жк «триумф»
4634100.0,55.45219,37.54058,27.1,0.0,1.0,,new_building,flat,avito,"ул. садовая, д. 14",жк «красная горка»
4435200.0,55.45219,37.54058,28.8,0.0,0.8235294117647058,,new_building,flat,avito,"ул. садовая, д. 14",жк «красная горка»
2450000.0,55.467081,38.377466,28.2,0.0,0.3333333333333333,2016.0,unknown,flat,avito,"московская обл., г.о. воскресенск, д. ворщиково, ул. солнечный град, 2",unknown
5100000.0,55.959167,37.676376,22.2,0.0,1.0,2022.0,unknown,flat,avito,"московская обл., мытищи, тенистый б-р, 9",unknown
3999999.0,55.40075302,37.76008224,28.8,0.0,0.29411764705882354,,unknown,flat,avito,"московская обл., домодедово, южнодомодедовская ул., 11",unknown
5844300.0,55.69378,37.98153,25.3,0.0,1.0,,unknown,flat,avito,"пос. марусино, жилые дома",жк «горки марусино»
5855850.0,55.69378,37.98153,25.4,0.0,0.5,,unknown,flat,avito,"пос. марусино, жилые дома",жк «горки марусино»
7150000.0,55.712817,37.368892,25.0,0.0,0.6470588235294118,,unknown,apartments,avito,"московская обл., одинцовский г.о., пгт. новоивановское, западная ул., 85",unknown
7400000.0,55.941778,37.318496,32.0,0.0,0.7142857142857143,2011.0,unknown,flat,avito,"московская обл., химки, мкр-н сходня, овражная ул., 24к10",unknown
5801250.0,56.00657,37.86003,30.7,0.0,0.9130434782608695,,unknown,flat,avito,"ул. надсоновская, жилой дом",жк «триумф»
7712400.0,55.53376,37.7175,29.5,0.0,0.5714285714285714,,unknown,flat,avito,"с. ермолино, корп. 1.5",жк «видный берег 2»
4991178.0,55.97054,37.89149,30.2,0.0,0.25,,new_building,flat,avito,"ул. заводская, стр. 2, 3",жк «новая ивантеевка»
5801250.0,56.00657,37.86003,30.7,0.0,0.9565217391304348,,unknown,flat,avito,"ул. надсоновская, жилой дом",жк «триумф»
4736700.0,55.45219,37.54058,27.7,0.0,0.11764705882352941,,new_building,flat,avito,"ул. садовая, д. 14",жк «красная горка»
5844300.0,55.69378,37.98153,25.3,0.0,0.25,,unknown,flat,avito,"пос. марусино, жилые дома",жк «горки марусино»
4891824.0,55.97054,37.89149,29.5,0.0,0.44,,new_building,flat,avito,"ул. заводская, стр. 1",жк «новая ивантеевка»
4500000.0,55.80546188,38.17195129,28.0,0.0,0.35294117647058826,2021.0,unknown,flat,avito,"московская обл., богородский г.о., старая купавна, октябрьская ул., 14а",unknown
5855850.0,55.69378,37.98153,25.4,0.0,1.0,,unknown,flat,avito,"пос. марусино, жилые дома",жк «горки марусино»
6451009.0,55.8074,37.31868,24.3,0.0,0.4,,new_building,flat,avito,"туп. ильинский, стр. 3",жк «ильинойс»
5829500.0,56.00657,37.86003,31.1,0.0,0.9565217391304348,,unknown,flat,avito,"ул. надсоновская, жилой дом",жк «триумф»
5829500.0,56.00657,37.86003,31.1,0.0,0.9565217391304348,,unknown,flat,avito,"ул. надсоновская, жилой дом",жк «триумф»
5300000.0,55.623046,37.947721,22.6,0.0,0.47058823529411764,2019.0,unknown,flat,avito,"московская обл., г.о. люберцы, пос. мирный, ул. свободы, 5",unknown
5100000.0,55.39642334,37.76727676,25.7,0.0,0.5,2019.0,unknown,flat,avito,"московская обл., домодедово, ул. курыжова, 30",unknown
5801250.0,56.00657,37.86003,30.7,0.0,0.2608695652173913,,unknown,flat,avito,"ул. надсоновская, жилой дом",жк «триумф»
5894455.0,55.52428,37.61537,21.3,0.0,0.12,,new_building,flat,avito,"с/п булатниковское, д. боброво, мкр. «боброво», корп. 47",восточное бутово
7800000.0,55.797544,37.960343,41.9,0.0,0.5,2014.0,unknown,flat,avito,"московская обл., балашиха, пр-т ленина, 32б",unknown
5773360.0,56.00657,37.86003,31.1,0.0,0.8260869565217391,,unknown,flat,avito,"ул. надсоновская, жилой дом",жк «триумф»
4435200.0,55.45219,37.54058,28.8,0.0,0.7647058823529411,,new_building,flat,avito,"ул. садовая, д. 14",жк «красная горка»
3500000.0,56.24458,37.499785,36.6,0.0,0.14285714285714285,2023.0,new_building,flat,avito,"московская обл., дмитровский муниципальный округ, д. целеево, ул. пятиречье, 3",unknown
6275000.0,55.583464,38.141874,22.4,0.0,0.8823529411764706,2021.0,unknown,flat,avito,"московская обл., жуковский, нижегородская ул., 31а",unknown
6196300.0,55.67782,37.90226,29.4,0.0,0.3333333333333333,,new_building,apartments,avito,"ул. волковская , д. 67",волковская 67
4386690.0,55.9703,37.88963,29.5,0.0,0.28,,new_building,flat,avito,"ул. заводская, стр. 1, 2",жк «новая ивантеевка»
6642000.0,55.9996,37.8887,19.7,0.0,0.3333333333333333,2026.0,unknown,flat,avito,"ул. зеленая роща, стр. 7",жк «публицист»
5855850.0,55.69378,37.98153,25.4,0.0,0.25,,unknown,flat,avito,"пос. марусино, жилые дома",жк «горки марусино»
5762200.0,56.00657,37.86003,30.7,0.0,0.6521739130434783,,unknown,flat,avito,"ул. надсоновская, жилой дом",жк «триумф»
5698000.0,56.00657,37.86003,30.7,0.0,0.6956521739130435,,unknown,flat,avito,"ул. надсоновская, жилой дом",жк «триумф»
5919000.0,56.00657,37.86003,31.6,0.0,0.8260869565217391,,unknown,flat,avito,"ул. надсоновская, жилой дом",жк «триумф»
5855850.0,55.69378,37.98153,25.4,0.0,0.5,,unknown,flat,avito,"пос. марусино, жилые дома",жк «горки марусино»
6857800.0,55.65324,37.92783,22.6,0.0,0.35294117647058826,,unknown,flat,avito,"мкр. птицефабрика, стр. 6",жк «новотомилино»
4395000.0,55.3977356,37.77112198,24.0,0.0,0.23529411764705882,2017.0,unknown,flat,avito,"московская обл., домодедово, ул. курыжова, 14",unknown
6311159.0,55.95205,37.46823,22.9,0.0,0.11764705882352941,,new_building,flat,avito,"ул. олимпийская, корп. 5",жк «квартал ивакино»
5829500.0,56.00657,37.86003,31.1,0.0,0.9565217391304348,,unknown,flat,avito,"ул. надсоновская, жилой дом",жк «триумф»
4573585.0,55.9703,37.88963,31.1,0.0,0.08,,new_building,flat,avito,"ул. заводская, стр. 1, 2",жк «новая ивантеевка»
5801250.0,56.00657,37.86003,30.7,0.0,0.9565217391304348,,unknown,flat,avito,"ул. надсоновская, жилой дом",жк «триумф»
4350000.0,55.902106,38.146132,23.9,0.0,0.125,2020.0,unknown,flat,avito,"московская обл., г.о. лосино-петровский, пгт. свердловский, ул. строителей, 7",unknown
4200000.0,55.61007254903749,37.98292436119701,23.4,0.0,0.3333333333333333,2011.0,unknown,flat,avito,"московская обл., г.о. люберцы, пгт. октябрьский, ул. калинина, 1б",unknown
5486200.0,55.67782,37.90226,24.3,0.0,0.47619047619047616,,new_building,apartments,avito,"ул. волковская , д. 67",волковская 67
7261430.0,55.65533,37.87162,19.9,0.0,0.44,,new_building,flat,avito,"яничкин пр-д, жилой комплекс белая дача парк, корп. 16.2",белая дача парк
6608600.0,56.00657,37.86003,31.6,0.0,0.9565217391304348,,unknown,flat,avito,"ул. надсоновская, жилой дом",жк «триумф»
4609550.0,55.41058,37.83473,29.0,0.0,0.6666666666666666,,unknown,flat,avito,"ул. жуковского, стр. 1",жк «космос»
6990000.0,55.712898,37.36917,19.8,0.0,0.5294117647058824,2023.0,unknown,apartments,avito,"московская обл., одинцовский г.о., рп. новоивановское, западная ул., 85",unknown
5698000.0,56.00657,37.86003,30.7,0.0,0.7391304347826086,,unknown,flat,avito,"ул. надсоновская, жилой дом",жк «триумф»
5762200.0,56.00657,37.86003,30.7,0.0,0.7391304347826086,,unknown,flat,avito,"ул. надсоновская, жилой дом",жк «триумф»
5801250.0,56.00657,37.86003,30.7,0.0,0.4782608695652174,,unknown,flat,avito,"ул. надсоновская, жилой дом",жк «триумф»
5350000.0,55.834017,37.955833,18.7,0.0,0.4117647058823529,2020.0,unknown,flat,avito,"московская обл., балашиха, ул. яганова, 7",unknown
5900000.0,56.24458,37.499785,34.0,0.0,0.5714285714285714,2023.0,unknown,flat,avito,"московская обл., дмитровский г.о., д. целеево, ул. пятиречье, 3",unknown
6200000.0,55.62547684,37.94594193,25.0,0.0,0.9411764705882353,2021.0,unknown,flat,avito,"московская обл., г.о. люберцы, пос. мирный, крымская ул., 8",unknown
2400000.0,54.92032623,37.38409042,14.2,0.0,0.25,1917.0,unknown,flat,avito,"московская обл., серпухов, мкр-н красный текстильщик, ул. красный текстильщик, 2",unknown
4435200.0,55.45219,37.54058,28.8,0.0,0.47058823529411764,,new_building,flat,avito,"ул. садовая, д. 14",жк «красная горка»
3350000.0,55.369121,37.792654,21.5,0.0,0.9411764705882353,2025.0,new_building,flat,avito,"московская обл., домодедово, мкр-н востряково, ледовская ул., 31",unknown
4432008.0,55.60343,37.99066,25.9,0.0,0.8235294117647058,,new_building,flat,avito,"ул. баулинская, стр. 15",жк «новые островцы»
6244950.0,56.00657,37.86003,30.7,0.0,0.5217391304347826,,unknown,flat,avito,"ул. надсоновская, жилой дом",жк «триумф»
4400000.0,56.24561691,37.50026321,32.3,0.0,0.375,2014.0,unknown,flat,avito,"московская обл., дмитровский г.о., д. целеево, ул. пятиречье, 4а",unknown
4401280.0,56.07173,37.13913,21.2,0.0,0.8888888888888888,2026.0,unknown,flat,avito,"д. радумля, мкр. ммс-2, д. 2, корп. 1",жк «‎радость»
4358781.0,55.91986,37.42938,27.1,0.0,0.375,,new_building,apartments,avito,"вашутинское ш. , клубный дом «новое вашутино»",клубный дом «новое вашутино»
4485000.0,55.60343,37.99066,25.0,0.0,0.29411764705882354,,new_building,flat,avito,"ул. баулинская, стр. 15",жк «новые островцы»
6375000.0,56.00657,37.86003,30.7,0.0,0.9130434782608695,,unknown,flat,avito,"ул. надсоновская, жилой дом",жк «триумф»
7300000.0,55.605882,38.075282,31.9,0.0,0.2,2021.0,new_building,flat,avito,"московская обл., жуковский, ул. баженова, 4/1",unknown
4067240.0,55.59632,37.88301,24.1,0.0,0.35294117647058826,,unknown,flat,avito,"мкр. 6, д. 15д",жк «гармония парк»
6650000.0,55.910311,37.746966,20.8,0.0,0.6,2001.0,unknown,flat,avito,"московская обл., мытищи, шараповская ул., 1к2",unknown
2890000.0,56.30719376,38.13962936,27.0,0.0,0.25,2020.0,unknown,apartments,avito,"московская обл., сергиево-посадский г.о., сергиев посад, сергиевская ул., 13к5",unknown
6000000.0,56.00696182,37.48505402,26.1,0.0,0.5,1961.0,unknown,flat,avito,"московская обл., лобня, ул. 40 лет октября, 14а",unknown
4800000.0,55.396422,37.767277,25.7,0.0,0.7894736842105263,2017.0,unknown,flat,avito,"московская обл., домодедово, мкр-н южный, ул. курыжова, 30",unknown
5000000.0,55.592586,37.20689,22.0,0.0,0.0625,,unknown,flat,avito,"москва, новомосковский административный округ, поселение марушкинское, д. марушкино, агрохимическая ул., 3",unknown
3850000.0,55.86240768,38.04745102,29.5,0.0,0.4,2017.0,unknown,flat,avito,"московская обл., г.о. щелково, д. большие жеребцы, мкр-н восточный, 1к9",unknown
8456140.0,55.91095,37.76193,20.9,0.0,0.4,,new_building,flat,avito,"ул. колонцова, стр. 13",яуза парк
4088277.0,55.97307,37.86944,26.7,0.0,0.75,,unknown,flat,avito,"с. тарасовка, мкр. пушкарь, корп. 2",жк «пушкарь»
3590000.0,55.63068,38.105106,24.0,0.0,0.25,2023.0,unknown,apartments,avito,"московская обл., раменский г.о., рп. ильинский, пролетарская ул., 49/1а",unknown
5855850.0,55.69378,37.98153,25.4,0.0,1.0,,unknown,flat,avito,"пос. марусино, жилые дома",жк «горки марусино»
3750000.0,55.45383,37.285402,17.0,0.0,0.2,2024.0,unknown,flat,avito,"москва, троицкий административный округ, р-н троицк, троицк, ул. академика дыхне, 16",unknown
4700000.0,55.399351,37.763791,24.5,0.0,0.8421052631578947,2017.0,resale,flat,avito,"московская обл., домодедово, южнодомодедовская ул., 17",unknown
7100000.0,55.87050247,37.25646591,31.0,0.0,0.875,2019.0,unknown,flat,avito,"московская обл., г.о. красногорск, д. сабурово, заречная ул., 5",unknown
5600000.0,55.83646011,37.93948364,23.4,0.0,0.7083333333333334,2020.0,unknown,flat,avito,"московская обл., балашиха, ул. лукино, 53а",unknown
7200000.0,55.53376007,37.72378922,36.0,0.0,0.17647058823529413,2019.0,unknown,flat,avito,"московская обл., ленинский г.о., д. сапроново, мкр-н купелинка, квартал северный, 21",unknown
4435200.0,55.45219,37.54058,28.8,0.0,0.23529411764705882,,new_building,flat,avito,"ул. садовая, д. 14",жк «красная горка»
5794224.0,56.07153,37.14069,28.5,0.0,0.2222222222222222,2026.0,unknown,flat,avito,"д. радумля, мкр. ммс-2, д. 6",жк «‎радость»
3500000.0,55.628642,38.118724,19.0,0.0,0.6666666666666666,,unknown,flat,avito,"московская обл., раменский муниципальный округ, пгт. ильинский, коммунистическая ул., 77а",unknown
5150000.0,55.84344101,38.45139694,29.2,0.0,0.13333333333333333,2015.0,unknown,flat,avito,"московская обл., богородский г.о., ногинск, ул. дмитрия михайлова, 4",unknown
6256519.0,55.94965,37.76714,22.7,0.0,0.7333333333333333,,new_building,flat,avito,"жилой комплекс мытищи парк, к5",жк «мытищи парк»
6000000.0,55.55973,37.818921,22.4,0.0,0.4117647058823529,2020.0,unknown,flat,avito,"московская обл., ленинский г.о., пгт. мисайлово, мкр-н пригород лесное, молодежный б-р, 15",unknown
5919000.0,56.00657,37.86003,31.6,0.0,0.782608695652174,,unknown,flat,avito,"ул. надсоновская, жилой дом",жк «триумф»
4800000.0,55.601142,37.170822,25.0,0.0,0.3333333333333333,2015.0,unknown,flat,avito,"москва, новомосковский административный округ, р-н внуково, дп. кокошкино, ул. ленина, 12",unknown
4370000.0,55.470831,37.703308,27.5,0.0,0.9411764705882353,2022.0,unknown,flat,avito,"московская обл., г.о. домодедово, с. домодедово, высотная ул., 11",unknown
6550000.0,55.699497,37.023759,33.7,0.0,0.7058823529411765,2016.0,unknown,flat,avito,"московская обл., одинцовский г.о., пос. горки-10, 33к1",unknown
3400000.0,55.628606,38.118716,20.0,0.0,0.3333333333333333,2019.0,unknown,flat,avito,"московская обл., раменский муниципальный округ, пгт. ильинский, коммунистическая ул., 77а",unknown
4200000.0,55.596081,37.883366,24.1,0.0,1.0,2025.0,unknown,flat,avito,"московская обл., лыткарино, 6-й мкр-н, 15д",unknown
5465825.0,55.97054,37.89149,31.1,0.0,0.08,,new_building,flat,avito,"ул. заводская, стр. 1",жк «новая ивантеевка»
4702500.0,55.45219,37.54058,27.5,0.0,0.6470588235294118,,new_building,flat,avito,"ул. садовая, д. 14",жк «красная горка»
4586085.0,55.9703,37.88963,29.5,0.0,0.72,,new_building,flat,avito,"ул. заводская, стр. 1, 2",жк «новая ивантеевка»
9500000.0,55.50873947,37.34046173,30.0,0.0,1.0,2022.0,unknown,flat,avito,"москва, новомосковский административный округ, поселение десеновское, ул. яворки, 1к6",unknown
4485000.0,55.60343,37.99066,25.0,0.0,0.4117647058823529,,new_building,flat,avito,"ул. баулинская, стр. 15",жк «новые островцы»
5801250.0,56.00657,37.86003,30.7,0.0,0.9130434782608695,,unknown,flat,avito,"ул. надсоновская, жилой дом",жк «триумф»
5791645.0,55.60775,37.97552,32.0,0.0,0.8125,,unknown,flat,avito,"ул. новая, д. 5а",жк октябрьский
8600000.0,55.907178,37.726295,32.6,0.0,0.4,2024.0,unknown,flat,avito,"московская обл., мытищи, новомытищинский пр-т, 62к1",unknown
6824688.0,55.82056,37.21042,29.3,0.0,0.8571428571428571,,new_building,flat,avito,"ул. береговая, стр. 1.1",жк «аникеевский»
9998000.0,55.55337524,37.46435547,20.0,0.0,0.6666666666666666,2020.0,unknown,flat,avito,"москва, новомосковский административный округ, р-н коммунарка, ул. василия ощепкова, 2",unknown
5150000.0,55.65139771,37.11941147,26.8,0.0,0.8,2023.0,unknown,flat,avito,"московская обл., одинцовский г.о., с. перхушково, мкр-н равновесие, 9",unknown
4432008.0,55.60343,37.99066,25.9,0.0,0.9411764705882353,,new_building,flat,avito,"ул. баулинская, стр. 15",жк «новые островцы»
6823960.0,55.52237,37.61232,28.6,0.0,0.76,,new_building,flat,avito,"с/п булатниковское, д. боброво, мкр. «боброво», корп. 55",восточное бутово
5500000.0,55.531692,37.061946,27.0,0.0,1.0,,unknown,flat,avito,"московская обл., наро-фоминский г.о., апрелевка, жасминовая ул., 4",unknown
5037552.0,55.97054,37.89149,30.4,0.0,0.96,,new_building,flat,avito,"ул. заводская, стр. 1",жк «новая ивантеевка»
2550000.0,55.90206146,36.85785675,21.0,0.0,1.0,,unknown,flat,avito,"московская обл., истра, мкр-н южный, южный пр., 1",unknown
4404400.0,55.45219,37.54058,28.6,0.0,0.5882352941176471,,new_building,flat,avito,"ул. садовая, д. 14",жк «красная горка»
8318270.0,55.65533,37.87162,29.3,0.0,0.25,,new_building,flat,avito,"яничкин пр-д, з/у 6/11",белая дача парк
6753000.0,55.67782,37.90226,32.3,0.0,0.7619047619047619,,new_building,apartments,avito,"ул. волковская , д. 67",волковская 67
4799000.0,55.601142,37.170822,24.8,0.0,0.4444444444444444,2015.0,unknown,flat,avito,"москва, новомосковский административный округ, р-н внуково, дп. кокошкино, ул. ленина, 12",unknown
6451215.0,55.95205,37.46823,22.9,0.0,0.23529411764705882,,new_building,flat,avito,"ул. олимпийская, корп. 5",жк «квартал ивакино»
8317920.0,55.91023,37.76251,20.8,0.0,0.16666666666666666,,new_building,flat,avito,"ул. колонцова, стр. 15",яуза парк
5800000.0,55.72142294204026,37.9765241622875,22.5,0.0,0.9,2018.0,unknown,flat,avito,"московская обл., балашиха, ул. бояринова, 9",unknown
5995000.0,55.739772,38.037139,24.5,0.0,1.0,2024.0,unknown,flat,avito,"московская обл., балашиха, безымянная ул., 16",unknown
7985156.0,55.90924,37.78615,28.9,0.0,0.96,,new_building,flat,avito,"ярославское ш., стр. 2.2",ярославский квартал
5509427.0,55.97307,37.86944,38.5,0.0,0.5,,unknown,flat,avito,"с. тарасовка, мкр. пушкарь, корп. 2",жк «пушкарь»
5016132.0,55.978367,37.090585,28.7,0.0,0.35294117647058826,2023.0,unknown,flat,avito,"московская обл., г.о. солнечногорск, пгт. голубое, парковый б-р, 3к2",unknown
5800000.0,55.73968506,38.03981781,22.2,0.0,0.29411764705882354,2023.0,new_building,flat,avito,"московская обл., балашиха, безымянная ул., 14",unknown
4435200.0,55.45219,37.54058,28.8,0.0,0.8235294117647058,,new_building,flat,avito,"ул. садовая, д. 14",жк «красная горка»
5026600.0,55.67782,37.90226,21.2,0.0,0.7142857142857143,,new_building,apartments,avito,"ул. волковская , д. 67",волковская 67
6500000.0,55.97886949394029,37.131568839015664,27.0,0.0,0.17647058823529413,2021.0,unknown,flat,avito,"московская обл., г.о. солнечногорск, рп. андреевка, клубная ул., 38а",unknown
6238296.0,55.95205,37.46823,22.9,0.0,0.23529411764705882,,new_building,flat,avito,"ул. олимпийская, корп. 5",жк «квартал ивакино»
5650000.0,55.7406421032649,38.032600830712376,24.3,0.0,0.058823529411764705,2019.0,unknown,flat,avito,"московская обл., балашиха, мкр-н саввино, ул. калинина, 20",unknown
6456312.0,55.8074,37.31868,24.4,0.0,0.36,,new_building,flat,avito,"туп. ильинский, стр. 3",жк «ильинойс»
7299328.0,55.94798,37.76817,22.8,0.0,0.5555555555555556,,new_building,flat,avito,"жилой комплекс мытищи парк, к6",жк «мытищи парк»
5707871.0,55.83522,37.95231,26.9,0.0,0.2,,unknown,flat,avito,"мкр. №39, ул. трубецкая, корп. 1, вл. 2б",жк «пехра»
5799999.0,55.82756,37.907998,33.6,0.0,0.2,2008.0,unknown,flat,avito,"московская обл., балашиха, мкр-н гагарина, 6",unknown
4435200.0,55.45219,37.54058,28.8,0.0,0.29411764705882354,,new_building,flat,avito,"ул. садовая, д. 14",жк «красная горка»
3689549.0,55.97289,37.87044,25.1,0.0,0.5,,unknown,flat,avito,"с. тарасовка, мкр. пушкарь, корп. 3",жк «пушкарь»
3700000.0,55.57073593,38.27112198,23.0,0.0,1.0,2023.0,unknown,flat,avito,"московская обл., раменский муниципальный округ, раменское, ул. березовая роща, 5",unknown
7306591.0,55.90929,37.78694,23.7,0.0,0.96,,new_building,flat,avito,"ярославское ш., стр. 2.4",ярославский квартал
5000000.0,55.902493,38.15549,43.0,0.0,0.375,,unknown,flat,avito,"московская обл., г.о. лосино-петровский, рп. свердловский, березовая ул., 8",unknown
3600000.0,55.90269089,37.34264374,18.0,0.0,0.6,1973.0,unknown,apartments,avito,"московская обл., химки, мкр-н новогорск, 12",unknown
6500000.0,55.67989349,37.91087341,27.9,0.0,0.6363636363636364,2023.0,new_building,apartments,avito,"московская обл., люберцы, солнечная ул., 2",unknown
6441190.0,55.52428,37.61537,20.3,0.0,0.6470588235294118,,new_building,flat,avito,"с/п булатниковское, д. боброво, мкр. «боброво», корп. 47",восточное бутово
4358781.0,55.91986,37.42938,27.1,0.0,1.0,,new_building,apartments,avito,"вашутинское ш. , клубный дом «новое вашутино»",клубный дом «новое вашутино»
4568113.0,55.41058,37.83473,29.1,0.0,0.5,,unknown,flat,avito,"ул. жуковского, стр. 1",жк «космос»
5508571.0,55.82087,37.21002,24.1,0.0,0.5714285714285714,,new_building,flat,avito,"ул. береговая, стр. 1.2",жк «аникеевский»
5823500.0,56.00657,37.86003,30.7,0.0,0.8695652173913043,,unknown,flat,avito,"ул. надсоновская, жилой дом",жк «триумф»
7957842.0,55.6935,37.32846,24.3,0.0,0.6470588235294118,,new_building,apartments,avito,"ул. чистяковой, д. 8, стр. 2",гостиничный комплекс «‎аметист»
5950000.0,55.945483,37.766522,23.2,0.0,1.0,2022.0,new_building,flat,avito,"московская обл., мытищи, ул. стрельбище динамо, 10",unknown
6313900.0,56.00657,37.86003,30.7,0.0,0.782608695652174,,unknown,flat,avito,"ул. надсоновская, жилой дом",жк «триумф»
10000000.0,55.678011,37.865184,23.2,0.0,0.32,2021.0,unknown,flat,avito,"московская обл., люберцы, мкр-н городок б, жилой комплекс жулебино парк, 4.2",unknown
6390701.0,55.95205,37.46823,22.9,0.0,0.8823529411764706,,new_building,flat,avito,"ул. олимпийская, корп. 5",жк «квартал ивакино»
6700000.0,55.62136459,37.94144058,25.7,0.0,0.7222222222222222,2024.0,new_building,flat,avito,"московская обл., г.о. люберцы, пгт. мирный, ул. академика северина, 14",unknown
6329500.0,55.67782,37.90226,24.8,0.0,0.9047619047619048,,new_building,apartments,avito,"ул. волковская , д. 67",волковская 67
5250000.0,55.936479,37.976656,30.0,0.0,0.1875,2015.0,unknown,flat,avito,"московская обл., щелково, мкр-н богородский, 1",unknown
3690000.0,55.81375776400829,38.11109776190186,24.0,0.0,0.3333333333333333,2018.0,unknown,flat,avito,"московская обл., богородский г.о., д. новая купавна, 5",unknown
5990000.0,55.53110504,37.63721848,22.1,0.0,0.2222222222222222,2020.0,unknown,flat,avito,"московская обл., ленинский г.о., пгт. лопатино, сухановская ул., 22",unknown
3400000.0,55.96193314,38.04250336,24.5,0.0,,,unknown,apartments,avito,"московская обл., фрязино, вокзальная ул., 19",unknown
3990000.0,55.91442792961522,38.1072921908235,28.0,0.0,0.5714285714285714,,unknown,flat,avito,"московская обл., г.о. лосино-петровский, пгт. биокомбината, 1к1",unknown
4642190.0,55.41058,37.83473,29.1,0.0,0.75,,new_building,flat,avito,"ул. жуковского, стр. 1",жк «космос»
11350000.0,55.59608459,37.43193436,20.4,0.0,0.8235294117647058,2025.0,unknown,flat,avito,"москва, новомосковский административный округ, р-н коммунарка, ул. лобановский лес, 7",unknown
3982000.0,55.74777222,38.02100754,18.1,0.0,0.8571428571428571,2026.0,unknown,flat,avito,"московская обл., балашиха, мкр-н железнодорожный, новая ул., 22б",unknown
7600000.0,55.473505,37.53066,22.0,0.0,0.8888888888888888,2025.0,unknown,flat,avito,"москва, новомосковский административный округ, р-н щербинка, ул. уточкина, 2к2",unknown
6389306.0,55.95205,37.46823,22.9,0.0,0.47058823529411764,,new_building,flat,avito,"ул. олимпийская, корп. 5",жк «квартал ивакино»
4885936.0,55.60343,37.99066,28.4,0.0,0.7058823529411765,,new_building,flat,avito,"ул. баулинская, стр. 15",жк «новые островцы»
5100000.0,55.86500168,38.19231415,30.0,0.0,0.7647058823529411,2021.0,unknown,flat,avito,"московская обл., лосино-петровский, ул. пушкина, 8",unknown
8472860.0,55.91095,37.76193,20.9,0.0,0.6666666666666666,,new_building,flat,avito,"ул. колонцова, стр. 13",яуза парк
5087385.0,56.00122,37.88741,19.7,0.0,0.2857142857142857,2026.0,unknown,flat,avito,"ул. зеленая роща, стр. 5",жк «публицист»
11800000.0,55.59469223,37.4275589,22.8,0.0,0.3125,,unknown,flat,avito,"москва, новомосковский административный округ, р-н коммунарка, ул. лобановский лес, 11",unknown
3900000.0,55.569311,38.239404,18.6,0.0,0.4,1965.0,unknown,flat,avito,"московская обл., раменский г.о., раменское, ул. гурьева, 15к2",unknown
5500000.0,55.39680862,37.76910782,28.8,0.0,0.5882352941176471,,unknown,flat,avito,"московская обл., домодедово, ул. курыжова, 32",unknown
5000000.0,55.39642334,37.76727676,24.5,0.0,1.0,2017.0,unknown,flat,avito,"московская обл., домодедово, ул. курыжова, 30",unknown
3704249.0,55.97289,37.87044,25.2,0.0,0.5,,unknown,flat,avito,"с. тарасовка, мкр. пушкарь, корп. 3",жк «пушкарь»
6422613.0,56.06263,37.35811,31.5,0.0,0.8,,unknown,flat,avito,"проезд 2-ой восточный, д. 2",жк «зеленый оазис-город»
5283200.0,55.65212,37.9301,22.9,0.0,0.17647058823529413,,unknown,flat,avito,"мкр. птицефабрика, стр. 7",жк «новотомилино»
7500000.0,55.59803391,37.77154541,25.9,0.0,0.3333333333333333,2024.0,unknown,flat,avito,"московская обл., ленинский г.о., пос. развилка, римский пр., 15",unknown
3350000.0,55.51698685,36.98334503,20.0,0.0,0.6,2014.0,unknown,flat,avito,"московская обл., наро-фоминский г.о., рп. селятино, спортивная ул., 5/1",unknown
4479664.0,55.60343,37.99066,25.9,0.0,0.7058823529411765,,new_building,flat,avito,"ул. баулинская, стр. 15",жк «новые островцы»
5436430.0,55.60775,37.97552,30.0,0.0,0.625,,unknown,flat,avito,"ул. новая, д. 5а",жк октябрьский
6500000.0,55.92059708,38.01721573,31.3,0.0,0.5294117647058824,2025.0,unknown,flat,avito,"московская обл., щелково, мкр-н соболевка, жилой комплекс соболевка, 11",unknown
12000000.0,55.71352768,37.38058853,41.0,0.0,0.9166666666666666,,unknown,apartments,avito,"московская обл., одинцовский г.о., рп. новоивановское, овражная ул., 47а",unknown
4450600.0,55.45219,37.54058,28.9,0.0,0.11764705882352941,,new_building,flat,avito,"ул. садовая, д. 14",жк «красная горка»
6823960.0,55.52237,37.61232,28.6,0.0,0.24,,new_building,flat,avito,"с/п булатниковское, д. боброво, мкр. «боброво», корп. 55",восточное бутово
3300000.0,55.819899,38.161296,21.5,0.0,1.0,2010.0,new_building,flat,avito,"московская обл., богородский г.о., старая купавна, ул. чудинки, 21",unknown
4700000.0,55.97986221,37.10160828,26.0,0.0,0.6666666666666666,2017.0,unknown,flat,avito,"московская обл., г.о. солнечногорск, д. голубое, трехсвятская ул., 18",unknown
9800000.0,55.713527,37.380588,42.0,0.0,0.5,2018.0,unknown,apartments,avito,"московская обл., одинцовский г.о., пгт. новоивановское, овражная ул., 47а",unknown
4624425.0,55.41058,37.83473,29.3,0.0,0.5833333333333334,,unknown,flat,avito,"ул. жуковского, стр. 1",жк «космос»
12500000.0,55.55501,37.49703,24.2,0.0,0.25,,new_building,flat,avito,"ул. эдварда грига, з/у 14б, д. 37.2",жк «скандинавия»
8300000.0,55.657789,37.274551,25.2,0.0,0.84,2024.0,new_building,flat,avito,"московская обл., одинцовский г.о., одинцово, березовая ул., 4к2",unknown
4651200.0,55.45219,37.54058,27.2,0.0,0.7647058823529411,,new_building,flat,avito,"ул. садовая, д. 14",жк «красная горка»
6650000.0,55.775955,37.243523,23.0,0.0,0.6666666666666666,2018.0,unknown,flat,avito,"московская обл., г.о. красногорск, пос. ильинское-усово, заповедная ул., 4",unknown
7424790.0,55.95205,37.46823,22.9,0.0,0.11764705882352941,,new_building,flat,avito,"ул. олимпийская, корп. 5",жк «квартал ивакино»
6566100.0,55.65212,37.9301,21.5,0.0,0.4117647058823529,,unknown,flat,avito,"мкр. птицефабрика, стр. 7",жк «новотомилино»
10000000.0,55.671798,37.855428,27.0,0.0,0.43333333333333335,2017.0,unknown,flat,avito,"московская обл., котельники, сосновая ул., 1к2",unknown
7000000.0,55.54130173,37.08084869,29.8,0.0,0.07142857142857142,2010.0,unknown,flat,avito,"московская обл., наро-фоминский г.о., апрелевка, ул. островского, 36",unknown
5300000.0,55.39681,37.769109,28.8,0.0,0.35294117647058826,2017.0,unknown,flat,avito,"московская обл., домодедово, ул. курыжова, 32",unknown
8200000.0,55.56942368,37.28602219,19.9,0.0,0.7777777777777778,2023.0,unknown,flat,avito,"москва, ул. усадебный парк, 3",unknown
4609550.0,55.41058,37.83473,29.0,0.0,0.6666666666666666,,unknown,flat,avito,"ул. жуковского, стр. 1",жк «космос»
8500000.0,55.713689,37.380965,41.8,0.0,1.0,2018.0,unknown,apartments,avito,"московская обл., одинцовский г.о., пгт. новоивановское, овражная ул., 47а",unknown
6166553.0,55.94965,37.76714,22.7,0.0,0.3333333333333333,,new_building,flat,avito,"жилой комплекс мытищи парк, к5",жк «мытищи парк»
6627755.0,55.6397,37.85316,28.9,0.0,0.2857142857142857,,new_building,flat,avito,"мкр. «новые котельники», д. 20",квартал «русич новые котельники»
5812581.0,55.94798,37.76817,22.8,0.0,0.2,,new_building,flat,avito,"жилой комплекс мытищи парк, к6",жк «мытищи парк»
5800000.0,55.74280112732008,38.0371856986072,19.8,0.0,0.8823529411764706,2020.0,unknown,flat,avito,"московская обл., балашиха, безымянная ул., 4",unknown
5100000.0,55.975405,37.098903,23.5,0.0,0.7647058823529411,2018.0,unknown,flat,avito,"московская обл., г.о. солнечногорск, пгт. голубое, трехсвятская ул., 6",unknown
4815038.0,55.41058,37.83473,29.1,0.0,1.0,,unknown,flat,avito,"ул. жуковского, стр. 1",жк «космос»
9700000.0,55.67393875,37.8571167,21.5,0.0,0.12121212121212122,,new_building,flat,avito,"московская обл., котельники, сосновая ул., 5к1",unknown
4435200.0,55.45219,37.54058,28.8,0.0,0.35294117647058826,,new_building,flat,avito,"ул. садовая, д. 14",жк «красная горка»
5500000.0,55.556782,37.816136,23.0,0.0,0.7058823529411765,2018.0,unknown,flat,avito,"московская обл., ленинский г.о., пгт. мисайлово, мкр-н пригород лесное, пригородное ш., 10",unknown
6999999.0,55.70366632821479,37.20684042842531,27.0,0.0,0.8888888888888888,2025.0,unknown,flat,avito,"московская обл., одинцовский г.о., с. лайково, мкр-н город-событие, 61",unknown
6564500.0,55.65324,37.92783,24.0,0.0,0.11764705882352941,,unknown,flat,avito,"мкр. птицефабрика, стр. 6",жк «новотомилино»
6375000.0,56.00657,37.86003,30.7,0.0,0.9565217391304348,,unknown,flat,avito,"ул. надсоновская, жилой дом",жк «триумф»
6084400.0,55.60123,38.08486,29.4,0.0,0.9444444444444444,,new_building,flat,avito,"ул. гудкова, стр. 2",жк «гранд комфорт»
4250000.0,55.72206497,36.87322998,24.4,0.0,0.6,2024.0,unknown,flat,avito,"московская обл., одинцовский г.о., звенигород, мкр-н восточный, 3-й мкр-н, 10",unknown
5237442.0,55.97054,37.89149,29.5,0.0,0.96,,new_building,flat,avito,"ул. заводская, стр. 1",жк «новая ивантеевка»
5500000.0,55.53463364,37.63986969,23.0,0.0,0.1111111111111111,2017.0,unknown,flat,avito,"московская обл., ленинский г.о., рп. лопатино, сухановская ул., 7",unknown
5148764.0,55.97054,37.89149,30.2,0.0,0.5,,new_building,flat,avito,"ул. заводская, стр. 2, 3",жк «новая ивантеевка»
2830000.0,55.579785,39.541584,26.0,0.0,0.4444444444444444,2022.0,unknown,flat,avito,"московская обл., шатура, ул. радченко, 12",unknown
6021700.0,55.65212,37.9301,22.4,0.0,0.11764705882352941,,unknown,flat,avito,"мкр. птицефабрика, стр. 7",жк «новотомилино»
6142500.0,55.65324,37.92783,21.9,0.0,0.35294117647058826,,unknown,flat,avito,"мкр. птицефабрика, стр. 6",жк «новотомилино»
6420756.0,56.06263,37.35811,31.5,0.0,1.0,,unknown,flat,avito,"проезд 2-ой восточный, д. 2",жк «зеленый оазис-город»
5800000.0,55.473153,37.69728,25.6,0.0,0.47058823529411764,2023.0,unknown,flat,avito,"московская обл., домодедово, ул. современников, 6",unknown
8376060.0,55.65533,37.87162,29.4,0.0,0.29411764705882354,,new_building,flat,avito,"яничкин пр-д, з/у 6/11",белая дача парк
5700000.0,55.53348541,37.63985062,19.0,0.0,0.9,2018.0,unknown,flat,avito,"московская обл., ленинский г.о., пгт. лопатино, сухановская ул., 13",unknown
5500000.0,55.94874954,37.2582016,23.5,0.0,0.3333333333333333,,unknown,flat,avito,"московская обл., г.о. химки, д. подолино, мкр-н фирсановка лайф, 3",unknown
4435200.0,55.45219,37.54058,28.8,0.0,0.7058823529411765,,new_building,flat,avito,"ул. садовая, д. 14",жк «красная горка»
6437400.0,55.65212,37.9301,26.4,0.0,0.35294117647058826,,unknown,flat,avito,"мкр. птицефабрика, стр. 7",жк «новотомилино»
6990000.0,55.877036,37.389077,27.0,0.0,0.88,2018.0,new_building,flat,avito,"московская обл., г.о. красногорск, д. путилково, сходненская ул., 17",unknown
8786208.0,55.66378,37.85264,19.9,0.0,0.72,,unknown,flat,avito,"микрорайон белая дача, д. 30",кузьминский лес
1850000.0,55.66244314833804,39.85733018861637,30.3,0.0,1.0,1963.0,unknown,flat,avito,"московская обл., муниципальный округ шатура, рошаль, спортивная ул., 1/32",unknown
8122867.0,55.65533,37.87162,29.4,0.0,0.5882352941176471,,new_building,flat,avito,"яничкин пр-д, з/у 6/11",белая дача парк
5624113.0,55.97982,37.89803,30.6,0.0,0.375,,new_building,flat,avito,"ул. первомайская, стр. 1",жк «западная ивантеевка»
5400000.0,55.599494,37.988325,23.0,0.0,0.5294117647058824,2021.0,unknown,flat,avito,"московская обл., раменский г.о., д. островцы, ул. летчика волчкова, 1",unknown
6247627.0,55.95205,37.46823,22.9,0.0,0.11764705882352941,,new_building,flat,avito,"ул. олимпийская, корп. 5",жк «квартал ивакино»
5934974.0,55.67782,37.90226,20.5,0.0,0.6190476190476191,,new_building,apartments,avito,"ул. волковская , д. 67",волковская 67
4416000.0,55.60343,37.99066,25.0,0.0,0.7647058823529411,,new_building,flat,avito,"ул. баулинская, стр. 15",жк «новые островцы»
5750000.0,55.97646569647665,37.91183428045651,30.7,0.0,0.5882352941176471,2014.0,unknown,flat,avito,"московская обл., г.о. пушкинский, ивантеевка, студенческий пр., 3",unknown
14734880.0,55.61627,37.41894,29.6,0.0,0.08333333333333333,,new_building,flat,avito,"коммунарка, ул. саларьевская, з/у 17",саларьево парк
7447147.0,55.68102,37.3019,28.1,0.0,0.24,2027.0,unknown,flat,avito,"мкр. 6-6а, д. 23",жк «одинцово сити»
2400000.0,55.767248946732366,38.65683647185426,23.6,0.0,0.8,1973.0,unknown,flat,avito,"московская обл., павлово-посадский г.о., павловский посад, южная ул., 16а",unknown
5950000.0,55.448398,37.245643,35.0,0.0,1.0,2013.0,unknown,flat,avito,"москва, троицкий административный округ, краснопахорский р-н, с. былово, кп былово, радужная ул., 2",unknown
4500000.0,55.49513245,37.55445862,18.0,0.0,0.22727272727272727,,unknown,flat,avito,"москва, новомосковский административный округ, поселение щербинка, щербинка, квартал южный, 5",unknown
6600000.0,55.710367,37.35733,28.3,0.0,0.75,2015.0,unknown,flat,avito,"московская обл., одинцовский г.о., с. немчиновка, рублевский пр., 21",unknown
5100000.0,55.80529022,38.17218399,29.9,0.0,0.47058823529411764,2020.0,unknown,flat,avito,"московская обл., богородский г.о., старая купавна, октябрьская ул., 14а",unknown
5942000.0,56.04893,37.86542,29.7,0.0,0.125,,new_building,flat,avito,"городской округ пушкинский, стр. 5",жилой квартал пушкино град
8500000.0,55.550891,37.320886,27.4,0.0,0.2,2020.0,new_building,flat,avito,"москва, новомосковский административный округ, филимонковский р-н, ул. харлампиева, 30к2",unknown
5400000.0,55.835392,37.95277,21.1,0.0,0.8888888888888888,2025.0,unknown,flat,avito,"московская обл., балашиха, ул. яганова, 1",unknown
7150000.0,55.92311,37.77916,28.6,0.0,0.23809523809523808,,unknown,flat,avito,"мкр. 36, 36а, 37, стр. 5",жк «отрадный»
6200000.0,55.47160339,37.70106125,33.0,0.0,0.8823529411764706,2022.0,unknown,flat,avito,"московская обл., г.о. домодедово, с. домодедово, высотная ул., 9",unknown
5500000.0,55.941869,37.25989,24.5,0.0,0.5,2017.0,unknown,flat,avito,"московская обл., г.о. химки, д. подолино, мкр-н велтон парк новая сходня, беговая ул., 12",unknown
4599000.0,55.70281601,36.86577225,34.9,0.0,1.0,2008.0,unknown,apartments,avito,"московская обл., одинцовский г.о., звенигород, мкр-н южный, радужная ул., 20",unknown
5150000.0,55.396524,37.772918,24.5,0.0,0.11764705882352941,,unknown,flat,avito,"московская обл., домодедово, мкр-н южный, ул. курыжова, 16",unknown
6800000.0,55.924093,37.718229,23.0,0.0,0.4,2023.0,unknown,apartments,avito,"московская обл., мытищи, ул. колпакова, с44",unknown
7813598.0,55.6389,37.94504,22.5,0.0,1.0,,new_building,flat,avito,"пгт жилино-1, кв-л 3, д. 1",жк «егорово парк»
9819577.0,56.06153,37.35931,51.2,0.0,0.2,,unknown,flat,avito,"проезд 3-ий восточный, д. 2",жк «зеленый оазис-город»
4938239.0,55.9012,37.25493,22.3,0.0,1.0,,new_building,flat,avito,"д. юрлово, д. 6",жк «большое юрлово»
5850000.0,55.937031,37.974457,30.0,0.0,0.7058823529411765,2021.0,unknown,flat,avito,"московская обл., щелково, мкр-н финский, 2",unknown
5700000.0,55.83679199,37.93919754,26.3,0.0,0.25,2021.0,unknown,flat,avito,"московская обл., балашиха, ул. лукино, 53а",unknown
5147100.0,55.97054,37.89149,31.5,0.0,0.5,,new_building,flat,avito,"ул. заводская, стр. 2, 3",жк «новая ивантеевка»
5371000.0,55.65212,37.9301,22.4,0.0,0.7058823529411765,,unknown,flat,avito,"мкр. птицефабрика, стр. 7",жк «новотомилино»
7857842.0,55.6935,37.32846,24.3,0.0,0.11764705882352941,,unknown,apartments,avito,"ул. чистяковой, д. 8, стр. 2",гостиничный комплекс «‎аметист»
6500000.0,55.47201,37.699418,31.0,0.0,1.0,2023.0,unknown,flat,avito,"московская обл., г.о. домодедово, с. домодедово, высотная ул., 8",unknown
7690000.0,55.80780411,37.31765366,26.3,0.0,0.32,2025.0,unknown,flat,avito,"московская обл., красногорск, александровская ул., 3",unknown
6521002.0,55.8074,37.31868,24.3,0.0,0.88,,new_building,flat,avito,"туп. ильинский, стр. 3",жк «ильинойс»
7759961.0,55.66275,37.86706,21.4,0.0,0.92,,new_building,flat,avito,"ул. новая, д. 1-10, корп. 5а",томилинский бульвар
9100000.0,55.67882919,37.23461914,28.0,0.0,0.4,,unknown,flat,avito,"московская обл., одинцовский г.о., одинцово, мкр-н клубничное поле, 2",unknown
3500000.0,55.88641247451314,37.754391067901565,17.2,0.0,1.0,1951.0,unknown,flat,avito,"московская обл., мытищи, мкр-н дружба",unknown
5471200.0,55.65212,37.9301,22.9,0.0,0.47058823529411764,,unknown,flat,avito,"мкр. птицефабрика, стр. 7",жк «новотомилино»
4479664.0,55.60343,37.99066,25.9,0.0,0.6470588235294118,,new_building,flat,avito,"ул. баулинская, стр. 15",жк «новые островцы»
6546466.0,55.83522,37.95231,32.0,0.0,0.28,,unknown,flat,avito,"мкр. №39, ул. трубецкая, корп. 1, вл. 2б",жк «пехра»
6500000.0,55.555255,37.809983,21.2,0.0,0.11764705882352941,2024.0,unknown,flat,avito,"московская обл., ленинский г.о., пгт. мисайлово, мкр-н пригород лесное, пригородное ш., 22",unknown
4702500.0,55.45219,37.54058,27.5,0.0,0.7058823529411765,,new_building,flat,avito,"ул. садовая, д. 14",жк «красная горка»
13100000.0,55.91933,37.73686,28.8,0.0,0.76,,new_building,flat,avito,"ул. комарова/институтская , стр. 1",жк «страна.парковая»
7300000.0,55.69358063,37.32905197,25.0,0.0,0.625,,new_building,apartments,avito,"московская обл., одинцовский г.о., одинцово, ул. чистяковой, 8к2",unknown
6928992.0,55.49872,37.74091,22.4,0.0,0.8888888888888888,,new_building,flat,avito,"московская область, городской округ домодедово, село ям, жилой комплекс прибрежный парк, 10.2",жк «прибрежный парк»
2200000.0,55.467483003327246,38.376701706778064,25.7,0.0,1.0,2015.0,unknown,flat,avito,"московская обл., г.о. воскресенск, д. ворщиково, кп радоград",unknown
9500000.0,55.6057,37.47393,20.7,0.0,0.6111111111111112,,unknown,flat,avito,"квартал 24, земельный участок 1а",жк «1-й ясеневский»
4500000.0,55.454274,37.283345,22.3,0.0,0.2,2024.0,unknown,flat,avito,"москва, троицкий административный округ, р-н троицк, троицк, ул. академика дыхне, 18",unknown
2550000.0,55.66287448826983,37.97694454365535,28.6,0.0,0.058823529411764705,,unknown,apartments,avito,"московская обл., г.о. люберцы, пгт. красково, 2-я заводская ул., 20/1",unknown
2700000.0,55.902692,37.342643,13.0,0.0,0.2,,unknown,apartments,avito,"московская обл., химки, мкр-н новогорск, 12",unknown
4480000.0,56.369561,37.543111,23.9,0.0,0.7142857142857143,2025.0,unknown,flat,avito,"московская обл., дмитровский муниципальный округ, дмитров, спасская ул., 24",unknown
5700000.0,55.802305,38.459123,31.0,0.0,0.6666666666666666,2015.0,unknown,flat,avito,"московская обл., электросталь, ул. захарченко, 5",unknown
6500000.0,55.640548,37.946562,33.3,0.0,1.0,,unknown,flat,avito,"московская обл., г.о. люберцы, пос. жилино-1, 1-й квартал, 10",unknown
5200000.0,55.957761,37.683859,23.1,0.0,0.75,,unknown,flat,avito,"московская обл., мытищи, тенистый б-р, 19",unknown
4912492.0,56.00717,37.87459,30.1,0.0,0.5882352941176471,,new_building,flat,avito,"ш. ярославское, д. 194",жк «серебро»
8300000.0,55.679788,37.292176,27.5,0.0,0.72,2021.0,unknown,flat,avito,"московская обл., одинцовский г.о., одинцово, вокзальная ул., 31",unknown
6098700.0,55.53376,37.7175,22.4,0.0,0.5714285714285714,,unknown,flat,avito,"с. ермолино, корп. 1.5",жк «видный берег 2»
7800000.0,55.679453,37.235088,25.0,0.0,0.44,2022.0,unknown,flat,avito,"московская обл., одинцовский г.о., одинцово, мкр-н клубничное поле, 1",unknown
7400000.0,55.835655,37.270059,26.0,0.0,0.56,2014.0,unknown,flat,avito,"московская обл., красногорск, ул. игоря мерлушкина, 4",unknown
7163640.0,55.90924,37.78615,20.1,0.0,0.72,,new_building,flat,avito,"ярославское ш., стр. 2.2",ярославский квартал
5500000.0,55.3875909641275,37.7789383902129,27.8,0.0,0.9411764705882353,2017.0,unknown,flat,avito,"московская обл., домодедово, жилой комплекс город счастья, донская ул., 5",unknown
4500000.0,55.45383,37.285402,22.0,0.0,0.2,2024.0,unknown,flat,avito,"москва, троицкий административный округ, р-н троицк, троицк, ул. академика дыхне, 16",unknown
6337700.0,55.67782,37.90226,24.4,0.0,0.2857142857142857,,new_building,apartments,avito,"ул. волковская , д. 67",волковская 67
11000000.0,55.91472244,37.40908051,30.0,0.0,1.0,,unknown,flat,avito,"московская обл., химки, ул. германа титова, 3к2",unknown
5400000.0,55.83216476,37.95617294,21.0,0.0,0.48,2023.0,unknown,flat,avito,"московская обл., балашиха, ул. яганова, 12",unknown
5600000.0,55.557312,37.809417,23.0,0.0,0.23529411764705882,,unknown,flat,avito,"московская обл., ленинский г.о., пгт. мисайлово, пригородное ш., 3",unknown
7422960.0,55.95205,37.46823,27.8,0.0,0.8235294117647058,,new_building,flat,avito,"ул. олимпийская, корп. 5",жк «квартал ивакино»
6450000.0,55.59017944,37.36788559,22.4,0.0,0.6666666666666666,2020.0,unknown,apartments,avito,"москва, новомосковский административный округ, поселение московский, московский, солнечная ул., 3а",unknown
4500000.0,55.8626442,38.04643631,29.4,0.0,0.8,2017.0,unknown,flat,avito,"московская обл., г.о. щелково, д. большие жеребцы, мкр-н восточный, 1к7",unknown
7950000.0,55.707618,37.956363,26.0,0.0,1.0,2015.0,unknown,flat,avito,"московская обл., люберцы, мкр-н зенино жк самолет, ул. барыкина, 4",unknown
6186800.0,55.67782,37.90226,29.1,0.0,0.7619047619047619,,new_building,apartments,avito,"ул. волковская , д. 67",волковская 67
6450000.0,55.94478,37.76733,20.0,0.0,0.5882352941176471,,unknown,flat,avito,"московская область, мытищи, жилой комплекс мытищи парк, к3",жк «мытищи парк»
4599563.0,55.41058,37.83473,29.3,0.0,0.5,,new_building,flat,avito,"ул. жуковского, стр. 1",жк «космос»
8403200.0,55.91023,37.76251,20.8,0.0,0.75,,new_building,flat,avito,"ул. колонцова, стр. 15",яуза парк
4989160.0,55.41057,37.8319,29.0,0.0,0.6666666666666666,,new_building,flat,avito,"ул. жуковского, стр. 1",жк «космос»
4624425.0,55.41058,37.83473,29.3,0.0,0.5833333333333334,,new_building,flat,avito,"ул. жуковского, стр. 1",жк «космос»
6073675.0,55.60775,37.97552,33.7,0.0,0.6875,,unknown,flat,avito,"ул. новая, д. 5а",жк октябрьский
10500000.0,55.6057,37.47393,21.7,0.0,0.375,,unknown,flat,avito,"квартал 24, земельный участок 1а",жк «1-й ясеневский»
4416000.0,55.60343,37.99066,25.0,0.0,0.9411764705882353,,new_building,flat,avito,"ул. баулинская, стр. 15",жк «новые островцы»
8400000.0,55.95383,37.48707,32.2,0.0,0.8333333333333334,,new_building,flat,avito,"ул. заводская, д. 2",жк «бригантина»
9200000.0,55.816541,37.342266,23.6,0.0,0.3333333333333333,2019.0,unknown,flat,avito,"московская обл., красногорск, большая воскресенская ул., 1",unknown
5800000.0,55.59746552,37.88310623,34.6,0.0,0.8823529411764706,2024.0,unknown,flat,avito,"московская обл., лыткарино, 6-й мкр-н, 15в",unknown
4949000.0,55.544351,37.151059,24.5,0.0,0.1111111111111111,2018.0,unknown,flat,avito,"москва, новомосковский административный округ, филимонковский р-н, д. ивановское, ул. семена гордого, 8",unknown
5260000.0,55.38750458,37.77893829,27.0,0.0,0.4117647058823529,2017.0,unknown,flat,avito,"московская обл., домодедово, жилой комплекс город счастья, донская ул., 5",unknown
12764745.0,55.86521,37.33057,20.1,0.0,0.2,,new_building,flat,avito,"пос. отрадное, ул. знаменская, стр. 26/4",жк «левел лесной»
6500000.0,55.592678,37.750218,27.3,0.0,0.7647058823529411,2024.0,unknown,flat,avito,"московская обл., ленинский г.о., пос. развилка, 13",unknown
7900000.0,55.51722,37.3833,24.8,0.0,0.2857142857142857,,unknown,flat,avito,"п. десеновское, квартал № 61., корп. 6",район «новые ватутинки»
3990000.0,55.91505886023121,38.11041035736367,28.0,0.0,0.5714285714285714,2020.0,unknown,flat,avito,"московская обл., г.о. лосино-петровский, пгт. биокомбината, 6б",unknown
5990000.0,55.558015,37.815426,25.0,0.0,0.23529411764705882,2018.0,unknown,flat,avito,"московская обл., ленинский г.о., д. мисайлово, молодежный б-р, 10",unknown
3599000.0,55.51604843,37.5630722,14.4,0.0,0.5,2021.0,unknown,apartments,avito,"москва, новомосковский административный округ, поселение щербинка, щербинка, бутовский тупик, 5",unknown
4651200.0,55.45219,37.54058,27.2,0.0,0.6470588235294118,,new_building,flat,avito,"ул. садовая, д. 14",жк «красная горка»
5636605.0,55.60775,37.97552,32.0,0.0,0.75,,unknown,flat,avito,"ул. новая, д. 5а",жк октябрьский
4500000.0,55.960205,37.84746,26.0,0.0,0.3333333333333333,2017.0,unknown,flat,avito,"московская обл., г.о. пушкинский, с. тарасовка, рябиновая ул., 30",unknown
4855955.0,55.97054,37.89149,28.6,0.0,1.0,,new_building,flat,avito,"ул. заводская, стр. 2, 3",жк «новая ивантеевка»
4290000.0,55.56930923,38.23940277,18.1,0.0,0.4,,unknown,flat,avito,"московская обл., раменский муниципальный округ, раменское, ул. гурьева, 15к2",unknown
5733530.0,55.97982,37.89803,29.0,0.0,0.7083333333333334,,new_building,flat,avito,"ул. первомайская, стр. 1",жк «западная ивантеевка»
9400383.0,55.59133,37.48273,21.8,0.0,0.5555555555555556,,new_building,flat,avito,"п. сосенское, пос. газопровод, стр.",жк «форевиль»
8498560.0,55.66275,37.86706,22.4,0.0,0.68,,new_building,flat,avito,"ул. новая, д. 1-10, корп. 5а",томилинский бульвар
5670300.0,55.67782,37.90226,21.1,0.0,0.7142857142857143,,new_building,apartments,avito,"ул. волковская , д. 67",волковская 67
7957842.0,55.6935,37.32846,24.3,0.0,0.6470588235294118,,new_building,apartments,avito,"ул. чистяковой, д. 8, стр. 2",гостиничный комплекс «‎аметист»
5194603.0,55.97307,37.86944,36.3,0.0,0.5,,unknown,flat,avito,"с. тарасовка, мкр. пушкарь, корп. 2",жк «пушкарь»
7044275.0,55.95205,37.46823,26.3,0.0,0.35294117647058826,,new_building,flat,avito,"ул. олимпийская, корп. 5",жк «квартал ивакино»
4285000.0,55.91920471,38.01208496,28.0,0.0,0.18181818181818182,2022.0,unknown,flat,avito,"московская обл., щелково, мкр-н соболевка, 25",unknown
5550000.0,55.942045,37.838567,30.5,0.0,0.2,1958.0,unknown,flat,avito,"московская обл., королев, ул. к.д. трофимова, 7",unknown
5746186.0,55.97982,37.89803,30.6,0.0,0.7083333333333334,,new_building,flat,avito,"ул. первомайская, стр. 1",жк «западная ивантеевка»
5750000.0,55.958064,37.670519,22.2,0.0,0.7142857142857143,2023.0,new_building,flat,avito,"московская обл., мытищи, тенистый б-р, 3",unknown
5500000.0,55.585957,38.143069,21.0,0.0,0.8888888888888888,2023.0,new_building,flat,avito,"московская обл., раменский г.о., дп. кратово, ул. счетчикова, 29в",unknown
5850000.0,55.82385,37.93982,23.8,0.0,0.5833333333333334,,new_building,flat,avito,"московская область, балашиха, жилой комплекс квартал авиаторов, к4",жк «квартал авиаторов»
4700000.0,55.534372,37.642078,19.0,0.0,1.0,2017.0,unknown,flat,avito,"московская обл., ленинский г.о., пгт. лопатино, сухановская ул., 5",unknown
6350000.0,55.702769,37.206674,25.9,0.0,0.75,2025.0,unknown,flat,avito,"московская обл., одинцовский г.о., с. лайково, мкр-н город-событие, 59",unknown
1400000.0,55.40181,37.549184,12.0,0.0,1.0,,unknown,flat,avito,"московская обл., подольск, снт горсо-1, 32",unknown
3700000.0,55.684879,38.010621,18.0,0.0,0.6666666666666666,2013.0,unknown,flat,avito,"московская обл., г.о. люберцы, дп. красково, лесной тупик, 1к3",unknown
5200000.0,55.480414,37.596282,22.9,0.0,0.5,2025.0,unknown,flat,avito,"московская обл., г.о. подольск, д. борисовка, ул. рахманинова, 18",unknown
4300000.0,55.591915,38.247309,28.0,0.0,0.6875,2023.0,unknown,flat,avito,"московская обл., раменский г.о., раменское, семейная ул., 6",unknown
5000000.0,56.369561,37.543111,28.0,0.0,0.7142857142857143,2025.0,unknown,flat,avito,"московская обл., дмитровский муниципальный округ, дмитров, спасская ул., 24",unknown
4634100.0,55.45219,37.54058,27.1,0.0,0.7647058823529411,,new_building,flat,avito,"ул. садовая, д. 14",жк «красная горка»
7399000.0,55.80754006479156,37.31768153023904,24.3,0.0,0.28,2025.0,unknown,flat,avito,"московская обл., красногорск, александровская ул., 3",unknown
7287940.0,55.90929,37.78694,21.1,0.0,0.6,,new_building,flat,avito,"ярославское ш., стр. 2.4",ярославский квартал
9200000.0,55.521144,37.350261,24.1,0.0,0.875,2022.0,new_building,flat,avito,"москва, троицкий административный округ, р-н троицк, 3-я нововатутинская ул., 6",unknown
5000000.0,55.3977356,37.77112198,24.0,0.0,0.9411764705882353,2011.0,unknown,flat,avito,"московская обл., домодедово, ул. курыжова, 14",unknown
5000000.0,55.70059463363261,36.86963526291738,32.3,0.0,0.625,2008.0,unknown,flat,avito,"московская обл., одинцовский г.о., звенигород, мкр-н южный, радужная ул., 12",unknown
5066190.0,55.97054,37.89149,31.1,0.0,0.84,,new_building,flat,avito,"ул. заводская, стр. 1",жк «новая ивантеевка»
6400000.0,55.721564,37.974949,27.4,0.0,0.8571428571428571,2019.0,unknown,flat,avito,"московская обл., балашиха, косинское ш., 5/7",unknown
6499745.0,55.95205,37.46823,22.9,0.0,1.0,,new_building,flat,avito,"ул. олимпийская, корп. 5",жк «квартал ивакино»
6990000.0,55.693581,37.329051,22.6,0.0,0.8125,2025.0,unknown,apartments,avito,"московская обл., одинцовский г.о., одинцово, ул. чистяковой, 8с2",unknown
5520000.0,55.662512,37.915966,22.6,0.0,0.5,2024.0,new_building,apartments,avito,"московская обл., люберцы, октябрьский пр-т, 403к1",unknown
9499999.0,55.88979,37.719998,27.0,0.0,0.8823529411764706,2020.0,unknown,flat,avito,"московская обл., мытищи, 1-й трудовой пер., 4",unknown
9335100.0,55.56801,37.2929,29.0,0.0,0.25,,new_building,flat,avito,"пос. филимонковское, ул. оао марьинская птицефабрика, корп. 2.1.2",середневский лес
3700000.0,55.96021356706497,37.84743277666215,30.0,0.0,0.3333333333333333,2018.0,unknown,flat,avito,"московская обл., г.о. пушкинский, с. тарасовка, рябиновая ул., 30",unknown
3760000.0,55.698193,38.025955,24.6,0.0,1.0,2015.0,unknown,flat,avito,"московская обл., г.о. люберцы, д. мотяково, 66к18",unknown
10000000.0,55.96372604,37.52992249,33.0,0.0,0.782608695652174,2015.0,unknown,flat,avito,"московская обл., долгопрудный, старое дмитровское ш., 11",unknown
4462000.0,55.60343,37.99066,25.0,0.0,0.6470588235294118,,new_building,flat,avito,"ул. баулинская, стр. 15",жк «новые островцы»
5887935.0,55.97982,37.89803,31.6,0.0,0.16666666666666666,,new_building,flat,avito,"ул. первомайская, стр. 1",жк «западная ивантеевка»
6500000.0,55.53809655938765,37.62156248301636,19.8,0.0,0.4166666666666667,2023.0,unknown,flat,avito,"московская обл., ленинский г.о., пгт. боброво, лесная ул., 14",unknown
9500000.0,55.696392,37.322925,29.3,0.0,0.18518518518518517,2018.0,unknown,flat,avito,"московская обл., одинцовский г.о., одинцово, сколковская ул., 3а",unknown
5040048.0,56.00122,37.88741,19.7,0.0,0.14285714285714285,2026.0,unknown,flat,avito,"ул. зеленая роща, стр. 5",жк «публицист»
8574177.0,55.91628,37.84215,37.5,0.0,0.625,,new_building,flat,avito,"б-р октябрьский, стр. 1",жк «поколение первых»
5059454.0,56.00717,37.87459,30.5,0.0,0.7058823529411765,,new_building,flat,avito,"ш. ярославское, д. 194",жк «серебро»
7750000.0,55.49889519131204,37.52715774724872,26.8,0.0,0.5,2025.0,unknown,flat,avito,"москва, новомосковский административный округ, р-н щербинка, любучанская ул., 1",unknown
4674150.0,55.41058,37.83473,29.3,0.0,0.75,,unknown,flat,avito,"ул. жуковского, стр. 1",жк «космос»
4500000.0,55.354963,37.539455,32.1,0.0,0.47058823529411764,2023.0,new_building,flat,avito,"московская обл., подольск, мкр-н климовск, серпуховская ул., 3а",unknown
4485000.0,55.60343,37.99066,25.0,0.0,0.29411764705882354,,new_building,flat,avito,"ул. баулинская, стр. 15",жк «новые островцы»
8680380.0,55.91095,37.76193,19.9,0.0,0.4666666666666667,,new_building,flat,avito,"ул. колонцова, стр. 13",яуза парк
5750000.0,56.04893,37.86542,28.8,0.0,0.125,,new_building,flat,avito,"городской округ пушкинский, стр. 5",жилой квартал пушкино град
5250000.0,55.83646011,37.93948364,23.5,0.0,0.5,2020.0,unknown,flat,avito,"московская обл., балашиха, ул. лукино, 53а",unknown
5185076.0,56.00612,37.8749,27.9,0.0,0.5882352941176471,,new_building,flat,avito,"ш. ярославское, д. 194, корп. 1",жк «серебро»
7300000.0,55.699928,37.964565,25.8,0.0,0.9411764705882353,2023.0,new_building,flat,avito,"московская обл., люберцы, мкр-н зенино жк самолет, озерная ул., 2",unknown
4900000.0,55.805548,38.081157,29.0,0.0,0.4444444444444444,2014.0,unknown,flat,avito,"московская обл., богородский г.о., д. щемилово, ул. орлова, 10",unknown
7400000.0,55.565448,37.68288,23.3,0.0,0.2,2025.0,unknown,flat,avito,"московская обл., ленинский г.о., пос. ленинский, садовый б-р, 4",unknown
7553768.0,55.8074,37.31868,24.4,0.0,0.28,,new_building,flat,avito,"туп. ильинский, стр. 3",жк «ильинойс»
7304000.0,55.90929,37.78694,20.0,0.0,0.52,,new_building,flat,avito,"ярославское ш., стр. 2.4",ярославский квартал
2999999.0,55.93241119,37.9319191,15.0,0.0,0.3333333333333333,2011.0,unknown,flat,avito,"московская обл., г.о. щелково, пос. краснознаменский, ул. льва толстого, 24к1",unknown
5814000.0,56.04893,37.86542,29.1,0.0,0.125,,new_building,flat,avito,"городской округ пушкинский, стр. 5",жилой квартал пушкино град
7256485.0,55.95205,37.46823,27.8,0.0,0.23529411764705882,,new_building,flat,avito,"ул. олимпийская, корп. 5",жк «квартал ивакино»
6434700.0,55.65324,37.92783,23.3,0.0,0.7058823529411765,,unknown,flat,avito,"мкр. птицефабрика, стр. 6",жк «новотомилино»
6526362.0,55.8074,37.31868,24.4,0.0,0.72,,new_building,flat,avito,"туп. ильинский, стр. 3",жк «ильинойс»
7850000.0,55.78432465,37.85205078,23.4,0.0,0.6,2020.0,new_building,flat,avito,"московская обл., балашиха, реутовская ул., 11",unknown
7620800.0,55.60775,37.97552,32.0,0.0,0.5625,,unknown,flat,avito,"ул. новая, д. 5а",жк октябрьский
6500000.0,55.47981644,37.59918213,28.5,0.0,0.14285714285714285,2023.0,unknown,flat,avito,"московская обл., г.о. подольск, д. борисовка, ул. рахманинова, 14",unknown
9700000.0,55.81347656,37.36288071,27.0,0.0,0.6428571428571429,2017.0,unknown,flat,avito,"московская обл., красногорск, авангардная ул., 5",unknown
11985000.0,55.91933,37.73686,31.4,0.0,0.48,,new_building,flat,avito,"ул. комарова/институтская , стр. 1",жк «страна.парковая»
7150000.0,55.92311,37.77916,28.6,0.0,0.72,,unknown,flat,avito,"мкр. 36, 36а, 37, стр. 5",жк «отрадный»
4693000.0,55.661973,37.914268,36.1,0.0,1.0,1957.0,unknown,apartments,avito,"московская обл., люберцы, октябрьский пр-т, 403",unknown
6424470.0,55.83323,37.95319,32.0,0.0,0.2,,new_building,flat,avito,"ул. трубецкая, стр. 8",жк «пехра»
5900000.0,55.676397,37.998602,27.0,0.0,0.29411764705882354,2018.0,unknown,flat,avito,"московская обл., г.о. люберцы, пгт. красково, ул. лорха, 15/2",unknown
5268165.0,55.81002,38.42934,31.3,0.0,0.375,,unknown,flat,avito,"ш. ногинское, стр. 4",жк «северный квартал»
8300000.0,55.94659227724558,37.483533506607,25.1,0.0,0.7391304347826086,2021.0,new_building,flat,avito,"московская обл., долгопрудный, парковая ул., 54",unknown
3650000.0,56.099516,38.116263,24.0,0.0,1.0,2017.0,unknown,flat,avito,"московская обл., г.о. пушкинский, красноармейск, ул. морозова, 16",unknown
8143608.0,55.9996,37.8887,26.2,0.0,0.8666666666666667,2026.0,unknown,flat,avito,"ул. зеленая роща, стр. 7",жк «публицист»
11500000.0,55.589234,37.444198,22.5,0.0,0.4166666666666667,2022.0,unknown,flat,avito,"москва, новомосковский административный округ, поселение сосенское, ул. сальвадора дали, 1к3",unknown
9000000.0,55.71352768,37.38058853,38.0,0.0,0.5,,unknown,apartments,avito,"московская обл., одинцовский г.о., рп. новоивановское, овражная ул., 47а",unknown
6708200.0,55.65212,37.9301,21.7,0.0,0.7647058823529411,,unknown,flat,avito,"мкр. птицефабрика, стр. 7",жк «новотомилино»
4250000.0,55.558906,37.485206,24.2,0.0,0.3333333333333333,2013.0,unknown,flat,avito,"москва, новомосковский административный округ, р-н коммунарка, пос. коммунарка, снт березка-коммунарка-1, 41",unknown
5500000.0,55.833936,37.957037,22.5,0.0,0.058823529411764705,,unknown,flat,avito,"московская обл., балашиха, ул. яганова, 11",unknown
5990000.0,55.552363,37.721507,27.9,0.0,0.9473684210526315,,unknown,apartments,avito,"московская обл., ленинский г.о., видное, пр-т ленинского комсомола, 2к4",unknown
9849276.0,55.95205,37.46823,34.7,0.0,0.47058823529411764,,new_building,flat,avito,"ул. олимпийская, корп. 5",жк «квартал ивакино»
11500000.0,55.59483337,37.43067932,23.0,0.0,0.5,2024.0,unknown,flat,avito,"москва, новомосковский административный округ, р-н коммунарка, ул. лобановский лес, 9",unknown
7745040.0,55.91586,37.84074,31.2,0.0,0.7647058823529411,,new_building,flat,avito,"б-р октябрьский, стр. 3",жк «поколение первых»
4404400.0,55.45219,37.54058,28.6,0.0,0.7058823529411765,,new_building,flat,avito,"ул. садовая, д. 14",жк «красная горка»
7300000.0,55.89451,37.441898,29.0,0.0,0.8125,2006.0,unknown,apartments,avito,"московская обл., химки, ул. энгельса, 7/15",unknown
6836700.0,55.65212,37.9301,23.5,0.0,0.47058823529411764,,unknown,flat,avito,"мкр. птицефабрика, стр. 7",жк «новотомилино»
7500000.0,55.85385,37.187243,28.7,0.0,0.5,2017.0,unknown,flat,avito,"московская обл., г.о. красногорск, рп. нахабино, ул. королева, 13",unknown
5744959.0,55.97982,37.89803,30.7,0.0,0.5833333333333334,,new_building,flat,avito,"ул. первомайская, стр. 1",жк «западная ивантеевка»
8500000.0,55.47733307,37.52836227,26.6,0.0,0.5384615384615384,2021.0,unknown,flat,avito,"москва, рязановское ш., 31к2",unknown
6433700.0,55.65212,37.9301,21.2,0.0,0.17647058823529413,,unknown,flat,avito,"мкр. птицефабрика, стр. 7",жк «новотомилино»
6526362.0,55.8074,37.31868,24.4,0.0,0.92,,new_building,flat,avito,"туп. ильинский, стр. 3",жк «ильинойс»
5693869.0,55.97982,37.89803,30.6,0.0,0.5,,new_building,flat,avito,"ул. первомайская, стр. 1",жк «западная ивантеевка»
2650000.0,55.7963028,38.46022797,18.3,0.0,0.6,,unknown,apartments,avito,"московская обл., электросталь, трудовая ул., 39",unknown
8048544.0,55.65533,37.87162,29.0,0.0,0.7222222222222222,,new_building,flat,avito,"яничкин пр-д, з/у 6/11",белая дача парк
7400000.0,55.64222,37.853461,22.0,0.0,0.2,2024.0,unknown,flat,avito,"московская обл., котельники, мкр-н новые котельники, 17",unknown
7615297.0,55.95205,37.46823,22.9,0.0,0.8235294117647058,,new_building,flat,avito,"ул. олимпийская, корп. 5",жк «квартал ивакино»
6289700.0,55.67782,37.90226,25.2,0.0,0.14285714285714285,,new_building,apartments,avito,"ул. волковская , д. 67",волковская 67
7887500.0,55.91586,37.84074,31.6,0.0,0.29411764705882354,,new_building,flat,avito,"б-р октябрьский, стр. 3",жк «поколение первых»
4650000.0,55.835392,37.95277023,25.0,0.0,0.9615384615384616,,unknown,flat,avito,"московская обл., балашиха, ул. яганова, 1",unknown
6500000.0,55.53259331688699,37.721838962184194,30.0,0.0,0.29411764705882354,2016.0,unknown,flat,avito,"московская обл., ленинский г.о., д. сапроново, мкр-н купелинка, квартал северный, 19",unknown
6000000.0,55.52915728116856,37.72458757153448,17.5,0.0,0.29411764705882354,2025.0,unknown,flat,avito,"московская обл., ленинский г.о., д. сапроново, мкр-н купелинка, квартал центральный, 9",unknown
6008940.0,55.98278,37.90909,30.1,0.0,0.6086956521739131,,unknown,flat,avito,"ул. прокудина, д. 6",жк «‎дом на студенческом»
2990000.0,55.57978439,39.54158401,23.0,0.0,1.0,2022.0,unknown,flat,avito,"московская обл., шатура, ул. радченко, 12",unknown
6156500.0,55.67782,37.90226,24.3,0.0,0.47619047619047616,,new_building,apartments,avito,"ул. волковская , д. 67",волковская 67
4806750.0,55.41058,37.83473,29.0,0.0,1.0,,new_building,flat,avito,"ул. жуковского, стр. 1",жк «космос»
8900000.0,55.59856796,37.77042007,31.0,0.0,0.8125,2024.0,unknown,flat,avito,"московская обл., ленинский г.о., пос. развилка, римский пр., 7",unknown
6000000.0,55.55973,37.818921,26.7,0.0,0.47058823529411764,2020.0,unknown,flat,avito,"московская обл., ленинский г.о., пгт. мисайлово, молодежный б-р, 15",unknown
5250000.0,55.80280826204863,38.45575980177463,33.0,0.0,0.5882352941176471,2022.0,new_building,flat,avito,"московская обл., электросталь, ул. захарченко, 12",unknown
6200000.0,55.590414,37.367787,23.6,0.0,0.2222222222222222,2020.0,unknown,apartments,avito,"москва, новомосковский административный округ, филимонковский р-н, московский, солнечная ул., 3ас3",unknown
8466533.0,55.6935,37.32846,23.0,0.0,0.8823529411764706,,new_building,apartments,avito,"ул. чистяковой, д. 8, стр. 2",гостиничный комплекс «‎аметист»
5900000.0,55.53253937,37.64022827,19.5,0.0,0.3333333333333333,,unknown,flat,avito,"московская обл., ленинский г.о., рп. лопатино, сухановская ул., 19",unknown
4950000.0,55.544351,37.151059,24.5,0.0,0.1111111111111111,2018.0,unknown,flat,avito,"москва, новомосковский административный округ, филимонковский р-н, д. ивановское, ул. семена гордого, 8",unknown
7700000.0,55.766323166585735,37.24268451712848,23.5,0.0,0.75,2024.0,unknown,flat,avito,"московская обл., г.о. красногорск, д. глухово, романовская ул., 17",unknown
5950000.0,55.55973053,37.81892014,26.7,0.0,0.47058823529411764,2019.0,unknown,flat,avito,"московская обл., ленинский г.о., д. мисайлово, молодежный б-р, 15",unknown
5300000.0,55.80506134,38.1725235,29.0,0.0,0.47058823529411764,,unknown,flat,avito,"московская обл., богородский г.о., старая купавна, октябрьская ул., 14а",unknown
4750000.0,55.64222,37.853461,21.0,0.0,0.52,,unknown,flat,avito,"московская обл., котельники, мкр-н новые котельники, 17",unknown
5690000.0,55.91707611,37.85037231,31.1,0.0,0.9411764705882353,2021.0,unknown,apartments,avito,"московская обл., королев, октябрьский б-р, 26",unknown
5233264.0,55.81009,38.42991,31.5,0.0,0.6875,,unknown,flat,avito,"ш. ногинское, стр. 3",жк «северный квартал»
7262620.0,55.90929,37.78694,21.1,0.0,0.36,,new_building,flat,avito,"ярославское ш., стр. 2.4",ярославский квартал
7150000.0,55.92311,37.77916,28.6,0.0,0.2857142857142857,,unknown,flat,avito,"мкр. 36, 36а, 37, стр. 5",жк «отрадный»
4634200.0,55.41058,37.83473,29.0,0.0,0.75,,new_building,flat,avito,"ул. жуковского, стр. 1",жк «космос»
7400000.0,55.71084213,37.35875702,28.4,0.0,0.5,2015.0,unknown,flat,avito,"московская обл., одинцовский г.о., с. немчиновка, рублевский пр., 24",unknown
5375354.0,56.00612,37.8749,27.9,0.0,0.8235294117647058,,new_building,flat,avito,"ш. ярославское, д. 194, корп. 1",жк «серебро»
7811600.0,55.90929,37.78694,23.6,0.0,0.08,,new_building,flat,avito,"ярославское ш., стр. 2.4",ярославский квартал
4990000.0,56.3192215,36.76651001,32.8,0.0,0.7333333333333333,2017.0,unknown,flat,avito,"московская обл., клин, ул. чайковского, 105к1",unknown
2850000.0,55.694317,37.973826,15.0,0.0,0.6666666666666666,2000.0,unknown,flat,avito,"московская обл., г.о. люберцы, пгт. марусино, заречная ул., 3",unknown
6990000.0,55.81692123,37.20095062,25.0,0.0,0.6666666666666666,2024.0,unknown,flat,avito,"московская обл., г.о. красногорск, с. николо-урюпино, ул. сергея жадобкина, 1",unknown
11951850.0,55.61184,37.41669,21.5,0.0,0.8333333333333334,,new_building,flat,avito,"п. московский, кв-л 75, з/у 6",саларьево парк
6245070.0,55.97982,37.89803,31.7,0.0,0.7916666666666666,,new_building,flat,avito,"ул. первомайская, стр. 1",жк «западная ивантеевка»
5200000.0,55.74236976241226,36.85414795661967,25.0,0.0,0.3333333333333333,2018.0,unknown,flat,avito,"московская обл., одинцовский г.о., звенигород, нахабинское ш., 1к3",unknown
6407953.0,55.6397,37.85316,27.7,0.0,0.23529411764705882,,unknown,flat,avito,"мкр. «новые котельники», д. 20",квартал «русич новые котельники»
4100000.0,55.97046,37.89594,24.2,0.0,0.7647058823529411,2024.0,unknown,flat,avito,"московская обл., г.о. пушкинский, ивантеевка, заводская ул., 9а",unknown
8400000.0,55.562719,37.709838,36.8,0.0,0.25,2022.0,unknown,flat,avito,"московская обл., ленинский г.о., видное, дивный б-р, 15",unknown
4500000.0,55.7024730987558,36.87605637712571,24.5,0.0,0.125,2008.0,unknown,apartments,avito,"московская обл., одинцовский г.о., звенигород, квартал введенское, 1б",unknown
5550000.0,56.33314,38.155969,33.9,0.0,0.11764705882352941,,unknown,flat,avito,"московская обл., сергиево-посадский г.о., сергиев посад, пр-т красной армии, 251а",unknown
5817600.0,55.60116,38.08297,29.6,0.0,0.6111111111111112,,new_building,flat,avito,"ул. гудкова, стр. 3",жк «гранд комфорт»
4435200.0,55.45219,37.54058,28.8,0.0,0.5294117647058824,,new_building,flat,avito,"ул. садовая, д. 14",жк «красная горка»
4631360.0,55.9703,37.88963,28.2,0.0,0.4166666666666667,,new_building,flat,avito,"ул. заводская, стр. 3, 4",жк «новая ивантеевка»
7100000.0,55.59709167,37.98668289,40.3,0.0,0.92,2014.0,unknown,flat,avito,"московская обл., раменский г.о., д. островцы, подмосковная ул., 35",unknown
7650000.0,55.77336884,37.23615646,21.6,0.0,0.4444444444444444,2023.0,unknown,flat,avito,"московская обл., г.о. красногорск, пос. ильинское-усово, заповедная ул., 11",unknown
4400000.0,55.914045,38.1079,27.0,0.0,0.25,2019.0,unknown,flat,avito,"московская обл., г.о. лосино-петровский, пгт. биокомбината, 1к1",unknown
7951507.0,55.65533,37.87162,28.7,0.0,0.5294117647058824,,new_building,flat,avito,"яничкин пр-д, з/у 6/11",белая дача парк
4435200.0,55.45219,37.54058,28.8,0.0,0.23529411764705882,,new_building,flat,avito,"ул. садовая, д. 14",жк «красная горка»
5550000.0,55.92409515,37.71821976,21.9,0.0,0.5333333333333333,2023.0,new_building,apartments,avito,"московская обл., мытищи, ул. колпакова, 44",unknown
7999000.0,56.358612,37.533652,72.0,3.0,0.4444444444444444,1994.0,unknown,flat,avito,"московская обл., дмитровский муниципальный округ, дмитров, мкр-н имени в.н. махалина, 7",unknown
15700000.0,55.959228,37.440928,106.1,4.0,0.875,2013.0,new_building,flat,avito,"московская обл., химки, мкр-н клязьма-старбеево, квартал клязьма, набережный пр., 6",unknown
37624554.0,55.62172,37.12657,143.7,4.0,0.3,,new_building,flat,avito,"д. ликино, стр. 1",жк «мыс»
18000000.0,55.41091156,37.18310928,70.1,4.0,0.8,1979.0,unknown,flat,avito,"москва, троицкий административный округ, краснопахорский р-н, пос. шишкин лес, 20",unknown
5636400.0,55.69378,37.98153,24.4,0.0,0.25,,unknown,flat,avito,"пос. марусино, жилые дома",жк «горки марусино»
8826621.0,55.8822939,37.4135872,30.8,1.0,0.7857142857142857,2029.0,new_building,flat,cian,"московская область, химки, мкр. новые химки, лесная коллекция жилой комплекс, к1",unknown
14000000.0,55.7016689,37.3616025,38.9,1.0,0.5416666666666666,2021.0,resale,flat,cian,"московская область, одинцовский городской округ, новоивановское пгт, бул. эйнштейна, 3",unknown
6708042.0,55.9575449,37.6838719,32.7,1.0,0.15384615384615385,2027.0,new_building,flat,cian,"московская область, мытищи, мкр. 2, 3",unknown
6232429.0,55.8359331,37.9530941,31.06,1.0,0.08,2025.0,new_building,flat,cian,"московская область, балашиха, ул. яганова, 1",unknown
13000000.0,55.8139018,37.3387675,39.5,1.0,0.5769230769230769,2014.0,resale,flat,cian,"московская область, красногорск, мкр. павшино, вокзальная ул., 17а",unknown
7300000.0,55.7542215,37.8527028,28.0,1.0,0.6666666666666666,1960.0,resale,flat,cian,"московская область, реутов, мкр. северный реутов, новогиреевская ул., 7",unknown
9795629.0,55.6795242,37.2438944,37.3,1.0,0.75,2025.0,new_building,flat,cian,"московская область, одинцово, северная ул., 1",unknown
4200000.0,55.6419922,38.087025,38.0,1.0,0.6875,2016.0,resale,flat,cian,"московская область, раменский муниципальный округ, быково пгт, ул. щорса, 4а",unknown
4850000.0,55.8208145,37.9719007,20.7,1.0,0.8888888888888888,1984.0,resale,flat,cian,"московская область, балашиха, мкр. балашиха-2, ул. 40 лет победы, 9",unknown
7077551.0,55.8163553,37.2121257,34.68,1.0,0.14285714285714285,2027.0,new_building,flat,cian,"московская область, красногорск, мкр. опалиха, аникеевский жилой комплекс",unknown
8150000.0,55.768019,37.243939,25.3,1.0,1.0,2024.0,resale,flat,cian,"московская область, красногорск городской округ, глухово деревня, ул. романовская, 23",unknown
6800000.0,55.945665,37.769531,35.55,1.0,0.25,2026.0,new_building,flat,cian,"московская область, мытищи, мкр. 2, 3, ул. мира",unknown
6526338.0,55.83702437586082,37.92464395253702,36.82,1.0,0.8235294117647058,2027.0,new_building,flat,cian,"московская область, балашиха, ул. дмитриева, 11",unknown
10500000.0,55.7720166,37.2313628,35.6,1.0,0.6,2025.0,resale,flat,cian,"московская область, красногорск городской округ, ильинское-усово поселок, ул. заповедная, 22",unknown
7500000.0,55.8950619,37.4421641,29.0,1.0,0.7222222222222222,2006.0,resale,apartments,cian,"московская область, химки, мкр. старые химки, ул. энгельса, 7/15",unknown
8722845.0,55.651527,37.1246643,37.7,1.0,0.8333333333333334,2025.0,new_building,flat,cian,"московская область, одинцовский городской округ, перхушково село, равновесие микрорайон, 5",unknown
3730000.0,55.160416,37.4215229,30.0,1.0,0.4,1975.0,resale,flat,cian,"московская область, чехов, венюково микрорайон, ул. комсомольская, 8",unknown
8700000.0,55.7675841,37.2403983,32.0,1.0,0.75,2021.0,resale,flat,cian,"московская область, красногорск городской округ, глухово деревня, ул. романовская, 15",unknown
7909548.0,55.7256297,37.3272255,32.96,1.0,0.14285714285714285,2028.0,new_building,flat,cian,"московская область, одинцовский городской округ, притяжение сити жилой комплекс",unknown
7700000.0,55.8077794,37.8437648,35.0,1.0,1.0,1980.0,resale,flat,cian,"московская область, балашиха, мкр. 1 мая, 8",unknown
8900000.0,55.9108269,37.753644,32.1,1.0,0.2608695652173913,2027.0,new_building,flat,cian,"московская область, мытищи, яуза парк жилой комплекс, к9",unknown
10126935.0,55.8259129,37.1376998,36.1,1.0,0.6666666666666666,2027.0,new_building,flat,cian,"московская область, истра муниципальный округ, лобаново деревня, павлово 3 жилой комплекс, к3",unknown
5200000.0,56.1717573,36.9498788,31.0,1.0,0.6,1973.0,resale,flat,cian,"московская область, солнечногорск, пер. механизаторов, 3а",unknown
7300000.0,55.8968651,37.4146521,21.0,1.0,0.3333333333333333,1970.0,resale,flat,cian,"московская область, химки, мкр. новые химки, парковая ул., 8",unknown
7465920.0,55.9409479,37.8780239,35.2,1.0,0.25,2028.0,new_building,flat,cian,"московская область, королев, первомайский микрорайон, киноквартал жилой комплекс, к1",unknown
7500000.0,55.7252999,37.9797947,34.2,1.0,0.22727272727272727,2019.0,resale,flat,cian,"московская область, балашиха, мкр. новое павлино, ш. косинское, 1",unknown
9262736.0,55.8822939,37.4135872,30.1,1.0,0.07142857142857142,2029.0,new_building,flat,cian,"московская область, химки, мкр. новые химки, лесная коллекция жилой комплекс, к3",unknown
8386000.0,56.0785203,37.3781115,33.53,1.0,0.8,2027.0,new_building,flat,cian,"московская область, дмитровский муниципальный округ, озерецкое село, дружба квартал",unknown
7100000.0,55.9710274,37.7362615,37.8,1.0,0.5294117647058824,2021.0,resale,flat,cian,"московская область, мытищи городской округ, мебельной фабрики поселок, ул. заречная, 7",unknown
8847199.0,55.8058952,37.3227861,32.5,1.0,0.4,2028.0,new_building,flat,cian,"московская область, красногорск, ильинойс жилой комплекс",unknown
11344741.0,55.9530954,37.4883556,37.5,1.0,0.21739130434782608,2026.0,new_building,flat,cian,"московская область, долгопрудный, мкр. гранитный, бригантина жилой комплекс, к1",unknown
3700000.0,55.7749286,38.4457754,32.9,1.0,0.5555555555555556,1971.0,resale,flat,cian,"московская область, электросталь, ул. мира, 22",unknown
6700000.0,55.8326991,37.9254928,38.5,1.0,0.5,2014.0,resale,flat,cian,"московская область, балашиха, мкр. алексеевская роща, ул. дмитриева, 12",unknown
12108348.0,55.9188917,37.7591884,38.76,1.0,0.64,2026.0,new_building,flat,cian,"московская область, мытищи, мкр. 25, шараповский проезд, 4",unknown
6350000.0,56.0827682,37.0465428,38.0,1.0,0.7058823529411765,,resale,flat,cian,"московская область, солнечногорск городской округ, поварово пгт, № 1 микрорайон, к1",unknown
2950000.0,55.9577689,37.8608041,25.0,1.0,0.2,2015.0,resale,flat,cian,"московская область, пушкинский городской округ, лесные поляны поселок",unknown
4893350.0,55.8328069,38.2038546,34.35,1.0,0.2857142857142857,2027.0,new_building,flat,cian,"московская область, щелково городской округ, монино пгт, георгиевский микрорайон",unknown
2000000.0,55.0978207,38.8573677,30.9,1.0,0.5,1956.0,resale,flat,cian,"московская область, коломна городской округ, сергиевский поселок, ул. центральная, 31",unknown
7800000.0,55.8359331,37.9530941,32.0,1.0,1.0,2025.0,resale,flat,cian,"московская область, балашиха, ул. яганова, 1",unknown
7202772.0,55.5466391,37.6548489,37.17,1.0,0.875,2027.0,new_building,flat,cian,"московская область, ленинский городской округ, живописный жилой комплекс",unknown
3900000.0,56.2164059,37.029436,32.0,1.0,0.1111111111111111,1969.0,resale,flat,cian,"московская область, солнечногорск, комплексной застройки тимоново квартал, ул. подмосковная, 15",unknown
7750000.0,55.8359331,37.9530941,32.0,1.0,0.43478260869565216,2025.0,resale,flat,cian,"московская область, балашиха, ул. яганова, 1",unknown
16396152.0,55.6227266,37.1362553,47.29,1.0,0.4166666666666667,2028.0,new_building,flat,cian,"московская область, одинцовский городской округ, ликино деревня, жк мыс, к1",unknown
7900000.0,55.7547918,38.0560016,44.3,1.0,0.8666666666666667,2020.0,resale,flat,cian,"московская область, балашиха городской округ, федурново деревня, ул. авиарембаза, 11",unknown
5000000.0,55.9385445,37.7777565,30.3,1.0,0.8,1967.0,resale,flat,cian,"московская область, мытищи, мкр. олимпийский, силикатная ул., 37к2",unknown
7584000.0,55.3637229,37.5163733,47.4,1.0,0.11764705882352941,2025.0,new_building,flat,cian,"московская область, подольск, мкр. климовск, ул. советская, 18к2",unknown
4990000.0,55.3997315,37.7055137,50.0,1.0,1.0,,resale,apartments,cian,"московская область, домодедово городской округ, юсупово деревня, аллея сиреневая, 1ак1",unknown
7550000.0,55.8327103,37.956464,34.6,1.0,0.48,2024.0,resale,flat,cian,"московская область, балашиха, ул. яганова, 8",unknown
17246362.0,55.6845463,37.3944205,36.9,1.0,0.6666666666666666,2026.0,new_building,flat,cian,"московская область, одинцовский городской округ, заречье пгт, бул. мещерский",unknown
4700000.0,55.6774706,38.1733524,40.9,1.0,0.3333333333333333,2020.0,resale,flat,cian,"московская область, раменский муниципальный округ, строкино село, ул. 1-я солнечная, 3",unknown
6950000.0,55.9481599,37.5091198,38.6,1.0,0.1111111111111111,1984.0,resale,flat,cian,"московская область, долгопрудный, просп. пацаева, 5",unknown
6935123.0,55.4267372,37.4907836,43.81,1.0,0.375,2029.0,new_building,flat,cian,"московская область, подольск, мкр. юбилейный, красногвардейский бул., 33а",unknown
1990000.0,55.6628706,39.8509836,30.6,1.0,0.6,1968.0,resale,flat,cian,"московская область, рошаль, ул. свердлова, 20/26",unknown
8963000.0,55.8354577,37.2770666,34.6,1.0,0.48,2013.0,resale,flat,cian,"московская область, красногорск, бул. космонавтов, 7",unknown
12032317.0,55.6227266,37.1362553,38.72,1.0,0.16666666666666666,2029.0,new_building,flat,cian,"московская область, одинцовский городской округ, ликино деревня, жк мыс",unknown
7600000.0,55.4237372,37.482807,36.6,1.0,0.75,2027.0,new_building,flat,cian,"московская область, подольск городской округ, дубровицы клаб жилой комплекс",unknown
4700000.0,55.8865262,38.7737843,40.9,1.0,0.3,2008.0,resale,flat,cian,"московская область, павлово-посадский городской округ, электрогорск, ул. ухтомского, 9",unknown
4500000.0,55.6034583,38.1056077,30.0,1.0,1.0,1963.0,resale,flat,cian,"московская область, жуковский, мкр. мясищева, ул. гагарина, 17/1",unknown
4200000.0,56.1852513,37.0216842,34.3,1.0,1.0,1963.0,resale,flat,cian,"московская область, солнечногорск городской округ, сенеж поселок, 1",unknown
8652531.0,55.3878997,36.7447356,49.14,1.0,0.8235294117647058,2027.0,new_building,flat,cian,"московская область, наро-фоминск, ул. курзенкова, 12",unknown
7000000.0,55.3947616,37.7717421,36.5,1.0,1.0,2016.0,resale,flat,cian,"московская область, домодедово, южный микрорайон, ул. курыжова, 28к1",unknown
8150000.0,55.5571784,37.8060708,34.0,1.0,0.8235294117647058,2023.0,resale,flat,cian,"московская область, ленинский городской округ, мисайлово пгт, пригород лесное микрорайон, ш. пригородное, 12",unknown
5025890.0,55.8353019,38.2081597,35.29,1.0,0.14285714285714285,2027.0,new_building,flat,cian,"московская область, щелково городской округ, монино пгт, ул. генерала ковачевича",unknown
6300000.0,55.6292397,37.0106926,31.1,1.0,0.2,1982.0,resale,flat,cian,"московская область, одинцовский городской округ, большие вяземы пгт, школьный поселок, 10",unknown
3900000.0,56.1844167,36.9804173,31.5,1.0,1.0,1961.0,resale,flat,cian,"московская область, солнечногорск, советская ул., 12",unknown
8473476.0,55.4267372,37.4907836,55.82,1.0,0.625,2029.0,new_building,flat,cian,"московская область, подольск, мкр. юбилейный, красногвардейский бул., 33а",unknown
5950000.0,55.8431839,37.9773853,41.8,1.0,0.55,2023.0,resale,flat,cian,"московская область, балашиха, ул. чистопольская, 24",unknown
9900000.0,55.7677166,37.2171524,34.4,1.0,0.7,2027.0,new_building,flat,cian,"московская область, красногорск городской округ, ильинское-усово поселок, ильинские луга жилой комплекс, 3.6",unknown
6168000.0,55.8328069,38.2038546,38.0,1.0,0.2857142857142857,2024.0,new_building,flat,cian,"московская область, щелково городской округ, монино пгт, ул. генерала ковачевича, 10к2",unknown
6490000.0,55.5739209,37.8986895,40.1,1.0,0.38461538461538464,2007.0,resale,flat,cian,"московская область, лыткарино, набережная ул., 3",unknown
7000000.0,55.4715484,37.7041823,37.8,1.0,0.42105263157894735,2019.0,resale,flat,cian,"московская область, домодедово городской округ, домодедово село, бул. строителей, 3",unknown
12284624.0,55.38619,36.7422696,55.13,1.0,1.0,2025.0,new_building,flat,cian,"московская область, наро-фоминск, ул. володарского, 10",unknown
12500000.0,55.671798,37.855427,32.6,1.0,0.9411764705882353,2018.0,resale,flat,cian,"московская область, котельники, ул. сосновая, 1к2",unknown
12000000.0,55.5985852,37.7702531,44.1,1.0,0.8,2024.0,resale,flat,cian,"московская область, ленинский городской округ, развилка поселок, проезд римский, 15",unknown
15352190.0,55.8822939,37.4135872,40.0,1.0,0.4642857142857143,2029.0,new_building,flat,cian,"московская область, химки, мкр. новые химки, лесная коллекция жилой комплекс, к5",unknown
3999000.0,55.8021898,38.4642995,33.0,1.0,0.3333333333333333,1959.0,resale,flat,cian,"московская область, электросталь, мкр. восточный, ул. корнеева, 23",unknown
6200000.0,56.1673474,36.9544561,41.6,1.0,0.6666666666666666,2014.0,resale,flat,cian,"московская область, солнечногорск, спортивная ул., 12",unknown
14112099.0,55.6227266,37.1362553,47.35,1.0,0.7272727272727273,2029.0,new_building,flat,cian,"московская область, одинцовский городской округ, ликино деревня, жк мыс",unknown
9999999.0,55.7508238,37.9928222,45.0,1.0,0.6470588235294118,2008.0,resale,flat,cian,"московская область, балашиха, мкр. железнодорожный (ольгино), ольгино микрорайон, ул. главная, 1",unknown
9900000.0,55.9126444,37.8273067,41.7,1.0,0.3888888888888889,2014.0,resale,flat,cian,"московская область, королев, мкр. подлипки, пионерская ул., 30к9",unknown
15217969.0,55.8822939,37.4135872,40.5,1.0,0.4642857142857143,2029.0,new_building,flat,cian,"московская область, химки, мкр. новые химки, лесная коллекция жилой комплекс, к5",unknown
5000000.0,55.8094162,38.0961175,32.0,1.0,0.2,1983.0,resale,flat,cian,"московская область, богородский городской округ, зеленый поселок, 1",unknown
13099900.0,55.7999822,37.3770144,45.0,1.0,0.5,2026.0,new_building,apartments,cian,"московская область, красногорск, спутник жилой комплекс, 19",unknown
19552027.0,55.6227266,37.1362553,63.35,1.0,0.16666666666666666,2028.0,new_building,flat,cian,"московская область, одинцовский городской округ, ликино деревня, жк мыс, к1",unknown
8500000.0,55.9357109,37.5191662,34.4,1.0,1.0,1959.0,resale,flat,cian,"московская область, долгопрудный, мкр. старый город, первомайская ул., 17",unknown
8929784.0,56.0057011,37.8097386,41.85,1.0,0.8823529411764706,2025.0,new_building,flat,cian,"московская область, пушкино, мкр. мамонтовка, школьная ул., 28ак1",unknown
8900000.0,55.818048,37.3407577,27.3,1.0,0.32,2025.0,resale,flat,cian,"московская область, красногорск, мкр. сгш, ул. большая воскресенская, 5",unknown
9245412.0,56.005511,37.8090057,42.16,1.0,0.8235294117647058,2025.0,new_building,flat,cian,"московская область, пушкино, мкр. мамонтовка, школьная ул., 28а",unknown
6500000.0,55.7459346,38.004791,29.7,1.0,0.3333333333333333,1992.0,resale,flat,cian,"московская область, балашиха, мкр. железнодорожный, ул. маяковского, 2",unknown
9270167.0,55.3878997,36.7447356,47.48,1.0,0.23529411764705882,2027.0,new_building,flat,cian,"московская область, наро-фоминск, ул. курзенкова, 12",unknown
6000000.0,55.5957487,38.1354343,32.6,1.0,0.4444444444444444,1977.0,resale,flat,cian,"московская область, жуковский, ул. семашко, 8к1",unknown
15215000.0,55.38619,36.7422696,68.36,1.0,1.0,2025.0,new_building,flat,cian,"московская область, наро-фоминск, ул. володарского, 10",unknown
7500000.0,55.9434116,37.8400354,41.4,1.0,0.12,2016.0,resale,flat,cian,"московская область, королев, мкр. текстильщик, ул. тарасовская, 25",unknown
8337740.0,56.04813,37.5472938,41.16,1.0,0.5,2026.0,new_building,flat,cian,"московская область, мытищи городской округ, шолохово деревня, шолохово жилой комплекс, к14",unknown
7200000.0,55.578052,38.2011798,38.4,1.0,0.21052631578947367,2014.0,resale,flat,cian,"московская область, раменское, р-н западный, мкр. 5-й, ул. чугунова, 41",unknown
8818040.0,55.3878997,36.7447356,45.89,1.0,0.11764705882352941,2027.0,new_building,flat,cian,"московская область, наро-фоминск, ул. курзенкова, 12",unknown
12300000.0,55.7020127,37.3640461,30.6,1.0,0.13333333333333333,2021.0,resale,share,cian,"московская область, одинцовский городской округ, новоивановское пгт, бул. эйнштейна, 4",unknown
7800000.0,55.5338573,37.6453934,40.0,1.0,0.6666666666666666,2017.0,resale,flat,cian,"московская область, ленинский городской округ, лопатино пгт, бул. солнечный, 9",unknown
7982188.0,56.04813,37.5472938,40.93,1.0,0.25,2026.0,new_building,flat,cian,"московская область, мытищи городской округ, шолохово деревня, шолохово жилой комплекс, к15",unknown
5400000.0,55.4571915,38.4396947,33.3,1.0,0.2,1994.0,resale,flat,cian,"московская область, воскресенский район, белоозерский пгт, юбилейная ул., 11",unknown
5081665.0,55.93734,38.0348795,28.4,1.0,0.4117647058823529,2024.0,new_building,flat,cian,"московская область, щелково, ул. механизаторов, 1а",unknown
8144360.0,55.9409479,37.8780239,41.3,1.0,0.25,2027.0,new_building,flat,cian,"московская область, королев, первомайский микрорайон, старые горки дп",unknown
9500000.0,55.784508,37.8503649,36.0,1.0,0.4666666666666667,2020.0,resale,flat,cian,"московская область, балашиха, ул. реутовская, 12",unknown
10730000.0,55.9244686,37.7304545,43.3,1.0,0.7058823529411765,2025.0,new_building,flat,cian,"московская область, мытищи, ул. разведчика абеля, 7к1",unknown
8549000.0,55.7071469,37.9633943,33.0,1.0,0.9444444444444444,2016.0,resale,flat,cian,"московская область, люберцы, мкр. люберцы 2015 2018, зенино жк самолет микрорайон, ул. вертолетная, 14к1",unknown
10500000.0,55.8675864,37.387054,42.7,1.0,0.5384615384615384,2021.0,resale,flat,cian,"московская область, красногорск городской округ, путилково пгт, ул. просторная, 10",unknown
4528000.0,55.6354711,37.0192175,28.3,1.0,0.3333333333333333,2027.0,new_building,flat,cian,"московская область, одинцовский городской округ, большие вяземы пгт, ул. городок-17, вл23с18",unknown
9099999.0,55.9633356,37.668246,38.0,1.0,0.4,2017.0,resale,flat,cian,"московская область, мытищи, осташковское ш., 22к3",unknown
7900000.0,55.945665,37.769531,30.7,1.0,0.16666666666666666,2023.0,resale,flat,cian,"московская область, мытищи, мкр. олимпийский, пер. 1-й стрелковый, 3",unknown
12483548.0,55.8259129,37.1376998,42.4,1.0,0.3333333333333333,2027.0,new_building,flat,cian,"московская область, истра муниципальный округ, лобаново деревня, павлово 3 жилой комплекс, к1",unknown
7157850.0,55.5889793,37.7526,40.1,1.0,0.1111111111111111,2024.0,resale,flat,cian,"московская область, ленинский городской округ, развилка поселок, 33б",unknown
8950000.0,55.7640247,37.8532946,38.1,1.0,0.3333333333333333,1971.0,resale,flat,cian,"московская область, реутов, мкр. северный реутов, ул. победы, 19а",unknown
5134272.0,56.2573024,37.9708564,33.0,1.0,0.8888888888888888,2024.0,new_building,flat,cian,"московская область, сергиево-посадский район, хотьково, ул. михеенко, 25к6",unknown
5813348.0,55.6397519,37.9468554,26.39,1.0,0.2222222222222222,2029.0,new_building,flat,cian,"московская область, люберцы городской округ, жилино-1 пгт, 2-й квартал, егорово парк жилой комплекс, к3.2",unknown
6670102.0,56.2541677,37.9728029,43.6,1.0,1.0,2024.0,new_building,flat,cian,"московская область, сергиево-посадский район, хотьково, ул. михеенко, 25к7",unknown
8500000.0,55.8696927,37.3956204,32.2,1.0,0.6666666666666666,2023.0,resale,flat,cian,"московская область, красногорск городской округ, путилково пгт, ул. вольная, 2",unknown
7920000.0,55.3637229,37.5163733,49.5,1.0,0.11764705882352941,2025.0,new_building,flat,cian,"московская область, подольск, мкр. климовск, ул. советская, 18к1",unknown
6550000.0,55.9546734,37.097338,32.2,1.0,0.3333333333333333,2019.0,resale,flat,cian,"московская область, солнечногорск городской округ, бакеево деревня, 14",unknown
7840000.0,55.3637229,37.5163733,49.0,1.0,0.7647058823529411,2025.0,new_building,flat,cian,"московская область, подольск, мкр. климовск, ул. советская, 18к1",unknown
11200000.0,55.6788291,37.2358498,31.4,1.0,0.08,2022.0,resale,flat,cian,"московская область, одинцово, микрорайон клубничное поле, 4",unknown
9650000.0,55.876743,37.3940284,33.4,1.0,0.28,2018.0,resale,flat,cian,"московская область, красногорск городской округ, путилково пгт, ул. сходненская, 13",unknown
12770000.0,55.9282793,37.7338869,48.6,1.0,1.0,2025.0,new_building,flat,cian,"московская область, мытищи, ул. разведчика абеля, 9к1",unknown
11241000.0,55.816628,37.364593,52.4,1.0,0.8,2007.0,resale,flat,cian,"московская область, красногорск, мкр. павшинская пойма, бул. красногорский, 7",unknown
8583565.0,56.001449,37.870134,43.4,1.0,0.21739130434782608,2026.0,new_building,flat,cian,"московская область, пушкино, 31-й квартал жилой комплекс",unknown
7500000.0,55.9519214,37.474118,33.2,1.0,0.75,2027.0,new_building,flat,cian,"московская область, химки, мкр. клязьма-старбеево, международный квартал, 1-й химкинский жилой комплекс, к1.3",unknown
12129000.0,56.0785203,37.3781115,48.11,1.0,0.4,2027.0,new_building,flat,cian,"московская область, дмитровский муниципальный округ, озерецкое село, дружба квартал",unknown
9949758.0,55.6512677,37.1214844,37.3,1.0,0.16666666666666666,2026.0,new_building,flat,cian,"московская область, одинцовский городской округ, перхушково село, равновесие микрорайон",unknown
8600000.0,55.5248046,37.5940758,32.0,1.0,0.7777777777777778,2018.0,resale,flat,cian,"московская область, ленинский городской округ, дрожжино пгт, ш. новое, 8",unknown
8589945.0,55.9409479,37.8780239,40.3,1.0,0.25,2028.0,new_building,flat,cian,"московская область, королев, первомайский микрорайон, киноквартал жилой комплекс, к1",unknown
6900000.0,55.8267745,37.9420837,32.3,1.0,0.6470588235294118,2026.0,resale,flat,cian,"московская область, балашиха, мкр. гагарина, ул. проектная, 4",unknown
9897831.0,55.8636491,37.1864596,37.9,1.0,0.125,2028.0,new_building,flat,cian,"московская область, красногорск городской округ, нахабино пгт",unknown
12500000.0,55.5308005,37.6201774,40.0,1.0,0.11764705882352941,2017.0,resale,flat,cian,"московская область, ленинский городской округ, боброво пгт, ул. лесная, 24к1",unknown
9000000.0,55.9566452,37.4502549,35.0,1.0,0.375,2023.0,resale,flat,cian,"московская область, химки, мкр. клязьма-старбеево, ул. генерала дьяконова, 4",unknown
10106756.0,55.8636491,37.1864596,38.7,1.0,0.125,2028.0,new_building,flat,cian,"московская область, красногорск городской округ, нахабино пгт",unknown
4920000.0,55.9814499,37.133113,28.0,1.0,0.6666666666666666,2022.0,resale,flat,cian,"московская область, солнечногорск городской округ, андреевка пгт, ул. жилинская",unknown
9800938.0,56.0070255,37.844861,43.7,1.0,0.8333333333333334,2026.0,new_building,flat,cian,"московская область, пушкино, мкр. центральный, писаревская ул.",unknown
15500000.0,55.68217964111807,37.40648875377883,37.5,1.0,0.2222222222222222,,resale,flat,cian,"московская область, одинцовский городской округ, заречье пгт, ул. торговая, 7",unknown
7950000.0,55.5510519,37.6942466,40.0,1.0,1.0,1993.0,resale,flat,cian,"московская область, видное, школьная ул., 85",unknown
6064154.0,55.9816844,37.9013894,32.9,1.0,0.9375,2026.0,new_building,flat,cian,"московская область, пушкинский городской округ, ивантеевка, западная ивантеевка жилой комплекс",unknown
9500000.0,55.876743,37.3940284,31.9,1.0,0.37037037037037035,2018.0,resale,flat,cian,"московская область, красногорск городской округ, путилково пгт, ул. сходненская, 13",unknown
5991597.0,55.971524,37.896407,41.9,1.0,0.32,2029.0,new_building,flat,cian,"московская область, пушкинский городской округ, ивантеевка, новая ивантеевка жилой комплекс",unknown
5400000.0,55.9285535,37.8007841,28.9,1.0,0.4,1968.0,resale,flat,cian,"московская область, королев, первомайская ул., 2",unknown
7467285.0,56.0053308,37.859455,38.0,1.0,0.84,2026.0,new_building,flat,cian,"московская область, пушкино, мкр. центральный, фабрикант жилой комплекс, 1",unknown
8100000.0,55.587402,37.7567864,42.0,1.0,0.5294117647058824,2024.0,resale,flat,cian,"московская область, ленинский городской округ, развилка поселок, 31в",unknown
7300000.0,55.8324039,37.9234301,43.5,1.0,0.8181818181818182,2014.0,resale,flat,cian,"московская область, балашиха, мкр. алексеевская роща, ул. дмитриева, 4",unknown
7499925.0,55.9808758,37.9101137,40.7,1.0,0.9565217391304348,2025.0,new_building,flat,cian,"московская область, пушкинский городской округ, ивантеевка, ул. прокудина, 6",unknown
6650000.0,56.130894,37.503055,36.1,1.0,0.17647058823529413,2014.0,resale,flat,cian,"московская область, дмитровский муниципальный округ, некрасовский пгт, строителей микрорайон, 40",unknown
5900000.0,55.9434116,37.8400354,33.5,1.0,0.8,1958.0,resale,flat,cian,"московская область, королев, мкр. юбилейный, ул. к.д. трофимова, 7",unknown
5000000.0,55.9103036,36.921357,34.0,1.0,0.5,2022.0,resale,flat,cian,"московская область, истра муниципальный округ, высоково деревня, малая истра жилой комплекс, 14",unknown
3400000.0,56.3413878,36.7455408,35.5,1.0,0.6,1992.0,resale,flat,cian,"московская область, клин, пролетарский проезд, 8",unknown
8783515.0,55.5646514,37.0957168,44.2,1.0,0.2222222222222222,2026.0,new_building,flat,cian,"московская область, наро-фоминский городской округ, апрелевка, времена года жилой комплекс, к11",unknown
7200000.0,55.5969571,37.9866074,40.3,1.0,0.92,2014.0,resale,flat,cian,"московская область, люберцы городской округ, островцы деревня, ул. подмосковная, 35",unknown
8000000.0,55.9051633,37.257345,33.86,1.0,0.5833333333333334,2025.0,resale,flat,cian,"московская область, химки городской округ, юрлово деревня, пятницкие луга жилой комплекс, к2/2",unknown
10112500.0,55.91876,37.8397266,40.45,1.0,0.18181818181818182,2028.0,new_building,flat,cian,"московская область, королев, мкр. новые подлипки, поколение первых жилой комплекс",unknown
8600000.0,55.7420055,38.0361016,34.5,1.0,0.7222222222222222,2022.0,resale,flat,cian,"московская область, балашиха, мкр. саввино, ул. безымянная, 8",unknown
10499999.0,55.660671,37.8569958,38.1,1.0,0.16666666666666666,2009.0,resale,flat,cian,"московская область, котельники, проезд 2-й покровский, 8",unknown
6372830.0,55.9816844,37.9013894,34.5,1.0,0.7916666666666666,2026.0,new_building,flat,cian,"московская область, пушкинский городской округ, ивантеевка, западная ивантеевка жилой комплекс",unknown
5800000.0,56.2939819,38.1272742,34.1,1.0,0.058823529411764705,2017.0,resale,flat,cian,"московская область, сергиев посад, московское ш., 7к3",unknown
8100000.0,55.4508833,37.7443466,48.1,1.0,0.2,1998.0,resale,flat,cian,"московская область, домодедово, мкр. северный, ул. северная, 2",unknown
6013700.0,55.971524,37.896407,39.1,1.0,0.21052631578947367,2029.0,new_building,flat,cian,"московская область, пушкинский городской округ, ивантеевка, новая ивантеевка жилой комплекс",unknown
7900000.0,55.6552628,37.1555594,51.0,1.0,0.75,2016.0,resale,flat,cian,"московская область, одинцовский городской округ, перхушково село, 217",unknown
13300000.0,55.6685636,37.8552335,57.1,1.0,0.5294117647058824,2020.0,resale,flat,cian,"московская область, котельники, ул. строителей, 5",unknown
10748080.0,55.91876,37.8397266,45.16,1.0,0.625,2028.0,new_building,flat,cian,"московская область, королев, мкр. новые подлипки, поколение первых жилой комплекс, 1",unknown
6700000.0,55.9430376,37.8142462,36.0,1.0,0.3333333333333333,1958.0,resale,flat,cian,"московская область, королев, текстильщик микрорайон, ул. мичурина, 11",unknown
10132100.0,56.0070255,37.844861,45.3,1.0,0.7777777777777778,2026.0,new_building,flat,cian,"московская область, пушкино, мкр. центральный, писаревская ул.",unknown
9000000.0,55.5571784,37.8060708,47.0,1.0,0.29411764705882354,2023.0,resale,flat,cian,"московская область, ленинский городской округ, мисайлово пгт, пригород лесное микрорайон, ш. пригородное, 8",unknown
15950000.0,55.7062916,37.8998539,49.9,1.0,0.92,2021.0,resale,flat,cian,"московская область, люберцы, ул. 8 марта, 48",unknown
7951950.0,55.9808758,37.9101137,43.1,1.0,0.9565217391304348,2025.0,new_building,flat,cian,"московская область, пушкинский городской округ, ивантеевка, ул. прокудина, 6",unknown
15500000.0,55.841148,37.3472057,40.1,1.0,0.38235294117647056,2021.0,resale,flat,cian,"московская область, красногорск, ул. видная, 6",unknown
11000000.0,55.9644369,37.5302757,37.5,1.0,0.05555555555555555,2015.0,resale,flat,cian,"московская область, долгопрудный, мкр. новые водники, набережная ул., 35",unknown
18370000.0,56.0785203,37.3781115,46.69,1.0,1.0,2026.0,new_building,flat,cian,"московская область, дмитровский муниципальный округ, озерецкое село, дружба квартал",unknown
9200000.0,55.5349292,37.7241339,49.2,1.0,0.11764705882352941,2016.0,resale,flat,cian,"московская область, ленинский городской округ, сапроново деревня, купелинка микрорайон, северный квартал, 17",unknown
7900000.0,55.7223916,37.9730519,34.1,1.0,0.5217391304347826,2021.0,resale,flat,cian,"московская область, балашиха, мкр. новое павлино, ш. косинское, 10",unknown
9000000.0,55.9706903,37.7382676,41.8,1.0,0.29411764705882354,2016.0,resale,flat,cian,"московская область, мытищи городской округ, мебельной фабрики поселок, ул. заречная, 5",unknown
7500000.0,55.9473403,37.833358,35.0,1.0,0.16666666666666666,2018.0,resale,flat,cian,"московская область, королев, мкр. текстильщик, ул. тарасовская, 14",unknown
8994923.0,55.9575449,37.6838719,37.48,1.0,0.3076923076923077,2027.0,new_building,flat,cian,"московская область, мытищи, мкр. 2, 3",unknown
5200888.0,56.1129945,37.0423537,40.6,1.0,0.3333333333333333,2021.0,resale,flat,cian,"московская область, солнечногорск городской округ, жуково поселок, березки микрорайон, 14",unknown
7130000.0,55.5307036,37.7231776,32.9,1.0,0.6666666666666666,2026.0,new_building,flat,cian,"московская область, ленинский городской округ, сапроново деревня, 1-й донской жилой комплекс, 4",unknown
9336540.0,55.8338409,37.9547306,37.54,1.0,0.56,2026.0,new_building,flat,cian,"московская область, балашиха, ул. яганова, 13",unknown
5600000.0,55.7227938,37.9713031,32.6,1.0,0.5217391304347826,2022.0,resale,flat,cian,"московская область, балашиха, мкр. новое павлино, ул. романычева, 3",unknown
8250000.0,55.9427635,37.8695745,34.5,1.0,1.0,2021.0,resale,flat,cian,"московская область, королев, первомайский микрорайон, советская ул., 47к5",unknown
7688315.0,55.8985787,37.2765174,37.4,1.0,0.16666666666666666,2028.0,new_building,flat,cian,"московская область, красногорск городской округ, аристово деревня",unknown
8500000.0,55.4254098,37.5215588,44.0,1.0,0.5714285714285714,2003.0,resale,flat,cian,"московская область, подольск, мкр. ивановское, парковая ул., 55б",unknown
4900000.0,56.0083719,37.8717408,33.4,1.0,0.2222222222222222,1968.0,resale,flat,cian,"московская область, пушкино, мкр. серебрянка, 26",unknown
6100000.0,56.3171348,36.7560133,43.46,1.0,0.5555555555555556,2020.0,new_building,flat,cian,"московская область, клин, ул. профсоюзная, 19",unknown
10750000.0,55.8738623,37.3998542,44.7,1.0,0.6296296296296297,2016.0,resale,flat,cian,"московская область, красногорск городской округ, путилково пгт, бул. спасо-тушинский, 2",unknown
8970000.0,55.9051507,37.6997121,41.8,1.0,0.9411764705882353,2006.0,resale,flat,cian,"московская область, мытищи, мкр. 14, троицкая ул., 9",unknown
7518000.0,56.0451472,37.8592123,37.59,1.0,0.125,2028.0,new_building,flat,cian,"московская область, пушкино, пушкино град жилой комплекс, к5",unknown
12000000.0,55.8215732,37.3323372,43.0,1.0,0.08333333333333333,2005.0,resale,flat,cian,"московская область, красногорск, школьная ул., 16а",unknown
6100000.0,55.8323965,37.9574321,34.0,1.0,0.8666666666666667,2023.0,resale,flat,cian,"московская область, балашиха, ул. яганова, 12",unknown
11817200.0,55.8659184,37.3279687,33.0,1.0,0.8571428571428571,2027.0,new_building,flat,cian,"московская область, красногорск городской округ, отрадное пгт, левел лесной жилой комплекс",unknown
10800000.0,55.658572,37.87388,31.7,1.0,0.4,2020.0,resale,flat,cian,"московская область, котельники, парковый микрорайон, 1к2",unknown
5990000.0,55.7969615,37.9472675,29.3,1.0,0.1111111111111111,1968.0,resale,flat,cian,"московская область, балашиха, мкр. балашиха-1, живописная ул., 2",unknown
6869427.0,55.5466391,37.6548489,35.12,1.0,1.0,2027.0,new_building,flat,cian,"московская область, ленинский городской округ, живописный жилой комплекс",unknown
10500000.0,55.8748625,37.3990833,47.0,1.0,0.8181818181818182,2014.0,resale,flat,cian,"московская область, красногорск городской округ, путилково пгт, ул. сходненская, 7",unknown
5300000.0,56.2256883,36.9349699,41.0,1.0,0.2857142857142857,2019.0,resale,flat,cian,"московская область, солнечногорск городской округ, смирновка поселок, 31",unknown
7168542.0,55.9864294,37.7221902,37.9,1.0,0.4444444444444444,2026.0,new_building,flat,cian,"московская область, мытищи городской округ, пирогово деревня, пироговская ривьера жилой комплекс",unknown
7990000.0,55.5730882,38.251498,41.5,1.0,0.8235294117647058,2008.0,resale,flat,cian,"московская область, раменское, р-н центральный, ул. приборостроителей, 14",unknown
8700000.0,55.8689603,37.3885399,32.6,1.0,0.09090909090909091,2022.0,resale,flat,cian,"московская область, красногорск городской округ, путилково пгт, ул. просторная, 14",unknown
18497638.0,55.68217964111807,37.40648875377883,41.8,1.0,0.5555555555555556,2025.0,new_building,flat,cian,"московская область, одинцовский городской округ, заречье пгт, ул. торговая, 9",unknown
10800000.0,55.7922898,37.8884096,57.0,1.0,0.96,2015.0,resale,flat,cian,"московская область, балашиха, мкр. новое измайлово, ул. строителей, 3",unknown
6200000.0,55.9378425,37.9771884,38.9,1.0,0.35714285714285715,2014.0,resale,flat,cian,"московская область, щелково, мкр. богородский, 6",unknown
7990000.0,55.8403873,37.1405752,39.0,1.0,0.6428571428571429,2005.0,resale,flat,cian,"московская область, красногорск городской округ, нахабино пгт, ул. школьная, 11",unknown
5600000.0,55.8370914,38.4032719,28.2,1.0,0.17647058823529413,2024.0,new_building,flat,cian,"московская область, богородский городской округ, ногинск, ул. юбилейная, 4б",unknown
4700000.0,56.0910597,37.4956654,28.5,1.0,0.6666666666666666,2025.0,resale,flat,cian,"московская область, дмитровский муниципальный округ, некрасовский пгт, ул. заводская, 45",unknown
8500000.0,55.6486832,37.8603432,44.7,1.0,0.8823529411764706,2008.0,resale,flat,cian,"московская область, котельники, южный микрорайон, 1",unknown
7350000.0,55.8155388,37.9538889,37.6,1.0,0.9444444444444444,2012.0,resale,flat,cian,"московская область, балашиха, советская ул., 56",unknown
11200000.0,55.671798,37.855427,27.0,1.0,0.24242424242424243,2018.0,resale,flat,cian,"московская область, котельники, ул. сосновая, 1к2",unknown
8200000.0,55.945665,37.769531,30.8,1.0,0.8333333333333334,2023.0,resale,flat,cian,"московская область, мытищи, мкр. олимпийский, пер. 1-й стрелковый, 3",unknown
9000000.0,55.9383633,37.3527149,38.6,1.0,0.2,2009.0,resale,flat,cian,"московская область, химки, мкр. подрезково, ул. железнодорожная, 2а",unknown
13700000.0,55.8106569,37.3830194,37.27,1.0,0.5,2026.0,new_building,flat,cian,"московская область, красногорск, квартал строгино жилой комплекс, к2",unknown
4790000.0,55.6056555,36.4918855,28.63,1.0,0.4,2022.0,new_building,flat,cian,"московская область, рузский муниципальный округ, тучково пгт, дружный микрорайон, 14",unknown
3750000.0,55.9546628,38.050609,29.8,1.0,1.0,1966.0,resale,flat,cian,"московская область, фрязино, школьная ул., 1б",unknown
8600000.0,55.5229417,37.5835794,36.0,1.0,0.3333333333333333,2020.0,resale,flat,cian,"московская область, ленинский городской округ, дрожжино пгт, ул. южная, 7",unknown
11778258.0,55.9530954,37.4883556,41.9,1.0,0.08695652173913043,2026.0,new_building,flat,cian,"московская область, долгопрудный, мкр. гранитный, бригантина жилой комплекс, к1",unknown
4700000.0,55.9219621,37.9763103,30.2,1.0,0.75,1959.0,resale,flat,cian,"московская область, щелково, мкр. центральный, ул. пушкина, 13",unknown
5500000.0,55.9383194,37.9791558,35.6,1.0,0.75,2014.0,resale,flat,cian,"московская область, щелково, мкр. богородский, 16",unknown
7200000.0,55.9847803,37.9340033,41.1,1.0,0.14285714285714285,2014.0,resale,flat,cian,"московская область, пушкинский городской округ, ивантеевка, санаторная ул., 1к2",unknown
10800000.0,55.9472896,37.4883782,43.0,1.0,0.3157894736842105,2007.0,resale,flat,cian,"московская область, долгопрудный, мкр. гранитный, гранитная ул., 6",unknown
12534500.0,55.9217137,37.8145386,47.3,1.0,0.8947368421052632,2024.0,new_building,flat,cian,"московская область, королев, мкр. подлипки, ул. калинина, 11",unknown
7000000.0,55.7252999,37.9797947,32.4,1.0,0.7391304347826086,2021.0,resale,flat,cian,"московская область, балашиха, мкр. новое павлино, ул. бояринова, 23",unknown
7400000.0,55.8226043,37.9332781,36.8,1.0,0.72,2013.0,resale,flat,cian,"московская область, балашиха, мкр. гагарина, балашихинское ш., 10",unknown
9252677.0,55.7677166,37.2171524,32.71,1.0,0.3333333333333333,2027.0,new_building,share,cian,"московская область, красногорск городской округ, ильинское-усово поселок, ильинские луга жилой комплекс, 4.1",unknown
10800000.0,55.9472896,37.4883782,41.1,1.0,0.3157894736842105,2007.0,resale,flat,cian,"московская область, долгопрудный, мкр. гранитный, гранитная ул., 6",unknown
5392000.0,55.7250583,36.8712991,33.7,1.0,0.25,2026.0,new_building,flat,cian,"московская область, одинцовский городской округ, звенигород, восточный микрорайон",unknown
6970000.0,56.272815,37.571935,59.4,1.0,0.6666666666666666,2021.0,resale,flat,cian,"московская область, дмитровский муниципальный округ, курово деревня, 111",unknown
7046400.0,55.652117,37.9282593,33.33,1.0,0.29411764705882354,2028.0,new_building,flat,cian,"московская область, люберцы городской округ, томилино пгт, птицефабрика микрорайон, новотомилино жилой комплекс",unknown
1990000.0,54.70751,38.323945,29.3,1.0,1.0,1975.0,resale,flat,cian,"московская область, кашира городской округ, каменка деревня, ул. центральная, 13",unknown
8100000.0,55.7450187,38.026973,32.0,1.0,0.8,1993.0,resale,flat,cian,"московская область, балашиха, мкр. железнодорожный, ул. пионерская, 9а",unknown
6876870.0,55.5232611,37.0664677,29.77,1.0,0.6666666666666666,2027.0,new_building,flat,cian,"московская область, наро-фоминский городской округ, мартемьяново деревня, мартемьяново клаб жилой комплекс",unknown
10500000.0,55.5662254,37.6902348,41.7,1.0,0.36,2026.0,new_building,flat,cian,"московская область, ленинский городской округ, первый южный жилой комплекс, к1.3",unknown
5500000.0,55.3902363,37.7792225,31.3,1.0,0.17647058823529413,2021.0,resale,flat,cian,"московская область, домодедово, востряково микрорайон, ул. донская, 1",unknown
9033937.0,55.9368369,37.842024,32.93,1.0,0.5882352941176471,2026.0,new_building,flat,cian,"московская область, королев, мкр. юбилейный, космический квартал жилой комплекс",unknown
13650000.0,55.7542215,37.8527028,41.0,1.0,0.96,2008.0,resale,flat,cian,"московская область, реутов, мкр. северный реутов, комсомольская ул., 10к1",unknown
9774432.0,55.7677166,37.2171524,41.9,1.0,0.2222222222222222,2027.0,new_building,share,cian,"московская область, красногорск городской округ, ильинское-усово поселок, ильинские луга жилой комплекс, 3.1",unknown
3500000.0,54.9745026,37.9573708,31.4,1.0,0.8,1966.0,resale,flat,cian,"московская область, ступино городской округ, ситне-щелканово село, ул. мира, 10",unknown
5550000.0,55.8027153,38.1821027,34.4,1.0,0.5555555555555556,2017.0,resale,flat,cian,"московская область, богородский городской округ, старая купавна, ул. кирова, 21",unknown
7011642.0,55.5290951,37.6149559,34.1,1.0,0.32,2028.0,new_building,flat,cian,"московская область, ленинский городской округ, боброво пгт, восточное бутово жилой комплекс, 48",unknown
15000000.0,55.67802,37.8677756,35.7,1.0,0.11538461538461539,2020.0,resale,flat,cian,"московская область, люберцы, мкр. городок б, ул. летчика ларюшина, 12",unknown
7700000.0,55.7231707,37.973578,32.6,1.0,0.9545454545454546,2020.0,resale,flat,cian,"московская область, балашиха, мкр. новое павлино, ул. романычева, 1",unknown
9970117.0,55.8241685,37.9424307,47.96,1.0,0.7083333333333334,2027.0,new_building,flat,cian,"московская область, балашиха, мкр. авиаторов, квартал авиаторов жилой комплекс, к4",unknown
20900000.0,55.9057363251,37.3586638256,48.0,1.0,0.375,2017.0,resale,flat,cian,"московская область, химки, мкр. новогорск, ул. ивановская, 53к3",unknown
5100000.0,55.8048047,38.0812962,31.0,1.0,1.0,2014.0,resale,flat,cian,"московская область, богородский городской округ, щемилово деревня, ул. орлова, 10",unknown
7460029.0,55.5307036,37.7231776,33.2,1.0,0.23529411764705882,2024.0,new_building,flat,cian,"московская область, ленинский городской округ, сапроново деревня, купелинка микрорайон, центральный квартал, 9",unknown
7200000.0,55.4237372,37.482807,37.7,1.0,0.25,2027.0,new_building,flat,cian,"московская область, подольск городской округ, докукино деревня, ул. цветочная",unknown
5600000.0,56.3420005,37.5356685,35.2,1.0,0.6666666666666666,2022.0,resale,flat,cian,"московская область, дмитров, шлюзовая ул., 8к3",unknown
8341107.0,55.5290038,37.6160652,35.3,1.0,0.08333333333333333,2027.0,new_building,flat,cian,"московская область, ленинский городской округ, боброво пгт, восточное бутово жилой комплекс",unknown
10503210.0,55.7256297,37.3272255,51.13,2.0,0.14285714285714285,2028.0,new_building,flat,cian,"московская область, одинцовский городской округ, притяжение сити жилой комплекс",unknown
11700000.0,55.792923,37.938154,63.7,2.0,0.11764705882352941,2006.0,resale,flat,cian,"московская область, балашиха, мкр. 28-й, первомайская ул., 1",unknown
8250000.0,55.7536171,37.8489979,37.9,2.0,0.3333333333333333,1968.0,resale,flat,cian,"московская область, реутов, мкр. северный реутов, комсомольская ул., 5а",unknown
6618591.0,55.8163553,37.2121257,32.11,2.0,0.14285714285714285,2027.0,new_building,flat,cian,"московская область, красногорск, мкр. опалиха, аникеевский жилой комплекс",unknown
13900000.0,55.6896736,37.2020349,60.0,2.0,0.25,2023.0,resale,flat,cian,"московская область, одинцовский городской округ, лайково село, город-событие микрорайон, 69",unknown
6812245.0,55.7909831,37.8865502,44.2,2.0,0.16,2015.0,resale,flat,cian,"московская область, балашиха, мкр. новое измайлово, ул. строителей, 1",unknown
9210022.0,55.8058952,37.3227861,36.94,2.0,0.84,2028.0,new_building,flat,cian,"московская область, красногорск, ильинойс жилой комплекс",unknown
8200000.0,55.9284104,37.1978304,59.9,2.0,0.29411764705882354,2011.0,resale,flat,cian,"московская область, химки городской округ, брехово деревня, школьный микрорайон, к7",unknown
8000000.0,55.9151041,37.7750161,44.6,2.0,0.5555555555555556,1985.0,resale,flat,cian,"московская область, мытищи, олимпийский просп., 3к1",unknown
9642147.0,55.8338409,37.9547306,54.25,2.0,0.72,2026.0,new_building,flat,cian,"московская область, балашиха, ул. яганова, 13",unknown
13600000.0,55.8267745,37.9420837,66.4,2.0,0.6666666666666666,,resale,flat,cian,"московская область, балашиха, мкр. гагарина, ул. проектная, 4",unknown
8436000.0,55.8907408,37.4384069,41.2,2.0,0.6,1959.0,resale,flat,cian,"московская область, химки, мкр. старые химки, ул. маяковского, 25",unknown
8901137.0,55.9575449,37.6838719,50.5,2.0,0.15384615384615385,2027.0,new_building,flat,cian,"московская область, мытищи, мкр. 2, 3",unknown
9650000.0,55.908806,37.721504,43.0,2.0,1.0,1973.0,resale,flat,cian,"московская область, мытищи, мкр. 8, 9, летная ул., 24к1",unknown
15246627.0,55.8822939,37.4135872,47.1,2.0,0.10714285714285714,2029.0,new_building,flat,cian,"московская область, химки, мкр. новые химки, лесная коллекция жилой комплекс, к3",unknown
10000000.0,55.5337584,37.6414363,45.2,2.0,0.3,2018.0,resale,flat,cian,"московская область, ленинский городской округ, лопатино пгт, ул. сухановская, 9",unknown
8700000.0,55.8314979,37.2841651,45.0,2.0,0.6,1975.0,resale,flat,cian,"московская область, красногорск, мкр. чернево-2, светлая ул., 5",unknown
21487805.0,55.6803731,37.2456452,83.3,2.0,0.1,2025.0,new_building,flat,cian,"московская область, одинцово, северная ул., 5к2",unknown
5990000.0,55.1555765,37.4661409,40.5,2.0,1.0,1961.0,resale,flat,cian,"московская область, чехов, ул. полиграфистов, 4",unknown
9600000.0,55.8342309,37.2691688,48.2,2.0,0.52,2012.0,resale,flat,cian,"московская область, красногорск, ул. игоря мерлушкина, 1",unknown
11960431.0,55.8259129,37.1376998,44.5,2.0,0.6666666666666666,2027.0,new_building,flat,cian,"московская область, истра муниципальный округ, лобаново деревня, павлово 3 жилой комплекс, к4",unknown
12900000.0,55.9427635,37.8695745,66.8,2.0,0.35294117647058826,2022.0,resale,flat,cian,"московская область, королев, первомайский микрорайон, советская ул., 47к3",unknown
9300000.0,55.7689855,37.86157,42.0,2.0,0.8,1968.0,resale,flat,cian,"московская область, реутов, мкр. северный реутов, советская ул., 21",unknown
9060913.0,55.9409479,37.8780239,43.1,2.0,0.25,2027.0,new_building,flat,cian,"московская область, королев, первомайский микрорайон, старые горки дп",unknown
4200000.0,56.1910549,38.037158,44.8,2.0,1.0,1982.0,resale,flat,cian,"московская область, сергиево-посадский городской округ, заречный поселок, 12",unknown
9000000.0,55.7629983,37.8550396,40.0,2.0,0.6,1966.0,resale,flat,cian,"московская область, реутов, мкр. северный реутов, ул. победы, 14",unknown
9677625.0,55.6512677,37.1214844,39.4,2.0,0.8,2023.0,new_building,flat,cian,"московская область, одинцовский городской округ, перхушково село, равновесие микрорайон, 10",unknown
9400000.0,55.7909831,37.8865502,44.2,2.0,0.52,2015.0,resale,flat,cian,"московская область, балашиха, мкр. новое измайлово, ул. строителей, 1",unknown
6000000.0,55.7991062,37.9760744,45.0,2.0,0.6,1962.0,resale,flat,cian,"московская область, балашиха, мкр. балашиха-3, просп. ленина, 50",unknown
12479973.0,55.9530954,37.4883556,42.2,2.0,0.08695652173913043,2026.0,new_building,flat,cian,"московская область, долгопрудный, мкр. гранитный, бригантина жилой комплекс, к1",unknown
8550000.0,56.1315125,37.504748,64.0,2.0,0.5294117647058824,2017.0,resale,flat,cian,"московская область, дмитровский муниципальный округ, некрасовский пгт, строителей микрорайон, 43",unknown
7800000.0,55.7463267,38.0255015,44.0,2.0,1.0,1975.0,resale,flat,cian,"московская область, балашиха, мкр. железнодорожный, ул. пушкина, 2",unknown
9788606.0,55.5466391,37.6548489,53.53,2.0,0.75,2027.0,new_building,flat,cian,"московская область, ленинский городской округ, живописный жилой комплекс",unknown
17400000.0,55.7994742,37.37363,59.0,2.0,0.8125,2020.0,resale,apartments,cian,"московская область, красногорск, ул. липовой рощи, 4к3",unknown
10500000.0,55.7632328,37.8600959,44.5,2.0,0.6,1962.0,resale,flat,cian,"московская область, реутов, мкр. северный реутов, ул. гагарина, 6",unknown
9361703.0,55.83702437586082,37.92464395253702,56.7,2.0,0.7647058823529411,2027.0,new_building,flat,cian,"московская область, балашиха, ул. дмитриева, 11",unknown
7000000.0,55.7915264,37.9720341,48.7,2.0,0.7777777777777778,1969.0,resale,flat,cian,"московская область, балашиха, мкр. южный, ул. некрасова, 16",unknown
7037400.0,55.8328069,38.2038546,49.91,2.0,0.7142857142857143,2027.0,new_building,flat,cian,"московская область, щелково городской округ, монино пгт, георгиевский микрорайон",unknown
9500000.0,55.8657006,37.3881698,36.6,2.0,0.24,2021.0,resale,flat,cian,"московская область, красногорск городской округ, путилково пгт, ул. просторная, 9",unknown
6990000.0,55.6668586,37.9101776,40.2,2.0,0.75,1962.0,resale,flat,cian,"московская область, люберцы, мкр. панки, хлебозаводской проезд, 5",unknown
14757600.0,55.9212299,37.9951111,85.8,2.0,0.4,2023.0,new_building,penthouse,cian,"московская область, щелково, мкр. центральный, советская ул., 60",unknown
11500000.0,55.9174829,37.4128085,42.5,2.0,0.8235294117647058,2019.0,resale,flat,cian,"московская область, химки, мкр. старые химки, ул. германа титова, 10а",unknown
6500000.0,55.6701919,37.9092654,57.0,2.0,0.6,1957.0,resale,flat,cian,"московская область, люберцы, мкр. мальчики, хлебозаводской туп., 3",unknown
17185784.0,55.6227266,37.1362553,62.03,2.0,0.6666666666666666,2029.0,new_building,flat,cian,"московская область, одинцовский городской округ, ликино деревня, жк мыс",unknown
8350000.0,55.7227938,37.9713031,54.7,2.0,0.45454545454545453,,resale,flat,cian,"московская область, балашиха, мкр. новое павлино, ул. бояринова, 1",unknown
11500000.0,55.90787,37.3908227,58.6,2.0,0.52,2009.0,resale,flat,cian,"московская область, химки, мкр. новые химки, молодежная ул., 76",unknown
13313000.0,56.0785203,37.3781115,66.38,2.0,0.6,2027.0,new_building,flat,cian,"московская область, дмитровский муниципальный округ, озерецкое село, дружба квартал",unknown
9300000.0,55.89477,37.4793,45.0,2.0,1.0,1962.0,resale,flat,cian,"московская область, химки, мкр. левобережный, библиотечная ул., 22",unknown
8700000.0,55.8401374,37.236169,46.7,2.0,1.0,,resale,flat,cian,"московская область, красногорск, ул. соловьиная, 4",unknown
14838551.0,55.9188917,37.7591884,48.65,2.0,0.68,2026.0,new_building,flat,cian,"московская область, мытищи, мкр. 25, шараповский проезд, 4",unknown
13000000.0,55.6888943,37.9100803,64.2,2.0,0.25,2010.0,resale,flat,cian,"московская область, люберцы, мкр. красная горка, просп. гагарина, 9",unknown
7900000.0,55.8161023,37.0498182,56.7,2.0,0.75,2022.0,resale,flat,cian,"московская область, истра муниципальный округ, павловская слобода село, ул. озерная, 8",unknown
9600000.0,55.3637229,37.5163733,60.0,2.0,0.11764705882352941,2025.0,new_building,flat,cian,"московская область, подольск, мкр. климовск, ул. советская, 18к2",unknown
10800000.0,55.7430013,37.9616073,58.8,2.0,0.5789473684210527,2014.0,resale,flat,cian,"московская область, балашиха, мкр. кучино, ул. речная, 16",unknown
9750000.0,55.7732458,37.8492136,46.1,2.0,0.5625,1984.0,resale,flat,cian,"московская область, реутов, мкр. северный реутов, ул. некрасова, 24",unknown
22191982.0,55.6845463,37.3944205,57.6,2.0,0.4444444444444444,2026.0,new_building,flat,cian,"московская область, одинцовский городской округ, заречье пгт, бул. мещерский",unknown
13000000.0,55.8129239,37.2449418,49.3,2.0,0.25,2016.0,resale,flat,cian,"московская область, красногорск, мкр. опалиха, ул. пришвина, 3",unknown
6500000.0,55.7915362,37.9756828,46.0,2.0,0.4444444444444444,1972.0,resale,flat,cian,"московская область, балашиха, мкр. южный, ул. твардовского, 5",unknown
9907311.0,55.4267372,37.4907836,73.77,2.0,0.4583333333333333,2029.0,new_building,flat,cian,"московская область, подольск, мкр. юбилейный, красногвардейский бул., 33а",unknown
13400000.0,55.754045,37.8764591,56.3,2.0,0.56,2023.0,resale,flat,cian,"московская область, реутов, мкр. южный реутов, юбилейный просп., 45",unknown
9200000.0,55.767212,37.8566561,44.5,2.0,1.0,1977.0,resale,flat,cian,"московская область, реутов, мкр. северный реутов, советская ул., 9",unknown
21284778.0,55.6227266,37.1362553,81.23,2.0,0.5,2029.0,new_building,flat,cian,"московская область, одинцовский городской округ, ликино деревня, жк мыс",unknown
3500000.0,55.1960709,38.3627614,45.9,2.0,1.0,2014.0,resale,flat,cian,"московская область, ступино городской округ, мещерино село, ул. новая, 18",unknown
8750000.0,55.9453041,37.4854116,49.9,2.0,1.0,1998.0,resale,flat,cian,"московская область, долгопрудный, мкр. гранитный, нагорная ул., 1",unknown
22712162.0,55.6227266,37.1362553,89.25,2.0,0.6666666666666666,2029.0,new_building,flat,cian,"московская область, одинцовский городской округ, ликино деревня, жк мыс",unknown
5500000.0,56.1831943,36.974431,44.0,2.0,1.0,1965.0,resale,flat,cian,"московская область, солнечногорск, советская ул., 2",unknown
8900000.0,55.9421749,37.2630446,43.0,2.0,0.88,2014.0,resale,flat,cian,"московская область, химки городской округ, подолино деревня, велтон парк новая сходня микрорайон, ул. лесная, 8",unknown
10953508.0,55.4267372,37.4907836,81.56,2.0,0.5416666666666666,2029.0,new_building,flat,cian,"московская область, подольск, мкр. юбилейный, красногвардейский бул., 33а",unknown
8550000.0,56.1784414,37.0019191,60.5,2.0,0.8823529411764706,2009.0,resale,flat,cian,"московская область, солнечногорск, рекинцо-2 микрорайон, ул. молодежная, 1",unknown
6000000.0,56.0070255,37.844861,43.1,2.0,0.2,1967.0,resale,flat,cian,"московская область, пушкино, мкр. центральный, ул. горького, 6",unknown
18525307.0,55.6227266,37.1362553,68.11,2.0,0.75,2029.0,new_building,flat,cian,"московская область, одинцовский городской округ, ликино деревня, жк мыс",unknown
12990000.0,55.6896736,37.2020349,93.8,2.0,0.8333333333333334,2023.0,resale,flat,cian,"московская область, одинцовский городской округ, лайково село, город-событие микрорайон, 17",unknown
6590000.0,55.6815421,38.1159066,40.2,2.0,1.0,2014.0,resale,flat,cian,"московская область, раменский муниципальный округ, совхоза красковский поселок, 7к3",unknown
7966526.0,56.005511,37.8090057,43.51,2.0,0.35294117647058826,2025.0,new_building,flat,cian,"московская область, пушкино, мкр. мамонтовка, школьная ул., 28а",unknown
5950000.0,55.6288,38.0914961,42.7,2.0,0.75,1970.0,resale,flat,cian,"московская область, раменский муниципальный округ, ильинский пгт, ул. рабочая, 22/5",unknown
9600000.0,55.8718619,37.2570902,53.1,2.0,1.0,2019.0,resale,flat,cian,"московская область, красногорск городской округ, сабурово пгт, ул. заречная, 5",unknown
12770276.0,55.3878997,36.7447356,68.64,2.0,0.3333333333333333,2027.0,new_building,flat,cian,"московская область, наро-фоминск, ул. курзенкова, 12",unknown
10750000.0,55.7631388,37.9639467,65.3,2.0,0.2222222222222222,2019.0,resale,flat,cian,"московская область, балашиха, мкр. кучино, ул. соловьева, 2",unknown
10540000.0,55.9244686,37.7304545,43.3,2.0,0.5294117647058824,2025.0,new_building,flat,cian,"московская область, мытищи, ул. разведчика абеля, 7к1",unknown
7238979.0,56.0057011,37.8097386,41.8,2.0,0.5294117647058824,2025.0,new_building,flat,cian,"московская область, пушкино, мкр. мамонтовка, школьная ул., 28ак1",unknown
8500000.0,56.026881,37.858238,62.6,2.0,0.625,2020.0,resale,flat,cian,"московская область, пушкино, мкр. новое пушкино, ул. просвещения, 10к2",unknown
8800000.0,55.753468,37.9568316,55.5,2.0,0.75,1963.0,resale,flat,cian,"московская область, балашиха, мкр. кучино, просп. жуковского, 5",unknown
18826435.0,55.38619,36.7422696,90.91,2.0,1.0,2025.0,new_building,flat,cian,"московская область, наро-фоминск, ул. володарского, 10",unknown
12490000.0,55.7029961,37.0198954,59.6,2.0,1.0,2020.0,resale,flat,cian,"московская область, одинцовский городской округ, горки-10 поселок, 34к1",unknown
7500000.0,55.803851,37.9299746,44.0,2.0,0.8,1962.0,resale,flat,cian,"московская область, балашиха, мкр. балашиха-1, молодежная ул., 12",unknown
7694095.0,55.8353019,38.2081597,58.13,2.0,0.14285714285714285,2027.0,new_building,flat,cian,"московская область, щелково городской округ, монино пгт, ул. генерала ковачевича",unknown
8650000.0,56.1970834,36.9570101,57.0,2.0,0.6428571428571429,2017.0,resale,flat,cian,"московская область, солнечногорск, ленинградская ул., 20",unknown
5300000.0,55.9577689,37.8608041,45.1,2.0,1.0,1965.0,resale,flat,cian,"московская область, пушкинский городской округ, лесные поляны поселок, ул. ленина, 4",unknown
17102626.0,55.8822939,37.4135872,47.1,2.0,0.8571428571428571,2029.0,new_building,flat,cian,"московская область, химки, мкр. новые химки, лесная коллекция жилой комплекс",unknown
8650000.0,55.532707,37.0622443,51.3,2.0,0.1111111111111111,2014.0,resale,flat,cian,"московская область, наро-фоминский городской округ, апрелевка, ул. ясная, 7",unknown
4000000.0,55.6351774,38.0101617,38.0,2.0,1.0,1960.0,resale,flat,cian,"московская область, люберцы городской округ, малаховка пгт, ул. островского, 10",unknown
19625434.0,55.38619,36.7422696,92.92,2.0,1.0,2025.0,new_building,flat,cian,"московская область, наро-фоминск, ул. володарского, 10",unknown
8200000.0,55.4149207,37.5316814,66.7,2.0,0.3333333333333333,1958.0,resale,flat,cian,"московская область, подольск, мкр. шепчинки, ул. ватутина, 50/14",unknown
11600000.0,55.9437112,37.3433186,49.5,2.0,0.7058823529411765,2027.0,new_building,flat,cian,"московская область, химки, мкр. подрезково, 1-й шереметьевский жилой комплекс, к3",unknown
8193590.0,55.8328069,38.2038546,61.23,2.0,0.8571428571428571,2027.0,new_building,flat,cian,"московская область, щелково городской округ, монино пгт, георгиевский микрорайон",unknown
12800000.0,55.8170384,37.2019703,52.0,2.0,1.0,2024.0,resale,flat,cian,"московская область, красногорск городской округ, николо-урюпино село, ул. сергея жадобкина, 9",unknown
11350000.0,55.7922898,37.8884096,58.8,2.0,0.16,2015.0,resale,flat,cian,"московская область, балашиха, мкр. новое измайлово, ул. строителей, 3",unknown
11440039.0,55.3878997,36.7447356,61.49,2.0,0.18181818181818182,2027.0,new_building,flat,cian,"московская область, наро-фоминск, ул. курзенкова, 12",unknown
15000000.0,55.7706451,37.2360252,70.0,2.0,1.0,2020.0,resale,flat,cian,"московская область, красногорск городской округ, глухово деревня, ул. рублевское предместье, 26",unknown
9500000.0,55.9497105,37.4855662,39.5,2.0,1.0,2022.0,resale,flat,cian,"московская область, долгопрудный, мкр. гранитный, парковая ул., 46к1",unknown
10598638.0,56.04813,37.5472938,61.71,2.0,0.25,2027.0,new_building,flat,cian,"московская область, мытищи городской округ, шолохово деревня, шолохово жилой комплекс, к16",unknown
11900000.0,55.9196301,37.8799524,56.0,2.0,1.0,2015.0,resale,penthouse,cian,"московская область, королев, мкр. валентиновка, ул. горького, 79к3",unknown
6100000.0,55.5496376,37.0805376,46.0,2.0,1.0,1958.0,resale,flat,cian,"московская область, наро-фоминский городской округ, апрелевка, ул. больничная, 12/43",unknown
15269261.0,55.3878997,36.7447356,78.56,2.0,1.0,2027.0,new_building,flat,cian,"московская область, наро-фоминск, ул. курзенкова, 12",unknown
6700000.0,55.6113005,38.1051886,48.5,2.0,0.2,1982.0,resale,flat,cian,"московская область, жуковский, ул. чапаева, 9",unknown
10900000.0,55.8906491,37.479794,54.8,2.0,0.42857142857142855,1975.0,resale,flat,cian,"московская область, химки, мкр. левобережный, зеленая ул., 1",unknown
8081870.0,55.8328069,38.2038546,60.39,2.0,0.8571428571428571,2027.0,new_building,flat,cian,"московская область, щелково городской округ, монино пгт, георгиевский микрорайон",unknown
16000000.0,55.8208787,37.365694,51.1,2.0,0.17647058823529413,2006.0,resale,flat,cian,"московская область, красногорск, мкр. павшинская пойма, ул. имени зверева, 4",unknown
9686000.0,55.7065747,37.3212487,59.4,2.0,0.3076923076923077,2012.0,resale,flat,cian,"московская область, одинцово, мкр. новая трехгорка, ул. кутузовская, 72а",unknown
10644114.0,56.04813,37.5472938,59.63,2.0,1.0,2026.0,new_building,flat,cian,"московская область, мытищи городской округ, шолохово деревня, шолохово жилой комплекс, к15",unknown
5950000.0,55.167348,37.4258382,44.9,2.0,0.4,1963.0,resale,flat,cian,"московская область, чехов, ул. гагарина, 39",unknown
8995000.0,55.8170384,37.2019703,34.38,2.0,1.0,2023.0,new_building,flat,cian,"московская область, красногорск городской округ, николо-урюпино село, ул. полковника глазунова, 15",unknown
18469000.0,55.3878266,36.7343392,80.3,2.0,1.0,2022.0,new_building,apartments,cian,"московская область, наро-фоминск, пл. свободы, 4в",unknown
2950000.0,55.8912096,38.7737087,38.8,2.0,1.0,1962.0,resale,flat,cian,"московская область, павлово-посадский городской округ, электрогорск, ул. ленина, 66",unknown
7200000.0,55.929357,37.8513585,42.6,2.0,1.0,1966.0,resale,flat,cian,"московская область, королев, мкр. юбилейный, ул. а.и. тихомировой, 2/23",unknown
6999000.0,55.8909164,38.4508235,53.0,2.0,0.6,1974.0,resale,flat,cian,"московская область, богородский городской округ, ногинск, ул. советской конституции, 42е",unknown
5500000.0,55.8074403,38.1785092,43.6,2.0,1.0,1960.0,resale,flat,cian,"московская область, богородский городской округ, старая купавна, ул. кирова, 5а",unknown
31753500.0,55.3878266,36.7343392,154.8,2.0,1.0,2022.0,new_building,apartments,cian,"московская область, наро-фоминск, пл. свободы, 4в",unknown
20300000.0,55.7530685,37.8795054,78.9,2.0,0.5789473684210527,2014.0,resale,flat,cian,"московская область, реутов, мкр. южный реутов, юбилейный просп., 51",unknown
9500000.0,55.835683,37.9362654,52.7,2.0,0.125,2020.0,resale,flat,cian,"московская область, балашиха, мкр. лукино, ул. лукино, 53а",unknown
17278373.0,55.38619,36.7422696,82.37,2.0,1.0,2025.0,new_building,flat,cian,"московская область, наро-фоминск, ул. володарского, 10",unknown
8990000.0,55.4329327,37.5431935,51.4,2.0,0.6,1958.0,resale,flat,cian,"московская область, подольск, мкр. зеленовский, комсомольская ул., 67/56",unknown
6200000.0,55.6521219,37.9316281,43.1,2.0,0.6,1963.0,resale,flat,cian,"московская область, люберцы городской округ, томилино пгт, ул. чернышевского, 9/13к2",unknown
25119661.0,55.9184191,37.7556233,62.3,2.0,0.56,2022.0,new_building,flat,cian,"московская область, мытищи, мкр. 25, новомытищинский просп., 4а",unknown
10900000.0,55.7273768,37.9774248,73.1,2.0,0.8823529411764706,2015.0,resale,flat,cian,"московская область, балашиха, мкр. новое павлино, ул. троицкая, 5",unknown
10550000.0,55.9508329,37.4850557,44.1,2.0,0.2608695652173913,2025.0,new_building,flat,cian,"московская область, долгопрудный, мкр. гранитный, заводская ул., 2",unknown
14723726.0,55.6512677,37.1214844,62.8,2.0,0.3333333333333333,2026.0,new_building,flat,cian,"московская область, одинцовский городской округ, перхушково село, равновесие микрорайон",unknown
11130000.0,55.792555,37.9321368,69.8,2.0,0.9583333333333334,2022.0,resale,flat,cian,"московская область, балашиха, мкр. 28-й, ул. разина, 1а",unknown
7500000.0,55.9761819,37.4965784,44.6,2.0,0.8,1969.0,resale,flat,cian,"московская область, долгопрудный, мкр. шереметьевский, южная ул., 1а",unknown
14720000.0,55.9244686,37.7304545,57.9,2.0,1.0,2025.0,new_building,flat,cian,"московская область, мытищи, ул. разведчика абеля, 7к1",unknown
9900000.0,55.8434147,38.4516105,67.7,2.0,0.2,2016.0,resale,flat,cian,"московская область, богородский городской округ, ногинск, ул. дмитрия михайлова, 3",unknown
6400000.0,56.011701,37.847469,42.7,2.0,0.4,1964.0,resale,flat,cian,"московская область, пушкино, мкр. центральный, ул. тургенева, 8",unknown
7664000.0,55.6354711,37.0192175,47.9,2.0,1.0,2027.0,new_building,flat,cian,"московская область, одинцовский городской округ, большие вяземы пгт, ул. городок-17, вл23с18",unknown
11200000.0,55.5408382,37.7184659,55.6,2.0,1.0,2015.0,resale,flat,cian,"московская область, видное, ул. березовая, 10",unknown
8500000.0,55.6598222,37.2362387,60.6,2.0,1.0,2009.0,resale,flat,cian,"московская область, одинцовский городской округ, акулово село, ул. центральная, 59/1",unknown
13594548.0,55.8259129,37.1376998,53.2,2.0,1.0,2027.0,new_building,flat,cian,"московская область, истра муниципальный округ, лобаново деревня, павлово 3 жилой комплекс, к3",unknown
11400000.0,55.53187,37.7218446,56.0,2.0,1.0,2019.0,resale,flat,cian,"московская область, ленинский городской округ, сапроново деревня, купелинка микрорайон, центральный квартал, 1",unknown
16213739.0,55.8636491,37.1864596,69.3,2.0,0.125,2028.0,new_building,flat,cian,"московская область, красногорск городской округ, нахабино пгт",unknown
24150000.0,55.8315323,37.3139678,72.7,2.0,0.6470588235294118,2017.0,resale,flat,cian,"московская область, красногорск, мкр. брусчатый, парковая ул., 8",unknown
6620000.0,55.9308268,37.9948784,44.6,2.0,0.5555555555555556,1972.0,resale,flat,cian,"московская область, щелково, мкр. заречный, сиреневая ул., 22а",unknown
11383534.0,56.0070255,37.844861,51.6,2.0,0.7777777777777778,2026.0,new_building,flat,cian,"московская область, пушкино, мкр. центральный, писаревская ул.",unknown
13300000.0,56.001449,37.870134,57.7,2.0,0.5217391304347826,2022.0,resale,flat,cian,"московская область, пушкино, ярославское ш., 149",unknown
8000000.0,55.4719458,37.7079856,59.0,2.0,0.23529411764705882,2018.0,resale,flat,cian,"московская область, домодедово городской округ, домодедово село, ул. творчества, 5к2",unknown
17427000.0,55.6512677,37.1214844,44.4,2.0,0.6666666666666666,2025.0,new_building,flat,cian,"московская область, одинцовский городской округ, перхушково село, равновесие микрорайон, 3",unknown
12200000.0,55.535636,37.7237181,63.8,2.0,0.8,2016.0,resale,flat,cian,"московская область, ленинский городской округ, сапроново деревня, купелинка микрорайон, северный квартал, 1в",unknown
9500000.0,55.7714658,37.8540685,46.0,2.0,0.7777777777777778,1980.0,resale,flat,cian,"московская область, реутов, мкр. северный реутов, ул. имени головашкина, 8",unknown
11160000.0,55.3637229,37.5163733,74.4,2.0,0.8235294117647058,2025.0,new_building,flat,cian,"московская область, подольск, мкр. климовск, ул. советская, 18к2",unknown
15550000.0,55.8639125,37.390911,69.5,2.0,0.47058823529411764,2014.0,resale,flat,cian,"московская область, красногорск городской округ, путилково пгт, ш. путилковское, 4к1",unknown
9600000.0,55.7550635,37.9510784,121.8,2.0,1.0,1991.0,resale,flat,cian,"московская область, балашиха, мкр. кучино, ул. чаплыгина, 1",unknown
9510000.0,55.9808758,37.9101137,47.6,2.0,0.2608695652173913,2025.0,new_building,flat,cian,"московская область, пушкинский городской округ, ивантеевка, ул. прокудина, 6",unknown
10566885.0,55.5889793,37.7526,64.1,2.0,0.4117647058823529,2024.0,resale,flat,cian,"московская область, ленинский городской округ, развилка поселок, 33б",unknown
11200000.0,55.7922898,37.8884096,59.0,2.0,0.52,2015.0,resale,flat,cian,"московская область, балашиха, мкр. новое измайлово, ул. строителей, 3",unknown
15769170.0,55.8259129,37.1376998,49.8,2.0,0.6666666666666666,2027.0,new_building,flat,cian,"московская область, истра муниципальный округ, лобаново деревня, павлово 3 жилой комплекс, к4",unknown
14000000.0,55.9607372,37.3055727,61.0,2.0,0.5882352941176471,2013.0,resale,flat,cian,"московская область, химки, мкр. сходня, первомайская ул., 59",unknown
8999900.0,55.5854041,37.7336197,46.1,2.0,1.0,1963.0,resale,flat,cian,"московская область, ленинский городской округ, совхоза имени ленина поселок, 7",unknown
13217489.0,55.9188917,37.7591884,43.17,2.0,0.76,2026.0,new_building,flat,cian,"московская область, мытищи, мкр. 25, шараповский проезд, 4",unknown
3700000.0,55.2708389,38.7359998,52.8,2.0,1.0,1977.0,resale,flat,cian,"московская область, воскресенск, колыберево микрорайон, ул. 8 марта, 10",unknown
9100000.0,55.6796381,37.8960286,43.7,2.0,0.6,1961.0,resale,flat,cian,"московская область, люберцы, куракинская ул., 6",unknown
11788650.0,55.91876,37.8397266,46.23,2.0,0.7058823529411765,2028.0,new_building,flat,cian,"московская область, королев, мкр. новые подлипки, поколение первых жилой комплекс, 3",unknown
9600000.0,56.1972438,36.9635077,52.8,2.0,0.5,2017.0,resale,flat,cian,"московская область, солнечногорск, красная ул., 127",unknown
8641440.0,56.04813,37.5472938,63.97,2.0,1.0,2026.0,new_building,flat,cian,"московская область, мытищи городской округ, шолохово деревня, шолохово жилой комплекс, к14",unknown
12101360.0,55.9409479,37.8780239,65.9,2.0,0.5,2027.0,new_building,flat,cian,"московская область, королев, первомайский микрорайон, старые горки дп",unknown
3900000.0,55.5789941,38.921549,44.1,2.0,0.6666666666666666,1962.0,resale,flat,cian,"московская область, орехово-зуевский городской округ, куровское, ул. вокзальная, 3",unknown
8650000.0,55.735995,38.0032388,34.0,2.0,0.4090909090909091,2023.0,resale,flat,cian,"московская область, балашиха, мкр. железнодорожный, просп. героев, 19",unknown
10025100.0,56.001449,37.870134,47.4,2.0,0.43478260869565216,2026.0,new_building,flat,cian,"московская область, пушкино, 31-й квартал жилой комплекс",unknown
23000000.0,55.8348613,37.2480404,74.8,2.0,0.6666666666666666,2024.0,resale,flat,cian,"московская область, красногорск, мкр. опалиха, аллея золотая, 3",unknown
9700000.0,55.8142681,37.2119433,51.4,2.0,0.16666666666666666,2021.0,resale,flat,cian,"московская область, красногорск городской округ, николо-урюпино село, ул. полковника глазунова, 6",unknown
10740552.0,55.9816844,37.9013894,61.0,2.0,0.125,2026.0,new_building,flat,cian,"московская область, пушкинский городской округ, ивантеевка, западная ивантеевка жилой комплекс",unknown
13399999.0,55.914085,37.781021,62.0,2.0,0.5909090909090909,2019.0,resale,flat,cian,"московская область, мытищи, ярославское ш., 105",unknown
6300000.0,55.8090279,38.0533174,55.0,2.0,0.3333333333333333,2014.0,resale,flat,cian,"московская область, балашиха, мкр. сакраменто, ул. дубовая, 5",unknown
10277422.0,56.0070255,37.844861,45.7,2.0,0.9444444444444444,2026.0,new_building,flat,cian,"московская область, пушкино, мкр. центральный, писаревская ул.",unknown
20900000.0,55.727391,37.3421913,62.4,2.0,0.6666666666666666,2014.0,resale,flat,cian,"московская область, одинцовский городской округ, ромашково село, ул. никольская, 6",unknown
10200000.0,55.8133141,37.3095944,48.0,2.0,0.4,1969.0,resale,flat,cian,"московская область, красногорск, мкр. райцентр, железнодорожная ул., 31а",unknown
23200000.0,55.789648,37.0113783,74.9,2.0,0.25,2018.0,resale,flat,cian,"московская область, истра муниципальный округ, писково деревня, 166",unknown
5600000.0,55.6274328,38.0104135,44.3,2.0,0.6,1963.0,resale,flat,cian,"московская область, люберцы городской округ, малаховка пгт, ш. быковское, 1",unknown
13512300.0,56.001449,37.870134,61.7,2.0,1.0,2026.0,new_building,flat,cian,"московская область, пушкино, 31-й квартал жилой комплекс",unknown
20000000.0,55.6610444,37.0927151,109.0,2.0,1.0,,resale,apartments,cian,"московская область, одинцовский городской округ, семенково деревня, азарово северное коттеджный поселок, ул. сиреневая, 6",unknown
12500000.0,55.901547,37.4156356,54.0,2.0,0.25,1977.0,resale,flat,cian,"московская область, химки, мкр. новые химки, 9 мая ул., 9",unknown
8192574.0,55.971524,37.896407,58.0,2.0,0.44,2029.0,new_building,flat,cian,"московская область, пушкинский городской округ, ивантеевка, новая ивантеевка жилой комплекс",unknown
7500000.0,55.4701869,37.600761,52.2,2.0,0.7777777777777778,2023.0,resale,flat,cian,"московская область, подольск городской округ, быково поселок, ул. спортивная, 3",unknown
9800000.0,55.9232977,37.8618881,52.2,2.0,1.0,1978.0,resale,flat,cian,"московская область, королев, мкр. костино, ул. исаева, 4",unknown
17102000.0,56.0785203,37.3781115,59.8,2.0,0.3333333333333333,2027.0,new_building,flat,cian,"московская область, дмитровский муниципальный округ, озерецкое село, мечта коттеджный поселок",unknown
9350000.0,55.8865012,37.2626799,50.4,2.0,0.25,2017.0,resale,flat,cian,"московская область, красногорск городской округ, сабурово пгт, ул. садовая, 10",unknown
9500000.0,55.6797076,37.8933581,45.3,2.0,0.4,1966.0,resale,flat,cian,"московская область, люберцы, октябрьский просп., 151/9",unknown
13535501.0,55.9409479,37.8780239,60.1,2.0,0.25,2028.0,new_building,flat,cian,"московская область, королев, первомайский микрорайон, киноквартал жилой комплекс, к1",unknown
9300000.0,56.0265739,37.8550903,55.8,2.0,0.8571428571428571,2018.0,resale,flat,cian,"московская область, пушкино, мкр. новое пушкино, ул. просвещения, 10к1",unknown
5650000.0,55.9567298,38.0547203,45.0,2.0,1.0,1958.0,resale,flat,cian,"московская область, фрязино, новый проезд, 9",unknown
14054525.0,55.8636491,37.1864596,53.7,2.0,0.125,2028.0,new_building,flat,cian,"московская область, красногорск городской округ, нахабино пгт",unknown
11600000.0,55.5276355,37.0293844,40.2,2.0,0.5,2022.0,resale,flat,cian,"московская область, наро-фоминский городской округ, апрелевка, ул. парк апрель, 37",unknown
12000000.0,55.8087951,37.9438361,61.9,2.0,0.5882352941176471,2006.0,resale,flat,cian,"московская область, балашиха, мкр. 15-й, зеленая ул., 31",unknown
10605000.0,55.3637229,37.5163733,70.7,2.0,0.7647058823529411,2025.0,new_building,flat,cian,"московская область, подольск, мкр. климовск, ул. советская, 18к2",unknown
4400000.0,55.3446985,37.9240719,44.9,2.0,0.5,1973.0,resale,flat,cian,"московская область, домодедово городской округ, красный путь село, ул. строительная, 4",unknown
10000000.0,55.7053666,37.9645262,46.4,2.0,0.47058823529411764,2016.0,resale,flat,cian,"московская область, люберцы, мкр. люберцы 2015 2018, зенино жк самолет микрорайон, ул. вертолетная, 16к2",unknown
7152000.0,55.6354711,37.0192175,44.7,2.0,0.3333333333333333,2027.0,new_building,flat,cian,"московская область, одинцовский городской округ, большие вяземы пгт, ул. городок-17, вл23с18",unknown
6300000.0,56.005511,37.8090057,44.6,2.0,0.4,1962.0,resale,flat,cian,"московская область, пушкино, мкр. мамонтовка, ул. мира, 7",unknown
2500000.0,55.6025234,36.5363497,31.0,2.0,1.0,1957.0,resale,flat,cian,"московская область, рузский муниципальный округ, пансионата полушкино поселок, ул. госпиталь, 2",unknown
11145915.0,55.9816844,37.9013894,59.4,2.0,0.375,2026.0,new_building,flat,cian,"московская область, пушкинский городской округ, ивантеевка, западная ивантеевка жилой комплекс",unknown
8550000.0,55.8059594,38.0896007,57.8,2.0,0.16666666666666666,2016.0,resale,flat,cian,"московская область, богородский городской округ, щемилово деревня, ул. орлова",unknown
11500000.0,55.9298859,37.8861535,52.4,2.0,0.5,2020.0,resale,flat,cian,"московская область, королев, мкр. болшево, бурковский проезд, 52к2",unknown
13325793.0,56.0042317,37.8634893,59.69,2.0,0.28,2028.0,new_building,flat,cian,"московская область, пушкино, мкр. центральный, проезд 2-й фабричный, 6",unknown
9900000.0,55.9844139,37.7233756,64.4,2.0,0.1111111111111111,2020.0,resale,flat,cian,"московская область, мытищи городской округ, пирогово деревня, ул. ильинского, 9",unknown
8000000.0,55.9373797,37.9714622,62.4,2.0,1.0,2013.0,resale,share,cian,"московская область, щелково, мкр. финский, 11",unknown
11779712.0,55.5646514,37.0957168,61.9,2.0,0.6666666666666666,2026.0,new_building,flat,cian,"московская область, наро-фоминский городской округ, апрелевка, времена года жилой комплекс, к11",unknown
11500000.0,55.8726263,37.3993385,62.3,2.0,0.20833333333333334,2017.0,resale,flat,cian,"московская область, красногорск городской округ, путилково пгт, бул. спасо-тушинский, 3",unknown
8700000.0,56.0092524,37.8369694,53.8,2.0,0.5555555555555556,1996.0,resale,flat,cian,"московская область, пушкино, мкр. западный, боголюбская ул., 6",unknown
12736206.0,55.9530954,37.4883556,44.4,2.0,0.13043478260869565,2026.0,new_building,flat,cian,"московская область, долгопрудный, мкр. гранитный, бригантина жилой комплекс, к1",unknown
5800000.0,56.5206136,38.0847362,64.7,2.0,0.8333333333333334,1998.0,resale,flat,cian,"московская область, сергиево-посадский городской округ, шеметово село, новый микрорайон, 64а",unknown
11000000.0,55.7122209,37.3746268,42.0,2.0,0.36363636363636365,,resale,apartments,cian,"московская область, одинцовский городской округ, новоивановское пгт, ул. овражная, 47а",unknown
9719870.0,55.8058952,37.3227861,39.44,2.0,0.36,2028.0,new_building,flat,cian,"московская область, красногорск, ильинойс жилой комплекс",unknown
5800000.0,55.8332591,38.2632019,50.0,2.0,1.0,1977.0,resale,flat,cian,"московская область, богородский городской округ, обухово пгт, ул. ленина, 36",unknown
7200000.0,55.9877569,37.8510197,49.0,2.0,0.7,2002.0,resale,flat,cian,"московская область, пушкино, мкр. кудринка, проезд чапаева, 1",unknown
7124602.0,55.8163553,37.2121257,33.73,2.0,0.21428571428571427,2027.0,new_building,flat,cian,"московская область, красногорск, мкр. опалиха, аникеевский жилой комплекс",unknown
12000000.0,55.9278708,37.7285234,58.9,2.0,0.11764705882352941,2021.0,resale,flat,cian,"московская область, мытищи, просп. астрахова, 5ак4",unknown
5200000.0,55.927548,37.243236,46.3,2.0,1.0,1968.0,resale,flat,cian,"московская область, химки городской округ, санатория мцыри поселок, 2",unknown
11805029.0,55.8985787,37.2765174,57.7,2.0,0.16666666666666666,2028.0,new_building,flat,cian,"московская область, красногорск городской округ, аристово деревня",unknown
7900000.0,55.5882315,37.8941589,52.9,2.0,0.8888888888888888,1988.0,resale,flat,cian,"московская область, лыткарино, 5-й микрорайон, 1-й квартал, 14",unknown
7500000.0,55.871606,37.1063268,44.1,2.0,0.75,1964.0,resale,flat,cian,"московская область, истра муниципальный округ, дедовск, ул. победы, 13",unknown
15134820.0,55.9212299,37.9951111,79.0,2.0,0.95,2023.0,new_building,penthouse,cian,"московская область, щелково, мкр. центральный, советская ул., 60",unknown
12500000.0,55.9591543,37.6805654,54.0,2.0,0.2857142857142857,2020.0,resale,flat,cian,"московская область, мытищи, бул. тенистый, 13",unknown
6800000.0,55.8607347,38.0465327,61.7,2.0,1.0,2016.0,resale,flat,cian,"московская область, щелково городской округ, большие жеребцы деревня, восточный микрорайон, 1к8",unknown
21095478.0,55.9217137,37.8145386,73.0,2.0,0.631578947368421,2024.0,new_building,flat,cian,"московская область, королев, мкр. подлипки, ул. калинина, 11",unknown
12100000.0,55.6755366,37.8754896,48.4,2.0,0.5555555555555556,1986.0,resale,flat,cian,"московская область, люберцы, мкр. городок а, ул. 3-е почтовое отделение, 40",unknown
6800000.0,55.5509161,37.7436277,48.8,2.0,0.75,2013.0,resale,flat,cian,"московская область, видное, видный жилой комплекс, 1",unknown
9643972.0,55.5466391,37.6548489,51.71,2.0,0.5,2027.0,new_building,flat,cian,"московская область, ленинский городской округ, живописный жилой комплекс",unknown
9500000.0,55.5406165,37.7294876,56.8,2.0,0.8823529411764706,2014.0,resale,flat,cian,"московская область, видное, ул. завидная, 19",unknown
9400000.0,55.9466057,37.4995894,44.5,2.0,0.6,1967.0,resale,flat,cian,"московская область, долгопрудный, ул. железнякова, 2а",unknown
12364051.0,55.4237372,37.482807,67.7,2.0,0.5,2027.0,new_building,flat,cian,"московская область, подольск городской округ, докукино деревня, дубровицы клаб жилой комплекс",unknown
13490000.0,55.6896736,37.2020349,48.1,2.0,0.15384615384615385,2023.0,resale,flat,cian,"московская область, одинцовский городской округ, лайково село, город-событие микрорайон, 68",unknown
8200000.0,55.6478734,38.0508712,60.7,2.0,0.7368421052631579,2020.0,resale,flat,cian,"московская область, раменский муниципальный округ, родники пгт, ул. трудовая, 7",unknown
8302500.0,55.603287,36.4854282,67.5,2.0,0.5555555555555556,2023.0,new_building,flat,cian,"московская область, рузский муниципальный округ, тучково пгт, ул. москворецкая, 2к1",unknown
12300000.0,55.5364634,37.635054,57.0,2.0,0.5,2016.0,resale,flat,cian,"московская область, ленинский городской округ, лопатино пгт, ул. сухановская, 4",unknown
4500000.0,55.3657437,38.3977586,51.2,2.0,1.0,1995.0,resale,flat,cian,"московская область, раменский муниципальный округ, старниково деревня, 112б",unknown
11810714.0,55.9864294,37.7221902,66.6,2.0,0.8888888888888888,2026.0,new_building,flat,cian,"московская область, мытищи городской округ, пирогово деревня, пироговская ривьера жилой комплекс",unknown
2600000.0,54.7765901,39.0845075,53.0,2.0,0.8,,resale,flat,cian,"московская область, зарайск муниципальный округ, масловский поселок, ул. центральная",unknown
4950000.0,56.2524422,37.9739996,44.1,2.0,0.6,1965.0,resale,flat,cian,"московская область, сергиево-посадский район, хотьково, ул. калинина, 12",unknown
28425418.0,55.68217964111807,37.40648875377883,59.9,2.0,0.2222222222222222,2025.0,new_building,flat,cian,"московская область, одинцовский городской округ, заречье пгт, ул. торговая, 9",unknown
13850000.0,55.6598287,37.2366543,61.4,2.0,0.16666666666666666,2018.0,resale,flat,cian,"московская область, одинцово, ул. триумфальная, 5б",unknown
9490000.0,55.5307036,37.7231776,58.0,2.0,0.47058823529411764,2020.0,resale,flat,cian,"московская область, ленинский городской округ, сапроново деревня, купелинка микрорайон, центральный квартал, 3",unknown
12737583.0,55.9575449,37.6838719,54.43,2.0,0.9230769230769231,2027.0,new_building,flat,cian,"московская область, мытищи, мкр. 2, 3",unknown
11900000.0,55.6389976,37.8492016,60.6,2.0,0.64,2022.0,resale,flat,cian,"московская область, котельники, новые котельники микрорайон, 10",unknown
6250000.0,55.9734962,37.903318,43.0,2.0,0.6,1966.0,resale,flat,cian,"московская область, пушкинский городской округ, ивантеевка, советский просп., 7",unknown
9350000.0,56.3457531,36.7193745,54.69,2.0,0.8888888888888888,2024.0,new_building,flat,cian,"московская область, клин, майданово микрорайон, 4к2",unknown
9799999.0,55.4431706,37.750816,63.0,2.0,0.08333333333333333,2013.0,resale,flat,cian,"московская область, домодедово, мкр. северный, ул. советская, 50",unknown
6817597.0,55.6397519,37.9468554,32.93,2.0,0.5555555555555556,2029.0,new_building,flat,cian,"московская область, люберцы городской округ, жилино-1 пгт, 2-й квартал, егорово парк жилой комплекс, к3.2",unknown
13609503.0,55.8338409,37.9547306,60.14,2.0,0.84,2026.0,new_building,flat,cian,"московская область, балашиха, ул. яганова, 13",unknown
13230000.0,55.6177384,38.0995,69.9,2.0,0.25,2025.0,resale,flat,cian,"московская область, раменский муниципальный округ, ильинский пгт, ул. театральная, 6в",unknown
8100000.0,56.2430286,37.5000101,66.0,2.0,0.25,2014.0,resale,flat,cian,"московская область, дмитровский муниципальный округ, целеево деревня, ул. пятиречье, 4а",unknown
29205288.0,55.8626436,37.3143563,71.5,2.0,1.0,2026.0,new_building,flat,cian,"московская область, красногорск городской округ, марьино деревня, ул. родниковая, 1",unknown
9350000.0,56.272815,37.571935,85.7,2.0,1.0,2021.0,resale,flat,cian,"московская область, дмитровский муниципальный округ, курово деревня, 111",unknown
18174248.0,55.8659184,37.3279687,61.7,2.0,0.6,2027.0,new_building,flat,cian,"московская область, красногорск городской округ, отрадное пгт, левел лесной жилой комплекс, 26/4",unknown
9500000.0,55.4282931,37.7687207,59.7,2.0,0.3333333333333333,1957.0,resale,flat,cian,"московская область, домодедово, западный микрорайон, ул. 25 лет октября, 19",unknown
11800000.0,55.8833124,37.4279963,55.0,2.0,0.5882352941176471,2001.0,resale,flat,cian,"московская область, химки, мкр. новые химки, ул. бабакина, 2б",unknown
9000000.0,56.3171348,36.7560133,63.13,2.0,0.3333333333333333,2021.0,new_building,flat,cian,"московская область, клин, ул. профсоюзная, 21/32",unknown
26000000.0,55.8952864,37.4649351,67.2,2.0,0.32432432432432434,2019.0,resale,flat,cian,"московская область, химки, мкр. старые химки, ул. кудрявцева, 11",unknown
13000000.0,55.9062109,37.3907707,57.9,2.0,0.36,2008.0,resale,flat,cian,"московская область, химки, мкр. новые химки, молодежная ул., 70",unknown
12535000.0,56.0505059,37.8775177,54.5,2.0,0.29411764705882354,2026.0,new_building,flat,cian,"московская область, пушкино, пушкино град жилой комплекс",unknown
11500000.0,55.561011,37.5979147,47.5,2.0,0.5652173913043478,2025.0,new_building,flat,cian,"московская область, ленинский городской округ, битца поселок, южная битца жилой комплекс, ул. ботаническая, 10",unknown
12500000.0,55.9844139,37.7233756,60.0,2.0,0.6666666666666666,2020.0,resale,flat,cian,"московская область, мытищи городской округ, пирогово деревня, ул. ильинского, 9",unknown
8300000.0,55.8370914,38.4032719,46.6,2.0,0.4117647058823529,2024.0,new_building,flat,cian,"московская область, богородский городской округ, ногинск, ул. юбилейная, 4б",unknown
10250000.0,55.5632971,37.6449943,50.0,2.0,0.8,2023.0,resale,flat,cian,"московская область, ленинский городской округ, живописный жилой комплекс, 4к2",unknown
9790000.0,55.5110778,37.8450419,51.0,2.0,0.5789473684210527,2024.0,resale,flat,cian,"московская область, ленинский городской округ, коробово деревня, ул. взлетная, 2",unknown
10850000.0,56.2441696,37.9811123,57.38,2.0,1.0,2026.0,new_building,flat,cian,"московская область, сергиево-посадский район, хотьково, клевер жилой комплекс",unknown
16500000.0,55.9650846,37.6724866,65.5,2.0,0.6666666666666666,2017.0,resale,flat,cian,"московская область, мытищи, ул. красная слобода, 15",unknown
8044268.0,55.9051633,37.257345,52.42,2.0,0.4444444444444444,2028.0,new_building,flat,cian,"московская область, химки городской округ, юрлово деревня, пятницкие луга жилой комплекс",unknown
8200000.0,55.6047994,36.4908632,57.4,2.0,0.2,2022.0,new_building,flat,cian,"московская область, рузский муниципальный округ, тучково пгт, дружный микрорайон, 15",unknown
11300000.0,55.5985852,37.7702531,57.6,2.0,0.875,2024.0,new_building,flat,cian,"московская область, ленинский городской округ, развилка поселок, проезд римский, 13",unknown
14500000.0,55.9155249,37.4092852,57.3,2.0,0.5555555555555556,2018.0,resale,flat,cian,"московская область, химки, мкр. старые химки, ул. германа титова, 1",unknown
24432930.0,55.7723464,37.2156402,74.7,2.0,0.5,2026.0,new_building,flat,cian,"московская область, красногорск городской округ, рига хиллс жилой комплекс, к1",unknown
2600000.0,54.7105529,38.231336,57.1,2.0,0.75,1978.0,resale,flat,cian,"московская область, кашира городской округ, никулино деревня, ул. новая, 7",unknown
9000000.0,55.8235222,37.9342153,59.0,2.0,1.0,2013.0,resale,flat,cian,"московская область, балашиха, мкр. гагарина, балашихинское ш., 12",unknown
26480000.0,55.9188862,37.7322268,72.92,2.0,0.88,2027.0,new_building,flat,cian,"московская область, мытищи, мкр. 18, страна.парковая жилой комплекс",unknown
12600000.0,54.8860463,38.086372,65.2,2.0,0.9230769230769231,2010.0,resale,flat,cian,"московская область, ступино, ул. тургенева, 9",unknown
8500000.0,55.914339,36.8743211,40.9,2.0,1.0,1990.0,resale,flat,cian,"московская область, истра, рабочая ул., 5",unknown
9151568.0,55.83702437586082,37.92464395253702,51.21,2.0,0.7647058823529411,2027.0,new_building,flat,cian,"московская область, балашиха, ул. дмитриева, 11",unknown
21487805.0,55.6803731,37.2456452,83.3,3.0,0.1,2025.0,new_building,flat,cian,"московская область, одинцово, северная ул., 5к2",unknown
11400000.0,55.7026906,36.7880255,81.2,3.0,0.25,2015.0,resale,flat,cian,"московская область, одинцовский городской округ, звенигород, шихово микрорайон, ул. кирова, 78к5",unknown
11000000.0,55.9188917,37.7591884,56.0,3.0,0.9,1974.0,resale,flat,cian,"московская область, мытищи, мкр. 25, олимпийский просп., 13к4",unknown
21658381.0,55.8822939,37.4135872,76.9,3.0,0.10714285714285714,2029.0,new_building,flat,cian,"московская область, химки, мкр. новые химки, лесная коллекция жилой комплекс, к5",unknown
39900000.0,55.8958687,37.4660331,128.0,3.0,0.7222222222222222,2017.0,resale,flat,cian,"московская область, химки, мкр. старые химки, ул. кудрявцева, 14",unknown
10000000.0,55.9195282,37.7834664,68.6,3.0,0.4,1995.0,resale,flat,cian,"московская область, мытищи, мкр. леонидовка, проезд 2-й щелковский, 13",unknown
12969442.0,55.8338409,37.9547306,69.55,3.0,0.3333333333333333,2026.0,new_building,flat,cian,"московская область, балашиха, 39-й микрорайон, пехра жилой комплекс",unknown
8400000.0,55.569999,38.2371445,72.0,3.0,0.8888888888888888,1975.0,resale,flat,cian,"московская область, раменское, р-н центральный, мкр. центральный, ул. гурьева, 10",unknown
7100000.0,55.8314868,37.9696353,62.3,3.0,0.3,1997.0,resale,flat,cian,"московская область, балашиха, мкр. поле чудес, ул. свердлова, 57",unknown
9927260.0,55.8163553,37.2121257,49.51,3.0,0.42857142857142855,2027.0,new_building,flat,cian,"московская область, красногорск, мкр. опалиха, аникеевский жилой комплекс",unknown
9800000.0,55.6801334,37.2918382,55.0,3.0,0.8888888888888888,1981.0,resale,flat,cian,"московская область, одинцово, мкр. 7-й, можайское ш., 70",unknown
15871889.0,55.8259129,37.1376998,60.3,3.0,0.3333333333333333,2027.0,new_building,flat,cian,"московская область, истра муниципальный округ, лобаново деревня, павлово 3 жилой комплекс, к1",unknown
11800000.0,55.59409314084252,37.757477343569526,69.0,3.0,0.8235294117647058,2024.0,resale,flat,cian,"московская область, ленинский городской округ, развилка поселок, 52к1",unknown
10750000.0,55.7670164,37.857956,60.3,3.0,0.8,1972.0,resale,flat,cian,"московская область, реутов, мкр. северный реутов, советская ул., 12",unknown
13287061.0,55.8058952,37.3227861,56.44,3.0,0.28,2028.0,new_building,flat,cian,"московская область, красногорск, ильинойс жилой комплекс",unknown
18200000.0,55.8092824,37.3235566,56.0,3.0,0.5833333333333334,2024.0,resale,flat,cian,"московская область, красногорск, ул. александровская, 4",unknown
7800000.0,55.7914311,37.9345463,49.2,3.0,0.4444444444444444,1978.0,resale,flat,cian,"московская область, балашиха, мкр. 28-й, первомайская ул., 3",unknown
13030600.0,55.9409479,37.8780239,71.1,3.0,0.875,2027.0,new_building,flat,cian,"московская область, королев, первомайский микрорайон, старые горки дп",unknown
16690000.0,55.7399551,38.0018467,78.0,3.0,0.8823529411764706,2022.0,resale,flat,cian,"московская область, балашиха, мкр. железнодорожный, просп. героев, 12",unknown
5980000.0,55.9151986,37.8649036,54.5,3.0,0.8,1962.0,resale,flat,cian,"московская область, королев, мкр. костино, ул. декабристов, 18",unknown
23881214.0,55.6227266,37.1362553,99.87,3.0,0.3333333333333333,2029.0,new_building,flat,cian,"московская область, одинцовский городской округ, ликино деревня, жк мыс",unknown
8800000.0,55.8018695,37.980223,64.3,3.0,0.75,1960.0,resale,flat,cian,"московская область, балашиха, мкр. балашиха-3, ул. белякова, 3",unknown
13249500.0,55.9212299,37.9951111,80.3,3.0,0.45,2023.0,new_building,penthouse,cian,"московская область, щелково, мкр. центральный, советская ул., 60",unknown
5990000.0,56.1534667,37.8311091,64.4,3.0,1.0,1983.0,resale,flat,cian,"московская область, пушкинский городской округ, нововоронино деревня, софрино-1 микрорайон, 3",unknown
6500000.0,55.6419922,38.087025,54.2,3.0,0.4,1963.0,resale,flat,cian,"московская область, раменский муниципальный округ, быково пгт, ул. щорса, 2",unknown
16060000.0,55.7256297,37.3272255,66.4,3.0,0.7857142857142857,2028.0,new_building,flat,cian,"московская область, одинцовский городской округ, притяжение сити жилой комплекс",unknown
8400000.0,55.7758475,37.1495162,55.4,3.0,1.0,1962.0,resale,flat,cian,"московская область, красногорск городской округ, истра поселок, 16",unknown
13686107.0,55.9575449,37.6838719,68.89,3.0,0.38461538461538464,2027.0,new_building,flat,cian,"московская область, мытищи, мкр. 2, 3",unknown
35500000.0,55.8106569,37.3830194,85.4,3.0,0.7142857142857143,2017.0,resale,flat,cian,"московская область, красногорск, мкр. мякинино, ул. согласия, 19",unknown
5327000.0,55.6061949,37.9775235,42.8,3.0,0.4,,resale,flat,cian,"московская область, люберцы городской округ, октябрьский пгт, ул. новая",unknown
25996752.0,55.9165137,37.7592181,77.91,3.0,0.44,2026.0,new_building,flat,cian,"московская область, мытищи, мкр. 25, шараповский проезд, 4",unknown
21500000.0,55.8699372,37.3998293,82.0,3.0,1.0,2016.0,resale,flat,cian,"московская область, красногорск городской округ, путилково пгт, ул. новотушинская, 3",unknown
6500000.0,55.809272,38.1692851,63.9,3.0,0.4,1973.0,resale,flat,cian,"московская область, богородский городской округ, старая купавна, ул. большая московская, 61",unknown
23257647.0,55.9530954,37.4883556,86.6,3.0,0.17391304347826086,2026.0,new_building,flat,cian,"московская область, долгопрудный, мкр. гранитный, бригантина жилой комплекс, к1",unknown
9600000.0,55.6895846,36.6893638,98.0,3.0,0.5,,resale,apartments,cian,"московская область, одинцовский городской округ, ок жемчужина территория, кз",unknown
16623149.0,55.5466391,37.6548489,67.0,3.0,0.125,2027.0,new_building,flat,cian,"московская область, ленинский городской округ, живописный жилой комплекс",unknown
11300000.0,55.8883309,37.4516403,57.6,3.0,0.4,1964.0,resale,flat,cian,"московская область, химки, мкр. старые химки, ул. кирова, 19",unknown
13350000.0,55.3637229,37.5163733,89.0,3.0,0.8823529411764706,2025.0,new_building,flat,cian,"московская область, подольск, мкр. климовск, ул. советская, 18к1",unknown
9500000.0,55.9272653,37.2011858,77.0,3.0,0.25,1987.0,resale,flat,cian,"московская область, химки городской округ, брехово деревня, 71",unknown
7500000.0,55.5946618,37.0082242,73.2,3.0,1.0,1962.0,resale,flat,cian,"московская область, одинцовский городской округ, нии радио поселок, 3а",unknown
16002072.0,55.6512677,37.1214844,73.8,3.0,0.2,2023.0,new_building,flat,cian,"московская область, одинцовский городской округ, перхушково село, равновесие микрорайон, 10",unknown
6500000.0,55.6390452,38.0532839,42.0,3.0,1.0,1961.0,resale,flat,cian,"московская область, раменский муниципальный округ, удельная пгт, ул. северная, 6к5",unknown
28252968.0,55.6845463,37.3944205,85.4,3.0,0.3333333333333333,2027.0,new_building,flat,cian,"московская область, одинцовский городской округ, заречье пгт, резиденции сколково жилой комплекс",unknown
11350000.0,55.5337767,37.0625824,54.5,3.0,1.0,2022.0,resale,flat,cian,"московская область, наро-фоминский городской округ, апрелевка, ул. ясная, 1к1",unknown
10100000.0,55.8259779,37.9471878,74.0,3.0,0.7058823529411765,2010.0,resale,flat,cian,"московская область, балашиха, мкр. авиаторов, ул. кожедуба, 6",unknown
10176500.0,55.8353019,38.2081597,78.5,3.0,0.8571428571428571,2027.0,new_building,flat,cian,"московская область, щелково городской округ, монино пгт, ул. генерала ковачевича",unknown
35000000.0,55.7485228,37.1599145,264.0,3.0,1.0,2014.0,resale,flat,cian,"московская область, красногорск городской округ, мечниково поселок, 27",unknown
8550000.0,55.8314868,37.9696353,62.9,3.0,0.3,1997.0,resale,flat,cian,"московская область, балашиха, мкр. поле чудес, ул. свердлова, 57",unknown
17182000.0,56.0785203,37.3781115,92.69,3.0,0.8,2027.0,new_building,flat,cian,"московская область, дмитровский муниципальный округ, озерецкое село, дружба квартал",unknown
5500000.0,55.3305115,37.7495451,58.0,3.0,0.5,1974.0,resale,flat,cian,"московская область, домодедово городской округ, долматово село, ул. дорожная, 11",unknown
25215927.0,55.8822939,37.4135872,77.0,3.0,0.14285714285714285,2029.0,new_building,flat,cian,"московская область, химки, мкр. новые химки, лесная коллекция жилой комплекс",unknown
9900000.0,55.7278357,37.9701329,61.4,3.0,0.8888888888888888,1983.0,resale,flat,cian,"московская область, балашиха, мкр. железнодорожный (павлино), павлино микрорайон, 22",unknown
11802657.0,56.04813,37.5472938,64.66,3.0,1.0,2027.0,new_building,flat,cian,"московская область, мытищи городской округ, шолохово деревня, шолохово жилой комплекс, к17",unknown
9500000.0,55.6610223,38.0180755,124.5,3.0,0.6666666666666666,,resale,flat,cian,"московская область, люберцы городской округ, малаховка пгт, ш. касимовское, 7д",unknown
9707207.0,56.005511,37.8090057,72.51,3.0,0.7647058823529411,2025.0,new_building,flat,cian,"московская область, пушкино, мкр. мамонтовка, школьная ул., 28а",unknown
4200000.0,55.003558,37.415548,57.4,3.0,0.6,1974.0,resale,flat,cian,"московская область, серпухов городской округ, васильевское деревня, 16д",unknown
8800000.0,55.8431839,37.9773853,89.0,3.0,0.7,2025.0,resale,flat,cian,"московская область, балашиха, 22а микрорайон, эдельвейс комфорт жилой комплекс, к9",unknown
22646976.0,55.6227266,37.1362553,101.84,3.0,0.5833333333333334,2029.0,new_building,flat,cian,"московская область, одинцовский городской округ, ликино деревня, жк мыс",unknown
10700000.0,55.9469328,37.300707,74.0,3.0,1.0,1958.0,resale,flat,cian,"московская область, химки, мкр. сходня, ул. мичурина, 6",unknown
26048217.0,55.8822939,37.4135872,76.1,3.0,0.2857142857142857,2029.0,new_building,flat,cian,"московская область, химки, мкр. новые химки, лесная коллекция жилой комплекс, к5",unknown
21900000.0,55.8812194,37.4179074,87.0,3.0,0.4,2019.0,resale,flat,cian,"московская область, химки, мкр. новые химки, молодежная ул., 7к1",unknown
7000000.0,55.9296379,37.9928282,54.1,3.0,0.3333333333333333,1975.0,resale,flat,cian,"московская область, щелково, мкр. заречный, комсомольская ул., 7к3",unknown
8000000.0,55.907475,37.982199,54.0,3.0,0.9411764705882353,2018.0,resale,flat,cian,"московская область, щелково, ул. жегаловская, 29",unknown
8600000.0,56.1903811,36.9903398,72.0,3.0,0.6,1988.0,resale,flat,cian,"московская область, солнечногорск, ул. военный городок, 9",unknown
22538239.0,55.6227266,37.1362553,92.55,3.0,0.8333333333333334,2028.0,new_building,flat,cian,"московская область, одинцовский городской округ, ликино деревня, жк мыс, к1",unknown
9300000.0,55.8647103,37.9867668,65.0,3.0,0.6,1995.0,resale,flat,cian,"московская область, щелково городской округ, медвежьи озера деревня, ул. юбилейная, 9",unknown
13000000.0,55.8263215,37.3199792,59.9,3.0,0.6666666666666666,1979.0,resale,flat,cian,"московская область, красногорск, мкр. губайлово, ул. ленина, 5б",unknown
10500000.0,56.0658648,37.3802009,114.6,3.0,1.0,2012.0,resale,flat,cian,"московская область, дмитровский муниципальный округ, озерецкое село, мечта коттеджный поселок, бул. мечта, 6",unknown
6650000.0,55.9034197,38.0648146,54.9,3.0,0.6,1964.0,resale,flat,cian,"московская область, щелково, мкр. щелково-3, ул. институтская, 34",unknown
15932749.0,56.04813,37.5472938,79.9,3.0,1.0,2027.0,new_building,flat,cian,"московская область, мытищи городской округ, шолохово деревня, шолохово жилой комплекс, к17",unknown
7500000.0,56.1267931,37.5130812,73.5,3.0,1.0,,resale,flat,cian,"московская область, дмитровский муниципальный округ, некрасовский пгт, трудовая микрорайон, 9",unknown
9600000.0,55.7273768,37.9774248,60.0,3.0,0.35294117647058826,2014.0,resale,flat,cian,"московская область, балашиха, мкр. новое павлино, ул. троицкая, 2",unknown
20594179.0,55.3878997,36.7447356,105.35,3.0,1.0,2027.0,new_building,flat,cian,"московская область, наро-фоминск, ул. курзенкова, 12",unknown
14300000.0,55.88686,37.41482,69.7,3.0,0.5625,1989.0,resale,flat,cian,"московская область, химки, мкр. новые химки, юбилейный просп., 9/1",unknown
9300000.0,55.9233689,37.8529999,57.9,3.0,0.3333333333333333,1974.0,resale,flat,cian,"московская область, королев, мкр. новые подлипки, ул. сакко и ванцетти, 32",unknown
13162368.0,55.4267372,37.4907836,96.64,3.0,0.5416666666666666,2029.0,new_building,flat,cian,"московская область, подольск, мкр. юбилейный, красногвардейский бул., 33а",unknown
10290000.0,55.6486832,37.8603432,79.3,3.0,0.058823529411764705,2007.0,resale,flat,cian,"московская область, котельники, южный микрорайон, 6",unknown
6990000.0,55.9103846,38.0773397,58.1,3.0,0.5,1975.0,resale,flat,cian,"московская область, щелково, мкр. щелково-3, ул. рудакова, 1ак1",unknown
17060216.0,56.04813,37.5472938,79.9,3.0,1.0,2027.0,new_building,flat,cian,"московская область, мытищи городской округ, шолохово деревня, шолохово жилой комплекс, к16",unknown
7600000.0,55.8058314,38.4634828,70.5,3.0,0.5714285714285714,1988.0,resale,flat,cian,"московская область, электросталь, мкр. восточный, юбилейная ул., 1а",unknown
10300000.0,55.8720695,37.2547513,77.6,3.0,0.5555555555555556,2020.0,resale,flat,cian,"московская область, красногорск городской округ, сабурово пгт, ул. рождественская, 4",unknown
15149639.0,55.3878997,36.7447356,84.27,3.0,0.6,2027.0,new_building,flat,cian,"московская область, наро-фоминск, ул. курзенкова, 12",unknown
5900000.0,56.1876179,36.9892118,55.3,3.0,0.25,1962.0,resale,flat,cian,"московская область, солнечногорск, ул. баранова, 52",unknown
7000000.0,56.1894504,36.9859046,56.2,3.0,1.0,1972.0,resale,flat,cian,"московская область, солнечногорск, ул. баранова, 37",unknown
10293890.0,55.8328069,38.2038546,79.41,3.0,0.42857142857142855,2027.0,new_building,flat,cian,"московская область, щелково городской округ, монино пгт, георгиевский микрорайон",unknown
6250000.0,55.8360348,38.3971895,58.0,3.0,1.0,1966.0,resale,flat,cian,"московская область, богородский городской округ, ногинск, пер. доможировский, 13",unknown
9375743.0,55.9051633,37.257345,78.56,3.0,0.16666666666666666,2028.0,new_building,flat,cian,"московская область, химки городской округ, юрлово деревня, пятницкие луга жилой комплекс",unknown
13499376.0,55.3878997,36.7447356,76.32,3.0,0.11764705882352941,2027.0,new_building,flat,cian,"московская область, наро-фоминск, ул. курзенкова, 12",unknown
20490000.0,55.8295792,37.2354059,70.2,3.0,1.0,2022.0,resale,flat,cian,"московская область, красногорск, мкр. опалиха, бул. серебряный, 1",unknown
12500000.0,55.9496623,37.5098722,67.8,3.0,0.4444444444444444,1976.0,resale,flat,cian,"московская область, долгопрудный, московское ш., 57к1",unknown
23270878.0,55.38619,36.7422696,115.83,3.0,1.0,2025.0,new_building,flat,cian,"московская область, наро-фоминск, ул. володарского, 10",unknown
14100000.0,55.8226043,37.9332781,76.4,3.0,0.3333333333333333,2023.0,resale,flat,cian,"московская область, балашиха, мкр. авиаторов, балашихинское ш., 8к1",unknown
9000000.0,55.9925351,37.8666424,68.3,3.0,0.7777777777777778,1986.0,resale,flat,cian,"московская область, пушкино, мкр. имени инессы арманд, ярославское ш., 4",unknown
19475619.0,55.38619,36.7422696,100.3,3.0,0.2857142857142857,2025.0,new_building,flat,cian,"московская область, наро-фоминск, ул. володарского, 10",unknown
13161500.0,55.792555,37.9321368,84.8,3.0,0.7083333333333334,2022.0,resale,flat,cian,"московская область, балашиха, мкр. 28-й, ул. разина, 1а",unknown
8250000.0,55.7729384,37.2161789,134.0,3.0,1.0,2014.0,resale,apartments,cian,"московская область, красногорск городской округ, ильинское-усово поселок, проезд александра невского, 4",unknown
26766495.0,55.38619,36.7422696,131.18,3.0,1.0,2025.0,new_building,flat,cian,"московская область, наро-фоминск, ул. володарского, 10",unknown
18500000.0,55.7062916,37.8998539,73.6,3.0,0.36,2021.0,resale,flat,cian,"московская область, люберцы, ул. 8 марта, 48",unknown
4150000.0,56.190489,36.817538,64.0,3.0,0.4,1970.0,resale,flat,cian,"московская область, солнечногорск городской округ, ожогино деревня, жилой застройки ожогино квартал, 3",unknown
19390000.0,55.9283747,37.7346909,78.6,3.0,1.0,2025.0,new_building,flat,cian,"московская область, мытищи, 17а микрорайон, новое медведково жилой комплекс",unknown
14200000.0,55.7999822,37.3770144,48.3,3.0,0.7142857142857143,,resale,apartments,cian,"московская область, красногорск, ул. тенистых аллей, 1к1",unknown
8700000.0,54.887982,38.0902582,60.0,3.0,0.5555555555555556,2025.0,new_building,flat,cian,"московская область, ступино, ул. горького, 10",unknown
20921117.0,55.9188917,37.7591884,55.99,3.0,0.8,2026.0,new_building,flat,cian,"московская область, мытищи, мкр. 25, шараповский проезд, 4",unknown
11900000.0,55.6056552,37.9679427,76.5,3.0,0.5625,2005.0,resale,flat,cian,"московская область, люберцы городской округ, октябрьский пгт, ул. 60 лет победы",unknown
10800000.0,55.9393736,37.4740726,72.0,3.0,1.0,2017.0,resale,flat,cian,"московская область, химки, мкр. клязьма-старбеево, международный квартал, ул. загородная, 2",unknown
23438970.0,55.8259129,37.1376998,74.9,3.0,0.6666666666666666,2027.0,new_building,flat,cian,"московская область, истра муниципальный округ, лобаново деревня, павлово 3 жилой комплекс, к4",unknown
14000000.0,55.8720695,37.2547513,92.7,3.0,0.8888888888888888,2022.0,resale,flat,cian,"московская область, красногорск городской округ, сабурово пгт, ул. заречная, 1",unknown
19705464.0,55.8636491,37.1864596,75.3,3.0,0.75,2028.0,new_building,flat,cian,"московская область, красногорск городской округ, нахабино пгт",unknown
33500000.0,55.8161008,37.3729991,106.0,3.0,0.56,2014.0,resale,flat,cian,"московская область, красногорск, мкр. павшинская пойма, бул. красногорский, 18",unknown
9500000.0,55.6896736,37.2020349,68.6,3.0,0.5555555555555556,1985.0,resale,flat,cian,"московская область, власиха поселок, ул. солнечная, 1",unknown
21060000.0,55.9244686,37.7304545,73.0,3.0,1.0,2025.0,new_building,flat,cian,"московская область, мытищи, ул. разведчика абеля, 7",unknown
19500000.0,55.8925184,37.7111854,77.0,3.0,0.6,2012.0,resale,flat,cian,"московская область, мытищи, мкр. перловка, трудовая ул., 22",unknown
7500000.0,55.9875122,37.8450058,60.0,3.0,0.4,1990.0,resale,flat,cian,"московская область, пушкино, мкр. кудринка, мамонтовка микрорайон, ул. горького, 1а",unknown
18287533.0,55.8259129,37.1376998,67.7,3.0,0.3333333333333333,2027.0,new_building,flat,cian,"московская область, истра муниципальный округ, лобаново деревня, павлово 3 жилой комплекс, к1",unknown
7450000.0,55.8923012,38.4850435,68.9,3.0,0.4,1998.0,resale,flat,cian,"московская область, богородский городской округ, ногинск, ул. ильича, 81",unknown
10438000.0,55.9054038,37.7016369,61.4,3.0,0.375,2026.0,new_building,apartments,cian,"московская область, мытищи, мкр. 14, троицкая ул., 3г",unknown
17073000.0,55.9409479,37.8780239,81.3,3.0,0.25,2028.0,new_building,flat,cian,"московская область, королев, первомайский микрорайон, киноквартал жилой комплекс, к1",unknown
12999999.0,55.9864294,37.7221902,98.0,3.0,0.5555555555555556,2020.0,resale,flat,cian,"московская область, мытищи городской округ, пирогово деревня, ул. сурикова, 1",unknown
6300000.0,55.74642107167125,37.85113581562409,74.9,3.0,0.9411764705882353,1991.0,resale,share,cian,"московская область, реутов, мкр. южный реутов, юбилейный просп., 1",unknown
15734235.0,55.5646514,37.0957168,82.5,3.0,0.8888888888888888,2026.0,new_building,flat,cian,"московская область, наро-фоминский городской округ, апрелевка, времена года жилой комплекс, к11",unknown
12393255.0,55.5889793,37.7526,90.1,3.0,0.11764705882352941,2024.0,resale,flat,cian,"московская область, ленинский городской округ, развилка поселок, 33б",unknown
9900000.0,55.9757743,37.6107117,70.0,3.0,0.7777777777777778,1994.0,resale,flat,cian,"московская область, мытищи городской округ, поведники поселок, 10",unknown
13425000.0,55.3637229,37.5163733,89.5,3.0,0.8235294117647058,2025.0,new_building,flat,cian,"московская область, подольск, мкр. климовск, ул. советская, 18к1",unknown
16650000.0,55.923369,37.9860998,90.5,3.0,0.7333333333333333,2012.0,resale,flat,cian,"московская область, щелково, мкр. центральный, ул. шмидта, 9",unknown
8250000.0,55.5544472,36.9732486,62.0,3.0,0.75,1970.0,resale,flat,cian,"московская область, наро-фоминский городской округ, калининец пгт, 246",unknown
14676836.0,55.6512677,37.1214844,62.6,3.0,0.3333333333333333,2026.0,new_building,flat,cian,"московская область, одинцовский городской округ, перхушково село, равновесие микрорайон",unknown
20623000.0,55.9278708,37.7285234,71.4,3.0,0.35294117647058826,2019.0,resale,flat,cian,"московская область, мытищи, просп. астрахова, 5",unknown
10250000.0,55.7631388,37.9639467,83.3,3.0,0.7272727272727273,2019.0,resale,flat,cian,"московская область, балашиха, мкр. кучино, ул. соловьева, 2",unknown
18833869.0,55.91876,37.8397266,81.24,3.0,0.5454545454545454,2028.0,new_building,flat,cian,"московская область, королев, мкр. новые подлипки, поколение первых жилой комплекс",unknown
12500000.0,56.2562348,37.9788815,68.7,3.0,0.2222222222222222,2019.0,resale,flat,cian,"московская область, сергиево-посадский район, хотьково, ул. михеенко, 25к2",unknown
20222438.0,55.6512677,37.1214844,83.6,3.0,0.16666666666666666,2026.0,new_building,flat,cian,"московская область, одинцовский городской округ, перхушково село, равновесие микрорайон",unknown
23100000.0,55.6676352,37.8594854,100.0,3.0,0.6956521739130435,2011.0,resale,flat,cian,"московская область, котельники, ул. строителей, 1",unknown
8200000.0,55.4750037,37.6145277,74.2,3.0,0.14285714285714285,2005.0,resale,flat,cian,"московская область, подольск городской округ, быково поселок, ул. московская, 9",unknown
10391522.0,55.9816844,37.9013894,56.9,3.0,0.5,2026.0,new_building,flat,cian,"московская область, пушкинский городской округ, ивантеевка, западная ивантеевка жилой комплекс",unknown
27000000.0,55.6859877,37.3068398,96.1,3.0,0.625,2014.0,resale,flat,cian,"московская область, одинцово, можайское ш., 122",unknown
7797000.0,55.6606662,37.9818626,59.4,3.0,0.2,1971.0,resale,flat,cian,"московская область, люберцы городской округ, красково пгт, ул. школьная, 9",unknown
16272656.0,55.8636491,37.1864596,65.1,3.0,0.625,2028.0,new_building,flat,cian,"московская область, красногорск городской округ, нахабино пгт",unknown
36200000.0,55.9255542,37.6015878,106.0,3.0,0.14285714285714285,2013.0,resale,flat,cian,"московская область, мытищи городской округ, вешки поселок, новые вешки коттеджный поселок, ул. лиственная, 3",unknown
10500000.0,56.0039599,37.8450684,60.4,3.0,0.3333333333333333,1984.0,resale,flat,cian,"московская область, пушкино, мкр. центральный, ул. 50 лет комсомола, 5",unknown
17779575.0,55.5646514,37.0957168,93.7,3.0,0.1111111111111111,2026.0,new_building,flat,cian,"московская область, наро-фоминский городской округ, апрелевка, времена года жилой комплекс, к11",unknown
23980000.0,55.8386253,37.1744701,92.0,3.0,0.21428571428571427,2018.0,resale,flat,cian,"московская область, красногорск городской округ, нахабино пгт, ул. институтская, 13а",unknown
8500000.0,55.5076889,37.9476565,74.7,3.0,1.0,2009.0,resale,flat,cian,"московская область, ленинский городской округ, володарского поселок, ул. елохова роща, 8",unknown
10020996.0,55.971524,37.896407,70.9,3.0,0.84,2029.0,new_building,flat,cian,"московская область, пушкинский городской округ, ивантеевка, новая ивантеевка жилой комплекс",unknown
15100000.0,55.9243706,37.7511152,79.0,3.0,0.8823529411764706,2014.0,resale,flat,cian,"московская область, мытищи, мкр. 25, ул. белобородова, 2г",unknown
18103000.0,56.0785203,37.3781115,91.93,3.0,0.2,2026.0,new_building,flat,cian,"московская область, дмитровский муниципальный округ, озерецкое село, дружба квартал",unknown
12759708.0,55.8985787,37.2765174,76.0,3.0,0.5833333333333334,2028.0,new_building,flat,cian,"московская область, красногорск городской округ, аристово деревня",unknown
9520000.0,55.6354711,37.0192175,59.5,3.0,0.3333333333333333,2027.0,new_building,flat,cian,"московская область, одинцовский городской округ, большие вяземы пгт, ул. городок-17, вл23с18",unknown
23500000.0,55.8259129,37.1376998,61.5,3.0,0.3333333333333333,2027.0,new_building,flat,cian,"московская область, истра муниципальный округ, лобаново деревня, павлово 3 жилой комплекс, к4",unknown
10300000.0,55.631202,37.8506243,52.8,3.0,1.0,1974.0,resale,flat,cian,"московская область, дзержинский, ул. ленина, 24",unknown
9248000.0,55.6354711,37.0192175,57.8,3.0,1.0,2027.0,new_building,flat,cian,"московская область, одинцовский городской округ, большие вяземы пгт, ул. городок-17, вл23с18",unknown
22500000.0,55.7984398,37.9614988,89.0,3.0,0.8571428571428571,2014.0,resale,flat,cian,"московская область, балашиха, просп. ленина, 32а",unknown
8200000.0,56.7492656,37.2051226,68.0,3.0,0.3333333333333333,1957.0,resale,flat,cian,"московская область, дубна, ленинградская ул., 28",unknown
19411580.0,55.91876,37.8397266,81.22,3.0,0.25,2028.0,new_building,flat,cian,"московская область, королев, мкр. новые подлипки, поколение первых жилой комплекс, 1",unknown
15850000.0,55.8350631,37.2812435,61.0,3.0,0.4,2017.0,resale,flat,cian,"московская область, красногорск, бул. космонавтов, 8",unknown
10517000.0,55.610822,37.965907,78.0,3.0,0.23529411764705882,,resale,flat,cian,"московская область, люберцы городской округ, октябрьский пгт, западный микрорайон",unknown
14580000.0,56.0053308,37.859455,72.0,3.0,0.44,2026.0,new_building,flat,cian,"московская область, пушкино, мкр. центральный, фабрикант жилой комплекс, 1",unknown
9700000.0,55.8643355,37.1202815,68.0,3.0,0.8333333333333334,1996.0,resale,flat,cian,"московская область, истра муниципальный округ, дедовск, ул. победы, 2б",unknown
11000000.0,55.5572649,37.7028767,66.0,3.0,1.0,1988.0,resale,flat,cian,"московская область, видное, ул. лемешко, 8к1",unknown
14683500.0,56.001449,37.870134,75.3,3.0,1.0,2026.0,new_building,flat,cian,"московская область, пушкино, 31-й квартал жилой комплекс",unknown
9990000.0,56.2941139,37.4769952,80.0,3.0,0.8888888888888888,2011.0,resale,flat,cian,"московская область, дмитровский муниципальный округ, яхрома, парковая ул., 8",unknown
8000000.0,55.5660992,38.2704819,86.0,3.0,0.6666666666666666,,resale,flat,cian,"московская область, раменское, ул. загородная, к17",unknown
17156212.0,56.0070255,37.844861,78.2,3.0,0.8928571428571429,2026.0,new_building,flat,cian,"московская область, пушкино, мкр. центральный, писаревская ул.",unknown
11600000.0,55.5329981,37.7266941,81.1,3.0,0.4117647058823529,2024.0,resale,flat,cian,"московская область, ленинский городской округ, сапроново деревня, купелинка микрорайон, центральный квартал, 7",unknown
8100000.0,56.0951015,37.1128759,56.0,3.0,0.6,1974.0,resale,flat,cian,"московская область, солнечногорск городской округ, ложки деревня, центральная ул., 5",unknown
12225319.0,56.001449,37.870134,63.6,3.0,0.5217391304347826,2026.0,new_building,flat,cian,"московская область, пушкино, 31-й квартал жилой комплекс",unknown
11500000.0,56.0131232,37.2212065,63.8,3.0,1.0,1989.0,resale,flat,cian,"московская область, солнечногорск городской округ, ржавки пгт, 18",unknown
12500000.0,55.9435274,37.7705325,49.1,3.0,0.7647058823529411,2023.0,resale,flat,cian,"московская область, мытищи, мкр. олимпийский, пер. 1-й стрелковый, 1",unknown
14388463.0,56.0042317,37.8634893,64.45,3.0,0.32,2028.0,new_building,flat,cian,"московская область, пушкино, мкр. центральный, проезд 2-й фабричный, 6",unknown
11500000.0,55.4715484,37.7041823,82.9,3.0,0.5555555555555556,2015.0,resale,flat,cian,"московская область, домодедово городской округ, домодедово село, бул. строителей, 4",unknown
13200000.0,55.8362692,37.3174983,59.7,3.0,0.4444444444444444,1970.0,resale,flat,cian,"московская область, красногорск, мкр. брусчатый, ул. кирова, 1",unknown
23260132.0,55.68217964111807,37.40648875377883,59.4,3.0,0.2222222222222222,2025.0,new_building,flat,cian,"московская область, одинцовский городской округ, заречье пгт, ул. торговая, 9",unknown
10700000.0,55.628611,37.8529433,56.4,3.0,0.1111111111111111,1975.0,resale,flat,cian,"московская область, дзержинский, ул. ленина, 25",unknown
9407430.0,55.8170384,37.2019703,50.21,3.0,0.3333333333333333,2028.0,new_building,flat,cian,"московская область, красногорск городской округ, николо-урюпино село, ул. полковника глазунова",unknown
20421592.0,55.8659184,37.3279687,78.0,3.0,0.8,2027.0,new_building,flat,cian,"московская область, красногорск городской округ, отрадное пгт, левел лесной жилой комплекс",unknown
8650000.0,56.1701638,36.9511584,62.0,3.0,0.18181818181818182,2024.0,resale,flat,cian,"московская область, солнечногорск, пер. механизаторов, 4к1",unknown
9700000.0,55.4237372,37.482807,60.2,3.0,1.0,2028.0,new_building,flat,cian,"московская область, подольск городской округ, докукино деревня, ул. цветочная",unknown
36925672.0,55.8626436,37.3143563,109.7,3.0,1.0,2026.0,new_building,flat,cian,"московская область, красногорск городской округ, марьино деревня, ул. родниковая, 1",unknown
29999000.0,55.7020127,37.3640461,95.0,3.0,0.44,2016.0,resale,flat,cian,"московская область, одинцовский городской округ, новоивановское пгт, ул. агрохимиков, 15а",unknown
10233720.0,56.0057011,37.8097386,78.68,3.0,0.058823529411764705,2025.0,new_building,flat,cian,"московская область, пушкино, мкр. мамонтовка, школьная ул., 28ак1",unknown
11988780.0,55.8985787,37.2765174,62.6,3.0,0.3333333333333333,2028.0,new_building,flat,cian,"московская область, красногорск городской округ, аристово деревня",unknown
11899998.0,55.6486832,37.8603432,76.3,3.0,0.9411764705882353,2007.0,resale,flat,cian,"московская область, котельники, южный микрорайон, 5б",unknown
4500000.0,55.7921468,38.2555317,65.0,3.0,0.3333333333333333,2010.0,resale,flat,cian,"московская область, богородский городской округ, колонтаево деревня, ул. полевая, 1",unknown
14156800.0,56.0451472,37.8592123,63.2,3.0,0.29411764705882354,2026.0,new_building,flat,cian,"московская область, пушкино, пушкино град жилой комплекс, к2",unknown
7500000.0,54.887982,38.0902582,53.0,3.0,0.8,1965.0,resale,flat,cian,"московская область, ступино, ул. горького, 17",unknown
7500000.0,55.9296379,37.9928282,58.7,3.0,0.5555555555555556,1971.0,resale,flat,cian,"московская область, щелково, мкр. заречный, комсомольская ул., 6",unknown
13558433.0,55.4237372,37.482807,73.9,3.0,1.0,2027.0,new_building,flat,cian,"московская область, подольск городской округ, докукино деревня, дубровицы клаб жилой комплекс",unknown
17500000.0,55.9710274,37.7362615,84.9,3.0,0.5294117647058824,2022.0,resale,flat,cian,"московская область, мытищи городской округ, мебельной фабрики поселок, ул. заречная, 9а",unknown
6600000.0,55.4532721,37.7459979,61.4,3.0,0.2,1976.0,resale,flat,cian,"московская область, домодедово, мкр. северный, ул. 1-я коммунистическая, 36",unknown
20200000.0,55.5321551,37.71934,124.43,3.0,0.17647058823529413,2027.0,new_building,flat,cian,"московская область, ленинский городской округ, сапроново деревня, первый квартал жилой комплекс",unknown
22000000.0,55.9207265,37.856378,120.5,3.0,0.9,1965.0,resale,flat,cian,"московская область, королев, мкр. костино, ул. дзержинского, 8б",unknown
8500000.0,55.5634535,38.0389943,68.6,3.0,0.6,1981.0,resale,flat,cian,"московская область, раменский муниципальный округ, имени тельмана поселок, 23",unknown
27410000.0,55.9188862,37.7322268,77.56,3.0,0.68,2027.0,new_building,flat,cian,"московская область, мытищи, мкр. 18, страна.парковая жилой комплекс",unknown
6400000.0,54.8863769,38.0833984,66.0,3.0,0.2,1954.0,resale,flat,cian,"московская область, ступино, ул. андропова, 30/23",unknown
8990000.0,55.9255742,37.9976544,57.5,3.0,0.6666666666666666,1980.0,resale,flat,cian,"московская область, щелково, мкр. заречный, талсинская ул., 2",unknown
37538600.0,55.9217137,37.8145386,124.3,3.0,0.8947368421052632,2024.0,new_building,flat,cian,"московская область, королев, мкр. подлипки, ул. калинина, 11",unknown
21000000.0,55.9067692,37.3945872,84.3,3.0,0.5652173913043478,2011.0,resale,flat,cian,"московская область, химки, мкр. новые химки, просп. мельникова, 31",unknown
13790000.0,55.9188917,37.7591884,65.2,3.0,0.125,1997.0,resale,flat,cian,"московская область, мытищи, мкр. 25, ул. воровского, 3",unknown
10890000.0,56.2441696,37.9811123,78.51,3.0,0.5555555555555556,2026.0,new_building,flat,cian,"московская область, сергиево-посадский район, хотьково, клевер жилой комплекс",unknown
15000000.0,55.525591,37.5857236,79.5,3.0,0.3333333333333333,2023.0,resale,flat,cian,"московская область, ленинский городской округ, дрожжино пгт, ш. новое, 2к1",unknown
8250000.0,55.5772019,37.9052614,72.4,3.0,0.25,1958.0,resale,flat,cian,"московская область, лыткарино, коммунистическая ул., 60",unknown
24420780.0,55.7723464,37.2156402,104.55,3.0,0.6,2026.0,new_building,flat,cian,"московская область, красногорск городской округ, рига хиллс жилой комплекс, к1",unknown
6700000.0,54.8874297,38.0609082,56.2,3.0,1.0,1977.0,resale,flat,cian,"московская область, ступино, ул. бахарева, 16/73",unknown
8600000.0,55.3990808,37.7710417,72.4,3.0,0.23529411764705882,2016.0,resale,flat,cian,"московская область, домодедово, южный микрорайон, ул. курыжова, 14к2",unknown
14900000.0,55.8370914,38.4032719,78.2,3.0,0.4117647058823529,2024.0,new_building,flat,cian,"московская область, богородский городской округ, ногинск, ул. юбилейная, 4б",unknown
27500000.0,55.814037,37.370199,74.0,3.0,0.24,2013.0,resale,flat,cian,"московская область, красногорск, мкр. павшинская пойма, бул. красногорский, 10",unknown
8750000.0,55.5882315,37.8941589,60.0,3.0,0.8888888888888888,1988.0,resale,flat,cian,"московская область, лыткарино, 5-й микрорайон, 1-й квартал, 19б",unknown
16999302.0,55.5632971,37.6449943,68.95,3.0,0.75,2027.0,new_building,flat,cian,"московская область, ленинский городской округ, живописный жилой комплекс",unknown
19500000.0,55.8765703,37.3132074,58.0,3.0,0.4,2014.0,resale,flat,cian,"московская область, красногорск городской округ, отрадное пгт, ул. пятницкая, 2",unknown
10900000.0,55.8860511,37.4469874,55.0,3.0,0.2,1962.0,resale,flat,cian,"московская область, химки, мкр. старые химки, кольцевая ул., 16",unknown
14053233.0,55.8058952,37.3227861,58.62,3.0,0.64,2028.0,new_building,flat,cian,"московская область, красногорск, ильинойс жилой комплекс",unknown
24000000.0,55.8699372,37.3998293,102.3,3.0,0.47058823529411764,2016.0,resale,flat,cian,"московская область, красногорск городской округ, путилково пгт, ул. новотушинская, 3",unknown
5500000.0,54.9238901,37.4303447,76.1,3.0,0.5,1959.0,resale,flat,cian,"московская область, серпухов, российская ул., 4",unknown
15171980.0,55.9844139,37.7233756,80.4,3.0,0.2222222222222222,2023.0,new_building,flat,cian,"московская область, мытищи городской округ, пирогово деревня, ул. ильинского, 8к1",unknown
17000000.0,55.9033544,37.478506,84.4,3.0,0.9565217391304348,2014.0,resale,flat,cian,"московская область, химки, мкр. левобережный, совхозная ул., 25к2",unknown
9945000.0,55.5950621,38.1226629,73.3,3.0,0.4,1953.0,resale,flat,cian,"московская область, жуковский, мкр. старый город, ул. маяковского, 22",unknown
20957419.0,55.9212299,37.9951111,124.4,3.0,0.75,2023.0,new_building,penthouse,cian,"московская область, щелково, мкр. центральный, советская ул., 60",unknown
4500000.0,55.5254982,37.5882683,75.0,3.0,0.3125,2018.0,resale,share,cian,"московская область, ленинский городской округ, дрожжино пгт, ш. новое, 6к1",unknown
8500000.0,55.4298646,37.4958877,59.6,3.0,0.7777777777777778,1974.0,resale,flat,cian,"московская область, подольск, мкр. юбилейный, красногвардейский бул., 27/2",unknown
11868246.0,55.6397519,37.9468554,72.37,3.0,0.6111111111111112,2029.0,new_building,flat,cian,"московская область, люберцы городской округ, жилино-1 пгт, 2-й квартал, егорово парк жилой комплекс, к3.2",unknown
5200000.0,54.7180075,38.163152,69.0,3.0,1.0,1975.0,resale,flat,cian,"московская область, кашира городской округ, барабаново деревня, ул. ленина, 4",unknown
7300000.0,55.52523,36.970317,56.1,3.0,0.2,1970.0,resale,flat,cian,"московская область, наро-фоминский городской округ, калининец пгт, ул. фабричная, 4",unknown
10539748.0,55.8170384,37.2019703,57.46,3.0,0.16666666666666666,2028.0,new_building,flat,cian,"московская область, красногорск городской округ, николо-урюпино село, ул. полковника глазунова",unknown
22500000.0,55.8332757,37.2529732,100.0,3.0,0.6666666666666666,2008.0,resale,flat,cian,"московская область, красногорск, мкр. опалиха, ул. новая опалиха, 12",unknown
10850000.0,55.6836213,37.2660702,55.4,3.0,1.0,1969.0,resale,flat,cian,"московская область, одинцово, мкр. 3-й, ул. маршала бирюзова, 26",unknown
21456810.0,55.7510694,37.847932,92.67,3.0,0.8,2026.0,new_building,flat,cian,"московская область, реутов, комсомольская ул., 3к2",unknown
18499000.0,55.7019283,37.9107786,87.8,3.0,0.6666666666666666,2018.0,resale,flat,cian,"московская область, люберцы, ул. юности, 3",unknown
9700000.0,55.6605551,37.9172092,56.3,3.0,0.6,1966.0,resale,flat,cian,"московская область, люберцы, октябрьский просп., 405к2",unknown
13900000.0,55.9782419,37.7466501,89.0,3.0,0.1875,2007.0,resale,flat,cian,"московская область, мытищи, мкр. пироговский, поселок пироговский микрорайон, ул. советская, 1а",unknown
5500000.0,54.9122362,37.4331672,43.3,3.0,1.0,1961.0,resale,flat,cian,"московская область, серпухов, ул. ивана болотникова, 11/9",unknown
24018927.0,55.8659184,37.3279687,88.1,3.0,0.9333333333333333,2027.0,new_building,flat,cian,"московская область, красногорск городской округ, отрадное пгт, левел лесной жилой комплекс, 26/3",unknown
14610000.0,56.3278948,38.1518053,99.3,3.0,1.0,2008.0,resale,flat,cian,"московская область, сергиев посад, мкр. северный, просп. красной армии, 218",unknown
5800000.0,54.9342551,37.4611151,62.4,3.0,0.4,1969.0,resale,flat,cian,"московская область, серпухов, текстильная ул., 11",unknown
11548969.0,55.5307036,37.7231776,58.2,3.0,0.17647058823529413,2024.0,new_building,flat,cian,"московская область, ленинский городской округ, сапроново деревня, купелинка микрорайон, центральный квартал, 9",unknown
10900000.0,55.5924415,38.2028536,60.5,3.0,1.0,2009.0,resale,flat,cian,"московская область, раменское, р-н западный, мкр. холодово, коммунистическая ул., 40/2",unknown
6800000.0,55.3774594,37.7659388,57.7,3.0,0.5,1963.0,resale,flat,cian,"московская область, домодедово городской округ, санатория подмосковье поселок, 8",unknown
10524088.0,55.8163357,37.2118065,59.61,3.0,0.16666666666666666,2027.0,new_building,flat,cian,"московская область, красногорск городской округ, николо-урюпино село, ул. полковника глазунова, 8",unknown
21541410.0,55.7510694,37.847932,87.54,3.0,0.92,2026.0,new_building,flat,cian,"московская область, реутов, комсомольская ул., 3к2",unknown
8999000.0,55.7287805,37.9679616,62.8,3.0,0.7777777777777778,1976.0,resale,flat,cian,"московская область, балашиха, мкр. железнодорожный (павлино), павлино микрорайон, 6",unknown
9990000.0,55.1674465,37.4635211,88.2,3.0,0.4583333333333333,2010.0,resale,flat,cian,"московская область, чехов, ул. уездная, 2",unknown
10891285.0,55.8173272,37.206924,54.18,3.0,0.5714285714285714,2026.0,new_building,flat,cian,"московская область, красногорск, мкр. опалиха, ул. береговая, 1",unknown
11900000.0,55.5728333,38.2404921,74.5,3.0,0.375,2023.0,resale,flat,cian,"московская область, раменское, р-н центральный, мкр. 1-й, ул. гурьева, 9а",unknown
5900000.0,56.1534667,37.8311091,69.0,3.0,0.3333333333333333,1983.0,resale,flat,cian,"московская область, пушкинский городской округ, нововоронино деревня, софрино-1 микрорайон, 3",unknown
12750000.0,55.5352628,37.6355407,62.3,3.0,0.8888888888888888,2017.0,resale,flat,cian,"московская область, ленинский городской округ, лопатино пгт, ул. сухановская, 10",unknown
10800000.0,55.9272653,37.2011858,77.9,3.0,0.8235294117647058,2011.0,resale,flat,cian,"московская область, химки городской округ, брехово деревня, школьный микрорайон, к5",unknown
25303451.0,55.8822939,37.4135872,79.9,3.0,0.6071428571428571,2029.0,new_building,flat,cian,"московская область, химки, мкр. новые химки, лесная коллекция жилой комплекс, к1",unknown
14800000.0,55.660671,37.8569958,85.0,3.0,0.17647058823529413,2008.0,resale,flat,cian,"московская область, котельники, проезд 2-й покровский, 4к1",unknown
10500000.0,55.9845372,37.0998817,74.6,3.0,0.29411764705882354,2007.0,resale,flat,cian,"московская область, солнечногорск городской округ, голубое пгт, ул. родниковая, 5",unknown
13500000.0,55.9085722,37.3929833,77.0,3.0,0.72,2008.0,resale,flat,cian,"московская область, химки, мкр. новые химки, молодежная ул., 74",unknown
11226650.0,55.6354711,37.0192175,59.1,3.0,0.1111111111111111,2027.0,new_building,flat,cian,"московская область, одинцовский городской округ, большие вяземы пгт, ул. городок-17, вл23с18",unknown
9885705.0,55.8163357,37.2118065,55.4,3.0,0.16666666666666666,2027.0,new_building,flat,cian,"московская область, красногорск городской округ, николо-урюпино село, ул. полковника глазунова, 8",unknown
22700000.0,55.867942,37.3967949,105.8,3.0,0.45454545454545453,2017.0,resale,flat,cian,"московская область, красногорск городской округ, путилково пгт, ул. новотушинская, 2",unknown
9600000.0,55.9554444,37.4781114,60.0,3.0,1.0,1980.0,resale,flat,cian,"московская область, химки, мкр. клязьма-старбеево, ивакино квартал, 27к2",unknown
14448000.0,56.0505059,37.8775177,64.5,3.0,0.35294117647058826,2026.0,new_building,flat,cian,"московская область, пушкино, пушкино град жилой комплекс",unknown
9800000.0,55.5736692,37.8992367,76.1,3.0,0.058823529411764705,2025.0,resale,flat,cian,"московская область, лыткарино, набережная ул., 4",unknown
13900000.0,55.6569573,37.2004589,83.1,3.0,0.17647058823529413,2007.0,resale,flat,cian,"московская область, одинцовский городской округ, внииссок пгт, ул. рябиновая, 3",unknown
9878629.0,55.8163357,37.2118065,54.21,3.0,0.6666666666666666,2027.0,new_building,flat,cian,"московская область, красногорск городской округ, николо-урюпино село, ул. полковника глазунова, 8",unknown
11400000.0,55.6059964,38.0753785,56.7,3.0,0.6,2021.0,resale,flat,cian,"московская область, жуковский, ул. баженова, 4/2",unknown
8990000.0,55.896928,38.1371734,78.0,3.0,0.8,2012.0,resale,flat,cian,"московская область, лосино-петровский городской округ, свердловский пгт, ул. народного ополчения, 3",unknown
10292809.0,55.8163357,37.2118065,58.3,3.0,0.16666666666666666,2027.0,new_building,flat,cian,"московская область, красногорск городской округ, николо-урюпино село, ул. полковника глазунова, 8",unknown
13940611.0,55.8163357,37.2118065,70.63,4.0,0.8333333333333334,2027.0,new_building,flat,cian,"московская область, красногорск городской округ, николо-урюпино село, ул. полковника глазунова, 8",unknown
12700000.0,55.9108269,37.753644,63.2,4.0,0.2222222222222222,1976.0,resale,flat,cian,"московская область, мытищи, мкр. шараповка, станционная ул., 1к1",unknown
26291935.0,55.8674693,37.3313315,88.0,4.0,0.8,2025.0,new_building,flat,cian,"московская область, красногорск городской округ, отрадное пгт, ул. парковая, 2",unknown
7850000.0,55.7946865,37.9731177,61.2,4.0,1.0,1971.0,resale,flat,cian,"московская область, балашиха, мкр. южный, ул. фадеева, 5",unknown
34526200.0,55.9188862,37.7322268,97.69,4.0,0.6153846153846154,2026.0,new_building,flat,cian,"московская область, мытищи, мкр. 18, страна.парковая жилой комплекс",unknown
4700000.0,55.6712314,38.0026268,193.0,4.0,1.0,2006.0,resale,apartments,cian,"московская область, люберцы городской округ, красково пгт, ул. чехова, 13/2",unknown
19689933.0,55.5662254,37.6902348,95.3,4.0,0.13043478260869565,2028.0,new_building,flat,cian,"московская область, ленинский городской округ, ленинский поселок, первый южный жилой комплекс",unknown
9900000.0,55.9497101,37.8339635,72.2,4.0,1.0,1983.0,resale,flat,cian,"московская область, королев, мкр. текстильщик, фабричная ул., 4",unknown
15812213.0,55.5307036,37.7231776,87.5,4.0,0.6666666666666666,2027.0,new_building,flat,cian,"московская область, ленинский городской округ, сапроново деревня, 1-й донской жилой комплекс",unknown
10200000.0,55.7945291,37.9820348,72.0,4.0,0.6666666666666666,1988.0,resale,flat,cian,"московская область, балашиха, мкр. южный, ул. твардовского, 19",unknown
25251000.0,55.6788291,37.2358498,114.0,4.0,1.0,2024.0,new_building,flat,cian,"московская область, одинцово, микрорайон клубничное поле, 5",unknown
9990000.0,55.717746,36.8263163,88.0,4.0,0.8888888888888888,2015.0,resale,flat,cian,"московская область, одинцовский городской округ, звенигород, проезд ветеранов, 10к3",unknown
8300000.0,55.7465635,37.9675275,63.1,4.0,0.6666666666666666,1970.0,resale,flat,cian,"московская область, балашиха, мкр. железнодорожный (керамик), керамик микрорайон, ул. свободы, 1",unknown
22269836.0,55.5597741,38.2511346,109.6,4.0,0.8,2027.0,new_building,flat,cian,"московская область, раменское, михалевич жилой комплекс",unknown
7200000.0,56.1774829,36.9930936,66.9,4.0,1.0,1971.0,resale,flat,cian,"московская область, солнечногорск, рекинцо микрорайон, 2",unknown
11700000.0,55.9155594,37.7449688,62.2,4.0,0.6,1974.0,resale,flat,cian,"московская область, мытищи, мкр. 18, новомытищинский просп., 12к1",unknown
31836109.0,55.6227266,37.1362553,144.09,4.0,0.3333333333333333,2029.0,new_building,flat,cian,"московская область, одинцовский городской округ, ликино деревня, жк мыс",unknown
10775000.0,55.9629347,37.6672161,117.0,4.0,0.5,2021.0,resale,flat,cian,"московская область, мытищи городской округ, болтино деревня, ул. баздырева, 17",unknown
11000000.0,55.8273494,37.9578993,77.1,4.0,0.3333333333333333,1986.0,resale,flat,cian,"московская область, балашиха, мкр. новый свет, звездная ул., 12",unknown
31469992.0,55.8348613,37.2480404,106.1,4.0,0.16666666666666666,2024.0,new_building,flat,cian,"московская область, красногорск, мкр. опалиха, аллея золотая, 1",unknown
11800000.0,55.7510025,38.0047888,74.0,4.0,0.2222222222222222,1984.0,resale,flat,cian,"московская область, балашиха, мкр. железнодорожный, ул. октябрьская, 11",unknown
25293422.0,55.5597741,38.2511346,128.0,4.0,0.8,2027.0,new_building,flat,cian,"московская область, раменское, михалевич жилой комплекс",unknown
14700000.0,55.5676932,36.9940203,177.5,4.0,0.6666666666666666,,resale,flat,cian,"московская область, одинцовский городской округ, нии радио поселок, 13ж",unknown
7900000.0,55.9113707,36.8723537,60.2,4.0,0.6,1977.0,resale,flat,cian,"московская область, истра, ул. 9-й гвардейской дивизии, 51",unknown
9500000.0,55.7508837,38.0185372,66.0,4.0,0.2222222222222222,1974.0,resale,flat,cian,"московская область, балашиха, мкр. железнодорожный, ул. советская, 16",unknown
18240500.0,55.9519214,37.474118,95.5,4.0,0.35294117647058826,2028.0,new_building,flat,cian,"московская область, химки, мкр. клязьма-старбеево, международный квартал, 1-й химкинский жилой комплекс",unknown
30000000.0,55.7302487,36.8557226,127.4,4.0,0.3333333333333333,2007.0,resale,flat,cian,"московская область, одинцовский городской округ, звенигород, ул. комарова, 17",unknown
9850000.0,55.94927,37.3321,62.8,4.0,1.0,1975.0,resale,flat,cian,"московская область, химки, мкр. подрезково, ул. жаринова, 6",unknown
24890000.0,55.1421704,37.458665,120.0,4.0,0.6666666666666666,2013.0,resale,flat,cian,"московская область, чехов, ул. чехова, 79к1",unknown
7700000.0,55.7910842,37.967433,60.2,4.0,1.0,1967.0,resale,flat,cian,"московская область, балашиха, мкр. южный, ул. карбышева, 13",unknown
24269981.0,55.8659184,37.3279687,93.0,4.0,0.9,2027.0,new_building,flat,cian,"московская область, красногорск городской округ, отрадное пгт, левел лесной жилой комплекс",unknown
19500000.0,55.8058952,37.3227861,187.8,4.0,0.9444444444444444,2006.0,resale,flat,cian,"московская область, красногорск, мкр. южный, бул. южный, 6",unknown
12990000.0,55.9531134,37.3040074,100.0,4.0,0.8333333333333334,2014.0,resale,flat,cian,"московская область, химки, мкр. сходня, ул. папанина, 11",unknown
16721000.0,55.7359985,38.0033709,72.7,4.0,0.6086956521739131,2027.0,new_building,flat,cian,"московская область, балашиха, мкр. железнодорожный, центр-2 микрорайон, 610с2",unknown
12300000.0,56.0111555,37.8242613,78.3,4.0,0.8888888888888888,1988.0,resale,flat,cian,"московская область, пушкино, мкр. западный, ул. льва толстого, 20а",unknown
8800000.0,56.3460669,37.5325494,72.0,4.0,0.7777777777777778,1974.0,resale,flat,cian,"московская область, дмитров, имени а.м. маркова микрорайон, 21",unknown
9900000.0,55.6038198,38.0945625,80.1,4.0,0.2222222222222222,1971.0,resale,flat,cian,"московская область, жуковский, мкр. 2а, молодежная ул., 11",unknown
7200000.0,55.8692631,37.102222,64.0,4.0,1.0,1973.0,resale,flat,cian,"московская область, истра муниципальный округ, дедовск, ул. энергетиков, 18",unknown
25223479.0,55.8659184,37.3279687,95.3,4.0,0.2222222222222222,2027.0,new_building,flat,cian,"московская область, красногорск городской округ, отрадное пгт, левел лесной жилой комплекс",unknown
17899999.0,55.6896736,37.2020349,107.3,4.0,0.8,2023.0,resale,penthouse,cian,"московская область, одинцовский городской округ, лайково село, город-событие микрорайон, 19",unknown
8300000.0,56.0111555,37.8242613,70.1,4.0,0.3333333333333333,1989.0,resale,flat,cian,"московская область, пушкино, мкр. западный, ул. льва толстого, 19",unknown
19527846.0,55.561011,37.5979147,89.0,4.0,0.3181818181818182,2025.0,new_building,flat,cian,"московская область, ленинский городской округ, битца поселок, южная битца жилой комплекс, ул. ботаническая, 10",unknown
11300000.0,55.5572734,36.7037326,86.9,4.0,0.8888888888888888,1997.0,resale,flat,cian,"московская область, кубинка, кубинка-1 городок, к23",unknown
7400000.0,55.7298559,38.0317776,61.0,4.0,0.8,1971.0,resale,flat,cian,"московская область, балашиха, мкр. саввино, ул. 1 мая, 18",unknown
32079808.0,55.6227266,37.1362553,135.71,4.0,0.25,2028.0,new_building,flat,cian,"московская область, одинцовский городской округ, ликино деревня, жк мыс, к1",unknown
33900000.0,55.6838429,37.3855171,129.0,4.0,0.14285714285714285,1996.0,resale,flat,cian,"московская область, одинцовский городской округ, заречье пгт, ул. сосновая, 1ак1",unknown
6100000.0,56.3668468,37.5396741,60.0,4.0,1.0,1974.0,resale,flat,cian,"московская область, дмитров, дзфс микрорайон, 9",unknown
25022866.0,55.8659184,37.3279687,91.3,4.0,0.2222222222222222,2027.0,new_building,flat,cian,"московская область, красногорск городской округ, отрадное пгт, левел лесной жилой комплекс",unknown
10200000.0,55.563107,38.2417935,84.7,4.0,0.6666666666666666,1939.0,resale,flat,cian,"московская область, раменское, р-н центральный, ул. михалевича, 56",unknown
9700000.0,55.6804519,37.8749359,77.9,4.0,1.0,2004.0,resale,apartments,cian,"московская область, люберцы, мкр. городок б, ул. 3-е почтовое отделение, 49к2",unknown
16356012.0,55.8170384,37.2019703,75.49,4.0,0.16666666666666666,2028.0,new_building,flat,cian,"московская область, красногорск городской округ, николо-урюпино село, ул. полковника глазунова",unknown
30000000.0,55.7431192,38.0152698,130.0,4.0,0.47058823529411764,2008.0,resale,flat,cian,"московская область, балашиха, мкр. железнодорожный, ул. юбилейная, 4к5",unknown
10990000.0,55.6814791,37.8913334,75.4,4.0,0.5555555555555556,1986.0,resale,flat,cian,"московская область, люберцы, октябрьский просп., 141",unknown
24813810.0,55.6227266,37.1362553,124.38,4.0,0.16666666666666666,2028.0,new_building,flat,cian,"московская область, одинцовский городской округ, ликино деревня, жк мыс, к2",unknown
12000000.0,55.8973394,37.4127691,63.7,4.0,1.0,1973.0,resale,flat,cian,"московская область, химки, мкр. новые химки, ул. дружбы, 10",unknown
11500000.0,55.4117135,37.8369055,79.0,4.0,0.6666666666666666,2025.0,resale,flat,cian,"московская область, домодедово, мкр. авиационный, ул. жуковского, 4к7",unknown
14450000.0,55.8867898,37.4431385,78.0,4.0,1.0,1952.0,resale,flat,cian,"московская область, химки, мкр. старые химки, ленинградская ул., 7",unknown
16912759.0,55.6512677,37.1214844,78.0,4.0,0.2,2023.0,new_building,flat,cian,"московская область, одинцовский городской округ, перхушково село, равновесие микрорайон, 10",unknown
26450000.0,55.470151,37.5462968,119.5,4.0,0.8571428571428571,2007.0,resale,flat,cian,"московская область, подольск, мкр. силикатная, тепличная ул., 10",unknown
12500000.0,55.9195282,37.7834664,68.1,4.0,0.2222222222222222,1976.0,resale,share,cian,"московская область, мытищи, ул. академика каргина, 36",unknown
31711235.0,55.6227266,37.1362553,139.99,4.0,0.8333333333333334,2028.0,new_building,flat,cian,"московская область, одинцовский городской округ, ликино деревня, жк мыс, к1",unknown
37999000.0,55.6842791,37.1363559,160.0,4.0,0.75,2010.0,resale,flat,cian,"московская область, одинцовский городской округ, солослово деревня, 4",unknown
10500000.0,55.6249701,38.0061619,62.0,4.0,0.6,1975.0,resale,flat,cian,"московская область, люберцы городской округ, малаховка пгт, ш. быковское, 37",unknown
31438661.0,55.68217964111807,37.40648875377883,71.9,4.0,0.2222222222222222,2025.0,new_building,flat,cian,"московская область, одинцовский городской округ, заречье пгт, ул. торговая, 5",unknown
9499999.0,55.3226541,38.6739268,97.0,4.0,0.4,1953.0,resale,flat,cian,"московская область, воскресенск, центральный микрорайон, ул. октябрьская, 1/2",unknown
14706000.0,55.9212299,37.9951111,86.0,4.0,0.6,2023.0,new_building,penthouse,cian,"московская область, щелково, мкр. центральный, советская ул., 60",unknown
13000000.0,55.9018554,37.4537297,88.3,4.0,0.8,1935.0,resale,flat,cian,"московская область, химки, мкр. старые химки, ул. бурденко, 2",unknown
39009832.0,55.6227266,37.1362553,153.8,4.0,1.0,2028.0,new_building,flat,cian,"московская область, одинцовский городской округ, ликино деревня, жк мыс, к1",unknown
16800000.0,55.9393736,37.4740726,115.0,4.0,0.6,2017.0,resale,flat,cian,"московская область, химки, мкр. клязьма-старбеево, международный квартал, ул. загородная, 2",unknown
9200000.0,55.5821526,38.2050222,72.5,4.0,1.0,1996.0,resale,flat,cian,"московская область, раменское, р-н западный, мкр. холодово, ул. левашова, 35",unknown
18760402.0,55.9409479,37.8780239,86.2,4.0,0.5,2028.0,new_building,flat,cian,"московская область, королев, первомайский микрорайон, киноквартал жилой комплекс, к1",unknown
10650000.0,55.7933936,37.962088,73.9,4.0,0.8888888888888888,1970.0,resale,flat,cian,"московская область, балашиха, мкр. южный, ул. пионерская, 1",unknown
22907230.0,55.8672937,37.3307718,87.5,4.0,0.13333333333333333,2027.0,new_building,flat,cian,"московская область, красногорск городской округ, отрадное пгт, левел лесной жилой комплекс, 26/5",unknown
18290000.0,55.908057,37.7053868,92.4,4.0,0.11764705882352941,2008.0,resale,flat,cian,"московская область, мытищи, мкр. 15, ул. сукромка, 26",unknown
8700000.0,56.0006909,37.8595482,62.3,4.0,0.4,1973.0,resale,flat,cian,"московская область, пушкино, мкр. центральный, московский просп., 53",unknown
33268034.0,55.6227266,37.1362553,143.84,4.0,1.0,2028.0,new_building,flat,cian,"московская область, одинцовский городской округ, ликино деревня, жк мыс, к1",unknown
15900000.0,56.3516858,37.528672,137.1,4.0,1.0,2000.0,resale,apartments,cian,"московская область, дмитров, оборонная ул., 7",unknown
15100000.0,55.808742,37.3274941,91.1,4.0,0.52,2020.0,resale,flat,cian,"московская область, красногорск, мкр. южный, заводская ул., 18к3",unknown
33941778.0,55.68217964111807,37.40648875377883,71.9,4.0,0.7777777777777778,2025.0,new_building,flat,cian,"московская область, одинцовский городской округ, заречье пгт, ул. торговая, 7",unknown
9200000.0,56.188808,36.9812457,73.0,4.0,0.4444444444444444,1988.0,resale,flat,cian,"московская область, солнечногорск, банковская ул., 6",unknown
8900000.0,55.5546191,37.0755474,62.6,4.0,0.8,1975.0,resale,flat,cian,"московская область, наро-фоминский городской округ, апрелевка, ул. парковая, 2/4",unknown
19725154.0,55.561011,37.5979147,89.8,4.0,0.45454545454545453,2025.0,new_building,flat,cian,"московская область, ленинский городской округ, битца поселок, южная битца жилой комплекс, ул. ботаническая, 10",unknown
17499000.0,55.8788726,37.3600366,105.0,4.0,1.0,2005.0,resale,flat,cian,"московская область, красногорск городской округ, гаврилково деревня, эдем жилой комплекс, ул. 3-й квартал, 2",unknown
12800000.0,55.6807149,37.2878498,64.0,4.0,0.4444444444444444,1978.0,resale,flat,cian,"московская область, одинцово, мкр. 4-й, можайское ш., 97",unknown
29651542.0,55.6227266,37.1362553,125.35,4.0,0.9090909090909091,2029.0,new_building,flat,cian,"московская область, одинцовский городской округ, ликино деревня, жк мыс",unknown
20000000.0,55.7729384,37.2161789,128.5,4.0,0.5,2014.0,resale,flat,cian,"московская область, красногорск городской округ, ильинское-усово поселок, проезд александра невского, 4",unknown
8800000.0,56.0891327,37.3665913,113.7,4.0,1.0,2012.0,resale,flat,cian,"московская область, дмитровский муниципальный округ, озерецкое село, ул. никольская, 44",unknown
17503730.0,55.5307036,37.7231776,108.2,4.0,0.4166666666666667,2025.0,new_building,flat,cian,"московская область, ленинский городской округ, сапроново деревня, ул. донская, 5",unknown
18900000.0,55.8431839,37.9773853,137.5,4.0,0.7272727272727273,2014.0,resale,flat,cian,"московская область, балашиха, ул. чистопольская, 30",unknown
8000000.0,56.3557005,37.5469028,77.1,4.0,0.8,1990.0,resale,flat,cian,"московская область, дмитров, внуковская ул., 27",unknown
23340407.0,55.8672937,37.3307718,86.7,4.0,0.2,2027.0,new_building,flat,cian,"московская область, красногорск городской округ, отрадное пгт, левел лесной жилой комплекс, 26/5",unknown
10265000.0,55.5754668,38.2367885,92.5,4.0,0.5833333333333334,1989.0,resale,flat,cian,"московская область, раменское, р-н центральный, мкр. 2-й, ул. свободы, 21",unknown
28330655.0,55.6227266,37.1362553,118.89,4.0,0.6666666666666666,2029.0,new_building,flat,cian,"московская область, одинцовский городской округ, ликино деревня, жк мыс",unknown
25300000.0,55.8848592,37.4329461,130.0,4.0,0.72,2009.0,resale,share,cian,"московская область, химки, мкр. новые химки, ул. горшина, 8",unknown
12300000.0,55.79377,37.9731827,87.0,4.0,0.6666666666666666,1983.0,resale,flat,cian,"московская область, балашиха, мкр. южный, ул. некрасова, 5",unknown
35900000.0,55.7071316,37.3794732,108.0,4.0,0.35,2017.0,resale,flat,cian,"московская область, одинцовский городской округ, новоивановское пгт, ш. можайское, 51",unknown
8400000.0,55.9744197,37.9093784,69.2,4.0,0.7777777777777778,1981.0,resale,flat,cian,"московская область, пушкинский городской округ, ивантеевка, ул. дзержинского, 2",unknown
17600000.0,55.7359985,38.0033709,70.4,4.0,0.29411764705882354,2026.0,new_building,flat,cian,"московская область, балашиха, мкр. железнодорожный, центр-2 микрорайон, к411",unknown
18900000.0,55.8264231,37.3666922,103.7,4.0,0.13043478260869565,2005.0,resale,flat,cian,"московская область, красногорск, мкр. павшинская пойма, ул. имени егорова, 5",unknown
11950000.0,55.9205602,37.8243496,66.6,4.0,0.2,1940.0,resale,flat,cian,"московская область, королев, мкр. подлипки, ул. циолковского, 25",unknown
24950000.0,55.7463935,37.8614221,82.9,4.0,0.9333333333333333,2000.0,resale,flat,cian,"московская область, реутов, мкр. южный реутов, носовихинское ш., 11",unknown
8700000.0,55.8445809,38.4088592,74.0,4.0,0.14285714285714285,1993.0,resale,flat,cian,"московская область, богородский городской округ, ногинск, ул. 3-го интернационала, 224",unknown
24050000.0,55.5321551,37.71934,149.69,4.0,0.11764705882352941,2027.0,new_building,flat,cian,"московская область, ленинский городской округ, сапроново деревня, первый квартал жилой комплекс",unknown
9400000.0,55.8003421,37.9564479,62.3,4.0,1.0,1968.0,resale,flat,cian,"московская область, балашиха, мкр. 14-й, ул. быковского, 14",unknown
37931200.0,55.9217137,37.8145386,125.6,4.0,1.0,2024.0,new_building,flat,cian,"московская область, королев, мкр. подлипки, ул. калинина, 11",unknown
19100000.0,55.90415,37.454384,101.0,4.0,1.0,1935.0,resale,flat,cian,"московская область, химки, мкр. старые химки, ул. бурденко, 8/5",unknown
7800000.0,55.4140159,37.8338187,70.0,4.0,0.5555555555555556,1981.0,resale,flat,cian,"московская область, домодедово, мкр. авиационный, просп. академика туполева, 16",unknown
7990000.0,55.4532721,37.7459979,61.4,4.0,0.8,1976.0,resale,flat,cian,"московская область, домодедово, мкр. северный, ул. 1-я коммунистическая, 38",unknown
9000000.0,55.6031985,36.464691,109.0,4.0,0.75,2017.0,resale,flat,cian,"московская область, рузский муниципальный округ, тучково пгт, ул. комсомольская, 14с3",unknown
15492183.0,55.8163553,37.2121257,73.88,4.0,0.8571428571428571,2027.0,new_building,flat,cian,"московская область, красногорск, мкр. опалиха, аникеевский жилой комплекс",unknown
10000000.0,56.0084697,38.3816497,87.6,4.0,0.75,1968.0,resale,flat,cian,"московская область, черноголовка, институтский просп., 8",unknown
19800000.0,55.5322225,37.7197917,107.75,4.0,0.4444444444444444,2027.0,new_building,flat,cian,"московская область, ленинский городской округ, сапроново деревня, первый квартал жилой комплекс",unknown
38000000.0,55.9480524,37.4924165,156.0,4.0,0.2777777777777778,2004.0,resale,flat,cian,"московская область, долгопрудный, лихачевское ш., 14к1",unknown
7400000.0,55.6392757,36.9727868,62.8,4.0,0.8,1978.0,resale,flat,cian,"московская область, одинцовский городской округ, летний отдых поселок, зеленая ул., 8",unknown
36580256.0,55.6227266,37.1362553,156.55,4.0,0.16666666666666666,2028.0,new_building,flat,cian,"московская область, одинцовский городской округ, ликино деревня, жк мыс, к2",unknown
16100000.0,55.8170384,37.2019703,83.7,4.0,0.42857142857142855,2022.0,resale,flat,cian,"московская область, красногорск городской округ, николо-урюпино село, ул. сергея жадобкина, 2к2",unknown
12990000.0,55.7626343,37.9641306,103.0,4.0,0.44,2015.0,resale,flat,cian,"московская область, балашиха, мкр. кучино, ул. брагина, 1",unknown
27738559.0,55.8659184,37.3279687,96.6,4.0,1.0,2027.0,new_building,flat,cian,"московская область, красногорск городской округ, отрадное пгт, левел лесной жилой комплекс",unknown
11900000.0,55.8735163,37.2552187,80.0,4.0,0.875,2022.0,resale,flat,cian,"московская область, красногорск городской округ, сабурово пгт, ул. рождественская, 3",unknown
17927375.0,55.651527,37.1246643,82.7,4.0,0.5,2025.0,new_building,flat,cian,"московская область, одинцовский городской округ, перхушково село, равновесие микрорайон, 5",unknown
9790000.0,55.1495465,37.4836941,102.0,4.0,0.2,1978.0,resale,flat,cian,"московская область, чехов, набережная ул., 5",unknown
35406970.0,55.6227266,37.1362553,140.87,4.0,0.16666666666666666,2028.0,new_building,flat,cian,"московская область, одинцовский городской округ, ликино деревня, жк мыс, к1",unknown
39182000.0,55.6610444,37.0927151,178.1,4.0,0.2,,resale,flat,cian,"московская область, одинцовский городской округ, семенково деревня, азарово северное коттеджный поселок, ул. каштановая, 25",unknown
9300000.0,55.8069135,38.4749536,84.0,4.0,0.14285714285714285,1993.0,resale,flat,cian,"московская область, электросталь, мкр. восточный, юбилейная ул., 13",unknown
23413374.0,55.8659184,37.3279687,87.5,4.0,0.13333333333333333,2027.0,new_building,flat,cian,"московская область, красногорск городской округ, отрадное пгт, левел лесной жилой комплекс, 26/4",unknown
32000000.0,55.6610444,37.0927151,180.0,4.0,0.6666666666666666,,resale,apartments,cian,"московская область, одинцовский городской округ, семенково деревня, азарово северное коттеджный поселок, ул. сиреневая, 6",unknown
3200000.0,55.8918249,37.4468754,81.8,4.0,0.5,1946.0,resale,share,cian,"московская область, химки, мкр. старые химки, московская ул., 22/1",unknown
17871200.0,55.7359985,38.0033709,71.2,4.0,0.8823529411764706,2026.0,new_building,flat,cian,"московская область, балашиха, мкр. железнодорожный, центр-2 микрорайон, к411",unknown
10100000.0,55.3789854,37.5421863,97.9,4.0,1.0,1951.0,resale,flat,cian,"московская область, подольск, мкр. климовск, ул. заводская, 9/1",unknown
31118380.0,55.6227266,37.1362553,111.31,4.0,0.75,2028.0,new_building,flat,cian,"московская область, одинцовский городской округ, ликино деревня, жк мыс, к1",unknown
23800000.0,55.660671,37.8569958,132.0,4.0,0.12,2013.0,resale,flat,cian,"московская область, котельники, проезд 2-й покровский, 6к1",unknown
1300000.0,55.8377541,38.1948682,23.0,4.0,0.25,1935.0,resale,share,cian,"московская область, щелково городской округ, монино пгт, ул. маршала красовского, 4",unknown
24119489.0,55.8659184,37.3279687,86.8,4.0,0.3333333333333333,2027.0,new_building,flat,cian,"московская область, красногорск городской округ, отрадное пгт, левел лесной жилой комплекс, 26/4",unknown
16669999.0,55.7984398,37.9614988,85.9,4.0,0.35714285714285715,2014.0,resale,flat,cian,"московская область, балашиха, просп. ленина, 32а",unknown
20357000.0,55.6788291,37.2358498,92.17,4.0,0.9565217391304348,2027.0,new_building,flat,cian,"московская область, одинцово, микрорайон клубничное поле, одинград квартал семейный жилой комплекс",unknown
7650000.0,56.3327829,37.541804,70.5,4.0,0.4444444444444444,1994.0,resale,flat,cian,"московская область, дмитров, ул. 2-я комсомольская, 15а",unknown
11000000.0,55.8923012,38.4850435,104.4,4.0,0.5,1996.0,resale,flat,cian,"московская область, богородский городской округ, ногинск, ул. ильича, 79",unknown
11000000.0,55.7332656,37.9682834,75.6,4.0,1.0,1974.0,resale,flat,cian,"московская область, балашиха, мкр. железнодорожный (павлино), павлино микрорайон, 2",unknown
21866662.0,55.6512677,37.1214844,81.0,4.0,0.8333333333333334,2025.0,new_building,flat,cian,"московская область, одинцовский городской округ, перхушково село, равновесие микрорайон, 3",unknown
7500000.0,55.9386989,36.7052473,60.8,4.0,1.0,1978.0,resale,flat,cian,"московская область, истра муниципальный округ, глебовский поселок, ул. микрорайон, 4",unknown
11500000.0,56.0039599,37.8450684,75.3,4.0,0.7777777777777778,1984.0,resale,flat,cian,"московская область, пушкино, мкр. центральный, ул. 50 лет комсомола, 5",unknown
24100000.0,55.9212299,37.9951111,181.4,4.0,0.7,2023.0,new_building,penthouse,cian,"московская область, щелково, мкр. центральный, советская ул., 60",unknown
18400000.0,55.7484238,37.8612752,79.0,4.0,0.14285714285714285,1990.0,resale,flat,cian,"московская область, реутов, мкр. южный реутов, юбилейный просп., 24/7",unknown
32857842.0,55.6227266,37.1362553,141.65,4.0,0.5833333333333334,2028.0,new_building,flat,cian,"московская область, одинцовский городской округ, ликино деревня, жк мыс, к1",unknown
15500000.0,55.9116548,37.7536659,75.8,4.0,0.6666666666666666,1989.0,resale,flat,cian,"московская область, мытищи, мкр. шараповка, станционная ул., 3к1",unknown
20993950.0,55.9212299,37.9951111,130.6,4.0,0.7,2023.0,new_building,penthouse,cian,"московская область, щелково, мкр. центральный, советская ул., 60",unknown
12900000.0,55.6578472,37.9252303,84.4,4.0,0.3333333333333333,1982.0,resale,flat,cian,"московская область, люберцы городской округ, томилино пгт, птицефабрика микрорайон, 28",unknown
12800000.0,56.2017654,36.96257,130.0,4.0,0.6666666666666666,2014.0,resale,flat,cian,"московская область, солнечногорск, ул. крылова, 5",unknown
15688693.0,55.8163553,37.2121257,73.04,4.0,0.7857142857142857,2027.0,new_building,flat,cian,"московская область, красногорск, мкр. опалиха, аникеевский жилой комплекс",unknown
24900000.0,55.8079927,37.3248549,154.9,4.0,0.9,1998.0,resale,flat,cian,"московская область, красногорск, мкр. южный, ул. королева, 7",unknown
39520374.0,55.6227266,37.1362553,138.13,4.0,0.4166666666666667,2028.0,new_building,flat,cian,"московская область, одинцовский городской округ, ликино деревня, жк мыс, к2",unknown
19000000.0,55.9495293,37.2915714,90.2,4.0,0.9375,2006.0,resale,flat,cian,"московская область, химки, мкр. сходня, вишневая ул., 14",unknown
12200000.0,55.9837565,37.0992943,100.0,4.0,0.29411764705882354,2008.0,resale,flat,cian,"московская область, солнечногорск городской округ, голубое пгт, 5к1",unknown
17694098.0,55.5307036,37.7231776,100.7,4.0,0.8333333333333334,2025.0,new_building,flat,cian,"московская область, ленинский городской округ, сапроново деревня, ул. донская, 5",unknown
17319600.0,55.6515117,37.1707064,96.2,4.0,0.5,2023.0,new_building,flat,cian,"московская область, одинцовский городской округ, крюково деревня, ул. высокая, 1",unknown
17000000.0,55.8831987,37.4515067,112.8,4.0,0.8,1975.0,resale,flat,cian,"московская область, химки, мкр. старые химки, кольцевая ул., 2",unknown
10000000.0,55.9877569,37.8510197,71.0,4.0,0.9,2002.0,resale,flat,cian,"московская область, пушкино, мкр. кудринка, проезд чапаева, 1",unknown
32206309.0,55.6227266,37.1362553,133.65,4.0,0.8333333333333334,2028.0,new_building,flat,cian,"московская область, одинцовский городской округ, ликино деревня, жк мыс, к1",unknown
13400000.0,55.5869531,37.9009201,78.8,4.0,0.5833333333333334,1979.0,resale,flat,cian,"московская область, лыткарино, 5-й микрорайон, 1-й квартал, 11",unknown
16900000.0,55.90415,37.454384,100.2,4.0,0.4,1935.0,resale,flat,cian,"московская область, химки, мкр. старые химки, ул. бурденко, 8/5",unknown
19571894.0,55.561011,37.5979147,85.1,4.0,0.2727272727272727,2025.0,new_building,flat,cian,"московская область, ленинский городской округ, битца поселок, южная битца жилой комплекс, ул. ботаническая, 10",unknown
10990000.0,55.6054676,38.0930791,74.0,4.0,0.4444444444444444,1968.0,resale,flat,cian,"московская область, жуковский, мкр. 2-й, ул. гагарина, 49",unknown
14600000.0,55.6750258,37.8730326,83.0,4.0,0.6666666666666666,1978.0,resale,flat,cian,"московская область, люберцы, мкр. городок а, ул. 3-е почтовое отделение, 36",unknown
17388800.0,55.7387185,38.0087989,65.4,4.0,0.23529411764705882,2025.0,new_building,flat,cian,"московская область, балашиха, мкр. железнодорожный, ул. поликахина, 6",unknown
30812689.0,55.6227266,37.1362553,130.82,4.0,0.3333333333333333,2028.0,new_building,flat,cian,"московская область, одинцовский городской округ, ликино деревня, жк мыс, к1",unknown
13000000.0,55.6233711,37.8473617,94.6,4.0,1.0,1960.0,resale,flat,cian,"московская область, дзержинский, дзержинская ул., 8",unknown
16626050.0,55.7387185,38.0087989,70.9,4.0,0.29411764705882354,2027.0,new_building,flat,cian,"московская область, балашиха, мкр. железнодорожный, центр-2 микрорайон, к410",unknown
10000000.0,55.5766298,38.2437085,73.2,4.0,1.0,1994.0,resale,flat,cian,"московская область, раменское, р-н центральный, мкр. 1-й, ул. гурьева, 1в",unknown
17560000.0,55.9343842,37.8352194,88.2,4.0,0.8,1970.0,resale,flat,cian,"московская область, королев, мкр. юбилейный, ул. а.и. соколова, 4/1",unknown
17714034.0,55.5307036,37.7231776,109.5,4.0,0.5,2025.0,new_building,flat,cian,"московская область, ленинский городской округ, сапроново деревня, ул. донская, 5",unknown
19000000.0,55.8848592,37.4329461,105.0,4.0,0.43478260869565216,2011.0,resale,flat,cian,"московская область, химки, мкр. новые химки, ул. горшина, 6к1",unknown
11500000.0,55.4422028,37.5638734,75.0,4.0,0.2222222222222222,1976.0,resale,flat,cian,"московская область, подольск, мкр. парковый, ул. ульяновых, 17",unknown
32238497.0,55.6227266,37.1362553,125.88,4.0,1.0,2028.0,new_building,flat,cian,"московская область, одинцовский городской округ, ликино деревня, жк мыс, к2",unknown
10600000.0,55.5911938,38.1292327,78.3,4.0,0.25,1939.0,resale,flat,cian,"московская область, жуковский, мкр. старый город, ул. чкалова, 25",unknown
20500000.0,55.8862558,37.4308128,104.9,4.0,0.34782608695652173,2011.0,resale,flat,cian,"московская область, химки, мкр. новые химки, ул. горшина, 3к2",unknown
10900000.0,55.5725943,38.2334161,91.3,4.0,0.1111111111111111,1988.0,resale,flat,cian,"московская область, раменское, р-н центральный, мкр. центральный, красноармейская ул., 14",unknown
15750800.0,55.7387185,38.0087989,67.6,4.0,0.13636363636363635,2027.0,new_building,flat,cian,"московская область, балашиха, мкр. железнодорожный, центр-2 микрорайон, к410",unknown
9999000.0,55.6967655,37.8945579,62.6,4.0,0.8,1968.0,resale,share,cian,"московская область, люберцы, мкр. северные люберцы, ул. с.п. попова, 8",unknown
31000000.0,55.822066,37.3702611,94.0,4.0,0.9333333333333333,2012.0,resale,flat,cian,"московская область, красногорск, мкр. павшинская пойма, бул. подмосковный, 9",unknown
32486167.0,55.6227266,37.1362553,132.2,4.0,1.0,2028.0,new_building,flat,cian,"московская область, одинцовский городской округ, ликино деревня, жк мыс, к2",unknown
6300000.0,56.2816029,37.4851062,60.5,4.0,0.4,1973.0,resale,flat,cian,"московская область, дмитровский муниципальный округ, яхрома, ул. ленина, 40",unknown
16300000.0,55.83348711891419,37.32377947927795,75.9,4.0,0.7,1996.0,resale,flat,cian,"московская область, красногорск, лесная ул., 9",unknown
21164769.0,55.6512677,37.1214844,78.4,4.0,0.6666666666666666,2025.0,new_building,flat,cian,"московская область, одинцовский городской округ, перхушково село, равновесие микрорайон, 3",unknown
9799000.0,55.5507653,37.0843238,62.0,4.0,0.6,1971.0,resale,flat,cian,"московская область, наро-фоминский городской округ, апрелевка, ул. февральская, 48",unknown
12950000.0,55.9153377,37.8596203,81.0,4.0,1.0,1932.0,resale,flat,cian,"московская область, королев, мкр. костино, ул. дзержинского, 13/2",unknown
18404090.0,55.9409479,37.8780239,88.1,4.0,0.25,2027.0,new_building,flat,cian,"московская область, королев, первомайский микрорайон, старые горки дп",unknown
10500000.0,55.5763167,37.9000157,80.0,4.0,0.16666666666666666,1987.0,resale,flat,cian,"московская область, лыткарино, ул. ленина, 27",unknown
26700000.0,55.8197832,37.3768041,130.1,4.0,0.4,2015.0,resale,flat,cian,"московская область, красногорск, мкр. павшинская пойма, бул. красногорский, 24",unknown
30516005.0,55.6512677,37.1214844,104.3,4.0,1.0,2026.0,new_building,flat,cian,"московская область, одинцовский городской округ, перхушково село, равновесие микрорайон, 1",unknown
14500000.0,55.8847421,37.4146673,66.0,4.0,1.0,1978.0,resale,flat,cian,"московская область, химки, мкр. новые химки, ул. строителей, 5",unknown
17643735.0,55.7387185,38.0087989,65.9,4.0,0.8235294117647058,2025.0,new_building,flat,cian,"московская область, балашиха, мкр. железнодорожный, ул. поликахина, 6",unknown
16800000.0,55.6923539,37.9129778,92.4,4.0,0.23529411764705882,2008.0,resale,flat,cian,"московская область, люберцы, мкр. красная горка, комсомольский просп., 22",unknown
22269492.0,55.5583652,37.6002574,109.1,4.0,0.7727272727272727,2025.0,new_building,flat,cian,"московская область, ленинский городской округ, битца поселок, южная битца жилой комплекс, бул. южный, 8",unknown
26800000.0,55.8674693,37.3313315,99.3,4.0,1.0,2025.0,resale,flat,cian,"московская область, красногорск городской округ, отрадное пгт, ул. парковая, 2",unknown
28000000.0,55.8197832,37.3768041,109.0,4.0,1.0,2015.0,resale,flat,cian,"московская область, красногорск, мкр. павшинская пойма, бул. красногорский, 24",unknown
22055633.0,55.6512677,37.1214844,81.7,4.0,0.8333333333333334,2025.0,new_building,flat,cian,"московская область, одинцовский городской округ, перхушково село, равновесие микрорайон, 3",unknown
21000000.0,55.6532793,37.2661883,110.6,4.0,0.3125,2019.0,resale,flat,cian,"московская область, одинцово, мкр. одинцово-1, ул. рябиновая, 1",unknown
15881400.0,55.7387185,38.0087989,69.2,4.0,0.7647058823529411,2027.0,new_building,flat,cian,"московская область, балашиха, мкр. железнодорожный, центр-2 микрорайон, к410",unknown
9970000.0,55.588654,38.2109458,74.0,4.0,0.6666666666666666,1970.0,resale,flat,cian,"московская область, раменское, р-н западный, мкр. холодово, коммунистическая ул., 7",unknown
21990000.0,55.9134858,37.7125125,101.0,4.0,0.12,2012.0,resale,flat,cian,"московская область, мытищи, мкр. ярославский, юбилейная ул., 16",unknown
32032380.0,55.9188862,37.7322268,92.03,4.0,0.34615384615384615,2026.0,new_building,flat,cian,"московская область, мытищи, мкр. 18, страна.парковая жилой комплекс",unknown
11500000.0,55.9877569,37.8510197,76.0,4.0,0.8,2002.0,resale,flat,cian,"московская область, пушкино, мкр. кудринка, проезд чапаева, 1",unknown
11890000.0,55.8692631,37.102222,74.4,4.0,0.8888888888888888,1991.0,resale,flat,cian,"московская область, истра муниципальный округ, дедовск, ул. энергетиков, 9",unknown
19415825.0,55.651527,37.1246643,81.7,4.0,0.8333333333333334,2025.0,new_building,flat,cian,"московская область, одинцовский городской округ, перхушково село, равновесие микрорайон, 4",unknown
4300000.0,55.66912,37.8753903,68.4,4.0,0.7777777777777778,1969.0,resale,share,cian,"московская область, люберцы, мкр. квартал 115, юбилейная ул., 12",unknown
18500000.0,55.9067692,37.3945872,105.3,4.0,0.25,2011.0,resale,flat,cian,"московская область, химки, мкр. новые химки, просп. мельникова, 29",unknown
16838250.0,55.7387185,38.0087989,71.5,4.0,0.7058823529411765,2027.0,new_building,flat,cian,"московская область, балашиха, мкр. железнодорожный, центр-2 микрорайон, к410",unknown
13950000.0,55.8905027,37.4833715,64.1,4.0,0.6666666666666666,1972.0,resale,flat,cian,"московская область, химки, мкр. левобережный, ул. пожарского, 21",unknown
9499000.0,54.9134569,37.414728,73.0,4.0,1.0,1928.0,resale,flat,cian,"московская область, серпухов, пл. ленина, 10/23",unknown
16346848.0,55.8170384,37.2019703,72.76,4.0,0.3333333333333333,2028.0,new_building,flat,cian,"московская область, красногорск городской округ, николо-урюпино село, ул. полковника глазунова",unknown
25990000.0,55.8341665,37.3201376,113.0,4.0,1.0,2003.0,resale,flat,cian,"московская область, красногорск, мкр. брусчатый, парковая ул., 1г",unknown
10300000.0,55.3844382,36.7237407,83.0,4.0,1.0,1991.0,resale,flat,cian,"московская область, наро-фоминск, ул. маршала г.к. жукова, 8",unknown
17822551.0,55.6512677,37.1214844,78.0,4.0,0.2,2023.0,new_building,flat,cian,"московская область, одинцовский городской округ, перхушково село, равновесие микрорайон, 7",unknown
8675000.0,55.7851947,38.4452453,87.0,4.0,0.4,1958.0,resale,flat,cian,"московская область, электросталь, мкр. центральный, просп. ленина, 47/12",unknown
35900000.0,55.7534283,37.8810103,127.2,4.0,0.68,2014.0,resale,flat,cian,"московская область, реутов, мкр. южный реутов, юбилейный просп., 55",unknown
25466475.0,55.4237372,37.482807,125.5,4.0,1.0,2027.0,new_building,flat,cian,"московская область, подольск городской округ, докукино деревня, дубровицы клаб жилой комплекс",unknown
27500000.0,55.8875857,37.4566976,117.4,4.0,0.68,2014.0,resale,flat,cian,"московская область, химки, мкр. старые химки, ул. ватутина, 4к2",unknown
25000000.0,55.7565505,37.8503836,128.5,4.0,0.72,2019.0,resale,flat,cian,"московская область, реутов, мкр. северный реутов, комсомольская ул., 21к1",unknown
30874300.0,55.9188862,37.7322268,83.53,4.0,0.46153846153846156,2026.0,new_building,flat,cian,"московская область, мытищи, мкр. 18, страна.парковая жилой комплекс",unknown
40000000.0,55.6838429,37.3855171,243.4,4.0,0.75,2002.0,resale,penthouse,cian,"московская область, одинцовский городской округ, сколково деревня, новая ул., 10",unknown
31423000.0,55.6512677,37.1214844,107.4,4.0,1.0,2026.0,new_building,flat,cian,"московская область, одинцовский городской округ, перхушково село, равновесие микрорайон, 1",unknown
10500000.0,55.5816718,38.1425579,87.5,4.0,0.6,1988.0,resale,flat,cian,"московская область, жуковский, мкр. к-1, ул. туполева, 5",unknown
8790000.0,54.8834618,38.0617122,79.3,4.0,0.8,1981.0,resale,flat,cian,"московская область, ступино, ул. чайковского, 33",unknown
30573500.0,55.9188862,37.7322268,78.54,4.0,0.7307692307692307,2026.0,new_building,flat,cian,"московская область, мытищи, мкр. 18, страна.парковая жилой комплекс",unknown
4500000.0,55.6718249,37.8764513,70.1,4.0,0.7777777777777778,1972.0,resale,share,cian,"московская область, люберцы, мкр. квартал 115, московская ул., 14",unknown
7500000.0,55.1661049,37.4298044,94.6,4.0,1.0,1955.0,resale,flat,cian,"московская область, чехов, ул. гагарина, 33",unknown
16435300.0,55.735995,38.0032388,74.2,4.0,0.16,2027.0,new_building,flat,cian,"московская область, балашиха, мкр. железнодорожный, центр-2 микрорайон, 6-й квартал",unknown
6700000.0,55.3900415,39.0250172,91.0,4.0,0.3333333333333333,1978.0,resale,flat,cian,"московская область, егорьевск, советская ул., 8",unknown
16950000.0,55.9088167,37.7030584,92.0,4.0,0.29411764705882354,2007.0,resale,flat,cian,"московская область, мытищи, мкр. 15, ул. борисовка, 4",unknown
19249471.0,55.651527,37.1246643,81.0,4.0,0.5,2025.0,new_building,flat,cian,"московская область, одинцовский городской округ, перхушково село, равновесие микрорайон, 4",unknown
32800000.0,55.6816781,37.8616253,116.0,4.0,0.47058823529411764,1998.0,resale,flat,cian,"московская область, люберцы, мкр. городок б, ул. 3-е почтовое отделение, 96",unknown
13950000.0,55.8431839,37.9773853,100.6,4.0,0.8181818181818182,2014.0,resale,flat,cian,"московская область, балашиха, ул. чистопольская, 30",unknown
26921200.0,55.9212299,37.9951111,181.9,4.0,0.8,2023.0,new_building,penthouse,cian,"московская область, щелково, мкр. центральный, советская ул., 60",unknown
8500000.0,56.3332749,36.7313914,71.0,4.0,0.8888888888888888,1974.0,resale,flat,cian,"московская область, клин, литейная ул., 4",unknown
11490000.0,55.5855912,37.897306,68.2,4.0,1.0,1983.0,resale,flat,cian,"московская область, лыткарино, 5-й микрорайон, 1-й квартал, 7",unknown
31451460.0,55.9188862,37.7322268,93.1,4.0,0.07692307692307693,2026.0,new_building,flat,cian,"московская область, мытищи, мкр. 18, страна.парковая жилой комплекс",unknown
12299000.0,55.7486669,38.1067847,88.4,4.0,0.1111111111111111,1996.0,resale,flat,cian,"московская область, балашиха, мкр. купавна, ул. адмирала кузнецова, 5",unknown
17776852.0,55.651527,37.1246643,77.8,4.0,0.2,2023.0,new_building,flat,cian,"московская область, одинцовский городской округ, перхушково село, равновесие микрорайон, 6",unknown
25000000.0,55.8952085,37.7168678,118.3,4.0,0.11764705882352941,2003.0,resale,flat,cian,"московская область, мытищи, мкр. перловка, ул. 3-я крестьянская, 11",unknown
9300000.0,55.432091,37.493928,74.3,4.0,0.5555555555555556,1970.0,resale,flat,cian,"московская область, подольск, мкр. юбилейный, красногвардейский бул., 23",unknown
16011450.0,55.7359985,38.0033709,66.3,4.0,1.0,2027.0,new_building,flat,cian,"московская область, балашиха, мкр. железнодорожный, центр-2 микрорайон, 610с1",unknown
6451009.0,55.8058952,37.3227861,24.33,0.0,0.4,2028.0,new_building,flat,cian,"московская область, красногорск, ильинойс жилой комплекс",unknown
9500000.0,55.8144123,37.3632662,26.5,0.0,0.13793103448275862,2017.0,resale,flat,cian,"московская область, красногорск, мкр. павшино, ул. авангардная, 5",unknown
6800000.0,55.8348705,37.2716445,27.9,0.0,0.11538461538461539,2014.0,resale,flat,cian,"московская область, красногорск, ул. игоря мерлушкина, 2",unknown
5402671.0,55.83702437586082,37.92464395253702,28.6,0.0,0.11764705882352941,2027.0,new_building,flat,cian,"московская область, балашиха, ул. дмитриева, 11",unknown
8200000.0,55.789581,37.8817989,42.4,0.0,0.3333333333333333,2011.0,resale,flat,cian,"московская область, балашиха, мкр. новое измайлово, ул. ситникова, 6",unknown
7650000.0,55.835584,37.2692012,26.0,0.0,0.56,2014.0,resale,flat,cian,"московская область, красногорск, ул. игоря мерлушкина, 4",unknown
5933050.0,55.9575449,37.6838719,28.17,0.0,0.15384615384615385,2027.0,new_building,flat,cian,"московская область, мытищи, мкр. 2, 3",unknown
6400000.0,55.9736674,37.1001666,34.0,0.0,0.782608695652174,2019.0,resale,flat,cian,"московская область, солнечногорск городской округ, голубое пгт, проезд сургутский, 1к3",unknown
8300000.0,55.835622,37.2813481,25.6,0.0,0.46153846153846156,2017.0,resale,flat,cian,"московская область, красногорск, бул. космонавтов, 11",unknown
7774985.0,55.6803731,37.2456452,36.3,0.0,0.6818181818181818,2025.0,new_building,flat,cian,"московская область, одинцово, северная ул., 5к2",unknown
7000000.0,55.9498726,37.1783862,25.0,0.0,0.5,2022.0,resale,flat,cian,"московская область, химки городской округ, рузино деревня, кутузовский микрорайон, 3к1",unknown
8600000.0,55.9070276,37.726407,32.6,0.0,0.4,2024.0,resale,flat,cian,"московская область, мытищи, мкр. 10, новомытищинский просп., 62к1",unknown
5372400.0,55.9409479,37.8780239,22.2,0.0,0.875,2027.0,new_building,flat,cian,"московская область, королев, первомайский микрорайон, старые горки дп",unknown
9700000.0,55.8193586,37.3657358,22.2,0.0,0.09090909090909091,2008.0,resale,flat,cian,"московская область, красногорск, мкр. павшинская пойма, бул. подмосковный, 2",unknown
8650000.0,55.9134043,37.761868,24.7,0.0,0.28,2025.0,resale,flat,cian,"московская область, мытищи, ул. колонцова, 2бк2",unknown
9314565.0,55.9188917,37.7591884,25.64,0.0,0.76,2026.0,new_building,flat,cian,"московская область, мытищи, мкр. 25, шараповский проезд, 4",unknown
8800000.0,55.9228959,37.4434051,37.8,0.0,0.16666666666666666,2016.0,resale,flat,cian,"московская область, химки, мкр. клязьма-старбеево, ул. озерная, 4",unknown
4000000.0,55.7995744,37.9716253,17.0,0.0,0.5454545454545454,1976.0,resale,flat,cian,"московская область, балашиха, мкр. 24-й, просп. ленина, 36",unknown
7700600.0,55.8259129,37.1376998,27.8,0.0,0.6666666666666666,2027.0,new_building,flat,cian,"московская область, истра муниципальный округ, лобаново деревня, павлово 3 жилой комплекс, к1",unknown
7500000.0,55.8739987,37.3891729,22.0,0.0,0.8461538461538461,2020.0,resale,share,cian,"московская область, красногорск городской округ, путилково пгт, ул. сходненская, 8",unknown
7500000.0,55.8092824,37.3235566,27.0,0.0,0.38095238095238093,2024.0,new_building,flat,cian,"московская область, красногорск, ильинойс жилой комплекс",unknown
5572180.0,55.8338409,37.9547306,23.61,0.0,0.08,2026.0,new_building,flat,cian,"московская область, балашиха, ул. яганова, 13",unknown
9000000.0,55.7509631,37.8829684,25.3,0.0,0.8076923076923077,2019.0,resale,flat,cian,"московская область, реутов, мкр. южный реутов, носовихинское ш., 37",unknown
7000000.0,55.8116683,37.3671734,20.7,0.0,0.6666666666666666,2012.0,resale,flat,cian,"московская область, красногорск, мкр. павшинская пойма, бул. павшинский, 19",unknown
7347826.0,55.6512677,37.1214844,27.8,0.0,0.8,2025.0,new_building,flat,cian,"московская область, одинцовский городской округ, перхушково село, равновесие микрорайон, 11а",unknown
5899999.0,55.9581226,37.6796197,20.0,0.0,0.8571428571428571,2020.0,resale,flat,cian,"московская область, мытищи, бул. тенистый, 6",unknown
8000000.0,55.765612,37.2413667,23.8,0.0,0.75,2024.0,resale,flat,cian,"московская область, красногорск городской округ, глухово деревня, ул. романовская, 17",unknown
7023249.0,55.7256297,37.3272255,28.59,0.0,0.42857142857142855,2028.0,new_building,flat,cian,"московская область, одинцовский городской округ, притяжение сити жилой комплекс",unknown
7000000.0,55.8167225,37.2052212,27.8,0.0,0.8333333333333334,2022.0,resale,flat,cian,"московская область, красногорск городской округ, николо-урюпино село, ул. сергея жадобкина, 6",unknown
5705387.0,55.5466391,37.6548489,28.9,0.0,0.25,2027.0,new_building,flat,cian,"московская область, ленинский городской округ, живописный жилой комплекс",unknown
8900000.0,55.680869,37.9165931,24.0,0.0,0.44,2022.0,resale,flat,cian,"московская область, люберцы, ул. рождественская, 6",unknown
7450000.0,55.6569262,37.8748566,19.6,0.0,0.84,2021.0,resale,flat,cian,"московская область, котельники, парковый микрорайон, 1к20",unknown
6433183.0,55.8163553,37.2121257,22.16,0.0,1.0,2027.0,new_building,flat,cian,"московская область, красногорск, мкр. опалиха, аникеевский жилой комплекс",unknown
5900000.0,55.9629347,37.6672161,25.8,0.0,1.0,2017.0,resale,apartments,cian,"московская область, мытищи, осташковское ш., 22к2",unknown
5050000.0,55.532528,37.717995,21.2,0.0,0.4,2022.0,resale,flat,cian,"московская область, ленинский городской округ, сапроново деревня, ул. западный квартал, 5к2",unknown
10043877.0,55.9530954,37.4883556,33.2,0.0,0.21739130434782608,2026.0,new_building,flat,cian,"московская область, долгопрудный, мкр. гранитный, бригантина жилой комплекс, к1",unknown
7990000.0,55.6896736,37.2020349,22.02,0.0,0.7777777777777778,2024.0,resale,flat,cian,"московская область, одинцовский городской округ, лайково село, город-событие микрорайон, 61",unknown
6850000.0,55.5323224,37.716912,23.5,0.0,1.0,2022.0,resale,flat,cian,"московская область, ленинский городской округ, сапроново деревня, ул. западный квартал, 5к1",unknown
12723203.0,55.6227266,37.1362553,39.41,0.0,0.5833333333333334,2029.0,new_building,flat,cian,"московская область, одинцовский городской округ, ликино деревня, жк мыс",unknown
9200000.0,55.93479999694631,37.62286832008897,25.5,0.0,0.75,2025.0,resale,flat,cian,"московская область, мытищи городской округ, вешки поселок, ул. третьяковская, 1",unknown
9500000.0,55.7563985,37.8858738,29.3,0.0,0.08,2017.0,resale,flat,cian,"московская область, реутов, мкр. южный реутов, ул. октября, 52",unknown
9900000.0,55.9212299,37.9951111,46.6,0.0,0.85,2023.0,new_building,penthouse,cian,"московская область, щелково, мкр. центральный, советская ул., 60",unknown
5600000.0,55.6938229,37.9783281,25.35,0.0,0.75,2027.0,new_building,flat,cian,"московская область, люберцы городской округ, марусино пгт, горки марусино жилой комплекс",unknown
7199999.0,55.5732879,38.1991973,28.0,0.0,0.5,2016.0,resale,flat,cian,"московская область, раменское, р-н залинейный, высоковольтная ул., 23",unknown
8003256.0,55.6803731,37.2456452,37.0,0.0,0.8636363636363636,2025.0,new_building,flat,cian,"московская область, одинцово, северная ул., 5к2",unknown
10750000.0,55.8164359,37.3420177,24.4,0.0,0.7096774193548387,2019.0,resale,flat,cian,"московская область, красногорск, мкр. сгш, ул. большая воскресенская, 1",unknown
11900000.0,55.7122209,37.3746268,57.0,0.0,1.0,,resale,apartments,cian,"московская область, одинцовский городской округ, новоивановское пгт, ул. овражная, 47а",unknown
8665845.0,55.6795242,37.2438944,33.25,0.0,0.7916666666666666,2025.0,new_building,flat,cian,"московская область, одинцово, северная ул., 1",unknown
7300000.0,55.7842516,37.8520849,19.0,0.0,0.8666666666666667,2020.0,resale,flat,cian,"московская область, балашиха, ул. реутовская, 11",unknown
5499999.0,55.696383,38.0122109,34.1,0.0,0.3333333333333333,2015.0,resale,flat,cian,"московская область, люберцы городской округ, мотяково деревня, 65к44",unknown
6708609.0,56.04813,37.5472938,29.18,0.0,1.0,2026.0,new_building,flat,cian,"московская область, мытищи городской округ, шолохово деревня, шолохово жилой комплекс, к14",unknown
8750000.0,55.8153185,37.3516797,28.6,0.0,0.35,2013.0,resale,flat,cian,"московская область, красногорск, мкр. павшино, почтовая ул., 16",unknown
7500000.0,55.9021967,37.2638708,22.5,0.0,0.6666666666666666,2024.0,resale,flat,cian,"московская область, химки городской округ, юрлово деревня, к1/2",unknown
6572573.0,55.3878997,36.7447356,31.89,0.0,0.18181818181818182,2027.0,new_building,flat,cian,"московская область, наро-фоминск, ул. курзенкова, 12",unknown
8450000.0,55.9463946,37.4834039,25.2,0.0,0.4782608695652174,2021.0,resale,flat,cian,"московская область, долгопрудный, мкр. гранитный, парковая ул., 54",unknown
7299000.0,55.8058952,37.3227861,24.3,0.0,0.28,,resale,flat,cian,"московская область, красногорск, ул. александровская, 3",unknown
6563401.0,55.3878997,36.7447356,31.07,0.0,0.8181818181818182,2027.0,new_building,flat,cian,"московская область, наро-фоминск, ул. курзенкова, 12",unknown
8755201.0,55.6795242,37.2438944,34.55,0.0,0.5,2025.0,new_building,flat,cian,"московская область, одинцово, северная ул., 1",unknown
4870000.0,55.5752219,38.2696916,22.4,0.0,0.3333333333333333,2023.0,resale,flat,cian,"московская область, раменское, ул. березовая роща, 11",unknown
6700000.0,55.8768366,37.3912811,20.1,0.0,1.0,2019.0,resale,flat,cian,"московская область, красногорск городской округ, путилково пгт, ул. сходненская, 15",unknown
7301745.0,56.04813,37.5472938,31.54,0.0,0.5,2026.0,new_building,flat,cian,"московская область, мытищи городской округ, шолохово деревня, шолохово жилой комплекс, к14",unknown
7900000.0,55.911758,37.7491391,26.0,0.0,0.5,2000.0,resale,flat,cian,"московская область, мытищи, мкр. шараповка, шараповская ул., 1",unknown
14155154.0,55.6227266,37.1362553,38.23,0.0,0.36363636363636365,2029.0,new_building,flat,cian,"московская область, одинцовский городской округ, ликино деревня, жк мыс",unknown
8800000.0,55.6739,37.859129,21.3,0.0,0.2727272727272727,2022.0,resale,flat,cian,"московская область, котельники, ул. сосновая, 5к1",unknown
6808700.0,56.04813,37.5472938,31.21,0.0,0.75,2027.0,new_building,flat,cian,"московская область, мытищи городской округ, шолохово деревня, шолохово жилой комплекс, к17",unknown
7950000.0,55.7996682,37.373083,20.2,0.0,0.35714285714285715,2026.0,new_building,apartments,cian,"московская область, красногорск, спутник жилой комплекс, 20",unknown
8519810.0,55.8259129,37.1376998,29.9,0.0,0.6666666666666666,2027.0,new_building,flat,cian,"московская область, истра муниципальный округ, лобаново деревня, павлово 3 жилой комплекс, к2",unknown
9500000.0,55.7831301,37.0814544,40.0,0.0,0.6666666666666666,2014.0,resale,flat,cian,"московская область, истра муниципальный округ, ивановское поселок, 89",unknown
3700000.0,55.9062136,37.8511989,24.0,0.0,0.8,1974.0,resale,flat,cian,"московская область, королев, мкр. мичурина, ул. мичурина, 2ак2",unknown
8436309.0,55.9409479,37.8780239,30.5,0.0,0.75,2028.0,new_building,flat,cian,"московская область, королев, первомайский микрорайон, киноквартал жилой комплекс, к1",unknown
5000000.0,55.9768927,37.0947264,29.0,0.0,0.1111111111111111,2020.0,resale,flat,cian,"московская область, солнечногорск городской округ, голубое пгт, бул. парковый, 5",unknown
8459431.0,55.8636491,37.1864596,30.6,0.0,0.25,2028.0,new_building,flat,cian,"московская область, красногорск городской округ, нахабино пгт",unknown
6900000.0,55.8636491,37.1864596,28.3,0.0,0.25,2028.0,new_building,flat,cian,"московская область, красногорск городской округ, нахабино пгт",unknown
7523143.0,55.651527,37.1246643,30.2,0.0,0.5,2025.0,new_building,flat,cian,"московская область, одинцовский городской округ, перхушково село, равновесие микрорайон, 5",unknown
5250000.0,55.8347804,37.9561732,21.1,0.0,0.8,2020.0,resale,flat,cian,"московская область, балашиха, ул. яганова, 9",unknown
7395044.0,55.651527,37.1246643,27.8,0.0,0.6666666666666666,2025.0,new_building,flat,cian,"московская область, одинцовский городской округ, перхушково село, равновесие микрорайон, 4",unknown
4500000.0,55.849054,37.18179,33.5,0.0,1.0,2012.0,resale,apartments,cian,"московская область, красногорск городской округ, нахабино пгт, ул. красноармейская, 4б",unknown
8434800.0,55.8259129,37.1376998,29.7,0.0,1.0,2027.0,new_building,flat,cian,"московская область, истра муниципальный округ, лобаново деревня, павлово 3 жилой комплекс, к1",unknown
9110000.0,55.8164359,37.3420177,23.5,0.0,0.06666666666666667,2019.0,resale,flat,cian,"московская область, красногорск, мкр. сгш, ул. большая воскресенская, 1",unknown
9930320.0,55.9188917,37.7591884,28.21,0.0,0.84,2026.0,new_building,flat,cian,"московская область, мытищи, мкр. 25, шараповский проезд, 4",unknown
7450000.0,55.7737422,37.2337869,19.8,0.0,1.0,2022.0,resale,flat,cian,"московская область, красногорск городской округ, ильинское-усово поселок, ул. заповедная, 14",unknown
4629096.0,55.971524,37.896407,29.6,0.0,0.56,2026.0,new_building,flat,cian,"московская область, пушкинский городской округ, ивантеевка, новая ивантеевка жилой комплекс",unknown
8900000.0,55.7999822,37.3770144,23.7,0.0,0.07142857142857142,2026.0,new_building,apartments,cian,"московская область, красногорск, спутник жилой комплекс, мякинино вне границ территория, 20",unknown
4865400.0,55.971524,37.896407,28.6,0.0,0.9166666666666666,2029.0,new_building,flat,cian,"московская область, пушкинский городской округ, ивантеевка, новая ивантеевка жилой комплекс",unknown
6950000.0,55.9298859,37.8861535,26.0,0.0,0.75,2019.0,resale,flat,cian,"московская область, королев, мкр. болшево, бурковский проезд, 44к3",unknown
7206675.0,55.9409479,37.8780239,25.9,0.0,0.125,2028.0,new_building,flat,cian,"московская область, королев, первомайский микрорайон, киноквартал жилой комплекс, к1",unknown
9300000.0,55.902326,37.6411986,28.0,0.0,0.08,2020.0,resale,flat,cian,"московская область, мытищи городской округ, нагорное поселок, датский квартал жилой комплекс, ул. полковника романова, 5",unknown
7442480.0,55.91876,37.8397266,30.01,0.0,0.7647058823529411,2028.0,new_building,flat,cian,"московская область, королев, мкр. новые подлипки, поколение первых жилой комплекс, 3",unknown
8929966.0,55.8636491,37.1864596,29.3,0.0,0.5,2028.0,new_building,flat,cian,"московская область, красногорск городской округ, нахабино пгт",unknown
8200000.0,55.93479999694631,37.62286832008897,26.1,0.0,0.75,2025.0,resale,flat,cian,"московская область, мытищи городской округ, вешки поселок, ул. третьяковская, 1",unknown
4967514.0,55.6397519,37.9468554,23.3,0.0,0.5,2026.0,new_building,flat,cian,"московская область, люберцы городской округ, жилино-1 пгт, 2-й квартал, егорово парк жилой комплекс, к3.3",unknown
8985900.0,56.0070255,37.844861,37.8,0.0,0.9285714285714286,2026.0,new_building,flat,cian,"московская область, пушкино, мкр. центральный, писаревская ул.",unknown
8400000.0,55.7996682,37.373083,23.8,0.0,0.21428571428571427,2026.0,new_building,apartments,cian,"московская область, красногорск, спутник жилой комплекс, 20",unknown
6000000.0,55.8552991,37.1810456,24.2,0.0,1.0,2019.0,resale,flat,cian,"московская область, красногорск городской округ, нахабино пгт, ул. покровская, 14",unknown
6350684.0,56.0053308,37.859455,32.4,0.0,0.68,2026.0,new_building,flat,cian,"московская область, пушкино, мкр. центральный, фабрикант жилой комплекс, 1",unknown
6700000.0,55.9283747,37.7346909,26.4,0.0,0.16666666666666666,2019.0,resale,flat,cian,"московская область, мытищи, просп. астрахова, 9",unknown
9047988.0,56.0070255,37.844861,40.9,0.0,0.16666666666666666,2026.0,new_building,flat,cian,"московская область, пушкино, мкр. центральный, писаревская ул.",unknown
5000000.0,55.9663601,37.920363,25.5,0.0,0.29411764705882354,2011.0,resale,flat,cian,"московская область, пушкинский городской округ, ивантеевка, рощинская ул., 9",unknown
10000000.0,55.5433961,37.5908229,35.1,0.0,0.88,2013.0,resale,flat,cian,"московская область, ленинский городской округ, бутово пгт, бутово парк жилой комплекс, 29",unknown
11049566.0,55.5641935,37.0931681,57.5,0.0,0.7777777777777778,2026.0,new_building,flat,cian,"московская область, наро-фоминский городской округ, апрелевка, времена года жилой комплекс, к2",unknown
6900000.0,55.7121991,37.3736215,24.8,0.0,0.23529411764705882,2024.0,resale,apartments,cian,"московская область, одинцовский городской округ, новоивановское пгт, ул. западная, 85",unknown
5500000.0,55.6896736,37.2020349,22.35,0.0,0.7777777777777778,2026.0,new_building,flat,cian,"московская область, одинцовский городской округ, лайково село, город-событие микрорайон, рублевский квартал жилой комплекс, к55",unknown
7154500.0,56.001449,37.870134,34.9,0.0,0.9130434782608695,2026.0,new_building,flat,cian,"московская область, пушкино, 31-й квартал жилой комплекс",unknown
7200000.0,55.8170384,37.2019703,27.0,0.0,0.75,2023.0,resale,flat,cian,"московская область, красногорск городской округ, николо-урюпино село, ул. сергея жадобкина, 1",unknown
4400000.0,55.8607347,38.0465327,28.0,0.0,0.2,2016.0,resale,flat,cian,"московская область, щелково городской округ, большие жеребцы деревня, восточный микрорайон, 1к9",unknown
8165000.0,55.91876,37.8397266,32.66,0.0,0.35294117647058826,2028.0,new_building,flat,cian,"московская область, королев, мкр. новые подлипки, поколение первых жилой комплекс, 3",unknown
6800000.0,55.555907,37.81893,28.0,0.0,0.7058823529411765,2022.0,resale,flat,cian,"московская область, ленинский городской округ, мисайлово пгт, пригород лесное микрорайон, ул. луговая, 4",unknown
6940000.0,55.93479999694631,37.62286832008897,27.0,0.0,0.75,2025.0,resale,flat,cian,"московская область, мытищи городской округ, вешки поселок, ул. третьяковская, 1",unknown
5990665.0,55.9816844,37.9013894,30.7,0.0,0.8333333333333334,2026.0,new_building,flat,cian,"московская область, пушкинский городской округ, ивантеевка, западная ивантеевка жилой комплекс",unknown
7000000.0,55.5323224,37.716912,27.8,0.0,0.6666666666666666,2019.0,resale,flat,cian,"московская область, ленинский городской округ, сапроново деревня, ул. калиновая, 1",unknown
5738040.0,55.9808758,37.9101137,30.4,0.0,0.6086956521739131,2025.0,new_building,flat,cian,"московская область, пушкинский городской округ, ивантеевка, ул. прокудина, 6",unknown
5850000.0,55.55753,37.8085292,22.4,0.0,0.6666666666666666,2017.0,resale,flat,cian,"московская область, ленинский городской округ, мисайлово пгт, пригород лесное микрорайон, ш. пригородное, 3",unknown
8625848.0,55.91876,37.8397266,37.52,0.0,0.3125,2028.0,new_building,flat,cian,"московская область, королев, мкр. новые подлипки, поколение первых жилой комплекс, 1",unknown
7000000.0,55.6799545,37.9107124,26.0,0.0,0.18181818181818182,2023.0,resale,apartments,cian,"московская область, люберцы, ул. солнечная, 2",unknown
6850000.0,55.7095182,37.9519218,28.0,0.0,0.35294117647058826,2023.0,resale,apartments,cian,"московская область, люберцы, мкр. люберцы 2015 2018, зенино жк самолет микрорайон, проезд некрасовский, 13",unknown
7834584.0,55.8659184,37.3279687,20.1,0.0,0.4,2027.0,new_building,flat,cian,"московская область, красногорск городской округ, отрадное пгт, левел лесной жилой комплекс, 26/4",unknown
5200000.0,55.7883152,38.1349343,28.0,0.0,1.0,2017.0,resale,flat,cian,"московская область, богородский городской округ, рыбхоз поселок, бисерово-парк микрорайон, 73",unknown
7000000.0,55.7095182,37.9519218,25.0,0.0,0.23529411764705882,2023.0,resale,apartments,cian,"московская область, люберцы, мкр. люберцы 2015 2018, зенино жк самолет микрорайон, проезд некрасовский, 11",unknown
7920000.0,56.0451472,37.8592123,28.8,0.0,0.5882352941176471,2026.0,new_building,flat,cian,"московская область, пушкино, пушкино град жилой комплекс, к2",unknown
6400000.0,55.7231707,37.973578,31.5,0.0,0.5909090909090909,2021.0,resale,flat,cian,"московская область, балашиха, мкр. новое павлино, ш. косинское, 6",unknown
8100000.0,55.8164359,37.3420177,18.5,0.0,0.4,2019.0,resale,flat,cian,"московская область, красногорск, мкр. сгш, ул. большая воскресенская, 1",unknown
12330000.0,55.9188862,37.7322268,31.41,0.0,0.32,2027.0,new_building,flat,cian,"московская область, мытищи, мкр. 18, страна.парковая жилой комплекс",unknown
9650000.0,55.7989459,37.3787096,25.0,0.0,0.7878787878787878,2019.0,resale,apartments,cian,"московская область, красногорск, ул. липовой рощи, 1к2",unknown
5200000.0,55.696383,38.0122109,30.0,0.0,0.5,2015.0,resale,flat,cian,"московская область, люберцы городской округ, мотяково деревня, 65к33",unknown
8958780.0,55.7723464,37.2156402,31.78,0.0,0.9,2026.0,new_building,flat,cian,"московская область, красногорск городской округ, рига хиллс жилой комплекс, к1",unknown
5184000.0,55.6631142,37.9124646,32.4,0.0,0.25,,resale,apartments,cian,"московская область, люберцы, октябрьский просп., 403к12",unknown
6881253.0,55.8985787,37.2765174,29.2,0.0,0.6666666666666666,2028.0,new_building,flat,cian,"московская область, красногорск городской округ, аристово деревня",unknown
4049200.0,55.6631142,37.9124646,19.1,0.0,0.25,,resale,apartments,cian,"московская область, люберцы, октябрьский просп., 403",unknown
4699000.0,55.8342114,37.9238942,23.3,0.0,0.6470588235294118,,resale,flat,cian,"московская область, балашиха, алексеевская роща микрорайон, новая алексеевская роща жилой комплекс, к2",unknown
13486125.0,55.68217964111807,37.40648875377883,27.3,0.0,0.8888888888888888,2025.0,new_building,flat,cian,"московская область, одинцовский городской округ, заречье пгт, ул. торговая, 9",unknown
5100000.0,55.7250181,37.981748,19.9,0.0,0.7727272727272727,2025.0,resale,flat,cian,"московская область, балашиха, мкр. новое павлино, ул. бояринова, 32",unknown
6485600.0,55.679453,37.235088,23.8,0.0,0.56,2022.0,new_building,flat,cian,"московская область, одинцово, микрорайон клубничное поле, 2",unknown
7617997.0,55.7256297,37.3272255,29.75,0.0,0.21428571428571427,2028.0,new_building,flat,cian,"московская область, одинцовский городской округ, притяжение сити жилой комплекс",unknown
4577000.0,55.6631142,37.9124646,14.3,0.0,0.75,,resale,apartments,cian,"московская область, люберцы, октябрьский просп., 403",unknown
6078884.0,55.9844139,37.7233756,27.2,0.0,0.8888888888888888,2023.0,new_building,flat,cian,"московская область, мытищи городской округ, пирогово деревня, ул. ильинского, 8к1",unknown
8700000.0,55.8164359,37.3420177,18.0,0.0,0.9,2019.0,resale,flat,cian,"московская область, красногорск, мкр. сгш, ул. большая воскресенская, 1",unknown
4500000.0,55.8237496,37.8878036,17.95,0.0,0.05263157894736842,2013.0,resale,flat,cian,"московская область, балашиха, мкр. изумрудный, 11",unknown
5977806.0,55.8163553,37.2121257,26.75,0.0,0.5714285714285714,2027.0,new_building,flat,cian,"московская область, красногорск, мкр. опалиха, аникеевский жилой комплекс",unknown
3650000.0,55.6294916,37.2087865,27.0,0.0,0.6666666666666666,,resale,apartments,cian,"московская область, одинцовский городской округ, лесной городок пгт, ул. солмановское поле, 111",unknown
6230000.0,55.9298859,37.8861535,20.6,0.0,0.5,2019.0,resale,flat,cian,"московская область, королев, мкр. болшево, бурковский проезд, 44к2",unknown
4590000.0,56.2441696,37.9811123,33.96,0.0,0.5555555555555556,2026.0,new_building,flat,cian,"московская область, сергиево-посадский район, хотьково, клевер жилой комплекс",unknown
7200000.0,55.6992699,37.9596747,24.7,0.0,0.4117647058823529,2017.0,resale,flat,cian,"московская область, люберцы, мкр. люберцы 2015 2018, зенино жк самолет микрорайон, ул. камова, 12",unknown
4990000.0,55.9298859,37.8861535,20.1,0.0,0.75,2019.0,resale,flat,cian,"московская область, королев, мкр. болшево, бурковский проезд, 44к2",unknown
8167866.0,55.9214378,37.3719228,23.73,0.0,0.6,2026.0,new_building,flat,cian,"московская область, химки, мкр. планерная, химки тайм жилой комплекс, к2",unknown
5299999.0,55.696383,38.0122109,27.0,0.0,0.75,2014.0,resale,flat,cian,"московская область, люберцы городской округ, мотяково деревня, 66к5",unknown
10292669.0,55.9188917,37.7591884,29.08,0.0,0.92,2026.0,new_building,flat,cian,"московская область, мытищи, мкр. 25, шараповский проезд, 4",unknown
5250000.0,55.8065842,38.0906264,32.0,0.0,0.15384615384615385,2016.0,resale,flat,cian,"московская область, богородский городской округ, щемилово деревня, ул. орлова, 26",unknown
6900000.0,55.654891,37.270332,29.5,0.0,0.46153846153846156,2018.0,resale,flat,cian,"московская область, одинцово, мкр. одинцово-1, ул. каштановая, 10",unknown
7859467.0,55.9134043,37.761868,20.8,0.0,0.375,2028.0,new_building,flat,cian,"московская область, мытищи, яуза парк жилой комплекс, к14",unknown
6979500.0,55.6631142,37.9124646,42.3,0.0,0.75,,resale,apartments,cian,"московская область, люберцы, октябрьский просп., 403",unknown
4650000.0,55.9290371,37.1943811,31.0,0.0,0.3333333333333333,2011.0,resale,flat,cian,"московская область, химки городской округ, брехово деревня, ул. зеленая, 3",unknown
7968506.0,55.8672937,37.3307718,21.2,0.0,0.4,2027.0,new_building,flat,cian,"московская область, красногорск городской округ, отрадное пгт, левел лесной жилой комплекс, 26/5",unknown
1700000.0,55.8013475,38.4607886,24.0,0.0,1.0,,resale,apartments,cian,"московская область, электросталь, мкр. восточный, ул. захарченко, 7б",unknown
6500000.0,55.9699894,37.8745924,30.0,0.0,0.75,2015.0,resale,apartments,cian,"московская область, пушкинский городской округ, ивантеевка, голландский квартал микрорайон, 2",unknown
7201471.0,55.9496033,37.1795968,25.8,0.0,0.6666666666666666,2026.0,new_building,flat,cian,"московская область, химки городской округ, рузино деревня, кутузовский микрорайон",unknown
11600000.0,55.8151452,37.3562542,24.4,0.0,0.8,2025.0,resale,flat,cian,"московская область, красногорск, мкр. павшино, ул. молодежная, 6",unknown
4825000.0,55.8342114,37.9238942,20.0,0.0,0.4117647058823529,2025.0,resale,flat,cian,"московская область, балашиха, ул. дмитриева, 3",unknown
5875849.0,55.8241685,37.9424307,23.77,0.0,0.75,2027.0,new_building,flat,cian,"московская область, балашиха, мкр. авиаторов, квартал авиаторов жилой комплекс, к4",unknown
7750000.0,55.679453,37.235088,31.0,0.0,0.6538461538461539,2022.0,resale,flat,cian,"московская область, одинцово, микрорайон клубничное поле, 1",unknown
5200000.0,55.9566066,37.3042791,19.8,0.0,0.25,2026.0,resale,flat,cian,"московская область, химки, мкр. сходня, ул. фрунзе, 30",unknown
5101822.0,55.8338409,37.9547306,26.53,0.0,0.64,2026.0,new_building,flat,cian,"московская область, балашиха, ул. яганова, 13",unknown
10000000.0,55.6963362,37.3228312,28.0,0.0,0.3333333333333333,2018.0,resale,flat,cian,"московская область, одинцово, ул. сколковская, 3а",unknown
3999000.0,55.9651689,37.8476293,25.0,0.0,0.6666666666666666,2014.0,resale,share,cian,"московская область, пушкинский городской округ, тарасовка село, ул. рябиновая, 30",unknown
7938806.0,55.9419992,37.343182,22.1,0.0,0.6875,2027.0,new_building,flat,cian,"московская область, химки, мкр. подрезково, 1-й шереметьевский жилой комплекс, к4",unknown
6900000.0,55.7121991,37.3736215,20.0,0.0,0.4,2022.0,resale,apartments,cian,"московская область, одинцовский городской округ, новоивановское пгт, ул. западная, 85",unknown
8550000.0,55.8164359,37.3420177,18.7,0.0,0.5333333333333333,2019.0,resale,flat,cian,"московская область, красногорск, мкр. сгш, ул. большая воскресенская, 1",unknown
5330112.0,55.8163553,37.2121257,22.86,0.0,0.7142857142857143,2027.0,new_building,flat,cian,"московская область, красногорск, мкр. опалиха, аникеевский жилой комплекс",unknown
4008000.0,55.6631142,37.9124646,16.7,0.0,0.5,,resale,apartments,cian,"московская область, люберцы, октябрьский просп., 403",unknown
8000000.0,55.6986308,37.911045,19.6,0.0,0.391304347826087,2021.0,resale,flat,cian,"московская область, люберцы, ул. весенняя, 4к2",unknown
10191056.0,55.8659184,37.3279687,27.5,0.0,0.9285714285714286,2027.0,new_building,flat,cian,"московская область, красногорск городской округ, отрадное пгт, левел лесной жилой комплекс",unknown
6800000.0,55.5963008,37.7744914,29.8,0.0,0.7222222222222222,2024.0,resale,flat,cian,"московская область, ленинский городской округ, развилка поселок, проезд римский",unknown
6200000.0,55.9435274,37.7705325,23.6,0.0,0.35714285714285715,2023.0,resale,flat,cian,"московская область, мытищи, мкр. олимпийский, пер. 1-й стрелковый, 1",unknown
8867880.0,55.9437112,37.3433186,23.8,0.0,0.35294117647058826,2027.0,new_building,flat,cian,"московская область, химки, мкр. подрезково, 1-й шереметьевский жилой комплекс, к3",unknown
9100000.0,55.8164359,37.3420177,24.5,0.0,0.26666666666666666,2019.0,resale,flat,cian,"московская область, красногорск, мкр. сгш, ул. большая воскресенская, 1",unknown
7500000.0,55.8538139,37.1873863,32.0,0.0,0.75,2017.0,resale,flat,cian,"московская область, красногорск городской округ, нахабино пгт, ул. королева, 13",unknown
8647863.0,55.9129181,37.7564168,21.0,0.0,0.5,2026.0,new_building,flat,cian,"московская область, мытищи, яуза парк жилой комплекс, к6",unknown
3931200.0,55.6631142,37.9124646,12.6,0.0,0.75,,resale,apartments,cian,"московская область, люберцы, октябрьский просп., 403",unknown
7100000.0,55.7020577,37.0271714,37.5,0.0,0.21052631578947367,2016.0,resale,flat,cian,"московская область, одинцовский городской округ, горки-10 поселок, 33к1",unknown
6636288.0,55.9496033,37.1795968,23.5,0.0,0.7777777777777778,2026.0,new_building,flat,cian,"московская область, химки городской округ, рузино деревня, кутузовский микрорайон",unknown
3324750.0,56.0802453,37.0626798,21.45,0.0,0.29411764705882354,2026.0,new_building,flat,cian,"московская область, солнечногорск городской округ, поварово пгт, ул. мехлесхоза, 2",unknown
5269838.0,55.505102,37.7392804,23.3,0.0,0.875,2025.0,new_building,flat,cian,"московская область, ленинский городской округ, калиновка деревня, ул. лесных озер, 9к1",unknown
4250000.0,55.9358726,37.8527117,43.2,0.0,1.0,2024.0,resale,apartments,cian,"московская область, королев, мкр. юбилейный, ул. большая комитетская, 3а",unknown
7867204.0,55.9134043,37.761868,20.8,0.0,0.5416666666666666,2028.0,new_building,flat,cian,"московская область, мытищи, яуза парк жилой комплекс, к15",unknown
6700000.0,55.9812013,37.1287809,25.0,0.0,0.3333333333333333,2021.0,resale,flat,cian,"московская область, солнечногорск городской округ, андреевка пгт, ул. клубная, 38а",unknown
4950000.0,55.726034,37.9682585,19.5,0.0,0.8181818181818182,2025.0,resale,flat,cian,"московская область, балашиха, мкр. новое павлино, ул. романычева, 4",unknown
6536828.0,55.8338409,37.9547306,32.58,0.0,0.44,2026.0,new_building,flat,cian,"московская область, балашиха, ул. яганова, 13",unknown
8390000.0,55.7774782,37.243494,26.0,0.0,0.4,2018.0,resale,flat,cian,"московская область, красногорск городской округ, ильинское-усово поселок, ул. заповедная, 1",unknown
7980264.0,55.651527,37.1246643,30.0,0.0,0.5,2025.0,new_building,flat,cian,"московская область, одинцовский городской округ, перхушково село, равновесие микрорайон, 4",unknown
5950000.0,55.9236811,37.7173117,22.6,0.0,0.125,,resale,apartments,cian,"московская область, мытищи, мкр. 17, ул. колпакова, 44",unknown
5696163.0,55.8163357,37.2118065,30.39,0.0,0.16666666666666666,2027.0,new_building,flat,cian,"московская область, красногорск городской округ, николо-урюпино село, ул. полковника глазунова, 8",unknown
4400000.0,55.973393,37.9295194,24.0,0.0,0.125,2020.0,resale,flat,cian,"московская область, пушкинский городской округ, ивантеевка, хлебозаводская ул., 2",unknown
6968044.0,55.8058952,37.3227861,26.28,0.0,0.64,2028.0,new_building,flat,cian,"московская область, красногорск, ильинойс жилой комплекс",unknown
7200000.0,55.9283747,37.7346909,29.0,0.0,0.8888888888888888,2019.0,resale,flat,cian,"московская область, мытищи, просп. астрахова, 9",unknown
6757420.0,55.8235222,37.9342153,22.28,0.0,0.16666666666666666,2026.0,new_building,flat,cian,"московская область, балашиха, мкр. авиаторов, квартал авиаторов жилой комплекс, к2",unknown
5500000.0,55.9477251,37.2581662,23.5,0.0,0.3333333333333333,,resale,flat,cian,"московская область, химки городской округ, подолино деревня, фирсановка лайф микрорайон, 3",unknown
11055180.0,55.6512677,37.1214844,27.6,0.0,0.3333333333333333,2025.0,new_building,flat,cian,"московская область, одинцовский городской округ, перхушково село, равновесие микрорайон, 3",unknown
8380000.0,55.93479999694631,37.62286832008897,26.0,0.0,0.5,2025.0,resale,flat,cian,"московская область, мытищи городской округ, вешки поселок, ул. третьяковская, 1",unknown
6200000.0,55.9566066,37.3042791,33.2,0.0,0.5,2026.0,resale,flat,cian,"московская область, химки, мкр. сходня, ул. фрунзе, 30",unknown
7200748.0,55.9437112,37.3433186,23.0,0.0,0.8235294117647058,2028.0,new_building,flat,cian,"московская область, химки, мкр. подрезково, 1-й шереметьевский жилой комплекс",unknown
5100000.0,55.9586736,37.6773036,27.9,0.0,0.8571428571428571,2022.0,resale,flat,cian,"московская область, мытищи, бул. тенистый, 9",unknown
4999000.0,55.696383,38.0122109,30.0,0.0,0.75,2015.0,resale,flat,cian,"московская область, люберцы городской округ, мотяково деревня, 65к43",unknown
5875907.0,55.4961213,37.7413155,21.9,0.0,0.1111111111111111,2026.0,new_building,flat,cian,"московская область, домодедово городской округ, ям село, прибрежный парк жилой комплекс, 10.2",unknown
7900000.0,55.9094527,37.7780181,19.7,0.0,0.28,2026.0,resale,flat,cian,"московская область, мытищи, ярославское ш., 120бк1",unknown
6431116.0,55.8338409,37.9547306,23.4,0.0,0.76,2026.0,new_building,flat,cian,"московская область, балашиха, ул. яганова, 13",unknown
4700000.0,55.6004871,37.9880093,22.8,0.0,0.4117647058823529,2023.0,resale,flat,cian,"московская область, люберцы городской округ, островцы деревня, ул. летчика волчкова, 4",unknown
6294566.0,55.8170384,37.2019703,32.0,0.0,0.5,2028.0,new_building,flat,cian,"московская область, красногорск городской округ, николо-урюпино село, ул. полковника глазунова",unknown
6500000.0,55.9435274,37.7705325,24.3,0.0,0.35294117647058826,2023.0,resale,flat,cian,"московская область, мытищи, мкр. олимпийский, пер. 1-й стрелковый, 1",unknown
7251192.0,55.7677166,37.2171524,24.4,0.0,0.3333333333333333,2027.0,new_building,share,cian,"московская область, красногорск городской округ, ильинское-усово поселок, ильинские луга жилой комплекс, 3.5",unknown
9299000.0,55.7533189,37.88454,26.5,0.0,0.68,2013.0,resale,flat,cian,"московская область, реутов, мкр. южный реутов, юбилейный просп., 72",unknown
6697500.0,55.9409479,37.8780239,28.3,0.0,1.0,2026.0,new_building,flat,cian,"московская область, королев, первомайский микрорайон, старые горки дп",unknown
6400000.0,55.6939977,37.3275653,22.6,0.0,0.8125,2025.0,resale,apartments,cian,"московская область, одинцово, мкр. кутузовский, ул. чистяковой, 8к2",unknown
5300000.0,55.8154818,37.3720701,21.0,0.0,0.09523809523809523,2014.0,resale,share,cian,"московская область, красногорск, мкр. павшинская пойма, бул. красногорский, 14",unknown
5689142.0,55.8163553,37.2121257,24.89,0.0,0.7857142857142857,2027.0,new_building,flat,cian,"московская область, красногорск, мкр. опалиха, аникеевский жилой комплекс",unknown
7500000.0,55.765612,37.2413667,23.6,0.0,0.625,,resale,flat,cian,"московская область, красногорск городской округ, глухово деревня, ул. романовская, 21",unknown
5964800.0,55.9054038,37.7016369,25.6,0.0,0.75,2026.0,new_building,apartments,cian,"московская область, мытищи, мкр. 14, троицкая ул., 3г",unknown
6990000.0,55.6939977,37.3275653,24.5,0.0,0.8125,2026.0,new_building,apartments,cian,"московская область, одинцово, мкр. кутузовский, ул. чистяковой, 8к2",unknown
9181130.0,55.7399762,38.0032986,28.9,0.0,0.7647058823529411,2025.0,new_building,flat,cian,"московская область, балашиха, мкр. железнодорожный, ул. поликахина, 4",unknown
8400000.0,55.7729384,37.2161789,30.8,0.0,0.8888888888888888,2023.0,resale,flat,cian,"московская область, красногорск городской округ, ильинское-усово поселок, проезд александра невского, 9",unknown
6202711.0,55.8985787,37.2765174,29.7,0.0,0.16666666666666666,2028.0,new_building,flat,cian,"московская область, красногорск городской округ, аристово деревня",unknown
6444900.0,55.9409479,37.8780239,27.9,0.0,0.375,2028.0,new_building,flat,cian,"московская область, королев, первомайский микрорайон, киноквартал жилой комплекс, к1",unknown
8000000.0,55.7121991,37.3736215,25.0,0.0,0.47058823529411764,,resale,apartments,cian,"московская область, одинцовский городской округ, новоивановское пгт, ул. западная, 85",unknown
6117373.0,55.5307036,37.7231776,24.2,0.0,0.11764705882352941,2024.0,new_building,flat,cian,"московская область, ленинский городской округ, сапроново деревня, купелинка микрорайон, центральный квартал, 9",unknown
5900000.0,55.9581226,37.6796197,20.0,0.0,0.8571428571428571,2020.0,resale,flat,cian,"московская область, мытищи, бул. тенистый, 6",unknown
4700000.0,55.6424599,37.8567469,21.0,0.0,0.16,2026.0,new_building,flat,cian,"московская область, котельники, новые котельники микрорайон, 11",unknown
6645484.0,55.8173272,37.206924,29.27,0.0,0.35714285714285715,2026.0,new_building,flat,cian,"московская область, красногорск, мкр. опалиха, ул. береговая, 1",unknown
7450000.0,55.7675841,37.2403983,22.2,0.0,0.625,2021.0,resale,flat,cian,"московская область, красногорск городской округ, глухово деревня, ул. романовская, 15",unknown
5800000.0,55.8401374,37.236169,21.8,0.0,0.7777777777777778,2014.0,resale,flat,cian,"московская область, красногорск, ул. соловьиная, 4",unknown
6888000.0,55.7387185,38.0087989,24.6,0.0,0.29411764705882354,2027.0,new_building,flat,cian,"московская область, балашиха, мкр. железнодорожный, центр-2 микрорайон, к410",unknown
7000000.0,55.7289374,37.9616002,38.4,0.0,0.2777777777777778,2012.0,resale,flat,cian,"московская область, балашиха городской округ, павлино деревня, 69",unknown
9600000.0,55.9097693,37.4056278,27.4,0.0,0.65,2017.0,resale,flat,cian,"московская область, химки, мкр. новые химки, 9 мая ул., 21к3",unknown
6546466.0,55.8359331,37.9530941,31.99,0.0,0.2,2025.0,new_building,flat,cian,"московская область, балашиха, ул. яганова, 1",unknown
6200000.0,55.5349292,37.7241339,26.0,0.0,0.9411764705882353,2016.0,resale,flat,cian,"московская область, ленинский городской округ, сапроново деревня, купелинка микрорайон, северный квартал, 17",unknown
5850000.0,55.7121991,37.3736215,19.9,0.0,0.5294117647058824,2023.0,resale,apartments,cian,"московская область, одинцовский городской округ, новоивановское пгт, ул. западная, 85",unknown
6020000.0,55.9051507,37.6997121,24.1,0.0,0.6086956521739131,2026.0,new_building,flat,cian,"московская область, мытищи, белый град жилой комплекс, к12.3",unknown
3000000.0,55.8648733,38.4545152,22.0,0.0,1.0,1962.0,resale,room,cian,"московская область, богородский городской округ, ногинск, ул. климова, 40а",unknown
9500000.0,55.7563985,37.8858738,29.7,0.0,0.96,2017.0,resale,flat,cian,"московская область, реутов, мкр. южный реутов, ул. октября, 52",unknown
5200461.0,55.9519214,37.474118,20.7,0.0,0.8235294117647058,2028.0,new_building,flat,cian,"московская область, химки, мкр. клязьма-старбеево, международный квартал, 1-й химкинский жилой комплекс",unknown
8300000.0,55.6564737,37.275061,25.2,0.0,0.84,2024.0,resale,flat,cian,"московская область, одинцово, мкр. одинцово-1, ул. березовая, 4к2",unknown
3500000.0,55.3683989,37.7844297,24.0,0.0,0.11764705882352941,2025.0,resale,flat,cian,"московская область, домодедово, мкр. востряково, ул. ледовская, 31к1",unknown
7256200.0,55.7359985,38.0033709,28.4,0.0,0.5652173913043478,2027.0,new_building,flat,cian,"московская область, балашиха, мкр. железнодорожный, центр-2 микрорайон, 610с2",unknown
